x0_0,x0_1,x0_2,x0_3,x1_0,x1_1,x1_2,x1_3,x2_0,x2_1,x2_2,x2_3,y
-0.3606061346704768,-0.6169347071776726,-0.5045081658641876,-0.44450858867256254,0.8200684473635083,0.92519737460332,0.9983803571171742,1.079199144562337,0.9570454755037968,1.0684529052192169,1.076920017264056,0.9174796386254551,-2.0054267397255034
-0.6402347792672302,-0.5941167429488096,-0.5333392685146696,-0.4174746399625328,-1.030640531432169,-0.7844553781803512,-0.9840786267131547,-1.1362077926356204,-1.7169983534822197,-1.574807063157495,-1.514842045292586,-1.430804039440932,-1.3795688737673786
-0.8183051017092132,-0.6336403769143886,-0.4975500292781516,-0.6144811501923981,-0.043484028025494385,-0.228250155704844,0.019580077273074994,0.15335008805945657,-0.7603901484568569,-0.7879794253234592,-0.9200633802323371,-0.8184478779941115,-2.385378543776708
1.0131106172162543,1.0562501276197103,0.8860860336677184,0.880072763409207,1.0791456952705827,0.9205026634468074,1.075510346105464,1.041276670537415,1.963770323203271,1.6842733091962636,1.8280521639377094,1.8979008488898053,2.0894217971018905
0.6131583065985459,0.41770141088678026,0.5298849092270917,0.6382771740544462,0.9157949836601045,1.0382774308912706,1.075619902355767,1.0371371933615814,-0.30023204035286216,-0.3450132196511623,-0.3685018839482576,-0.3398777685425071,-0.9074589579065081
-0.4539707953665305,-0.6435279800934802,-0.6298652110017975,-0.6502973399343501,0.21745056606505447,0.26542204890524795,0.3525001818061075,0.3502280116388646,0.9117826728523767,0.8246874544087246,0.8477299957657226,0.8542256112703206,-0.8207606706642664
2.083554064733053,1.9786654388844396,2.108016426462669,2.1843498093036025,-0.27747614434693774,-0.014473341410703,-0.07423001644268858,-0.2514158297294087,0.17325432328028564,0.31300114740661206,0.22968321837471628,0.25521020595861055,5.143522366580866
-0.09737928368714933,-0.13934905711137277,-0.2057075756924539,-0.15891424556937045,1.2151842026886601,1.2637121604994725,1.1124137829684764,1.1837748271224828,-0.9729542285288808,-1.0819215610373332,-1.1148662807742133,-0.8605551868527093,-3.215205556007128
-0.48947248765902474,-0.34005643466467783,-0.4372576879883828,-0.2865032569034213,1.313255948579962,1.176158163371317,1.0809981258046346,1.1054972855739837,0.266000026303277,0.1860216583484416,0.4589862260410293,0.4522119691233183,-1.8313702525694042
0.007297763287162674,0.15956293385665404,0.16376318711449342,0.22853026127598597,0.5017015711889726,0.26554027125466517,0.10032064390403939,0.3844175137060126,-0.38323336434699373,-0.3458322666645208,-0.2125101823459144,-0.45354008036254334,-1.6083399520226598
0.9166984119042138,1.1219079721657639,1.1445001905075858,0.9109534258606922,-0.46872972976283456,-0.477161031770958,-0.3483312289062437,-0.3862055294471341,-1.4557707682271384,-1.3858879534208242,-1.5053929179470935,-1.3061023404408731,1.9933327818487279
-0.41878578464594807,-0.5306063685186141,-0.5378384612825835,-0.482412963595869,0.6127305385318104,0.5274875918849474,0.47795315795239607,0.5165359072685237,-1.5868151267302082,-1.6293157545093697,-1.3094607301245953,-1.4147405704757847,-3.1023925483894645
-1.4397604044117942,-1.6228518629844924,-1.5186035716451516,-1.5081315136319966,-1.5009021276758352,-1.653003478298966,-1.721760880659223,-1.6047403652579613,1.493283932793056,1.370923402207471,1.310653804642442,1.479589898955382,0.5867545134883746
-0.14938139312423396,-0.38205619482911274,-0.47131078614008964,-0.3106671197613794,-1.5838969450604337,-1.6150943202808439,-1.622817812109609,-1.642475119134077,-0.3081067431196676,-0.5569797796711673,-0.25883462946223,-0.34486117026653346,0.8934382839911753
0.6617748273422323,0.46033664801220453,0.677147489282773,0.7513819623050746,0.9972703913380653,1.1447972670579079,1.1698092181111228,1.2242659230125739,0.5847246940582069,0.6327245591549245,0.6198036587007774,0.7390576546155813,0.20231513887271557
-0.1250177678406763,-0.21754171446241066,-0.043917511707249016,-0.2584733293984137,-0.17470104345259643,-0.4718651673578992,-0.2982526697066217,-0.4150114811132666,1.8757905847960203,1.6816978026420257,1.675799767532592,1.7918612162976115,1.804070975049079
0.5165763813586501,0.4996666404401381,0.596432007190963,0.6365705188054859,0.5378324735899116,0.5883606027230072,0.5424776316218833,0.6660085605448595,0.7849965561296679,0.8230858751468689,0.7783144330511852,0.7849692060910746,0.8158060989739292
-0.6616898476454764,-0.639860449266644,-0.8164949819488893,-0.48784183078509646,-0.9482914261649131,-0.865156374932711,-0.9527891086495499,-0.7926958718519777,-0.6822860489210625,-0.5553016348066787,-0.3490748690068826,-0.3944279379819441,-0.09110884234346706
0.5249021311376929,0.4382268497301917,0.30162160703812,0.20267900529788432,1.291925202012062,1.1870184367513072,1.0327211954444464,1.2958775161690164,-0.45664118013974964,-0.533469408758161,-0.30039363294745136,-0.5517116913240306,-2.334417615453782
-0.761492514173151,-0.8803487073217754,-0.8098486990070193,-0.8060012056440811,-0.23120264014756395,-0.3787311553656815,-0.3598994570073023,-0.3868159348956058,-0.8375944050653488,-0.8196138428246478,-0.7923760447302745,-0.6602516863692883,-2.139967064382861
1.1325906693536114,0.8987603765772851,1.1466188027088062,1.0292752886013494,-2.1326475218705725,-2.1655656501850933,-2.004022544349816,-2.0332329526729556,-1.0195453380089337,-0.8559879357321512,-0.8900393703955612,-1.056532691487778,4.365357430886098
1.2394549889727937,1.3329080691198083,1.375045570019367,1.1899784146474155,0.8405450730709744,0.488507057052586,0.8129897276106738,0.7093606628835293,-0.09559046496697234,-0.05608211675157404,-0.08825837665827091,-0.17693808254670404,1.7560398896621063
-1.6046887924372202,-1.7140090189978807,-1.4637937637776466,-1.7891418598561701,1.426924893300431,1.2302952213946141,1.3305751560901031,1.2449117244598675,-0.40697780586542015,-0.41621661780650365,-0.313763008437818,-0.45206416327071924,-5.77475683931157
-0.7058181354405071,-0.284432886362271,-0.6149476984957126,-0.3079185572030345,-0.33735101760747493,-0.23630645553656124,-0.22170260986395846,-0.3406799860935102,0.33657642163380286,0.24129103818101197,0.4027964403854311,0.3208899923594238,-0.21318575062883774
-0.5859063349229391,-0.8462124825383688,-0.7398986304878363,-0.6785243537477567,-0.47016138522502265,-0.3344144761436671,-0.4924058108139232,-0.2278523366118413,-0.8046138645545707,-0.9150055337482486,-1.0095626866581169,-0.9451092376467214,-1.188136287017077
-0.6836165262195772,-0.6190010293447885,-0.4366997844449674,-0.6167330669642679,-0.48560124584630626,-0.578467356573579,-0.5530313037372565,-0.5290690749778233,0.41569324042959394,0.5554895479612506,0.5118308456635539,0.277982340522027,0.652924373599775
-0.8582360283214551,-1.0158228063575772,-0.7687576847287374,-1.0032279018254158,-0.7981338728880738,-0.353420790525263,-0.541367492380925,-0.760059995081358,-1.2964122043715058,-1.046692474293712,-1.2640156092344494,-1.3553749547325022,-1.9156465436828076
0.13952354516633186,0.06765323653488993,-0.050729166164621906,-0.032727983361043725,-0.547985225975281,-0.6212092452937164,-0.7918538502370964,-0.7626608396906985,-0.30196215376102686,-0.43007419963151305,-0.22472508657373583,-0.2361754996481079,0.9951691283070486
1.447563606788596,1.328122804617246,1.1390863442647523,1.4693041006009215,-0.5619944759655137,-0.6431674211392145,-0.9269425541146058,-0.6434716019105713,-0.9327955243982219,-0.9049281676272737,-0.850105954833841,-1.0166645891928714,2.455799980768385
1.68100949958136,1.6583003426675234,1.836946696961153,1.7976361496449151,0.06928363554360442,-0.05074651072520914,-0.11351136917840288,-0.12229354597010741,1.0071383204348128,0.9594894080904104,1.0289204184327598,0.8150578236609194,4.368040069367326
-0.0712918126890102,0.01075399219463169,-0.21194480766231194,-0.12759208407496062,0.49342466311179767,0.3709069717131413,0.49819894089428507,0.47996621417977203,-0.0940746740903495,-0.06927792650648062,0.2436134946054579,0.1191400230847179,-0.5312277719951525
0.3543663777672483,0.2616998631601822,0.287370098172406,0.40888456574517673,-0.16864564317885272,-0.03062923638132159,-0.24499039042444598,-0.22082923592324047,1.4931239901372175,1.5034705935104573,1.5134121339011444,1.4301384329462055,2.5166796649051024
1.5548128256254015,1.4331268682234388,1.5043942340762124,1.5426396123900412,-1.1938386058195303,-1.11611363552884,-1.3278171722816305,-1.2101749251894167,1.9781760860602748,2.3323601828955516,2.3679083975501807,2.0137888993255615,7.128137673524268
0.9932398693926581,1.2426027110577191,1.1222471373594969,1.0878555812549005,0.07184806201948278,0.18037890416376776,0.023483126238361636,0.10334513905371616,-1.9274656109398673,-1.8431286338154984,-1.5887206182410272,-1.917474569229743,0.3142149796009307
-0.6273909884365495,-0.35244054940742525,-0.5561167101019087,-0.41631200192053897,0.8027317310772449,0.8109689446119387,0.7389074766660372,0.7377700597612767,1.2382166646969828,1.2748923379511372,1.3188054724722678,1.3009553253808543,-1.2299870561377215
-0.1981396258847343,-0.2210611189814607,-0.04644358645646521,-0.31544300515515467,0.28041239280318453,0.3639167991945004,0.43458443911321043,0.29708921950557127,-1.7357777420509155,-1.7538164553463513,-1.6013999525730576,-1.8720198555172676,-3.098763333928925
0.7137426021628532,0.7907926705700413,0.73481700884953,0.5497449655912476,0.7776043059161241,0.7934409151829426,0.7648126080172576,0.7179757322272242,0.8361733982442143,0.8426598257074589,0.9203108250864012,1.075303509319742,1.7384222805391811
0.46310665940840945,0.5787464138079228,0.3702931423611422,0.41456285112942737,0.1279649069468342,0.02768406357355851,0.039936170982898846,-0.14639143656998946,0.7245356038858946,0.9628243412405669,0.8450395981534393,0.797178479498611,1.8289538605456792
-0.9883811756509839,-1.1700474350337147,-1.125883265821261,-1.137398711141768,-0.3044529517212767,-0.39163329111820605,-0.2956198324825307,-0.27977757796357566,0.25616290191468144,0.592719556622141,0.6333575563906924,0.5073885273053013,-1.337735300291249
-0.8130418171541182,-0.7678108132827143,-0.836555173084713,-0.751548250767223,-0.7825747793013142,-0.7183375253163568,-0.6772238818861456,-0.6643805202550384,-0.6620078462737717,-0.7428849093194024,-0.475091316451408,-0.5236782447051495,-1.430233468296025
0.9253376011101238,1.0310099666016963,0.9260626238254345,1.0192527024798508,-0.6410976358185199,-0.7398414241983449,-0.8058954616335146,-0.6671475686760352,1.218808776269744,1.1894187493258774,1.0701609153745701,1.0137413135170217,4.786613543201885
-0.7971534285134799,-0.6850572042445597,-0.7589705367268611,-0.5811911122200301,-0.38292952187456225,-0.4091686149350104,-0.6859411408999798,-0.5750131283418248,0.3230037832595878,0.307877082669193,0.3139974346930837,0.18822786628610189,-0.34632642596253727
-0.5981562004934327,-0.7856336470293189,-0.7296997851189334,-0.7576127540003148,0.6196509896897695,0.5080046377149485,0.6156375356717392,0.6031891351551769,-0.35564664177985916,-0.41818191664164606,-0.4808745117535776,-0.3523651345896301,-2.77238963384648
-0.14292785925617274,-0.12480399166968922,-0.024578393586378616,-0.13844651428870752,-0.5731210859241308,-0.7473257944479293,-0.7771315778057409,-0.6665165795284195,-1.6182452769305962,-1.8999031446820243,-1.768487953382022,-1.823025294328253,-1.7367099201564642
-0.1348082507349655,-0.4526050462461739,-0.43519410362126526,-0.26718547164554884,1.8294436478340024,1.8658053976561555,1.7321800755481536,1.8418667561875963,0.3690501485361218,0.3050085385140643,0.1885113875051791,0.36056079164085325,-2.0512539189155437
-0.8180899929338059,-0.8284709636969557,-1.0679007380456498,-0.8835584209408741,-0.0735322622786149,-0.07676653183953593,-0.10730634573226848,-0.004749340107444742,1.1783626677144157,1.4788907751842797,1.464788279138158,1.2635103362270124,-0.4271169338787078
-0.4934782297675383,-0.622602221070578,-0.7875331602124472,-0.664428708044936,1.294087742343608,1.2647091362411689,1.3604045783197307,1.4998073548256778,0.6139970492074088,0.7119108224064782,0.7681527583889874,0.6033644534572296,-2.6786489309204744
-0.21272279521074833,-0.08670391295911145,-0.10278908500811539,-0.1550639799567701,-0.4733406129431874,-0.5780529263579111,-0.6163963163700572,-0.6148339105331679,1.515726024672368,1.5611428061652872,1.4373366597982211,1.3577425337543523,1.537211542506304
-0.7500769445425806,-0.6782935582139198,-0.6018339015553464,-0.7870792079016702,0.7013754818072666,0.7757677738546197,0.6776488242499135,0.6560708194572296,1.894222634336766,2.0531845770387718,1.8792450699676317,1.838849108089631,-0.8173742340822961
0.22571145042265697,0.44183553804467407,0.4377382950188491,0.4006152376554032,0.4691389541238627,0.5765914506753319,0.4812529096688874,0.5973584381382446,-1.1413942441840124,-1.2034394605923922,-1.0393054675061169,-1.066426829042844,-1.3913146792854194
-2.1555442623429197,-2.205954920197587,-2.2947772944251987,-2.1290937643008156,0.42614564868873406,0.39821078755627787,0.4616061226352613,0.34472222409389464,-0.3809973077033129,-0.3744487577821298,-0.5591434959022936,-0.31937676740062154,-5.2895983917232305
0.5373510663778315,0.6099539173832083,0.6080601731890866,0.377086762069382,1.2884572711848725,1.2043610233714668,1.4152670042016828,1.3006517693715858,0.9690317720883938,0.8148576112606735,0.8286572785112238,1.0012516595584262,-0.02856718242805139
0.8841538136653244,0.7761063064199241,0.9709658882431307,0.8750693586615094,-1.2388818186320136,-1.062252907956314,-1.0454861172840215,-1.419526768745043,-0.7325596349663573,-0.78310282137921,-0.9620394511028659,-0.729066898766548,3.413234652421849
0.5633547540332237,0.5326812828754223,0.7108419317952415,0.5395599972708043,-1.2640907931274652,-1.258426684125694,-1.31366009473399,-1.4714939419426727,-1.2100750180844404,-0.8834475950177967,-0.9424057939545426,-1.0459118292492722,1.761454801594338
-2.3466277328406897,-2.2412858956280086,-2.326509934666437,-2.1837030151183616,1.8086516368340866,1.9885526985972033,1.7572606436567138,1.8539726472900167,1.1481753765897,1.2194362080523766,1.297232454684189,1.3414407236482764,-5.3625706995994795
-0.7379805829161389,-0.6406105893777742,-0.523822514615903,-0.7206832125732991,-0.555701399488368,-0.5386614337856015,-0.5821714473385663,-0.4861547258662982,0.025207862335115173,0.06284160349982615,0.021308188135648796,0.08188831274895067,0.06295899990981663
0.09031704418602515,0.09815677785612376,0.06122303647646282,0.12264160806619848,0.6511518102712857,0.8232273077324216,0.7102799683069457,0.649407199795076,-0.2610713089652513,-0.3560794951963443,-0.3146173880174888,-0.36133808611945833,-1.1915113356293914
0.8151356164567174,0.7502747369533316,0.9600858568397443,0.8693706193053433,0.03135952851530366,-0.13160455253129244,-0.0908827589971863,-0.05907571891904234,0.5051185398690944,0.6151731184394021,0.4874133362211115,0.45617848094116975,1.7813962509440953
0.18884531681805838,0.203339292670414,0.12288869026518937,0.14799473323437984,1.0595664140807566,0.835014763518183,1.0585760168265894,1.3879771685478293,-1.1257615461881305,-1.0802666772113614,-1.249519077740505,-1.2485473022398215,-2.365275547999439
0.2627554408047325,-0.1110027888134105,-0.07704168463031082,-0.27756000257321956,0.24485666478603443,0.08121064146523818,0.2874848895397769,0.4332637910572239,0.5015031791666104,0.6149068274898664,0.45026647476778237,0.4586344522444977,0.06326966553661924
-0.5353931821573336,-0.38247350733685015,-0.639866640347012,-0.6831330414087033,-1.7113424007920723,-1.4623676309525362,-1.8326824712751595,-1.7698668038650986,0.23145614707873957,0.6510501275662819,0.019612077669730443,0.31410927374650427,2.3242448605650603
0.2370438920615418,0.25807279282075923,0.14164333412827368,0.2602203179363221,-0.2239022831592593,-0.42000119140607206,-0.39633282470755227,-0.3649526928153245,-0.1714310696745464,-0.41573284719030923,-0.29974732962771455,-0.37571181028591977,0.8863026912857872
0.19385791721606438,0.3777937217906664,0.35642993866062467,0.38251668339475636,-0.7331330087548374,-0.7102331107442241,-0.5663978620010655,-0.7211487113267466,0.834201082280341,0.34663025214429916,0.4743181330948177,0.46649691188050246,2.255828562694808
-1.2322483127600952,-1.4730543349082474,-1.4850281175378985,-1.3045892539738226,0.5252882427764531,0.6042722317966124,0.7026897033405127,0.6409351044359906,-0.1729833474755014,-0.12238177425343774,-0.10064288554895481,-0.13008540817930994,-3.301782467361475
-0.6115372770352673,-0.28663213244614055,-0.57510891837367,-0.4276311681480125,-0.9401515509555046,-0.8293614554961516,-0.7342378364086641,-0.8877440845852551,-1.1366355110470332,-1.0736003521792052,-1.0389529547072602,-1.00321690770767,-0.9700252000894032
1.6155780283625467,1.3605486545523273,1.5076080246068833,1.5626969457288806,-0.20796064092681182,-0.04740362348605809,-0.2054686622677784,-0.23452282581511247,-0.7549262767026506,-0.564296640960504,-0.6470438830516867,-0.5932054142537724,2.6517369128606103
-0.8536427194424723,-0.6955789528558441,-0.8662712917920614,-0.6865575317225822,1.7545414571687703,1.8569912731390605,1.5309176306365755,1.7661528945110623,0.9528036463700964,0.8802332170803345,0.9636721733490013,0.7874364668199397,-3.39906689666743
0.966639500036433,0.8483038701417825,0.9595879454424872,0.8826276811709676,0.41491521158196476,0.6375655366832615,0.5962389043931839,0.6900863585485949,0.2233575606629526,0.4410018124312898,0.28745270205517226,0.188288418883263,1.380467029766019
1.3827355601028397,1.2233333132034496,1.3873038106937203,1.4653991825213195,-0.12095941228356258,0.06868708389359209,-0.027198857610238044,-0.0077072406512263825,-1.8743154622893976,-1.8603178148690516,-1.8861406605646578,-1.9243841836531355,1.114398804906004
0.710418730185326,0.6167855642427503,0.8708596089837561,0.6574554209737425,0.5898579531398149,0.6807684662462343,0.7148898245933935,0.5414638297915105,0.9922429009375953,0.7620854324255161,1.100875620497949,0.9916528138546209,2.494481272068886
-0.4521776508617506,-0.552802880428663,-0.3677429439515447,-0.6494165201281948,0.20327749350900276,0.07928073037723488,0.2897410445348507,0.3864405578184651,1.0940179111357338,1.0254718001264544,1.115577741788262,0.9946640969968366,0.18229259614374105
0.6367729032096158,0.6350301741015963,0.846951565158885,0.667672696753201,0.07984751535061996,0.27834340996658535,0.3357610026399751,0.17080389605143356,0.3350910461702424,0.19048191073711535,0.22769192440225883,0.30246585411740157,1.191263752738175
-0.21766298520217528,-0.33764079879644193,-0.24513477524839122,-0.30287520320620426,-1.7940427940858785,-1.7304471021502923,-1.7426375798534592,-2.0129283447269994,-1.770830894440246,-1.5857843473024729,-1.525756456216839,-1.600812593859655,1.3046780392716624
-0.37193834130370473,-0.49507251666187113,-0.3427552654494766,-0.38732290307941386,-0.4399153565233825,-0.48916824623175503,-0.48637712377195935,-0.546100050197935,0.18705249472928914,0.07666254680993953,0.19754036174963246,0.1823843918723047,0.2191764130404677
-0.6213615378705242,-0.701243717673192,-0.7188793542297708,-0.6531253373665042,0.5460198769336699,0.45236900221693227,0.429362718248473,0.44333117368718133,0.4542610285846888,0.5332119899131617,0.5144863915283419,0.7508486982878297,-1.5902779137597238
-0.8949294887080365,-1.0351146463564591,-1.005036960454817,-1.0618571849844272,-0.9395875553691216,-0.8165806298873947,-0.828886147067687,-0.8325551034917457,1.8122994028416166,1.9756136420016652,1.8091491858183582,1.7186768723278956,1.0686930128536014
0.3682572780104702,0.3586305165179286,0.4026002576711772,0.3514907629403084,1.4417712410759613,1.2519141805018872,1.172700451579538,1.2348696833726187,0.30753650248635817,0.24037916044229318,0.12115121227537265,0.35757129667554305,-0.892995918728362
-0.2161847323712045,-0.2977582541348902,-0.1586333973046931,-0.25876685910859387,1.9849394062364585,2.3082925447444387,2.199234503342811,2.1408763485766737,0.9158568243271432,0.7188538943060174,0.7425120229389301,0.7899286719663527,-2.7181267936103612
0.363599587911833,0.2835377586086009,0.13252218597533633,0.07499482047066626,-3.281601188263454,-3.318929582585736,-3.450907494096823,-3.102810078937584,-0.49465637863617046,-0.6517422456953281,-0.5928640591704548,-0.6162616897011715,5.388909087495025
-0.12893821575835226,0.12379886771314584,-0.02568266201817785,-0.10498655829728872,-0.507282323578024,-0.6170200685193624,-0.6245488164234073,-0.6829846509054812,0.3427231879922241,0.5765823493785779,0.4446646398901915,0.572712207084306,1.0000045487010967
0.4143022311926471,0.38726872205458646,0.516193503789189,0.545386955992249,-0.11892357099411952,-0.16014886840489811,-0.17521499430673543,-0.023787355190558246,1.0799708177905143,0.9703868014867717,0.9125513767401219,0.9707954759738844,2.56107354932331
-1.0763648167010453,-0.8826069431374415,-0.8936375946927886,-0.7138028105226203,-1.7377738027846121,-1.6896232184243898,-1.6159706533838045,-1.7292788188771144,0.4548246623931371,0.3669834787770585,0.47567048420149527,0.31756633527220846,1.2300689562025344
1.1553251580914345,1.0188704549914238,1.106279203804776,1.136968630076538,0.3837206214472726,0.5852456861849951,0.5358143342216104,0.6870177340636149,0.10912263560420846,0.31582788432987,0.26472958839157307,0.08985934707212109,1.889267380311861
-0.8903457547625998,-0.9187472017349751,-0.9883377350762362,-1.129586889229744,0.3507746430098959,0.2945859431894404,0.37501457597178106,0.30154099385555816,-1.3381786101984403,-1.4353553558729855,-1.5989965437742935,-1.4781512325333417,-3.954091700680151
0.36504948772376145,0.37342534234644403,0.3843928826356545,0.3046907891337108,1.1393145740993478,1.0305174814093565,1.3292585491873736,1.1407539275801615,-0.6448745540418171,-0.6442308808520774,-0.7024082639838959,-0.7162451236047795,-2.275945113175097
-0.22437059627636644,-0.23448906699108282,-0.25945702572513196,-0.2934062903453841,-0.8077531358333812,-0.828389111691341,-1.0592810375516313,-1.074920291588115,-0.2953743361915747,-0.519493885182017,-0.5038284102567957,-0.42249219870219407,0.3653822331404958
-0.7895120075073389,-0.7428325722272037,-0.729510221987116,-0.575545765349512,-1.5661865735013365,-1.5641957867034952,-1.6367786063537653,-1.8571419256833783,-0.7323557704998891,-0.6907943966313036,-0.6662030772108448,-0.8008517107478182,1.1088919389653686
-0.3731949062291139,-0.38207330526116073,-0.33830748770178953,-0.48760216718904714,0.8274226555745091,0.9739516993797402,0.9620039091327194,0.6552877362705841,0.3469317193503967,0.380224402116184,0.43905898090308904,0.3255546359067559,-1.2754642389040205
0.175765534862986,0.24663181046782953,0.21998376911163453,0.058174590978395196,1.683266964963271,1.773797663566114,1.4486056043136735,1.7790334446918346,1.48847927992873,1.6614434655370394,1.6347718453927675,1.4779089045082547,-0.2359226303578137
-0.8984871862756605,-0.9257278092466631,-0.7569109878583918,-0.7645678031083218,-0.7256840013588574,-0.9168485957684434,-0.7278658791818541,-0.47955422300329115,0.4902227928703151,0.5731255175017018,0.40795518760907,0.5032835687540791,0.4071033572930251
-0.5935505347269598,-0.7818814253722983,-0.8005703622787727,-0.6593250865882796,0.19426638586168676,0.10417277091566138,0.07199558621987712,0.2040377143161197,-2.3526535433942635,-2.435013645429129,-2.4874161092897493,-2.3382207434378746,-3.9622504340556155
0.9637621895214152,0.9449899934353854,0.9153815373457799,0.9928209412821686,-1.0067120882176768,-0.9807744404610428,-0.9774217872958928,-1.0274578559802074,-0.5350637299006267,-0.3587552293829446,-0.2786054910749768,-0.2760333019366168,3.6292331371248663
-0.07556789167644246,-0.09876864832180168,-0.10417738681539034,0.10086687168304974,-0.20072350939438938,-0.14217303190602326,-0.3086525935977114,-0.17854541931377105,-2.5319669665150446,-2.3450023613643567,-2.261603244754059,-2.357452069947122,-2.150717044029905
-0.1063874232223107,-0.07358802577618721,-0.12132454382769772,-0.19948095910447333,0.5693781227374989,0.70034175494021,0.6262916745502083,0.36263249225832284,1.2957652235806099,1.2391476884894506,1.3814526780946093,1.4395195115657735,0.177444377893464
-1.6394114726054512,-1.7329389656323613,-1.3978912929265395,-1.6025575936237755,-0.16370808929516065,-0.1461326615171288,-0.11523368120214098,-0.07014958876858722,1.6321322253551374,1.6185726361459296,1.409016396706203,1.5295845552042955,-1.291535056513323
-0.8728222923374387,-1.0745724510247336,-0.8997023711855835,-0.9562981439475482,-1.4899926805980908,-1.5990534567124557,-1.614569759595319,-1.307203988114273,-0.6132706421209783,-0.48298494782769,-0.5543941171986497,-0.6043378711408967,-0.40240860893123587
0.23967973986787142,0.29246221481123497,0.10529267273033588,0.4094755763060965,-0.45468358629143046,-0.5398707573518193,-0.45921674593967604,-0.5589778092804959,-0.8646335202585331,-0.9044337089600281,-0.8249401494002931,-1.0125897919979483,0.04185788854727768
-0.6058975848077736,-0.6219773205127018,-0.4714029463315347,-0.6312135771199056,0.9484140721499301,0.9401649289216347,1.150754577891907,1.064142800163335,1.171530517055292,1.0251069109111044,1.4071892146501788,1.394355486912599,-1.7479244453449214
0.5690819871238249,0.961271131651327,0.9040872598455982,0.7204118622669127,-0.4847521705215574,-0.4306802171533778,-0.3085635576153834,-0.42449950704403483,0.6073037640625317,0.3752578965847536,0.5754619448255915,0.6193894536160174,2.733837157424753
0.06235381479922482,-0.04141431946966556,0.12647126859223157,0.16693598091149037,0.2889716635479004,0.35127211169290473,0.1765553761844701,0.2282741672145036,2.00422633296599,2.078331939616819,2.1079662862912563,2.1404511752568367,1.341774770076178
-1.760165830775296,-1.4468657657937807,-1.5861245243142028,-1.8026826040472033,-0.049944352634684004,-0.10213568153725028,-0.022892116001245452,-0.041324244856882235,-0.7306195043630896,-0.574570462035147,-0.6226506084855503,-0.6546306434176745,-4.217712072161731
0.7370203984657377,0.6269933079240064,0.5488373395783155,0.8852919694147651,-0.41931514522384883,-0.5623207603025279,-0.6941037343568873,-0.6528794259046359,-0.9661359374138068,-0.8098731788779405,-0.8157742851571947,-0.8849609099480967,1.438017464084597
-0.4020705247299873,-0.04575332225298734,0.04621080854268422,-0.2337380172787304,1.8773685587980862,1.6788306401130737,1.5102613575114017,1.8541670604698675,-1.351825194229378,-1.0908536177148025,-1.303356882411862,-1.3613331779235542,-4.250171056290094
-2.2752330887541885,-2.2826962908611597,-2.205285945006731,-2.2359091048531683,-1.042084746167594,-1.1943084099161554,-1.247636188795121,-1.1813804726028272,0.4897155122820827,0.3107944771831741,0.40731993948895956,0.5167015488016903,-2.9214075162700746
0.6312615180128677,0.726371659757131,0.7965511898678184,0.8999093732725272,-0.5341753718627298,-0.511249765428567,-0.8335967648191573,-0.6103960709802126,0.1909090517234933,0.27951901442493865,0.31000146818996965,0.1482571675469006,2.866684664131815
1.1874293759006562,1.4589126221624622,1.3576949519389945,1.4844137902796253,2.368215110792242,2.4402108948667,2.5434489965122005,2.479100177807473,-0.7746637888995145,-0.7197525400814901,-0.6056910679930931,-0.814816184836241,-1.895767106373548
0.6171522118418518,0.952032129347561,0.845875306673786,0.7883190670566878,-2.518456857435647,-2.5249791425597494,-2.6682977020567855,-2.529719245792455,-1.6752732976315272,-1.7116503102781788,-1.699044860513828,-1.4331014801615036,3.95702780460067
0.5473075501003635,0.4372760882372599,0.5780783455872991,0.4604883608440488,-0.27957211766702034,-0.16238755062302965,-0.2362715840645903,-0.11715709895631707,-0.19393037413940803,-0.06948850944300221,-0.23448318922902905,-0.23883631833196317,2.015529577328995
-0.33548593917696656,-0.42887239508841124,-0.3988625033380662,-0.4894130471798992,-0.5435017161119451,-0.6894591288533057,-0.6347791464584545,-0.5346895215161388,0.429056972072066,0.4625982401453357,0.5955046170221158,0.49307589420871034,0.8940280803476301
0.5041269532132929,0.7071300910026258,0.5653984605516882,0.5876693159983768,-0.5274717631854089,-0.35609064920701494,-0.42787459723504173,-0.4460797775980675,-1.1408636881272483,-1.1337859153912797,-1.1658651726575084,-1.1612463442935859,0.42067082203886946
0.20098475450845418,0.26747045660808877,0.29383836105493005,0.22095067330696416,0.1548556297458058,0.451773300811257,0.5060733391460477,0.4227367426186884,0.9748867088628941,1.0362458772053098,1.0392806240422274,0.8172338451144524,0.5765351917634527
1.2476538147322043,1.1516140421208625,1.2958272631480787,1.250635403690381,0.2148353967692725,0.5241395274589276,0.5041748155039298,0.4008834073364359,2.2234197442656782,2.2480391545734477,2.1330803838478647,2.409590276730902,4.424606926165412
0.5739088387760345,0.47549565492426676,0.25409020770856117,0.5004280618795757,1.3404301769879183,1.3296884631002435,1.4534010375744313,1.3335442132815194,1.298858809712935,1.3429770882797656,1.3751129350711253,1.258868802539101,0.7869251862660944
0.3086373853267564,-0.06885070271630886,0.1664134967031476,0.0855101563673264,0.8017818731622081,1.0442648030779131,0.9208703397786449,0.8258322049377289,-0.3514335318867202,-0.24928139792398313,-0.10603640651669119,-0.31088210394515636,-0.9165739259102914
0.44450625167093105,0.5941864801892494,0.6390712841686141,0.4708358350383078,0.4157593176992579,0.3251810092012478,0.38292968594320875,0.4477895953715835,1.1545864477471124,1.070094034960156,1.1185675694511847,1.0553259019843044,0.976471743962501
-0.3321737264525978,-0.32596484627395317,-0.3922413634565942,-0.33551859623003333,0.20459052199446168,0.41091461788994166,0.39704403031939106,0.28293246815604445,-0.3699623151820072,-0.3451134046334775,-0.2866238747129461,-0.32146600797018227,-1.7348113297874477
-0.1198601155042833,-0.2074316317505204,-0.10839989670791222,-0.09280693180955009,-0.8738960516313601,-0.6393640748793088,-0.5565956410290651,-0.6702203466918731,-0.40263527176925773,-0.3797013490314846,-0.38739957125416674,-0.4658410160447999,1.228093895358352
3.3316066153223076,3.253254029862393,3.1536133997763325,3.3459784762616485,-0.8812241349130014,-0.8169280976060895,-0.6898494974209853,-0.921404295576834,0.9599540785233651,0.9834663539078499,1.167184441853688,0.8158194403215616,8.715845682426119
0.3015400005634911,0.3836690076066064,0.4404002085065526,0.40296450701911923,-0.14713113887509002,0.14242877584181038,-0.019368865231468274,0.10444201720111929,-0.9609342397594406,-1.0133760599406905,-0.7616062481634542,-0.8588528417369605,0.09122934605954225
-1.942418539645114,-2.0278198142035095,-1.7899371934421002,-2.042358945128608,0.3777619206997706,0.20328937754351645,0.3632417371810156,0.4233471300608442,-2.28249114359337,-2.119204890303256,-2.1884698353531173,-2.1333635420183783,-5.551556520627011
-1.248326715343329,-1.2947680601757758,-1.5221712279649415,-1.2606803709512346,1.0726496179706673,1.1253356739889617,0.9837267923417626,1.0363341648367128,-1.0590323527718077,-1.0030994160744444,-0.9568257447892934,-0.9699417971988861,-5.346810895161445
1.1000043869382718,1.0004406890850641,0.8964550415838801,1.0189784070162364,0.8660840640111117,0.8106202393026583,0.8649597654882012,1.112650911237176,-0.2698604305526591,-0.46050598601680137,-0.2141642894451216,-0.4284988986961738,0.41164315655842204
-0.3548921313841682,-0.32879707679000303,-0.43839461254243783,-0.27666634648376487,0.34698163856231473,0.041497002680474265,0.12098400096049383,0.05930833969099483,-0.0757762951969606,-0.028484247979256097,0.01294850108217832,-0.03286270743039789,-0.9505587746320723
-0.0972919878210596,-0.3090912901164423,-0.030261236590947455,-0.11917047049503286,0.7724028376086285,0.4037055807257688,0.7385710209305969,0.5638545341936456,0.48500767318363813,0.18576585672374665,0.2636271437619729,0.2031456733388034,-0.660500216954601
-0.664563727764852,-0.3459628153289036,-0.2797800638372743,-0.39728975693630114,-0.4973933666939617,-0.5020172375976225,-0.45282007773517846,-0.5259470753923364,1.3446238703841127,1.3470404977946968,1.3329535663268157,1.191725009208131,0.778788946079058
-0.82108539525912,-0.6130337180560198,-0.6777754742077673,-0.702222672832141,0.20966078921400405,0.18672965180758888,0.34002310552712983,0.4529561308641137,0.36937831384231784,0.39540317198647756,0.33210390143570395,0.3449868438748587,-1.4185334100275218
-1.5427757988320436,-1.357212612962621,-1.3504984392758566,-1.2924491358320163,1.1568236578846658,1.4374877159160704,1.4332525957152873,1.297193435347083,0.06977914628353338,0.2111574330267797,0.11551293188965558,0.1897510229308345,-4.181228838282432
1.5288475702957571,1.5110923605725055,1.5787994932652094,1.4636652950476587,-0.23123073454183363,-0.12511283047176702,-0.04881934525317139,-0.16534404154601073,0.5568186139065079,0.5521684362372175,0.5821719114880354,0.6885596629126639,3.865096436163444
0.8969369420131996,0.9938856831156102,0.946365451529814,0.6896997593833618,0.3126968291613176,0.3785049591300853,0.4208634808389412,0.32405681766436956,1.3397697507862723,1.3745877267254418,1.3964351707192757,1.4276911173637088,2.443890145877927
-0.4614853561718665,-0.5015269878071782,-0.4715646681487308,-0.46046300555618713,-0.027927376156200542,0.050398311975794516,0.02619382420169224,0.05489761747445562,-0.6974480798332898,-0.6200902312913058,-0.8032246644623415,-0.6545222055590522,-1.7623081478238645
1.3360112723784958,1.3036399331801831,1.110212335826378,1.5555826462858588,-0.16481108498927816,-0.17542839114941877,-0.07801795259403538,-0.21597818418066642,0.6065507314410223,0.5648091045741186,0.437223692354063,0.5359219685654024,3.64793646565813
1.52172298014873,1.2247427665395645,1.5784114604368533,1.3261344589579431,0.4194063714766816,0.36482926066706134,0.43276721459279516,0.6054508287089695,-0.8837788520237536,-0.900199114556518,-0.859145151149516,-0.8582386951191464,1.123817259214979
-0.9371550809602589,-1.0279456537483194,-1.2133476757302832,-0.9630646719561466,1.500628441745288,1.4527579095180032,1.4129044841239955,1.4764670559165658,-2.591321064125488,-2.8997270093736223,-2.829676037790908,-2.7272356132941344,-6.739116362651398
-1.8989013393995982,-1.8180565204280776,-1.7861387529853452,-1.877449071082452,-0.10088088716579797,-0.3159410676450713,0.0038668041511215334,-0.10936356027618496,-0.7330492825992142,-0.7744764960935121,-0.9032602750005556,-0.9836522346131888,-4.531014040476787
-0.5321399530484185,-0.5550405246260995,-0.5103052497112183,-0.5132942250148571,-0.6329490764508688,-0.48375085841615045,-0.5344035721274393,-0.6380524238060026,-0.07672828826936784,0.137325756086089,-0.0529868722862701,-0.07253132173231384,-0.5036553482430259
0.20338270718032192,-0.047526268612861286,0.1305217817809025,-0.09621598057970428,0.10067355338553759,-0.06883617242052241,0.18659050591454807,0.16822532515283597,1.3866811670882273,1.2781353951216499,1.4087395378283636,1.1257765504732373,2.4336469395297176
1.625051999520323,1.5619619809342526,1.4458553610504234,1.5327800966286789,1.3992833245706384,1.315007624167504,1.4232463644910403,1.4576783932539545,-0.8293500456662294,-0.8492364320658621,-0.9567733110474829,-0.7291682684173373,0.37790314392839863
0.8167395435627135,0.9266962348842127,0.9966883079665165,0.7572303181631321,0.28728329583066914,0.31748434917330626,0.3161890547572484,0.37522526615818913,-0.37394053618349243,-0.11724731564963356,-0.28443092055880453,-0.3412270039243767,0.7664551631599479
0.32035809100901574,0.42079580303471015,0.24723417095747804,0.4368468986854961,-0.8654451343164176,-0.7714766489102718,-0.9606067667717323,-0.7633182107925215,-0.7725478667965741,-0.6535286397929484,-0.7191255121748851,-0.6650362688615713,1.4959440382991074
0.7872852898064565,0.7974138645496511,0.8474320052183445,0.7900903532209858,-0.9279650723062256,-0.8966250171087786,-1.0707899955144513,-0.9143753410344432,0.06596519473946173,0.2181970071642655,-0.012534727814595206,0.019451198964049024,3.370991335593964
1.1765047365697607,1.0270284972432884,1.198525409409044,1.1554326754462254,-1.2055090698666406,-1.075815070947331,-1.4276965873147516,-1.2705402496046898,-0.8471670205346074,-0.9617610481498344,-0.9112364140110928,-0.7236868330213819,2.7434668135216085
-0.683063343104588,-0.7139583746694323,-0.720101775400735,-0.7339256939608939,-1.5960658363095135,-1.4464480182058748,-1.4447560163575122,-1.3802931055513623,0.07566051793717234,0.13817327353851838,0.29744955026203185,0.051451948941473986,0.09690691615359559
-0.6160819343361915,-0.4416079442575108,-0.5317232256544496,-0.7210693766264261,-0.3985092904382321,-0.499868802036753,-0.3001092528897036,-0.37574495426858057,1.1939146072337863,1.010962844397056,1.0297603411751368,1.2240450578150546,0.3109450369571008
0.2740221109811867,0.3597992829339403,0.2840642053930714,0.1976169725998691,-0.5211616540535101,-0.4392490780879912,-0.5328198350849582,-0.6387468258762788,-1.2405865645880028,-1.415476075185857,-1.2051300822679614,-1.3948665386727337,0.002939291337009344
-1.087570319274625,-1.0231393176589925,-0.7703009150715514,-1.0763461178610672,-0.8002279887506257,-0.593987739173238,-0.813134669553225,-0.6280405914301739,1.639118335277801,1.862748549911911,1.6641174939772616,1.5695111830870403,0.8055929101470709
-0.8101211858815968,-0.7781832182454785,-0.7423793305050022,-0.7780792320624955,0.6000512467949523,0.666850914118887,0.8523106301431024,0.636837944285986,-0.1963176814621565,-0.196932683790926,-0.3552619607194024,-0.09632115398378027,-2.7357843780783573
0.37109262235928925,0.24605862698989833,0.2803252456406637,0.3284344436041125,-0.27514954027742694,-0.14689580181002965,-0.0956722068926035,-0.1790834078688925,1.2784561124097384,1.4082243610564,1.3002436042070853,1.3585538553169823,3.269383944317039
1.4101156346812913,1.2072289743934232,1.0905520152034363,1.0581040412319087,0.9735294385243324,0.973118771061046,0.7332943664525297,0.8617245028141692,-1.3390867125531454,-1.1957962290478075,-1.3514884888160332,-1.4549267642248263,0.004748729437173804
0.08970612967973501,0.15029964231105677,0.2989743334026669,0.004236432573393165,-1.0351768657732385,-1.0438834985984031,-1.0232070099594173,-0.9587970461299387,0.4747337556077036,0.40802058658173135,0.6662239845652995,0.4697825982021524,1.5127415932562225
-0.875958835918372,-1.0878606471567211,-0.7471114012350099,-0.629989383214434,-0.3156671902412026,-0.22173044333938907,-0.2687737503428222,-0.23503086873713602,1.5862401152641246,1.421912152804236,1.3637306068191355,1.5283274411015109,0.13787683977695367
0.1524022044367982,-0.04871947508944746,-0.07786882231890072,0.16195698466783454,-0.7081713110530444,-0.5640716111825067,-0.7715240476967568,-0.9698335565346241,-1.094104835930283,-0.828395974823035,-0.9487710950707179,-0.8751741472741417,0.7628616414440618
0.6780056294899561,0.8184117752227223,0.6402788722080512,0.5796237013549572,-1.4766316975102651,-1.186981524025232,-1.3669545871572557,-1.4267431888173123,-2.466252248665189,-2.3043662364308664,-2.4572756499713715,-2.6356966257579044,0.47839385888705
-1.4560630129936463,-1.580234977379132,-1.5724385888173062,-1.5951220719941417,1.0457617133939923,1.3374461400571238,1.22407696523365,1.4031332832903876,-0.18703462551954875,-0.08098014284490235,-0.14009088733772043,-0.21599094373488797,-5.025753854064286
-0.478694539651334,-0.4062417897232696,-0.3640344151995235,-0.4985517824894913,-0.8948029570674297,-0.8341546413442988,-0.7239828411547692,-0.7129969745889426,-0.45430120019025255,-0.5256896040693487,-0.5650682071034551,-0.3478303658199208,0.06602566022035075
1.970784760225655,1.8929126272005448,2.1029469524958535,1.9469365578495632,-1.1694890955961466,-1.264262677061239,-0.9315415363521248,-1.1054983755938632,-0.16603006811866808,-0.1385677093807462,-0.07181631312420758,-0.34277257782529513,5.346289670262766
-0.7991559130016908,-0.795685685831198,-0.7167306906548897,-0.937552142660496,1.8673094797316976,1.5643689351322831,1.3438871822910947,1.752415207728732,-0.9277752864501345,-0.7168284490254146,-0.7879496420081304,-0.7753751669970683,-4.5949871484256075
-0.5471679944272021,-0.673938133969758,-0.46800708905728944,-0.5784194858413709,-0.8426260353487764,-0.8777651660947772,-0.6699446987405209,-0.752703794836974,0.5382112533305992,0.4352391345550601,0.48643435374330196,0.553311898061643,0.6900189115047086
-2.243627098244025,-2.1175051223827803,-2.129442220819053,-2.263434612986343,1.675184713220869,1.7652216350962473,1.499503380491755,1.7611063326518177,0.7988427789588886,0.9207529908227648,0.921409115733428,0.809603574575428,-5.723435042323198
-1.385963402038046,-1.5150856608455894,-1.5493656978779051,-1.2292245550949676,0.6891082197221304,0.5641952594405825,0.7224842559377983,0.777000968103137,-0.20453045349870577,-0.3420497529478663,-0.33489127844010363,-0.22346557823704993,-4.595365578771777
1.5836322510725653,1.4717926496234575,1.6810669905874451,1.5939458767963006,-0.7976926168521634,-0.9292601457459462,-0.927451094865483,-0.7835026512342754,-1.0733627017966243,-0.8546255820637645,-0.8532815211329916,-0.9867561643306502,3.581651670019703
-0.5567879879544628,-0.7424321128407312,-0.6451092142651056,-0.598551089124331,0.05627474428902715,0.06743929254730097,0.16125974209388158,0.0483275240570632,0.044989786869866454,-0.03984081285970483,-0.07191998743351646,7.852388308825925e-05,-0.9681047957673361
-0.884733367369959,-1.1105093486317572,-1.0464317577023037,-0.8751265604480418,0.5314144431206417,0.6561164523439382,0.6202306074331981,0.8852577942714865,-0.5560233214871284,-0.7930140124563957,-0.6285766644834623,-0.6367726161403965,-3.6035851482795165
-0.7677712303284178,-0.8889185185010168,-0.8436618748129574,-0.973324350635504,0.15472713946458783,-0.0306448245138468,0.007450407501586577,0.07352606945530016,-0.030349461620238966,0.08264541317732459,-0.012762280046015595,0.18243900743992197,-1.7433557085266855
-1.8044869306157862,-1.8246913584675761,-1.829307692305497,-1.7259328175713293,0.9181951428936517,1.1799646351482016,1.1091437630294811,0.8862600962474038,0.9698781354786248,0.8543419669089172,0.8755149091323591,1.0646288224268656,-4.384697975220917
0.4989997990817151,0.35119642853388516,0.3912744584139366,0.5647654850743464,-0.39695334487128897,-0.33289763320209265,-0.3153334143319655,-0.3786210173807959,1.223800623393457,1.1597827579783293,1.3666518431843904,1.2249021624451628,3.135432362479011
-0.7506255576349716,-0.6973664037947824,-0.9791171314272412,-0.8619202629165179,-0.7176970307760472,-0.7619795073060303,-0.6526939052911171,-0.7679180467569687,1.8562148712866835,1.8247990597869377,1.717658044250833,1.779462169357823,0.8620350449347947
-1.1020496454283275,-1.0742585671844365,-1.005338629211795,-1.2134389784270838,-0.344946707211944,-0.5963905869850379,-0.3228073585429557,-0.4814939868419453,-0.10898271971247231,-0.07755485999008714,-0.04979154842615072,-0.15815519296788313,-1.9610927221147456
-1.3418289756550783,-1.441230451487688,-1.4526188163243687,-1.3010810583970538,-0.4818223905506209,-0.49059057769344416,-0.5032603370704051,-0.419566339259601,0.9618274793464838,0.9971549420285407,0.8434746144758076,0.8603944437375726,-1.7197663973512252
-0.6485734955928074,-0.6554748706337228,-0.747138909038558,-0.6281042762948468,-0.08665385588578847,-0.0014880074402769394,-0.002784052390310203,-0.08413128471593787,-0.42557940565792807,-0.04712998559901038,-0.3736798073045874,-0.3449122694877529,-2.0901620594203156
-0.9690043662944494,-0.8111654635317854,-0.8940430475462497,-0.9388333488195888,1.22993083566691,1.0521029396124972,1.2902193717456105,1.1344480481855799,-0.015325310082080178,-0.08126225678089713,0.09674729299828988,0.08318013362577763,-2.9216312469736287
1.0120383936747628,0.9307702511048752,0.8939841986256929,1.0098534232618972,-0.7454463090718157,-0.7973972854895987,-0.811215766188324,-0.7002825768230404,-0.5038198283298632,-0.4186999565186242,-0.5865975108803282,-0.6174829917645315,3.2074428685200185
0.801897417555097,0.6298116086356225,0.5866258641855293,0.577619606674494,1.7399373033855952,1.6535852861298108,1.5659176225488483,1.6506878861247307,-0.8773943068023206,-0.9311114354346895,-0.9534755677846883,-1.0071983016858657,-1.6761648075264575
0.5245476052644924,0.43319241310889106,0.5041264525224373,0.4973224555934244,-0.09934773161102337,-0.12043884885785364,0.08870653975487754,-0.04164187225411141,-0.9741095260576677,-0.8683543802339687,-0.8697380577400139,-1.0304794092804825,-1.019381547808353
0.6533407089489358,0.7726304148457266,0.8252557771219678,0.659573955829346,-1.1003988490602923,-1.1225765509499483,-1.0931784829639293,-1.204797454767109,-1.0891386728953545,-0.9844058251484287,-1.1724885310568196,-1.1260247719100356,1.8010118905324155
0.6557194919783846,0.4900419951978814,0.6512945368316347,0.4273502938334101,-0.3380152190088413,-0.5428120228883773,-0.38827197546379927,-0.42784016254752566,-1.1328929861059864,-0.994157112469605,-1.1477981280444334,-0.9226472420474177,0.37243499735773233
-0.04328079201742012,0.15003792126553916,-0.01744770155465461,0.14336193774193734,0.07160156273267668,0.09562212009344481,0.16886594005095462,-0.05893984510945661,-0.5875110148718564,-0.5690346652928003,-0.5919709292502643,-0.5142160959750195,-1.0300833510222895
0.5848028145679036,0.8351856845563773,0.706822813103127,0.6516415710280039,-0.4492933930647751,-0.508880009232634,-0.46563155038850523,-0.31055914269155255,0.1006650048798495,0.4845947027039467,0.3609490756700058,0.17026076363600215,1.6359371595408718
0.07266841715796832,-0.030660179876969423,0.01960552561007177,0.024693611048153957,0.7412572345975424,0.7778437772888592,0.7553722627827612,0.8685253142225113,0.4184164303566204,0.23335751391822182,0.22879287440468393,0.4540674310566006,-0.7052505413932484
1.5547468057667684,1.5417047072617844,1.4058976900330693,1.5911185835933204,0.5045306592554833,0.3342169699514169,0.5252341120615108,0.46484428080452517,0.6106163022773307,0.612915996264696,0.6340783110575228,0.5816583595594746,3.2124373743382253
0.9541102235202739,0.9888538644611555,1.0998830430247448,1.0096931140730974,0.10672748427076013,0.08829475268019593,0.3689209733000337,0.2604247250746559,0.5946723716163812,0.7443848083155509,0.5299993159425715,0.5802834290876906,2.9072686346463685
0.08362173846045332,0.12891770119425508,0.3692087351644645,0.2285469167574171,-1.5297942875055568,-1.4124724227267726,-1.3101185777374862,-1.4111357135472438,-0.28980874370410675,-0.1878703073598465,-0.475468694590491,-0.26457540609681757,2.6445488194391027
-1.7390004782741624,-1.6970223232199242,-1.7321315104290484,-2.052384565657285,0.031795819981210095,0.16113858066734493,-0.05949259934724533,0.2441777397786456,1.376297031813903,1.4456525386944012,1.2893004855888086,1.276811006010038,-2.103121369717658
-0.9078303304843757,-0.767414006389795,-0.9684037945699691,-0.8611769173863844,1.927716144562563,1.9861713908019019,2.078167373201151,1.7377537349293743,1.434717978860078,1.3229783947404425,1.29359225757069,1.463047261536331,-3.760780090089017
0.14026458863024754,0.06575195209582124,0.18575080502751853,0.22477684241045648,-0.6628900942349025,-0.6374534161721606,-0.6133370941198841,-0.9300090932045831,0.06375574801866651,0.1477287401054454,0.09050764813667059,-0.060577161922654846,2.0508225378436227
-1.3177596385860972,-1.37757947179592,-1.497178980043288,-1.4467405254471146,-2.1392320490110013,-2.235564769720747,-2.0840702268194407,-2.123307068936822,0.0863850881689219,0.3051281083741777,0.28987369276967917,0.12099602287480028,0.6582341108945932
0.058282578934340364,-0.04555771302330671,-0.033994476480828414,-0.07650501914677478,-1.3510610622395147,-1.2655856712696458,-1.4004979847229455,-1.3740636745103707,0.8241239062368583,0.9017958452509891,0.9719862161582659,0.769981984266169,3.8233739559510282
0.7868884086697472,0.7889672230787204,0.8332740923774677,0.8194150511842591,1.0584285556148907,0.978137848349681,1.0119305936871104,0.9414547802143118,0.37516138789323744,0.18553951889997972,0.29413340371170266,0.1324058095067883,0.7147244414519783
-0.9589615591372482,-0.883621971109315,-0.9501775375913835,-0.926693783627322,-2.309585558696961,-2.2686031025121722,-2.2306185553865516,-2.1659369346564055,-1.1828451384813892,-1.1552685588621816,-1.2444857595584984,-1.2741782656310896,-0.10187613131179118
-1.2770731209673492,-1.3436930956831359,-1.3697514235096493,-1.4003239987523048,1.6254089957669182,1.5728412353101346,1.4377372681340321,1.5763458584435506,-0.9712531927968553,-0.7710448774002947,-0.918222084797087,-0.7933875897130684,-5.990000617035443
0.8062819346725353,0.8628218913005183,0.8718903313360519,0.7293483923290716,-0.5924760202861691,-0.6226132542501884,-0.5958323225902075,-0.5436686148792149,0.26957595480940433,0.22467417918428884,0.06321157996661633,0.39056650563871687,2.394055414441478
-0.10840150922748362,-0.3768820835958626,-0.3364839398984494,-0.34773707531561837,-0.750650519448929,-0.8141704623179473,-0.6372783807005262,-0.48299698649374734,0.0768394525972397,0.03075725647709482,0.0736431637393441,-0.004174367843306423,-0.07542112601937523
0.262857327791148,0.3279393037108838,0.4656639463469482,0.20730242546723676,2.116692888919981,2.017678601905865,2.1116193672214605,2.020517420113413,0.4813855237823106,0.3283616033379811,0.36206783278889926,0.2879950706135237,-2.152719666968432
-0.8569600667589653,-0.954139599640972,-0.6637212183107721,-0.6034963175189589,1.9664803023425725,1.8445186403448663,1.7652078422738022,1.893307795668939,-1.556377365725366,-1.6711961544439577,-1.6754156399146414,-1.6436018832901473,-6.420267900213337
1.9579461501654218,2.0305217621501837,1.7315440256448391,1.6226973017312014,0.5064094257028035,0.6321515683588844,0.56981887944726,0.37319455467691715,1.4093404170314827,1.3427801813820055,1.2858121051062499,1.3029556227641068,4.54622700669019
1.153003423740677,1.2263508310929339,1.125708945689419,1.404647904648194,-1.8127278529281259,-1.5361826515840835,-1.4994591926096712,-1.888262183407917,-0.8559768890448772,-0.8666873314134618,-0.721705862668838,-0.8608236160964983,3.8347739061381327
-0.17099430925892165,-0.1302170754249098,-0.014810027558547281,-0.220172470674681,-0.5610970347347848,-0.20834365391797086,-0.6472296569175607,-0.5744005643351225,0.500684136934486,0.4451981807508441,0.6749173932305432,0.5547974964278932,1.1769106429415261
1.6802900359008677,1.6516755550857771,1.690937803600531,1.764593510610693,0.7405244238126838,0.7362107816503699,0.7768456224643198,0.8230445093928247,-0.1681943525266284,-0.09456454729370875,-0.14064164903260135,-0.18826120951980257,2.067777722039741
-0.10254555167024941,-0.23739052810983013,-0.096874980057215,0.004205056463336632,0.13148875690428216,0.17884487199209237,0.13109153652072114,0.1312045988774477,-1.6323740014367822,-1.6650018522289234,-1.733712869789363,-1.5811194288977768,-1.3758377746966024
0.9031474355657702,0.981715226855434,0.715406582551546,0.9310784466730769,-0.039494269508301864,-0.009067395046914804,-0.019608305754481293,0.037817324014044085,2.1666096094881677,2.4019214181659367,2.2962026215238063,2.2491233562706014,4.084994030958883
0.8537700339356011,0.5012137936804028,0.8578272978521887,0.6429998071716133,-0.9847527687534933,-0.9909891013546722,-0.7789593496932885,-0.8307601236533476,0.9707522060918589,1.048732718045137,1.0825888412694864,1.166009028738273,4.6744208531379146
-1.5307652735105932,-1.710200410502876,-1.716326551185369,-1.4719066572741941,0.6454223745197084,0.93710388536914,0.9808972452476622,0.7526612037782696,2.550992976668727,2.477608191261213,2.3783311326920304,2.6131605207586315,-1.9621139462018449
0.0628445791120095,-0.2955694379149977,-0.11107130783333191,-0.12586488386706257,0.0008619223599392878,-0.3221611433409216,-0.22909811507876815,-0.19096821561268626,-0.532302139357267,-0.3899604013319329,-0.45056852270028636,-0.5795292775251888,-0.738698958475096
-0.34595465545693876,-0.3945729576511289,-0.36231700234067316,-0.25918273693966737,1.5157471340671367,1.5740721375267945,1.534477729460562,1.5347252750050675,0.2828075527506102,0.3452035040439925,0.4700033855567922,0.49719345025830464,-1.9582713318756304
-0.8149604666187615,-0.8033141393842568,-0.9011392391160822,-0.8676229703737742,0.016748658637504417,0.05197644851746866,0.021998966992714787,0.04469802098979501,-1.3153930920980177,-1.4729054304274247,-1.3928083363217056,-1.6341397976437801,-3.174928733417844
-0.4109128122095419,-0.6184107632330839,-0.4979976274337441,-0.571773052932921,-1.699268539371587,-1.4884991022414713,-1.4625367837750542,-1.4048371987975659,0.7984877202802427,0.6221519321368801,0.7584169717866768,0.911341079464358,1.829946383793177
0.7271048076143933,0.8734299416078811,0.8766716499535983,0.729326841797566,1.6251097095027103,1.8224252933301799,1.8356246962941234,1.9124534689883776,1.5985336197297284,1.8194513121296887,1.6014025918519035,1.5222834297657546,0.7451780512822452
0.07314925782678296,0.24064124454735203,0.28965129833503145,0.5805727915080353,0.26078266424752783,0.2653178478480626,0.14346999203452485,0.08930354034594437,0.003214093234373952,0.10268109316926875,-0.012725553838428466,-0.0395830242622872,0.6086414734474692
-0.7378404304747201,-0.5036337694787673,-0.4454651449565918,-0.5879944027410585,-0.4071795547588076,-0.32074248080480516,-0.357614101891921,-0.38095642111315153,1.7299114327180192,1.814396846934208,1.6108587579931575,1.6918816943217767,1.0306023838207703
-1.3041309438824542,-1.04962224489152,-1.2117127090487156,-1.1888320247179602,0.6544004783668547,0.7265932208428028,1.041105377232423,0.9382884310520796,0.4947501873214618,0.6155138089551153,0.512388115826121,0.4794169363427721,-2.7134759603731684
0.8462743192954293,0.8312086731870308,0.8119005827583615,0.6556439733335557,0.4381907046767813,0.5304461716940632,0.4974610628239649,0.4656874703990757,-1.1518147618749521,-1.1100480223074725,-1.0008501160586631,-0.9792123582633653,-1.2039338607973837
-0.29435091674140806,-0.17242307620937794,-0.04554318811975966,-0.23448761291699338,0.08487531993811073,0.29957228383106194,0.17546253735737705,0.31572255372405383,0.20195461587338573,0.12159996867269225,0.3220370423614321,0.3820561297949644,-0.29729118346630407
0.11772400960378493,0.06997604735419707,-0.08939910853103818,0.08868440307784224,0.31341390815100056,0.39305835198231076,0.4951329481659235,0.3586969494970808,-0.4846070853117325,-0.4990215988948786,-0.5036112642103755,-0.5304468150006875,-0.7151079795815148
0.9743052437626125,0.9713144801702644,0.7349026377863944,1.001946483486603,-1.5894748507655179,-1.8460699701759784,-1.768279076462505,-1.610132829843659,0.8319618253696192,0.7607502152791653,1.0067778408004326,0.830671860825323,5.444133562610868
0.73398603493051,0.9714540533806971,0.9753667586046662,0.9161575839835571,0.36379946808289043,0.30220522439852016,0.5395234979250678,0.3649396360059239,0.2283272098751451,0.18191079908753696,0.10754582872972768,0.026400997763560363,0.8067244407669188
-0.011263858380074994,-0.049759516666048546,0.10280145817800473,-0.06136339922060904,-3.1165047574792544,-3.175468522296319,-3.1907450796790764,-3.1385570569367682,-0.487423759029954,-0.6075060184595482,-0.6656038061858304,-0.5133411994341375,4.594007771574906
-0.18727455859572234,-0.19640220505755457,-0.0481854426925548,-0.050362358282730384,-0.9007480193716857,-0.7159643609837185,-0.7300548272514543,-0.9160268910914916,0.40920179269826223,0.5752130274780828,0.32914744188477174,0.4849889010783131,2.0067789839987826
-1.1925710231804774,-1.1804594081834914,-1.033888829110337,-1.0393739196522813,-0.6693551823835899,-0.655556108827083,-0.6952290558907301,-0.7984036535887536,1.584486583182572,1.596404721443524,1.5426762393928282,1.62763648346105,-0.17581141944772893
-1.921714925042292,-1.924495228312515,-1.6016001604496424,-1.795565888285328,-0.6489931887158003,-0.5887324248532779,-0.7638541250204619,-0.6001155382299473,-1.6853782499424879,-1.580831726681023,-1.5510160498880317,-1.7176137254519357,-5.467752201274665
0.5225588060180776,0.5723711685896781,0.5345947123208525,0.5805991799240221,0.2861619690647329,0.11486241262716052,0.2530673955526325,0.3522119164499979,-0.5983607543869683,-0.5544070821368722,-0.5135170200190429,-0.6842437976814584,0.28180717359039104
0.6162088399172494,0.651345617707879,0.7242151414778636,0.6727627973450508,0.3185082802871987,0.3405006960425309,0.1996350246350579,0.22813428903351995,0.39107247870568235,0.31165651274987954,0.45452575911972415,0.4052319939543336,1.2097375395961971
0.7168965830131127,0.5856604820453507,0.5617553995838334,0.5906761854365379,0.32184401961863807,0.5361394077752172,0.27519958924100274,0.5873075602658481,1.0261165606429925,0.8138440477148403,0.8736149514058043,0.7664126656962237,1.513426522614182
-0.3880090822652528,-0.4293463627202906,-0.5389170228026131,-0.29477161010747494,-0.1624731230606002,-0.18456312865417127,-0.20296895535182397,-0.15923134470707578,-0.8771969915420134,-0.7006948184239002,-0.7046703977948099,-0.7384489469112868,-1.130420029912288
-0.21262410988875147,-0.11875354610023538,-0.21136179527692392,-0.11580343425663871,-2.009153942084228,-1.7558649531109136,-1.940880673136829,-1.9496016286622866,-1.8013215771150102,-1.9307494871931723,-1.902344090070321,-2.0283969040083494,0.922240463781546
-0.3311550903513615,-0.2695255599774339,-0.34286878633233564,-0.3747219011387602,1.9769980115580128,1.719153438814328,1.9559915347860668,2.009124687891089,0.35886404570529423,0.24266993766070388,0.4132730862170745,0.3566680871498854,-3.9398612719166364
-1.7502836247965305,-1.7088354689967291,-1.6909107672169374,-1.7278164017287474,-1.55544462543606,-1.7548674561789426,-1.6351024606803615,-1.7163104393465822,-1.74093099759199,-1.9686337660527988,-1.8866787947100725,-1.8897683599847894,-3.107914922322335
0.021559740108782165,-0.05729881612575971,-0.12310430082591242,-0.05694795372893541,-1.0312511232949435,-1.072717147505072,-0.9866838375606998,-0.9892777631463134,1.4342089927620076,1.5365226606226976,1.289812651962229,1.1174595936000706,2.814876350028853
2.2662923801884425,2.4619359841117023,2.18169406373913,2.1954612789190264,-1.6451121213391182,-1.7699546844859135,-1.6091687915406558,-1.5805213287112772,1.323483888760737,1.307093139397314,1.252420850994377,1.255805478248484,8.595114888949121
-1.1164655720941545,-1.194265264771019,-1.1437828904520888,-1.099110192692394,-1.5824422281335258,-1.3727886992856042,-1.4015249008097697,-1.593458257472012,-0.47993009701251177,-0.14536960530458365,-0.30215537596273934,-0.2695770483368964,-0.24588317394928033
-0.6802041429037672,-0.630600699158358,-0.8094799496375886,-0.7353286386450225,-0.08621836934797365,0.09097063356256278,-0.10349609667436463,-0.03795339988920601,-0.33135476555855325,-0.2895663801249431,-0.3933431405360379,-0.05692044029867449,-2.0640590045010514
0.06815863900108028,-0.23622631401658198,-0.16132279506337166,-0.17177165972622022,0.19335462614302903,0.10300972173553706,0.032813212505472956,0.013587319738420933,1.1306287034695028,1.0119341993772173,1.0803453496329098,1.0159967386430047,0.4885015763952878
-0.11290558782513635,-0.11475742128877622,-0.19532294683390838,-0.3006144980163119,0.812838303149032,0.9730263026410961,0.6749867682234041,0.8251303774798706,0.46920489255027825,0.7441101122070128,0.33251264213877874,0.4081033459723754,-1.2293392313948728
-1.6159619567309402,-1.6638184709477595,-1.468910793201944,-1.5631482295251118,0.15766490027721997,0.05509371152569534,-0.029409185926363407,0.41098718335596185,-0.21507860779549293,-0.3237163957652659,-0.17317059076203534,-0.31215812615196037,-3.2022699899015388
-0.43058314925273206,-0.3792671725472545,-0.3794167150759297,-0.11615961381117312,-0.11488512782326338,-0.06294797132373131,-0.059326590921687114,0.06335054336283832,1.2721271969549113,1.3183314632259067,1.1804386895836614,1.2455127750849528,0.23931319983687976
-0.25274089296969937,-0.1273257225328936,-0.31611433556431723,-0.3455093979707725,1.8347379643754076,1.8562189998115206,1.8660475009153294,1.8607836707050125,-0.40325116696302044,-0.3716993200212731,-0.3630453426143569,-0.38097171318365886,-3.6517024808261436
-1.7175184929597338,-1.6516424909757235,-1.7676706641371558,-1.86487591110146,-0.11851540171744553,-0.02604744273357519,-0.04196095633696956,0.0009962422281592914,0.4138058445267408,0.29704042050211066,0.571801085019129,0.3012315096847715,-2.451569838404003
-1.8421334776341134,-1.6590568804196937,-1.7663276114698607,-1.9494647071405058,-0.12959215100933458,-0.03704211963202278,-0.18948767975730796,-0.10519899575381925,0.3017998565547966,0.06587771942048695,0.2274077289570949,0.33333547859454066,-3.599076150107042
0.8209475517917622,0.9737701304576104,0.8712297594430084,0.8291201948797203,2.3188776852809796,2.2719823040276066,2.0351923480539047,2.1533785111359713,1.033624937756318,1.074158118883073,1.0350317007333294,1.0696592131242426,-1.0396088133944237
-0.07696390111456466,-0.37518456273334155,-0.19328911298504106,-0.06681185008091559,-0.7987882019642893,-0.7537058623561786,-0.7034166667216177,-0.8765704660366763,1.3537854306062052,1.5033481778129676,1.8011380070834988,1.5269815996090224,1.7815425126847946
-0.08523971209910183,-0.041075941687858386,-0.08279271287895393,-0.24771282438780587,-0.37670465962469035,-0.3292853224259045,-0.3446982785349068,-0.1763608326022191,0.8088359338305927,1.1099233394181431,0.9860061818236728,1.1212486578193757,1.3310468078436446
-0.03404072691841642,-0.03925626047287528,0.10324983206311121,0.15325861096847937,0.8665856082795907,0.8358785759390754,0.7831407471575831,0.8331688489707374,-1.6721081248853722,-1.4558324538311305,-1.6528635757158023,-1.5482931738310806,-2.4680619612671073
-0.7736798665459218,-0.7625600366071291,-0.8978387620363933,-0.8616320609188621,0.8115871140422802,0.7965039868340794,0.7991558194704265,0.7428781678116183,-2.091118184553748,-2.221344838676804,-2.153836466928071,-2.109483653460905,-4.843013244653123
-1.4507977635155753,-1.551135975016083,-1.4247258030684988,-1.403355757902363,-0.4864102826126941,-0.4750229979449437,-0.3658212391396788,-0.43965988514176707,0.28579860722228634,0.3395558569517726,0.24694695978106296,0.2522093865261743,-1.4600248185243347
-0.6896009597930267,-0.8760188562114659,-0.8168188338559057,-0.8405934655499556,-1.2263732942431607,-1.2489861019053143,-1.2935454141940763,-1.2237628008382264,0.7860218394482115,0.7370152686592165,0.6760372299351685,0.6139235372711016,1.3703853720425763
0.9402958607758298,0.8218912832659588,1.0865361143528545,0.752884374221009,-0.0028660692517490025,0.17853255548982727,0.03271148501017383,0.01680440223826204,0.5127758128570153,0.6406163519935281,0.6640695414484636,0.5955778981261528,1.6087260096005664
0.12130401045298048,0.13731215354318188,0.19113177699356138,0.14644186724277927,0.716170661948125,0.5478205190275311,0.604276963950211,0.5818818199105747,-0.6270008057367872,-0.7397074939783532,-0.623278594084993,-0.7961571583704652,-1.8130301755913867
-1.184659033464077,-1.2633256937427733,-1.2580437217710825,-1.1640923415778632,0.5017046304390299,0.6351691834568299,0.37360984038403877,0.7244427258359202,-2.326558326897538,-2.1364175899690885,-2.3666629940120427,-2.0899759668844142,-5.698873468936567
2.16443047861785,2.1821721369672704,2.374208672402786,2.3044613387707096,-1.0551947271636426,-1.1905533232386463,-1.039520708007644,-1.087895222907993,-0.40014696741709455,-0.5280872555311308,-0.27329577852742565,-0.43918235120427584,5.522208483790305
-0.8633771327473222,-0.8049141738573274,-0.7906195600578146,-0.7834637193264936,0.6728481281897687,0.6002163865977085,0.7749128369892004,0.5008992547474416,-0.10393970239910363,0.03402946195959719,-0.04462751773765304,-0.09320671133586422,-3.3236174471485413
-0.7350485835469985,-0.7262878397624533,-0.6313497733016158,-0.7129575379971974,-0.5127717625794476,-0.2500454378167938,-0.076553758534209,-0.1852129456844441,0.08955015977444156,-0.11561322525178076,0.1019552865018393,0.005822249064176017,-1.5426107032775602
0.7032629133800465,0.7229141181942952,0.5560919945498791,0.8874792214335997,-0.03182905127527497,-0.3269540987168319,-0.29877127841896717,-0.27707259583417515,-0.5199291096593197,-0.5577269253019798,-0.4238170192013778,-0.336118525197976,1.2635300599462944
0.5542487446686539,0.48446729155648915,0.6375549956788215,0.2806873054544553,-2.0902512467816656,-2.131810664234911,-2.017992507980701,-1.9779089523850444,1.0244195542634564,1.0393666873147704,0.9970741980828112,0.9932779025873495,4.93572660920614
2.72942253451838,2.544599032624951,2.488294223024978,2.841754327631884,-1.223245422475244,-1.1602555080306447,-1.1471646942533296,-1.085193866411981,0.4269094175548904,0.4399449110906022,0.35300594724414536,0.13144280202188868,7.948094461972436
0.622246483705339,0.5694174209382951,0.7570563818567451,0.5504266225088008,-0.36699703058671795,-0.10572246357671924,-0.2749390561155116,-0.2642940045152351,-0.6770327665703091,-0.7733888172055615,-0.6820228764311884,-0.6266340530078239,1.1333698977419409
0.7086864274937066,0.6009190300409638,0.7891795357879073,0.7272321984550789,1.2449782143375112,1.300067740142286,1.2507581507768075,1.214866435474013,0.5866508450498811,0.5564899219867463,0.6705861665844051,0.5383695073521279,0.0030691021027980103
-1.3916126649875036,-1.2736447399912894,-1.2176208226959284,-1.2051464995110834,2.929864033337077,2.9443616801491177,2.8630675451936263,3.0595456651277027,-1.7545609577616577,-1.7365170981326123,-1.7126702888150716,-1.7629485501750781,-8.469576021243956
0.05766185208205292,0.054610343182232346,0.08759930437521182,-0.16669982218660795,2.0155201905857543,1.9302381686997603,2.0366322642144006,1.9686862538767707,-0.06646700389611848,-0.17625076888567673,-0.31340840308879125,0.024411314308356302,-2.54045297295375
-0.2615392259935461,-0.5799661376884092,-0.12073378021395315,-0.29228401976534657,0.6895099677267504,0.8478874356846507,0.451370018286661,0.500401950201439,1.6411371471508942,1.4403363949495605,1.5533076919062627,1.4545887990323072,0.5582432280516219
-0.9316422786407312,-0.8056824370091551,-0.8540312998236476,-1.0076669057034966,0.2039003588964684,0.21161897730543067,0.3754409923691955,0.3117639713588799,0.2477680818065307,0.16205055152965997,0.24575379631374816,0.3236699401230521,-2.5777981557836656
-0.025533915858416835,0.029063465871462156,-0.11613291654120714,-0.09694154817992001,1.3798002512623513,1.2484185103783447,1.0254538561701596,1.1544851306228936,-0.6248759418245138,-0.723531176146011,-0.581931241293934,-0.5435544562767564,-3.11984995931599
0.05947880448788476,0.18617668514172722,0.38608587575837033,0.25915244961857675,1.1011885248856852,1.073896405413971,1.305896297488195,1.2675429739068644,0.846984715760906,0.9929828348726263,0.9521048833896759,0.9355695413478221,-0.9790444076312149
1.7378458794269478,1.9359441434568978,1.8412496231619944,2.1256318978878603,-0.3606346926220017,-0.3585521743208826,-0.5235080351239256,-0.3686582585605722,0.5726492173304164,0.4483486985154792,0.4712679274298559,0.48000522667678985,5.5795720472850725
1.690140586758344,1.220318195417469,1.5039369808335885,1.3380487371608496,-1.4866913165247104,-1.4067023921948838,-1.4773077265079564,-1.3778903811286487,1.9096482781249686,1.8289535665154713,1.797462281936357,1.8496810421009686,6.621799674366155
0.5234017521247587,0.3650355702089295,0.52163755599443,0.3962145799709504,0.8183116076859273,0.6796080783767282,0.9507705100030641,0.8618498172117821,0.1264303683407351,0.03599940036538346,0.16857049568363874,0.04788376065122599,0.42105003121287743
-0.280202209643702,-0.13428028521230337,-0.15380303694974273,-0.17360559824787436,-0.4209890911153874,-0.4793358925462512,-0.5624195551003673,-0.5610318242546138,-0.28516979293378264,-0.1785619472853091,-0.10326859390071637,-0.12645789938938667,-0.50750776908661
0.6192726772088084,0.5735668815989228,0.4789865832072285,0.5316521717565535,1.3048647829181452,1.413365365786976,1.436977045239698,1.311879715838993,0.3277256596138271,0.346256977760551,0.31870558004638416,0.12272749826198165,-0.934843369786901
1.4130296273442489,1.4645060536260988,1.4682253331459916,1.5507623153838899,0.49778064867761074,0.3169445083971778,0.3037543590919778,0.592775665312919,-0.16600873762550558,0.02905856119561792,-0.14999780056371997,-0.12014927750561717,2.4239755113014416
-1.2375119686740343,-1.0555887977166105,-1.192985382303167,-1.0908854784067994,1.0597304846426785,1.019997083787327,1.2889136144730577,1.116502635403338,-1.161995542297104,-0.9935990773653323,-1.214510473608002,-0.9870155154871257,-5.136460843109633
-0.3034982515538622,-0.08415574061616493,-0.20751576983243797,-0.13003985827365788,1.3907190077888756,1.5494515924361005,1.286692815302772,1.2771722279228517,-0.2679949573724302,-0.3304874820723474,-0.46557530034175415,-0.3061896237171165,-2.0786346917662097
-2.0611235034400983,-1.886391865472202,-2.0078590813421946,-1.9836150975222802,0.23086229580184303,0.14258379291827256,0.2705263519936104,0.2649815843624005,-0.8886557471906604,-1.09977171731929,-1.162234621967835,-1.0751379927457259,-5.454484095068051
0.9803948168202354,0.9772082981301713,0.7587938958621521,1.0606281137827114,0.28467486880947823,0.3058559785703628,0.1769192419640756,0.5081178952773193,0.5520284618121859,0.5517977008103656,0.36725126253810253,0.5104499805882541,3.071437723407354
0.3892932311328294,0.29875410374012634,0.2406625264163295,0.39047734498298275,-0.548755992431891,-0.3032542754640129,-0.3204293835007743,-0.38957949387005014,0.2557925788249378,0.3703830348320347,0.5947871925200114,0.29392416485545736,1.6120338815170585
0.9978583441184465,0.9798355766776581,1.0246710683609923,1.1742406683541606,-1.6790796966087473,-1.7030262008911201,-1.7048218235254595,-1.5650048754882857,-0.1148733782324188,-0.24228771746413272,-0.27547740843014734,-0.2040141861952628,3.9545517048545396
0.01803187380873516,-0.15291956060348222,-0.01582751765887435,-0.21671536835085825,1.2333401950228697,1.1515527387022642,1.3260617002201769,1.0873800809433054,-0.46925347793853506,-0.3406604599373609,-0.5903322230624661,-0.36968164356506616,-2.5497492852432977
0.10131913456023925,0.09801143188862277,-0.010869922604705276,0.3031393065671947,-0.45239154794529807,-0.48285175463002333,-0.4805867279847585,-0.5400260989576617,-0.023060161034348166,-0.0282195903129629,0.1217478968272118,0.032140271756309166,1.630784014448733
-0.476555179633261,-0.5003882932301331,-0.5580755961817317,-0.35547809919875306,1.4646635512314568,1.3768369366319908,1.423343427044042,1.446899970910536,-0.5127845707944664,-0.36344543359626796,-0.5469327655723462,-0.4447423285567801,-3.2332837480820733
-0.5695888951812914,-0.7468137182576459,-0.5415098832348081,-0.21729470404809725,2.094619095218301,2.316789257289742,2.0817022555059537,2.2705969128273114,-0.5010749164116396,-0.732833068363764,-0.6218506444506989,-0.7292661155759381,-4.529515221130081
-0.23453294935819063,-0.4564616609261842,-0.5100180336512397,-0.45649320949799543,-1.291747150691348,-1.3240946925501962,-1.1850571649755173,-1.128072539947934,1.474935211887888,1.5542165889472275,1.4514576751338242,1.5650135912786427,3.1132819074088927
0.8460817488832613,0.9517493653699142,0.8294087366931101,0.9005321249944552,1.2911767260560782,1.4358671028128727,1.3928266963980176,1.3313101403726884,1.1509187242652488,1.173053322559004,1.2608693897867724,1.1976398861449167,0.721353624972185
-2.0935716761645597,-1.9719552186303222,-1.9944993643851483,-2.0534242319663796,-0.0448464983926702,-0.014007852919809702,0.020134764020280027,0.13208876140969092,0.8206874091758868,0.8232688124166996,1.0823723973605914,0.6609244305269942,-4.064423121628289
-0.9425133711379693,-0.7664002789790317,-0.677727900865384,-0.6722943986207427,0.7125784833393111,0.6926883202319072,0.5655253495988447,0.5502353418058561,-0.8872581876406888,-0.7647532643991575,-0.6829087042853825,-0.6582992898682855,-2.5326818931111195
0.1290659125397879,0.3317551167053838,0.2071313578320791,0.06576170677137239,-1.070037796766528,-1.0120180949885773,-0.964075482447363,-0.8617003820100219,1.2812081779550533,1.3374198162227433,1.2341802355178417,1.1533335389912336,3.4708314211968916
0.42291229711147627,0.17793027332272565,0.45918746821033285,0.22422514622742407,-0.8204496420336131,-0.8588244973264317,-0.8704917751056036,-1.0097741768279722,-0.6482916232777354,-0.6052820649331092,-0.7208866016417977,-0.5342058985057215,1.694437486049128
-1.3482924318145508,-1.5328109233955902,-1.5175697575697142,-1.719129717038764,-1.7601619853516446,-1.5157077107048165,-1.4827048503471019,-1.9496799060041963,0.7835674475137392,0.7963756283067018,0.6528723067779507,0.7726106765915663,0.22420235656318688
0.0769751964831939,0.18888311591960827,0.06221196496396893,0.1709993431419191,0.3907421527298173,0.29269864430361536,0.24484870631802927,0.2588987130447341,-1.7400132746662362,-1.6782834877743324,-1.9964933345985791,-1.8408265105979935,-2.1573623031358067
-0.9296937235442285,-0.7610671673788277,-0.8788889831731479,-0.9075627972425424,-0.023011453045443664,0.37959428186199506,0.16379872680979965,0.2614922276111145,0.4792374875473395,0.5516954842685662,0.47235724574199145,0.4117654015944278,-2.239688422005211
0.24175723203392818,0.31601314834851657,0.23936891416040174,0.07359190243720931,-0.5759501277734873,-0.5408579568250307,-0.34649178973516687,-0.33152969836561785,0.2887701440010092,0.09570345782397321,0.03923323131141826,0.16130553396137143,1.5769636745428137
2.589744224144381,2.6318199864904184,2.836116344732945,2.4732409036411096,0.19683982928270094,0.07783802226616082,0.21305215197620828,0.31547966805096317,-0.38442864228208967,-0.2954778530976395,-0.45459538727971094,-0.3306770255481349,4.7454067449571555
-0.45022102420928706,-0.48885002989188125,-0.5082335588996154,-0.460102193455633,-1.336016562827581,-1.4986158381757022,-1.3084500647873927,-1.3676488288813555,0.778279583042461,0.7881154878456912,0.8490773015582097,0.9430611044308788,2.098113378169563
-2.481440028894924,-2.3973395664832453,-2.302354795903168,-2.4758459154146615,-0.01467667739871777,0.09027788268671208,-0.06443952671092193,-0.1453340338615169,1.0383028579680769,0.960094945429254,1.0710088955968975,1.0524194153209936,-4.304011217454659
0.20057575144968834,0.41302101214963804,0.304829378020259,0.4191627190939319,0.763803003508786,0.756512862742541,0.8891304174068754,0.9485830713962847,-0.18056094418600996,-0.28586103521521655,-0.3215406927757949,-0.31425794984278965,-0.8202684513984821
0.04252915643874035,0.21650720406049884,0.001994401867653081,0.16503878809919165,0.8582255439859552,1.1248793117252323,0.898048189451089,1.1604534670528972,-0.03164855509978292,-0.11278936338218341,0.11907483605080806,0.1618785386916344,-1.2528334228680569
-0.6433280344783886,-0.7441938537937047,-0.4821167962567351,-0.5315381481222129,0.5200602195997058,0.5318142282187373,0.6363332080754032,0.452669446597582,0.03471790665378329,-0.12629129509168244,-0.2525536871565722,-0.00916322110948023,-2.012525333691938
0.7781894036119801,0.6061731351873393,0.6868063465974643,0.8071783143204767,1.3243407697212335,1.2948199355787338,1.3089575626598489,1.2884615242250939,-0.17163827861707615,-0.25994629594597246,-0.11095969067496524,-0.15541067828348332,-0.42312085252137766
-1.1180415375710877,-1.35240764042556,-1.3821120360574541,-1.204930615776145,1.9387549029963695,1.9104785403016686,1.778150678100747,1.9406313190061626,-1.7638595731547086,-1.7175651565155237,-1.7147831630480344,-1.8509435532647378,-7.083584647877523
-0.7860618201252512,-0.8570777238597062,-0.6996698488371325,-0.7705163517452377,1.8381330321585703,1.8291445703552554,1.9325075428021916,1.7902462605491587,-1.7153625965706483,-1.9035918648450534,-1.8840388882875698,-1.821980339779756,-6.025485842670807
2.3975132379954016,2.6091061752258438,2.4881227705714943,2.526651467696748,-0.6735547865573458,-0.6562530057255618,-0.45993516663179945,-0.531523472956914,1.4363859868747582,1.5312160839062376,1.5059247872598172,1.381934980260411,7.221307508252686
0.3570206245742065,0.15579230408377265,0.01737729309818467,0.32690910225290803,-0.13666477772536198,-0.1091842016334848,0.05430831502100375,-0.017755372757906222,0.3923990527908611,0.3194005531618027,0.39450592097275805,0.16915016274314487,0.6355639099784784
1.328770632386837,1.1589265587245303,1.2030824386204126,1.2114518360322228,-1.7358120019628271,-1.676607677881631,-1.7972407352139432,-1.645372386862023,0.8511414603087619,0.8321580744235744,0.7612984417012166,0.8861103659090509,5.984941857041479
0.9283448641281751,1.1240081506567916,1.1030721464973112,1.2692201000755226,-0.6562222405546091,-0.5266420274308331,-0.5749249512944535,-0.5923464877036508,1.2896061778888004,1.4227349784588035,1.3498437719761052,1.2273018444276322,3.958201934682968
1.6935173751854238,1.565997565773603,1.6236357021629437,1.3943274484023997,0.5609474825909295,0.7698494346698336,0.7308468842321509,0.7794871820600332,-1.024515474328508,-0.7827778486587705,-0.7915797807316698,-0.7949260843812027,1.6158775278362334
-1.7522435478122311,-1.8095343121355243,-1.605124156837706,-1.6767071393223547,-0.8700355660952408,-0.7111490284161172,-0.7093084995738556,-0.7729570592136976,0.6012668833219663,0.6833882990591629,0.5561692444149683,0.5680788617976361,-1.8646537841652777
-1.2102349948251727,-1.2082541817804222,-1.3330800885549474,-1.2867597689445975,-0.48568328236653874,-0.26122950065074263,-0.4510604299279772,-0.25568682076741794,-0.5877483231636306,-0.6869388143681201,-0.783819715399689,-0.5978496359856708,-2.4078448265420676
-0.1292049231963484,0.049273959925443936,-0.05964526480341929,-0.10431152651314834,-0.11473150393081859,0.09374350228664136,-0.21658217602619295,0.18480041064539582,-1.7553870402541747,-1.5467075487693687,-1.5888352428853407,-1.622895746870493,-1.7484867454319044
-0.5134478156465373,-0.5633663899338384,-0.4496813280556176,-0.3494204522031697,1.346932960846821,1.2996859829322571,1.4038742776700823,1.3022483304366088,1.264183544879332,1.4920428976353464,1.3588344055147015,1.5513256023953015,-1.4378421424745909
0.43771977621855807,0.4879247453030504,0.594268314287646,0.506094017238635,0.4159801812990761,0.628200794316613,0.5334544012531183,0.3601268358720359,0.5899953078685235,0.7054911861810704,0.6600296383764497,0.7135900643255029,1.3693096312947537
0.16350081166612973,0.06938998702533854,0.32433323122850644,0.27780017750964836,0.09034380242431922,0.20409136750985024,-0.0783598735644776,0.19122006151123874,1.154201182805514,0.9503549982711972,0.9967066089799529,1.110158377160602,1.5062095584433113
-0.33277085757730157,-0.418085329642761,-0.29555803169905587,-0.3206805957334363,1.132542550456609,0.9434544299137595,1.172064097700997,0.9583816271480972,-0.3993603323715456,-0.6627629257189716,-0.5424192327536221,-0.4618874813314593,-2.8405843367399664
-1.6131722347159878,-1.6549917102038798,-1.7596131851825914,-1.6874108464626991,-0.6558563752847746,-0.4459328169864708,-0.24929789072216996,-0.3995351598324786,-2.1147312551711583,-2.132599446688548,-2.2500825299104767,-1.9659762638739178,-4.630262916904032
0.17244386012221027,0.003076863381847497,0.028482053706588836,-0.010688202892161672,1.5609666118438095,1.7996482426575042,1.6678016045846762,1.7036745169879386,0.30893778984953824,0.1124245252607487,0.41558962286509,0.2408030283181511,-2.253692236974254
0.50354776965244,0.6239570360085082,0.6433157881371359,0.7564279273912349,1.1622968382378032,1.0562044684778744,1.1614262898928402,1.1143027402077914,2.0252897267052794,2.10242937152893,2.0670121428008374,2.1140113757020256,1.9497894188962437
0.4105601286324987,0.4590487328430857,0.22157194221354598,0.1730397320076691,1.0370681854139752,0.8334472272132953,0.9652059209450655,1.1274772044985224,2.3883064673842345,2.3057171731908768,2.4690486134428364,2.44390406830348,1.444464526704637
-1.72642192921381,-1.6653566889512723,-1.5776456179466687,-1.5596817529544862,-0.17167648877002473,-0.11214240549308141,-0.22822481088152563,0.03739025757152896,-0.7613218168960598,-0.5957256236304946,-0.961664305883812,-0.7822153700874357,-3.465538680521794
-0.5951839611488731,-0.4014350589735816,-0.6641593343545924,-0.4303891619945066,1.327669623711355,1.3340142207544994,1.2962039668409946,1.3488629631592166,0.14623258281320858,0.09815567202980642,0.37867938710017723,0.3233587784994626,-3.714000206234665
1.0980427168465463,1.1634229540162937,0.9522775758311417,0.9882342524392318,1.2308213762771774,1.295990725789609,1.29835452928419,1.310442607523671,0.8455176388504182,0.8057924849041116,1.0407243174069716,1.1047619094524626,1.1956435538785315
-1.5543284323416149,-1.8497684527731202,-1.8764088560751824,-1.5178784405277166,0.39991226477760167,0.45693251693092546,0.4572481485687356,0.4660772061975566,2.825136308021541,2.922976181658288,2.8911400934614697,3.015359336929053,-2.1170622748399177
-0.1781321681871687,-0.3757195081981736,-0.2615819935127351,-0.3808385235841086,0.473734505581129,0.5147313795572072,0.552736921501275,0.6091439434724865,0.32664170276561655,0.641743693040189,0.5676207023764593,0.5378758692818429,-0.7559986456411562
0.9722723383107467,0.940143943966239,0.9945751387253442,1.1702947240241448,0.672419424928055,0.6846350877993304,0.5702466914057795,0.6826690175362489,-0.14170740264368847,-0.21446699533685215,-0.2533671485665583,-0.15719655352373388,0.7027112176191925
-0.17793701633609776,-0.27212913790230703,-0.28418382555274424,-0.3732870011927741,0.6824245416235546,0.6522310127029284,0.6687333440187282,0.5593956488087016,0.23935244286324336,0.1730529834530753,0.03219548179934048,0.19840741235782244,-0.7897631933329236
-1.5351281485426194,-1.2905489721815093,-1.3999521004474162,-1.496084528168203,-0.5451362490016205,-0.4413720923505974,-0.4179476317429356,-0.35647057161486917,0.21234857577613409,0.14081067087814847,0.23252552111381358,0.4047951219662509,-2.2884869690221024
0.38188147779170767,0.34469499049873453,0.36361720362498656,0.34025165878248465,-0.6760745865689942,-0.7493330480331889,-0.6533019852480838,-0.5640190938023935,0.87111160073508,1.099228998806616,0.9030166002369974,1.106336629384723,2.570907572393218
-0.5078648390501153,-0.4344199136340448,-0.5178312730811645,-0.5327308495284149,1.1688683042498207,1.1767672101306061,1.1587214620423745,1.1965622923808008,2.196491927130901,2.1309995604660537,2.0610632378962164,1.9800746248217824,-0.48110297187812867
-0.48033189868998016,-0.40178771735664315,-0.3773856023596358,-0.20721166764347898,0.3621947692258141,0.5015563251940819,0.18071986239456272,0.3116219222422421,-0.0765570518405162,-0.033815667567315674,-0.03273515023285663,-0.11536082527927335,-0.9926323931972174
-0.5728819864430925,-0.42708075404621615,-0.5712105731367244,-0.29755698918690426,0.41059698659757843,0.4916213435359196,0.5767959976881493,0.3102361368768569,-0.8731084105487145,-0.9965526372004881,-0.9108327748803308,-0.8902840831453713,-2.327557751169695
1.3535921120851055,1.3608043065666435,1.2791302227298949,1.494753012396601,-1.8554469994584124,-1.8005397487493493,-1.8469700812469054,-1.8429416630545827,-1.235789863721278,-1.0932700066150305,-0.9390801670803389,-1.036130756582296,4.496196444089023
-0.554630910400305,-0.6054896694921863,-0.44740637408284983,-0.4352686409290886,0.2142921957816365,0.2887784717185567,0.322233457740944,0.49930961076272196,-0.8323952179197966,-0.7138020233374427,-0.7256660106450596,-0.6902312568016816,-2.627687481108986
1.6565229482637345,1.3687439929528438,1.5993237682142463,1.704857146501773,-0.8416321179423095,-0.81802792182698,-0.7280123563374148,-0.7591542886580499,0.3879111367977618,0.3768424852544677,0.4391308044034041,0.3443289942207165,4.379164131775187
0.4268993408514017,0.5060078476745661,0.4949169241709148,0.6039127372762936,-0.16055302695411763,-0.1473006164502882,-0.1783800435297922,-0.19612101134282406,-0.05032865703441181,0.0015950472688401052,-0.1693613091145536,0.013112364303641877,2.1643500996121308
0.35411625057730434,0.2576470820625675,0.4756620327039167,0.36239156114504506,1.107916108010461,1.0713003384936448,1.1305412984396925,1.261587469460314,-1.4968673606410765,-1.2994375599754555,-1.232232894825173,-1.315532308117959,-1.8365381506252536
0.17463385326162742,0.11571124296651225,0.15123787455750223,0.26415923257721974,-0.2684344445989123,-0.1665573619915589,-0.2712728212824955,-0.14821654444812618,0.34202310095305555,0.3018607449933144,0.38522194892156403,0.2801473233970805,1.0272477293170803
0.5587457073565177,0.4209333906298617,0.40100188564060457,0.5650780690092545,-0.9282714917771947,-0.8901930021447604,-0.9550534080847227,-0.8547238407882503,-0.3880040623676183,-0.3404519786775752,-0.4979588178920545,-0.37153847579125415,2.13727038122739
0.003115171660988302,0.08028119181434298,0.015529835687381447,-0.05524273376341586,-1.0411330672578991,-1.080586777510471,-0.9801181032557008,-1.0370087390516582,-0.7381685939556246,-0.5514166723927095,-0.446019908668719,-0.6121212851719656,0.8065880639168023
1.1265968262703354,1.2320522502231945,0.988533116479688,1.1419830814638232,1.689698064978415,1.429040812404468,1.607937832657223,1.7894237317299797,1.413860722448611,1.4952883113734423,1.5847632601006438,1.336928837699988,1.2007566500495923
0.1393816531288057,0.0014109689030020467,-0.018382378585079906,0.15894467846099936,1.2498323286798865,1.2719653784103124,1.3852017464206223,1.2105511891744565,0.54450803320782,0.6291811292552544,0.6078362298042065,0.4627978506601624,-1.507084969749384
1.6829821361712496,1.7251968159792,1.5356828958307962,1.5233246280736144,-0.44987444685501504,-0.38191645770817806,-0.566353181854222,-0.604464835233989,-0.3048835448864557,-0.23386805637301386,-0.3038193402986491,-0.5757508440430057,3.325733772267123
1.1250294241338725,0.9028294712155949,1.3024818858554554,1.1377913049873658,-0.11023084391484414,-0.10309686070378253,-0.13683585451685065,-0.12615210537341207,-1.6200645828079385,-1.5767243593390952,-1.8185136098001886,-1.5964738402650758,0.20227207155507726
0.4553983547960492,0.41957936113036093,0.4458512336572862,0.30683819978381077,-0.3631866713508255,-0.08882357793916545,-0.12328333994087343,-0.3477333869152704,1.622470492774393,1.4977616637891364,1.664967267775542,1.6244113449415725,3.442966736538266
0.5730070624514041,0.5920648863467308,0.49002035370386704,0.39573985840212167,1.8234112030967355,1.7594033369942252,1.6246539096614483,1.826615339611135,-1.2520213383295606,-1.344832943103319,-1.1195893225256763,-1.2058672996908433,-3.130405639697874
1.5224238043836196,1.4217481534456888,1.4138337264598577,1.5213631626620194,0.2570907035095576,0.3284263374171736,0.2608052589865502,0.10466889345188754,-0.23580080409052315,-0.11484064776883707,-0.17393469672288633,0.006402588991971603,1.9267111519992863
0.1600038029953551,0.18803944677359577,0.013778229574229278,-0.03497394524011764,0.6607452084024946,0.6505592230315267,0.7897056202730418,0.905033761570556,1.6364397064857663,1.5001905340005635,1.7488043534005413,1.7247084036546658,0.27689038000892074
0.21242689987243937,0.367867703130903,0.26491643571680495,0.11869095948349427,0.5644030476658025,0.7046555618578669,0.41548213316890076,0.5638741994351335,-0.05238452311056134,-0.007249556445757074,0.07615686073024068,-0.011949051930895141,0.224795520540017
-1.69167809391027,-1.8617244689431964,-1.8290524255651528,-1.979289992091096,0.629192792774149,0.41939009937573235,0.7167021724684493,0.6168063665501335,0.6521291475504186,0.46402394268310077,0.425325675263057,0.7021022778226372,-3.6824466021924547
0.27325321227212723,0.09299540678713428,0.13562548821663686,0.10733716914216801,0.881585076607247,0.4773039548636716,0.6287084645003532,0.6200193708761786,-1.3741961368947768,-1.495241430705423,-1.2679033338753882,-1.4757356878472405,-2.0749363795993627
0.4710076709572866,0.4023336873118265,0.3122963192554687,0.3370023347794363,0.01934399821828357,0.05095919534056556,-0.06583138922524731,-0.14315538601479835,-0.5418188959206174,-0.6762138455442429,-0.748186835802519,-0.6603361828382204,-0.007827239852500296
-1.584506417975199,-1.4703230069428534,-1.2850620260839638,-1.4417409966075234,-0.37118253308710636,-0.34329645007297255,-0.6543098398641668,-0.4472161982168583,0.3412919801012029,0.3853801654352164,0.38928972828546576,0.4351134352596112,-2.0161768591065545
1.7785844692064934,1.7519408015180806,1.664028946010079,1.875284320938381,-1.3405363180471752,-1.4574841643182492,-1.3927988078884437,-1.3583054872963247,-0.8177328341370306,-0.5933805631230319,-0.8045857205491704,-0.8657255857817895,5.087415365493074
0.20094994571479316,0.19208315477666263,0.16564456348038387,0.26730653622888567,-1.598721969189777,-1.8476654396259868,-1.3303954991254252,-1.4760163239437514,-0.5238582516952197,-0.5748223654039532,-0.3879018659647472,-0.47562575464416856,1.7720679447148588
-0.8426689634828934,-0.8159946128259091,-1.0436809986360898,-0.984279968709038,0.4007136648013292,0.45532731143440797,0.3796562747042738,0.4018307841122541,-1.6427248933900076,-1.6443269186853886,-1.611848961212199,-1.5491240866413256,-3.812961394073884
-0.5931296687573101,-0.608815685910714,-0.6240488965361555,-0.6118688365593947,0.1847634054694074,0.11317546672402505,-0.06420728581821647,0.12367959664548611,-0.7900639280866517,-0.7780408005789767,-0.7308653953295385,-0.8557675336809213,-1.2554083183069247
-1.3602848300382149,-1.3538845653737714,-1.2587943870755651,-1.1483759626991084,-0.40685835181688196,-0.1392917563678266,-0.22326249284610894,-0.40024919260916114,-0.3901338512818085,-0.4082785597631924,-0.4143370649144643,-0.44591133290003504,-3.171927580428221
1.6147625674857051,1.7893121223197346,1.4311903248302265,1.5352637294188913,-0.552472888340644,-0.7295836906850925,-0.43683619336192303,-0.3953318212496584,0.2849869013281881,0.29928715393583744,0.2742958247555677,0.2230746791317404,4.113298396881608
2.1983920332464044,2.175143956777469,2.2465983143768775,2.1078153313681347,-0.2628411318120741,-0.26391112375101267,-0.22424504783690738,-0.2901073883071262,-0.5914723413355871,-0.5005978376862849,-0.40045129051737344,-0.45489746521666496,4.731841409794035
0.13645585656617912,0.3690609757749438,0.11752775529345566,0.12429405346836542,-2.4827169760867887,-2.3349420686113023,-2.2604743893255965,-2.4704823027979077,0.953876312328406,0.940286262488332,1.0968340440188442,0.9177178235846485,5.230260564184533
-1.282057711516121,-1.2761757782975853,-1.2072155891485603,-1.5180224166993233,1.9332475685119561,2.01376331506021,1.921044012381728,1.9372913723915186,-1.9810391387097872,-2.0802038842701207,-2.069158640905153,-2.083633599710418,-7.563250361228328
-0.46350775070186884,-0.5919776783967376,-0.5628312696062725,-0.3514496288888552,0.7374663234577785,0.5837039569730379,0.693697785490453,0.6278151459073715,0.7764961243927383,0.897581446632415,0.8374390723385313,0.8910913588465,-0.6892243638664792
0.8539376650337419,0.8319698102461991,0.9657591824979194,0.81694467161535,0.11507236259831997,0.03883499885747013,0.1831323119072822,0.056638679886140283,0.958689487524181,0.9581896794536932,1.0561826437225559,1.0106446527513078,2.696179598827354
0.42392756994728964,0.1507338931747083,0.3110876251027467,0.3837921762309385,0.056748283802204424,-0.08049532056722539,0.12955684649323307,-0.027252544286464543,0.6324564019493603,0.5117847944240694,0.479072969266197,0.5388215523089144,1.1698141149788264
0.13352412741554126,0.2745693360328273,0.2293387824770311,0.18033720112500465,0.30178760822477785,0.25029878053805343,0.3045053112609142,0.2814894003419322,0.7402689665768154,0.8271816616068114,0.8599665393958288,0.75644714976435,0.8898532465271344
1.2358325847814555,1.1904793896139012,1.288563726839178,1.15975514985772,-0.08586878576190084,-0.08119240456351243,-0.14270357777085454,-0.2303567623899121,0.4064758420932733,0.45211059632896555,0.2637701612078739,0.20465991139510795,3.050773385499276
-1.1749569466117473,-1.2352568888842441,-1.050347221838491,-1.2180656090011799,-0.32907099037529264,-0.38653662951581924,-0.39240213125469375,-0.34171755340627863,0.9622235995282417,0.889894293999886,1.0238385611224197,0.9931930245565611,-1.2798125179296012
0.0410133729333818,0.15800332023550517,0.013224804473808117,0.029760196906906695,0.0845421341625041,0.020903851794333586,-0.01304651485746253,-0.07299100850980149,0.7236981721668094,0.4320205004977382,0.46353508630121076,0.5555510026090094,0.7083737992706011
0.15680081995014286,0.520624450433316,0.29654099735089967,0.18146249664532146,-0.8887901449924129,-0.8589816001001022,-0.7907154654333244,-0.7669999415253566,1.3052914385826546,1.3144819034065929,1.2265251376930888,1.3293932069382217,2.7234717353358295
-0.6354579340784111,-0.8065703696699098,-0.4552575516067281,-0.48150391970540796,0.8162234999842071,0.6342095104071624,0.7761606432072359,0.6563387133748664,-0.27195844067295805,-0.3821626307736876,-0.1988170593341323,-0.2831403166661317,-2.7921352944351208
-0.2500986197978882,-0.22301009958333834,0.0233062778463885,-0.10669066851520714,1.441473089870983,1.5206867964449804,1.3170165769998359,1.2761769923435207,-0.9534001814342847,-0.9078696537433504,-0.9680314213746666,-0.9424886832453704,-2.8886525577639945
0.6384681237837518,0.7274847870140597,0.6993385812759162,0.5581097822306754,-0.5169334076213432,-0.7390300300396773,-0.5317386387018419,-0.6197600455838568,0.32330820689287815,0.1234483091247641,0.4456346881505904,0.39197928139217564,1.7912572567525025
0.16627825975310973,0.08031718385349482,-0.08652400600504714,0.08520362577335987,0.05434744945486704,0.013591146242015115,0.027488299983440156,0.047900679143397115,-0.6869270360042711,-0.685024752712762,-0.6634958645365874,-0.6505159654920475,-0.5259286239562377
0.5495496815901305,0.4806612850077844,0.46525182283804806,0.43452609163549905,-1.8786658951367239,-1.663492941075377,-2.0282398702723343,-2.0105215004199386,-0.8671567229637152,-0.8701515825012489,-0.977279719887152,-0.9543792520592145,3.2119164187424762
0.47375852928917384,0.7117092277553508,0.6714270012976605,0.6151784863606471,-0.617163007575787,-0.6216599785428659,-0.39798209892113534,-0.4483631276603222,0.7979555334367072,0.9370839743543348,0.9323929266978628,0.977626638307017,3.290013401535128
0.11909612428422252,0.10381417996126019,-0.012632382782228335,0.18786400439002374,-1.1129940904391176,-1.2253075779466072,-1.1865881274988015,-1.0014742732261412,1.3736188403935992,1.4818415926549928,1.3669891488390538,1.527612602472279,3.423973245056036
-0.253506935154619,-0.13149971186199233,0.014012712223986534,-0.1536790728613322,-0.7635556408211814,-0.6627228683298736,-0.8162217534766715,-0.7173330058427437,-0.2848443597733783,-0.340038723003417,-0.3484281414624029,-0.26803307641184737,0.04705243578446838
1.2450560509923636,1.288057602231717,1.223931761335329,1.4451223480399504,1.5361825148253594,1.249853796667554,1.370274672486207,1.3640388240122074,-1.2090702192927403,-1.4058667939772354,-1.4783552250206455,-1.3240456773087257,-1.0007394234751859
-0.3882717212410894,-0.245032775435242,-0.4323805526968871,-0.2843153344609288,-1.381468668133261,-1.155638601412566,-1.2953728137628338,-1.2570191699158257,-0.029958119131422364,0.09865531780234463,0.14321805322407655,0.1950454487538326,1.762073041829134
-0.9667713910436876,-0.9016773424948232,-0.8435172816029555,-0.9006679363039589,-0.40457299116092593,-0.3235053863651453,-0.31428085196755856,-0.5033037669612906,-2.099102530962266,-2.132025711047464,-2.1283929029594106,-1.9792162736514292,-3.2212566360097314
0.09335482043578122,0.3651885929551878,0.19727513794194684,0.23763905771571878,1.4573841899425872,1.1641131146380033,1.290954877636652,1.0044902131903548,0.15815670403801857,0.15782662645493895,0.23828147200824934,0.16830579760554798,-0.7925720321091223
0.17672940856952007,0.3141212515150915,-0.012983181679279199,0.2709670638901165,-0.13437338309086505,0.01365090721065182,-0.15513090097894394,-0.10654839421513165,0.14272857870092606,-0.11760828823035045,-0.11521769765644639,0.21994865613557635,0.5137788016393343
-1.470021219826354,-1.4486566472129494,-1.4528767161042628,-1.6106798474218609,-0.2935999349741102,-0.374873289242903,-0.26445983832448355,-0.36126309456408523,1.2348754283482024,0.9608920072673648,1.3557652608146318,1.1670634250159013,-2.1233155691383514
-0.015768670431989262,0.23578882400605083,0.34734179700546397,0.06762800897246019,0.7741828282135477,0.6384909171894337,0.7799060330655879,0.8197044789167607,2.106161487000407,2.101582079176069,2.1267895845215663,2.35560190685004,2.2358565362735923
0.7600815609540412,0.5854010361995226,0.725876776769289,0.7586158201057277,-1.3671979337503422,-1.4229673522480808,-1.3341747879522514,-1.3619756032158914,-0.1278024393932831,-0.32714343320206307,-0.3172228800166212,-0.28001067507257993,3.5550203092680475
0.932092016211068,0.9178902676785723,0.7682666680195452,0.8901492230569843,1.1023674034716893,1.1505158703560234,1.0065562990315933,1.0213252387613405,0.5835588388380488,0.4130271383563351,0.5385559564171406,0.5181800299721034,0.6207932229455679
-0.49990744781840424,-0.4299655731686098,-0.5869948459959774,-0.4769694875280859,1.2034519101723542,1.3748261369847474,1.2133452076054085,1.1444630587423743,-0.3904140541889662,-0.1970606421597325,-0.2860032603560439,-0.33920981459363214,-2.9267979619517748
-0.06482883518202745,0.12795393070171204,0.15825172061906734,0.04140492037265715,-0.17203196797943293,-0.21325718364867646,-0.3755559775741944,-0.3317491713924261,1.2016191454593483,1.2580097757688864,1.187437762095746,1.1736694430639754,1.8603017937462556
0.824100066991084,0.8455608607406903,0.8740325887223881,0.812868730391113,-0.1146586431933294,0.07615325468694577,-0.34323274072950505,-0.20576953025563902,-0.08946887576824955,0.006761239514106586,-0.11663140659128268,0.063216197188628,1.502368597017797
-0.9688613616229905,-0.8688325709459532,-0.8952360882820836,-0.9151764739235813,0.5958683552095124,0.6943695825302617,0.7014744022790265,0.5110507139801305,-0.08501754365395436,-0.14227504416934236,-0.2601731173625148,-0.12427602515244926,-2.6654443549605515
0.8606571835747487,1.0858962185686565,1.0321522615525311,1.133289155331937,1.6401923065427304,1.3205885181103223,1.6381377066356873,1.566594193050081,-1.4152569849907006,-1.6967277907909326,-1.5406358594722827,-1.4687392931435639,-2.083516491690292
-0.994244156082861,-0.698208674311276,-0.82395566300581,-0.8594742216799236,-1.8555298780140457,-1.9223770209514006,-1.8613594819502008,-2.017869025304692,1.25910853404325,1.390951994438189,1.3836476583023691,1.498570637713509,3.255866502790798
-2.3114821807211765,-2.417122301698321,-2.478875990959987,-2.4095800078139797,-0.7684234318875507,-0.6482216321382921,-0.8104994428636444,-0.795258527501309,-0.19879948592950195,-0.31284202936117644,-0.220679853391326,-0.29704861567714735,-4.32513558100469
1.74404780172864,1.6984673667193717,1.6760061328460591,1.838005961913327,0.38038669900250127,0.5032761814631512,0.5318485087868094,0.37246521029598556,1.4462137963605721,1.4508053864176986,1.3495695946156578,1.169666963993074,4.664597280211964
-0.4309871904131021,-0.3313691548045268,-0.45251111570436325,-0.5607617419360057,-1.916612929336837,-2.101667405106885,-1.970731922051684,-2.022482382239796,0.03678718621742993,0.14961929069464014,0.2254404416759785,-0.12281066190282339,1.599707140481732
0.9706685930553857,1.122345654419825,1.1244788068163367,0.8693966939578502,-0.33803216198883,-0.2944009863438617,-0.4169394945161046,-0.20858943617784254,0.5527256894370566,0.6367920324035806,0.6553949111844191,0.6112245267524127,3.4499865474235576
0.957296469279002,0.9614107862239102,0.8860021271110543,1.137691035123431,-1.3683645541809368,-1.2654971234395491,-1.338892726451826,-1.2714901703983104,1.1936475674231264,1.2306611049899272,1.1991014393818815,1.1974925038897122,3.942585023653482
-0.8628511203616069,-0.8139624178648208,-0.9152571424460664,-0.8669310991594742,0.6698124058900065,0.4556657649732641,0.5969416508683822,0.5236580967446931,-1.2171018028031741,-1.3745679596992006,-1.298425689176413,-1.280191291253721,-3.648328809426626
1.4244729158566842,1.4239244921854641,1.3670643110956329,1.4457417531102288,0.6231062103449003,0.5502585341510078,0.4475157883464338,0.6194150393228384,-0.7070683116190251,-0.7098569508271967,-0.7443032179440188,-0.6679147633151274,1.7732903473981012
-0.04141766071201649,0.12461914347350685,-0.06404291864650631,-0.11345569150504092,-0.969039163092796,-0.9277444046094305,-0.9337759510004375,-0.9997089439501123,-1.6118666134181896,-1.4309768260305433,-1.5470598653368932,-1.5173069980556098,-0.3345275463310943
-1.582795850173147,-1.4863480653997194,-1.3431087525953644,-1.3831465506244836,0.5454885223818877,0.5869659309237495,0.4664881051276788,0.6907967909790501,-1.0949339021794686,-1.0441855534850384,-0.8709603295561417,-0.898124613244226,-5.359409332185638
-1.0072795768172011,-0.8412047668509434,-0.8429663198131583,-0.9333297770604533,-1.6232562598371958,-1.651313797753955,-1.7661931529873491,-1.7301509575331246,-0.0075193975743346395,0.18339817235249306,0.07788529486839399,0.07361098016436012,1.0919139271576892
-0.007644274339371718,-0.01985859667958094,0.18249429032082262,0.028587553438661314,-2.0321327217166307,-1.8618213926346465,-1.8114995799284084,-1.8074134415039185,-1.7085910239481128,-1.7786033895805882,-1.7749935156268901,-1.8401123311595442,1.0675150058785259
-0.7378234949009052,-0.4898694067121201,-0.6557678489044451,-0.6391951201506041,-1.1654072390032062,-0.9806586395417108,-1.0266828128954688,-1.0770992003150928,-0.9662968954365986,-1.1476881480013845,-1.1588422497570443,-1.145609078617786,-1.6637326730233526
-0.21258662000664558,-0.17340262499980547,0.06647399671573453,-0.10314043479282872,-1.2761405034380746,-1.0497199456194488,-1.0708080505771032,-1.426617122121889,-0.6390150365929149,-0.698932082018233,-0.8324477343956712,-0.7342757538274441,0.3537074101526786
-0.32828146372307365,-0.4432534241657987,-0.4297693744113064,-0.49700337247684123,0.05913496840759899,-0.1823102404805571,-0.05139095289920445,-0.06655310119779308,2.8524595953835634,2.7579563493824697,2.6461678742651893,2.904283634124433,2.275228396483579
-1.4804308862466042,-1.4453758271013557,-1.559660759772805,-1.498947615988738,0.07453979269992278,0.032128100608345804,0.07052198892382561,0.07127118754926573,-0.49603728668887975,-0.4520717008724832,-0.43779484391747997,-0.5538780903409621,-3.5221925193454395
1.2685597071789259,1.3475273335732463,1.401812585808282,1.4447546530103161,0.8013593121893146,0.6875740996555042,0.7353718576738942,0.7923187102240973,-0.09302848465194985,-0.18808252501193898,-0.05280223739979345,-0.09697441333938034,1.4425824051310148
0.20377220704311805,0.16364045519654258,-0.0025449883391884115,-0.02742824018277637,-0.3156458296533008,-0.33708172791719443,-0.38667143478082366,-0.2463029140172547,0.36670515140272925,0.27853722013293103,0.24527737745275294,0.37077394211778686,1.169853373337482
1.4720303538192372,1.1087432722123296,1.432771178835657,1.4002239260247267,-1.233216959298475,-1.3278397771616668,-1.3798443842872954,-1.259583028873417,1.5439802460491674,1.3259970225786049,1.3426377189950467,1.2810180590335478,6.149532585404687
0.5184912573683759,0.28381494934074447,0.2259519378993617,0.33847142009465025,-0.02365532284815358,0.23505201380671803,0.1151252551248612,0.32960192152585654,-0.10806578133406516,0.05434717834096371,-0.18651430740103073,-0.16354001905623747,0.583720666358426
-0.9191782621332487,-0.7060424464809434,-0.8962589088936987,-0.612569141918754,0.07917907093351792,0.1310857519684767,0.007246492553197391,0.09023665757154911,1.2997839682969543,1.3296233561999775,1.4660821902251908,1.4421356995503065,-0.1591779398164555
0.1980567913959267,0.2508925662656518,0.3531301889206083,0.1618418792073904,-1.3946950551208859,-1.4393820414670804,-1.4768601671536705,-1.3758987675928003,-0.8752428954465946,-0.8996913654383893,-0.9043210283261629,-0.8560831496439559,1.676044059992516
0.9107388126017727,1.194327870845658,1.0052026912802554,0.9611393529660446,-1.2425100209867361,-1.1972618999983535,-1.1930844661100846,-1.2380570442330534,1.0099643619536491,1.1545034144593667,1.0510160750948,1.2548386292183784,4.084079056214903
-0.6697024064816397,-0.7092779517848236,-0.5468772428921166,-0.5064019194726618,0.12029561241528694,-0.1389798679242295,0.10251127437106747,0.22921832158847766,-0.38862053979919775,-0.6481415900173356,-0.4997925746455085,-0.4808789787293708,-0.6694603968292834
-0.14434076303221222,-0.012202796736563881,-0.14588586964336037,-0.21584047853045518,-0.12570871925476876,-0.2630980609223448,-0.33143092903074833,-0.34664969727865474,-1.4088936109218826,-1.4664702847177933,-1.3305288101039776,-1.210784875458789,-1.276766570908745
-0.06644193797956537,-0.1049968007862622,0.038265756337236265,-0.04518958014839562,0.9457406043140038,1.1416698610220783,1.117091378911548,1.144748099907433,0.7357387868803208,0.777471226932882,0.9178557045426141,1.0929538519454518,-1.0842322107854185
0.18382467280456877,0.15656261421894324,0.24388106291372635,0.2600515844016407,-0.1620069565670899,-0.37909650152192187,-0.045362635941841284,-0.11493033720079594,-0.9009580427421815,-0.6505099120635937,-0.7366523776446895,-0.7284697465691419,-0.2496791394437024
-1.0808970822173876,-1.1979290808088785,-1.2582655544684893,-1.2193009290547536,-1.9271457568413888,-2.0064042942830875,-1.9911929985805843,-2.0706913898060613,0.25410073891096674,0.3689398751542287,0.35063886917354414,0.2900184587973682,0.2673270570514166
-1.4552074925031,-1.6202754047121077,-1.2979318661447201,-1.371468592974927,0.04547165954869667,0.089267951578338,0.2911970947703787,0.1509341409042902,-0.28163946180393556,-0.1985098241565282,-0.47579129297021455,-0.21624872784874996,-3.0924505330536527
0.1589190536619888,0.15351659605199697,0.30597662400673753,0.05797417618467601,-0.542244670712454,-0.5797810605774973,-0.6625770217092914,-0.6062481063447501,-0.11827952629011934,-0.07492747997810381,-0.07754416750263647,0.11059498012226618,0.8866954208835823
-0.20611618652962058,-0.5172686350017978,-0.33767390942852954,-0.29079147654417314,-0.13775066952713366,-0.26783807803582216,0.01120709275122811,-0.042346739341926676,0.43893709435949557,0.6093102245419225,0.6116770151255324,0.6250728242439654,-0.6122371340584873
0.4970029694623247,0.551479561480132,0.5548446147730205,0.6919593525815858,1.4349467680227057,1.6149970069798982,1.6528611001062599,1.6610019969953576,0.609446627538506,0.7472949284144794,0.5882216739547634,0.7875220080422323,-0.26570898965971146
-0.9165999010574409,-1.0606669945166785,-1.027895799534073,-1.1254159962730357,-0.758866603270472,-0.7925789241300387,-0.6180216893461274,-0.7848712175455816,-0.3886672357788642,-0.4359917092827818,-0.5203677749875962,-0.43722410014721386,-1.3118690763191445
0.6872600958627316,0.7043535533175026,0.5105350233786986,0.7468220022448455,-0.21123111618366042,-0.29599655845202494,-0.05363390873576443,-0.374834765164215,0.4070985739891372,0.39516280331920217,0.45408021399111775,0.25140772036583764,2.801452620133927
0.7663371444332,0.8386359713909544,0.9889321103775881,0.9293743434887359,-0.7405977256819242,-0.6893618985591652,-0.879135784259594,-0.8194185737667018,2.021158352527991,2.2000926518640602,2.2904188058031223,2.175862667348136,5.004905989248426
1.5250985323735804,1.434011848843097,1.4680226126200275,1.4837729451035606,0.27707445684020954,0.5298436534487516,0.31040517993942357,0.3471869542170493,0.42071478652663497,0.283948744662627,0.4226536649268547,0.5106985378302776,2.7468565409664656
0.7291752881799164,0.7788164464134029,0.4996132308798048,0.6452759997596107,0.5515856265721859,0.6556872241494094,0.5567211924175942,0.6281092189046954,-0.3998128651179029,-0.3327928053068073,-0.5319964521811433,-0.3999774905691094,-0.28246114855675436
0.35751307318069836,0.3176516896517949,0.15170123768718713,0.3503781006370118,-0.18496489151273862,-0.47668998726439754,-0.41877763597401313,-0.5484853140460795,-1.3543149227152558,-1.40845487832475,-1.4928401148573185,-1.3361632803785422,0.136558352059034
-0.519109330366016,-0.2748762956185647,-0.34114617642044465,-0.25597318882730485,-0.12143690300424556,0.08728182266819452,-0.14437045026679038,0.07973326738833976,0.6077763693200599,0.6970732926162595,0.6948649190808995,0.4258656239324459,0.3769916230777159
-1.1755418715210246,-1.0505731157161573,-1.1493673052457376,-1.1150151507951414,-0.12622858793392666,-0.454034168914255,-0.016881076608054824,-0.032696274083563764,-0.40513937064511474,-0.43939311571017825,-0.5940903166894123,-0.24268618205495987,-2.1243258258376945
0.9525855375978426,0.9145889044724196,1.1048478739217567,0.950497622378839,-0.45681704676515916,-0.5610328699342529,-0.44745619760399813,-0.6020941495029076,-1.9564342068941587,-1.8290208837218,-1.8301459285953097,-1.8079751630969023,1.0089207968304095
0.1736176444729667,0.04421597808707026,0.02033246946215692,0.08746705405726168,1.567186347674885,1.4418037807634585,1.4792772617677268,1.5644089341346203,-1.032404237410866,-1.0993938091944928,-1.0278344990946968,-0.9698427660904312,-2.5806515104191483
-1.5939845049074293,-1.4783888166603463,-1.5190093848201198,-1.6837131747368081,-0.6224729563007457,-0.7656992305543111,-0.6320371284652065,-0.7984771740440426,0.7232531770798836,0.6576574702457952,0.8554290265183092,0.7115742850530498,-1.3280562903231978
0.7028093155431114,0.779696945465791,0.8699421708225676,0.8125017750477291,-0.4220337269926937,-0.5770225082579398,-0.6736073261109261,-0.43125761042439775,-0.5498652393923265,-0.5341678987936918,-0.5430292844805956,-0.5647522962642021,1.8474244254405203
0.9770083522532277,0.9293398098609761,1.0279030344299735,1.156238095202754,-0.414648920630225,-0.595096926944333,-0.5890392468449175,-0.4716977608457697,-0.29714332502430313,-0.11566869422539793,-0.14261323637413564,-0.24151315542408652,2.6971334724207296
-1.227494034082864,-1.0745662594567937,-0.864795672390489,-1.0651754571053957,0.9087985516591982,0.9076159822452097,0.9024369776248918,0.8484768901038893,0.809794953122724,0.7007793618460898,0.7708079529004747,0.9272248141714083,-2.118950350912386
-0.12404109897130801,-0.19689306968127726,-0.11234093872003711,-0.21351939665673086,-0.060217782347094045,-0.2821661405277622,-0.2983704069276295,-0.3492533550262714,-0.18195715841945437,-0.12661841168542687,0.014683319370272306,-0.12365994739959862,-0.2252078495657543
-0.7686725438197538,-0.7364218614468335,-0.6171602164398743,-0.7826126702069022,-1.3248564482036909,-1.41154285330689,-1.3433757081763447,-1.269376568205432,1.1940806410141536,1.2065605436211542,0.8757853769474623,1.0331557886798926,2.0519055439534766
0.9301549244277855,1.0455957586822926,0.9950941951405133,0.9433354009950128,-0.9721899795370962,-1.0441749521244497,-0.9518215224410467,-0.9826076013633978,1.6906161952827623,1.7152744383245053,1.58259334382532,1.6433970846438595,5.035961030563241
-0.680045567451,-0.8360138337489282,-0.7222373791962048,-0.800005165097776,0.5012750580404969,0.6539729655630558,0.5235523308945983,0.5791256428953462,-0.7418122622713527,-0.8475802786726228,-0.6232776468142196,-0.776196803235281,-3.0707562652603544
1.2700260414681084,1.2301697346939542,1.193456543392534,1.0988280170888758,0.424099327280884,0.26470862981809073,0.4296440468588165,0.4671111109951327,0.25257020669298036,0.3184281706018749,0.40386698189379305,0.36205694044379483,1.931876712190374
0.18941004362554636,0.2405527313964795,0.044888401026177804,0.014757525859857373,0.6488940562807726,0.5421425754530413,0.43466609723366306,0.4441014808432664,-0.45077073975035475,-0.38923333241614,-0.4027135865770749,-0.7048778028462792,-1.4075753800937836
-0.1986310627924448,-0.17061212419177935,-0.2292427681649391,-0.18262388131759089,0.47653632753215447,0.5072075043086806,0.5374448514115044,0.4752877533089007,-0.15692037691726152,-0.04381122268633514,-0.04739412558939987,0.054500206449842756,-1.5217897896028776
-0.8719268597720511,-1.0301878815186227,-0.9016275498477513,-0.8364675138678002,0.7164229512522555,0.6329506000377564,0.4657609223908831,0.41253837118053865,1.029998290159319,0.9439673567832273,1.0907676730791416,1.0720257141294736,-1.7912748063845385
0.5985276668889273,0.4504954922454385,0.4403998671730231,0.29189535166334635,-1.16477608773889,-1.203461755846981,-1.2380539228307217,-1.1939934398667358,0.5850121526980121,0.6029123310177549,0.5066778084421247,0.6682143877728316,2.7226352431257834
-1.2254953525089407,-1.109429920809412,-1.0489322671778332,-1.0993501817121387,0.4340582668499692,0.38316182660717746,0.36813749913408844,0.291373529937603,-0.8361048827775678,-0.6884133526214736,-0.4785884084709315,-0.7844064559121904,-3.523627452292807
0.05585925273570613,0.1566765265918382,0.05333847207505382,-0.046316700095950264,-0.507242952764806,-0.5567819399458505,-0.42230396934033365,-0.7670646859587346,-0.09773405776638044,-0.2557796699335819,-0.08491606781902833,-0.21752523493310263,0.9324050077168535
-0.440018088041382,-0.3701174075619773,-0.32399393644265556,-0.5063557884426957,-0.7273498919364914,-0.7034948735858304,-0.7899524274557461,-0.7902435929572966,-0.3552968960946487,-0.09284341965375192,-0.08072282017564436,-0.4056996435886381,-0.39506640511719926
0.5614031604610794,0.7677140532746429,0.4615181168197331,0.6800401784996234,0.6492674843521175,0.7207171744706091,0.746478982405718,0.6657039054077121,0.23451410608431172,0.29452477724872783,0.38878296252671224,0.12454290698367276,0.28446357944385814
1.3470044914250534,1.419795235915004,1.5639737274185967,1.4221339459906641,-0.6996869832349337,-0.674845861912702,-0.7338831485147214,-0.6416363132803419,0.6225502702513418,0.6334306914470926,0.503945001301746,0.6685707063343738,4.1549784158311
-0.7647532485132209,-0.631236313146046,-0.8256884618462975,-0.39562908465186375,-1.5422539270631783,-1.5612620322386093,-1.274031889635351,-1.195292523278535,-1.0978350668103791,-1.0254337107262774,-1.0026285563266812,-1.0004099940412279,-0.14693757220221706
1.2438277005164624,1.336892997578223,1.1174806326041304,1.1771827597850364,0.24949300303824745,0.17807379175277,0.17547486268627663,0.2679805584368933,-1.4504960880225615,-1.5985079412113339,-1.4092003952393963,-1.359656409183817,0.7583962766904125
0.5721014212238732,0.6864999038629248,0.6434111044232866,0.752878999331746,1.0549522722281093,0.9919083021653178,0.9906768994941587,0.8486998189842276,-1.3830835348202646,-1.28006434192188,-1.4065818107716654,-1.5065317598887382,-1.8144290470817128
0.5264096129954893,0.5421328639885284,0.32910350402974886,0.3838652153914287,1.2916193140878949,1.3002364222960963,1.6450111830985559,1.4789545081020108,-0.5351083181918302,-0.6130077880095937,-0.6397242075656069,-0.7174237910630227,-2.073305436041241
0.2377446035168627,0.19343419380303006,0.3070541999303187,0.4130518464571886,0.3791365300626032,0.2322582046274545,0.2173190905996831,0.21112792508517647,0.4002389638798186,0.5560868198046862,0.40502307312017116,0.3851104136037241,0.838911990932095
0.10706636100725092,0.10267985305293005,-0.044005678590781555,-0.0734457409952465,-0.7747057932133923,-0.7066748546009279,-0.6260339501332853,-0.7745992714456407,1.376118359229633,1.212824453207454,1.3032214583550412,1.1309568100259495,1.6155324905861561
1.8800425784215484,1.9299330704426532,1.5973626658142328,1.859214699096822,-1.3278299025745268,-1.1725481149942252,-1.2500727743180418,-1.0947681095899588,-1.60487372001444,-1.51025977510098,-1.5795939618015238,-1.4364687002320975,4.048904253945753
-0.08153800044952828,-0.2934256750356379,-0.20131010703846808,-0.20659033246318925,0.16461445102379677,0.04800357597193032,0.044465065301075496,0.025080383930618955,-0.6913169399545014,-0.7801653897097889,-0.8624610325418597,-0.8526311387550745,-1.0598865997565232
-3.0910757544956726,-2.963861700978597,-3.16248338062224,-3.0862263259951956,-0.10069207085481159,-0.07118490640233983,-0.01681963867839569,-0.05031808415768389,1.3923328781949833,1.5118067049564872,1.3590179436991574,1.2982774497424514,-4.321763791843671
0.441471396013375,0.24174690613994437,0.16841588796893575,0.18553454140120643,-0.39217798249419034,-0.3469108635464426,-0.2631869175423014,-0.42119676655116806,0.364477566293421,0.18903078347658697,0.24696045295536537,0.4161406947946735,1.244324785630898
0.38388162637559153,0.24957820528491523,0.1374999737809137,0.509096213282066,-0.7528314418878583,-0.5891508247061958,-0.7201025649297862,-0.7571644002466884,0.245559834171822,0.3002529999420771,0.12348933876294167,0.1077590028676206,1.8503096661955256
0.8168119244327456,0.8917213572236968,1.1063114669135055,1.148023537821466,-0.28361616063806633,-0.2503434788287109,-0.27909345224528803,-0.10992731432136965,0.7688236382482987,0.706705369700142,0.7083226325108097,0.8027293418569749,2.8271948030199767
-0.709693160392281,-0.8924139020784507,-0.6212100560906998,-0.7231613045541646,1.118050870726364,1.0654989641271406,0.8872795785983459,1.1118722924427384,-0.9684197117799499,-1.047136554656852,-1.0177567464735537,-1.0250062708025798,-4.710280279151922
0.9782718855762731,1.1541306310900226,1.1205969280459087,1.03524337363168,0.18751081301813866,-0.1666991914840305,-0.1115275715303169,0.06135544494708541,0.9433391690938574,0.867183273513077,0.8655518001683833,0.9325834181821138,2.6006768106635643
-0.2077104739132642,-0.21160411967547438,-0.21716654509057132,-0.08844821817839373,-1.350935677816999,-1.0724358555918316,-0.9626464813555567,-0.9261290730871077,-0.8275600342351622,-0.8836308626384007,-0.6273222898476858,-0.7950779366127716,0.36538127971286805
0.9517864899261428,1.0078992314016737,1.043000399577524,1.0004937720455709,0.6183253747105648,0.6231259637407404,0.6199103103451712,0.5099223719668928,1.3052118064015823,1.6108126545314276,1.277333027771372,1.486463094040373,2.563620952207804
1.672433472449535,1.5056847330575338,1.6664378967054294,1.7689534196857082,1.4887571814585823,1.5906267039777782,1.362291347017032,1.4168287160253326,-1.048348177773432,-0.9631064972676688,-0.9587474507880235,-1.1399918908982343,0.6568685585942502
-1.1834190754300131,-0.8420145854094835,-1.0128470525910307,-0.9262261469746936,1.7892369290921522,1.7810250218200476,1.5798821302465955,1.6194924204707108,0.9664745228653597,0.8944361041954145,0.8490744865543206,0.7755993928302105,-3.430019119518262
0.13474548620356558,0.018175366018750912,-0.09728456664433939,0.1780625700470418,-0.9104080181539971,-0.797072336452327,-0.7045367290828448,-0.7509308435257157,-0.5770596945860756,-0.5209261356722898,-0.47218154546271857,-0.4621924162352434,0.9031472551440631
1.116555364401097,1.318306685041673,1.1594952558491136,1.4218231278640892,-0.6760364666892577,-0.6873879821733251,-0.5105122480841148,-0.7372938602895179,0.48041092156106796,0.5736713424156789,0.5264175135390513,0.48525369435418975,3.901855753083634
1.5861714860734832,1.4256867841934096,1.6359672684521582,1.5173653217229832,2.3929176775137986,2.1846881904205993,2.1635675205458686,2.1782455406670533,-0.23376554982305545,-0.25009022502212047,-0.15816563959356197,-0.1627144701064943,-0.38133439710506745
-0.6170718421437877,-0.7351210329011538,-0.5391662008947938,-0.7601330254927676,-1.784920518936606,-1.6526581936605522,-1.5793580443841606,-1.663067506215852,-0.7947579516282787,-0.8384825861646158,-0.8343224748766435,-1.0697165732759644,0.5677897234639605
-0.12897821200109774,-0.2554116186104352,-0.17222050732143676,-0.12642637169813162,0.9050187653083973,0.7210597063476254,0.930962319354674,0.841119139510541,0.10689856724016332,0.23568912755593663,0.17623519146976874,0.31688097706320306,-1.1771984373709574
0.9887442839989642,0.8729175584107277,1.05809226710336,0.8519496213574883,-1.4580936498431287,-1.5583224109160678,-1.5267321077149862,-1.4812763280368062,0.011072230871108757,0.05095479296756686,0.12234072286885375,-0.12140692357893534,3.2496630744718846
-0.9519847904435018,-0.896732422338361,-0.9438892733531956,-0.9632304338237636,0.8305986733762182,0.8042847600650933,0.7686881342010199,0.8817593766700216,0.3755225175548502,0.5122145615229394,0.28717689512165057,0.45396113185278614,-2.699317640971128
-0.4858335658666372,-0.685519224586975,-0.4846345453638484,-0.39889957803301623,0.14491852061703406,0.06375675149401319,0.33189606761462165,0.2006614036641624,-0.014930659448210093,-0.0845919694526136,-0.2100405978846686,-0.22317647284987563,-1.2978883022491259
0.2680249201391687,0.47055872112338826,0.1907946780978916,0.3723330861101176,-2.081517479280473,-2.1766172279298712,-2.077999647597017,-2.0765544672056055,1.4128303444119223,1.3607734081039553,1.4749296367569849,1.3336872555587924,5.171547164361001
-0.23484694826105018,-0.07163044761931578,-0.14592979662001698,-0.2810646376908105,0.3577155806604063,0.48688026781028904,0.6970269337665499,0.4886812798805583,1.2022097385368486,1.1093457375999363,1.2593936718107441,1.4417673142108423,0.815151396683907
0.3639119824175675,0.22357502979403496,0.2514226054307115,0.16557334219903766,0.6976993091470419,0.852322901984561,0.6260966674394801,0.5581001093839277,0.4158985646700164,0.3876373021720889,0.45259982727375747,0.2440624922435506,-0.31084294605098156
-0.6258701682724622,-0.7222107772629643,-0.8142795249573965,-0.6164182423347416,-0.42174877453517695,-0.5241484285035937,-0.49708490096181146,-0.566020166949014,0.6878607621664972,0.7085888076015591,0.8489139214473886,0.7726367886129402,0.3848449624831204
-0.5570988894834199,-0.4620103202172811,-0.5057311243144736,-0.49001085345330003,-0.276854095823722,-0.3974815131827264,-0.14803975162380642,-0.38542475685120214,-1.7936126560133854,-1.8249904432468602,-1.825899757227071,-1.6899412555051831,-2.215919863441
0.9060177551394121,0.8851316518095863,0.6590885254542043,0.8879803299015825,-0.4697671981448366,-0.4063046621186458,-0.4466405181588694,-0.32422697750071305,0.7508199248811847,0.9027426305807942,0.7486717115873752,0.7357984201681629,3.3207323376062243
-0.9384174647159218,-0.9884182488762859,-0.8230920160826456,-0.6709734321077087,-0.5012884650309788,-0.52790905229324,-0.5077159433534404,-0.5129131127571108,-0.6266210143933657,-0.7178045867221519,-0.6341504818033236,-0.669391377840457,-1.287667959683343
-0.2877227663020159,-0.22191183236145018,-0.1570776101915946,-0.39754990054101236,-0.5875322995484129,-0.5907446600519273,-0.5217686778001516,-0.5090073534830882,0.4665934299488088,0.3159690750631107,0.3491911294080344,0.13868240293156428,-0.12434745188502361
-0.039415479444248835,-0.0013212638009293329,-0.17829190566142444,0.04691903389986833,-0.37749449273771946,-0.19521975476309417,-0.3493379933301377,-0.3002351277233964,0.9448026223176046,0.9111276475442679,0.7970905110204145,0.7870930852890392,1.1850900600499994
-0.45865360575113934,-0.5914054969687921,-0.4566211348353247,-0.5822108102955665,-0.8859255345520338,-0.8329063583658385,-0.8563494154236023,-0.8320994268764892,-0.3116328917981246,-0.23192904871658698,-0.5532612308262104,-0.5549369703172373,-0.5777636158440538
-0.004915375184909365,-0.307066873824679,-0.16668886196034083,-0.08259157922938987,-1.0900987791182728,-1.2217317153742395,-1.25105441024769,-1.2473774596185154,-0.9556186397214187,-0.8217773381043091,-0.7732541654154078,-0.8593983907031507,1.120654832321918
-0.17078839192630058,-0.29257200134837075,-0.29224197689519193,-0.26284155666026726,-0.09360001826181495,-0.05064281806986813,-0.09218239879660774,0.15512476320551513,-0.9228830808836481,-0.9228703002122925,-0.9575278558486452,-0.9635064081385506,-2.3387223494175884
1.126998337127207,1.262190656500729,1.0506119780945735,1.304245276371812,0.00936812984820325,-0.216791229402911,0.07528031614559982,0.0060791902852667355,-1.5082848996991154,-1.4920119351055339,-1.3932638774826664,-1.3759156814719016,0.9546139395822377
0.08440085386388166,0.05686694217238572,-0.07366008515268013,-0.049824166641971854,-0.31056960487528357,-0.17363067249311842,-0.40330107719418873,-0.29256530374358825,0.5203239568200976,0.68229856384853,0.5561126530010161,0.5070418620505159,0.9366448666612404
0.9472215110961908,1.077670991126264,0.8555222290182504,0.940959138838605,1.1905905357719317,0.9889898541572124,1.0160154822816039,1.1367887805601375,-0.945249498057103,-0.7613377969342795,-0.8742820278414676,-0.7934547609433115,-0.9236540858733252
1.254887892757703,1.3135397101376085,1.2621711886561113,1.3373713144155435,1.7417424267312456,1.683675886519085,1.6313409573083022,1.628711735821855,-0.7596654384359782,-0.7051394247808075,-0.7524063266328457,-0.7663138459729144,-0.42923384205837933
2.041612346400409,1.9657786930390262,2.1971432685780377,2.0574698120809103,-0.3048019824702798,-0.20417701857014794,-0.2719684249800337,-0.1000750028943529,-0.15907297505577847,0.01669539432151755,-0.10481195021345274,-0.1299724176778258,4.896443071135248
0.0195203688397556,-0.038084032063403474,0.02558364565097648,0.14914572337403867,0.38118849288385237,0.3148879749302736,0.49418844806397527,0.4286298489629109,0.6332592984549803,0.7694545101119795,0.8915999806418617,0.9617932737797062,0.19159383729533944
1.2064271763835468,1.2003248364705488,1.2194209772919753,1.37871648685648,-0.14248351011891838,-0.13378972382952348,-0.053459268545578885,-0.11756890727978893,1.2372519498087984,1.156269175619354,1.2338330514272522,1.2484493089226592,3.620591456040576
1.091349980124256,1.0550540206830048,1.1257375104522556,1.117177383777742,1.3763092039111526,1.3022186163523948,1.501785242947148,1.2035967254658195,-0.25995204168309904,-0.21161200579651612,-0.38399695146394364,-0.12350314255917091,-0.23390436832579742
-0.5871040412146997,-0.48566982144931375,-0.5154198594025184,-0.4859037717866253,1.1273101900533913,1.000690292695482,1.0418016306663374,0.8985077840165269,1.7008922706854523,1.729940443846501,1.7311166210466489,1.5887882909405884,-0.6898437500978799
0.014630634726936681,0.25065735063172667,0.13254840300486356,0.10305914521216514,-0.5041251434805641,-0.7028474746074513,-0.5011637001570375,-0.5188271412255073,0.7117934675496856,0.767791098722866,0.5380968150868957,0.6835304290733384,2.2152298201413854
-0.7507355347127063,-0.7259534779683231,-0.5973798981619092,-0.982681536716519,-0.618148515473509,-0.7656271158607388,-0.8119115100278865,-0.6476588083306885,0.08272125869826402,0.22260063145433,0.1841141038718881,0.3782416267159784,-0.5661429602784969
-0.3462279716116908,-0.5194231820024855,-0.4218478123593107,-0.34658591711743814,1.00959405116005,0.9457494593268968,0.720685308488275,0.9800825932436946,0.023735920228404178,-0.14449258084823344,-0.03933012668231915,-0.1123378037275384,-2.4029387027682176
-1.3838454266209288,-1.3795917462992606,-1.4889385327457756,-1.2097999517192821,1.2585611037159745,1.5369972384149817,1.6070003597165985,1.5212616725415937,1.3586007795365287,1.391084626720149,1.4065736660533699,1.3982776137505215,-3.7742044837194433
1.6821122573688634,1.592571141749933,1.7185236234808094,1.6158228284194827,0.5794440023027368,0.6895083548731251,0.6343775126178754,0.5748195012827342,-0.16407219934916112,-0.23481312711351748,-0.08479186457800703,-0.2836579883150988,1.7788131398661475
-0.37066394237863565,-0.430653109492302,-0.12090587383035348,-0.29947856685096813,0.3486399025705579,0.5080476270773797,0.23714687501549997,0.2500071630094732,-1.5461533081657677,-1.7522986125328526,-1.6487122327072483,-1.8780727428861974,-2.449511809331526
0.44681645429599437,0.6562036165677207,0.2825273877203818,0.31984376929445385,0.28479278878089476,0.467419858470571,0.49828200002372625,0.26518549653867285,-1.6912808599151976,-1.8202343831559604,-1.6948193663524294,-1.5935324737236534,-1.345538274945329
-0.6425457249600159,-0.573822178907821,-0.7558330692315273,-0.6215260542010946,-0.10245719866523455,0.1424245942269564,0.03724104263532004,0.03318100937555277,-1.4770383567020313,-1.4510740549362213,-1.4788419720991082,-1.627678874500035,-2.683030497011224
0.6502521543294295,0.5464786801788328,0.49651706160972087,0.5568411025138666,1.0791219901503362,1.2948730880286037,1.1809673294840366,1.2633624565595503,0.7450070164399216,0.9386520396369319,0.6457454934135691,1.0173714593732146,0.794313168710466
-1.3128851782021407,-1.4681782170835276,-1.2021878992549964,-1.3218441715814566,1.0877870760118937,1.3541760993069978,1.1709207939115645,1.0822220536454865,-0.40519232987766807,-0.38516925382466605,-0.5300556259772804,-0.30543071306579117,-5.155586197233751
-1.5256889829557125,-1.6341965259390898,-1.518690202342821,-1.5764748784455758,1.3692941213934704,1.2986185694342927,1.100168751260485,1.3709502125921749,-0.5645406288106545,-0.5385610166468812,-0.5999412497230346,-0.48943751120652546,-5.670659733843419
-2.40553131512199,-2.4842530091340747,-2.7846786181696896,-2.447987381963688,0.8690217631279716,0.9864674610237755,0.8957934089404624,0.8357239163430975,0.5009815795042676,0.39654299309899943,0.3890062202397835,0.3251429669297232,-5.481196111193324
-0.21976364636427015,-0.17059094339683673,-0.2695306036048375,-0.32717298559582925,-0.8146748882305738,-0.5297889648525447,-0.7258443217222874,-0.7803849857596529,1.11577880997213,1.2428947488751607,1.2558699816796575,1.2111389393854317,1.8216536737100097
0.6353052957975949,0.7195287333924858,0.7537520986842252,0.8333021431051527,-0.5668063195791679,-0.9202587118744575,-0.6995827105975027,-0.7483930898488991,-0.42705852221461027,-0.4798847604171888,-0.6253301565457529,-0.40322107060612694,2.186352209826421
-0.13138331929714708,0.08923588140277901,0.1865264733440699,-0.018916385953229628,-0.15654617420641598,-0.11616954456721099,-0.09460836502599804,-0.24119357326869867,-0.7569084379517401,-0.7802990451405947,-0.9239257499918458,-0.7811596263425515,0.401219471125693
-0.21053691066447494,-0.10362467881842993,-0.3010242434403323,-0.22307827762541602,-0.6763412702708009,-0.6523270561582715,-0.606082868346768,-0.5719559139933283,-0.3410364163999272,-0.21905961987279662,-0.1874954567972503,-0.27195787164399726,0.7592441384142699
-0.7514867058312478,-0.5574016846254755,-0.4759418694487749,-0.5909669485422676,0.1465152296976576,0.13369043556913365,0.2488706796266057,0.195655996401281,0.5540310969671556,0.6092063585441212,0.6956214767936645,0.6188685386047625,-0.40742378137859425
0.6103713342854329,0.6801643126505178,0.7144946365542706,0.682175398348392,-1.3277943272562809,-1.5293756071507958,-1.2697155419836046,-1.3391705121149686,0.1708167221244666,0.1874331465458929,0.11702863001815524,0.21526420731435253,3.27634138999647
1.0949478939645683,0.9652230619841009,1.0930836291388448,1.2489410677158594,-0.3025190398417831,-0.36446249489316973,-0.0006213614619846042,-0.005887354509368531,-2.2245348886126224,-2.2163769354152065,-2.1895117357977916,-2.4584934813674346,0.23403018538843984
0.18303928968294939,0.12701420369749772,0.14369376593098512,-0.04000656587951626,1.9693745540802279,1.9512907190614046,1.7638817179734132,1.7333938406327412,2.089486616906904,2.1640947533995103,2.0446512625393805,2.0175322377188962,-0.8488646625932003
0.23362780038181738,0.050025188396676856,0.14259761972889268,0.10808281308627268,-1.1870990001673785,-1.21708172431379,-1.2667205332875915,-1.2854082483486406,1.1750869760617613,0.9850633612719542,1.2667926375728935,1.158351668240344,3.972501703957979
0.7826876633662782,0.8854160784404609,1.0873669723589265,1.0292033154601723,-1.041562935299774,-0.9540064384474249,-1.0448521621606124,-1.120959557186695,-0.9548293137538071,-0.8516961213110535,-0.9528127802004756,-1.0049071546003034,2.682473685470899
-0.7027428090582889,-0.6439212708288045,-0.9573673131305329,-0.625205515769792,0.5095838138163807,0.25579433134740914,0.48829598010685493,0.4031061432232623,0.03971037161073232,-0.224821955939293,-0.21398497585265014,-0.32167521265728594,-2.4763146533079574
-2.232807011060602,-2.242964816309189,-1.9872648269020476,-2.274517165995373,0.390893601927279,0.5243652781795733,0.2986222938921898,0.36739981179835013,-0.6918759783181927,-0.5221888742204993,-0.45066478035338053,-0.520369085368981,-6.027881743157991
-0.7209342927534088,-1.0228463302565447,-0.8281884214308538,-0.8421075569838853,0.06887443475504883,-0.048898551026174825,-0.0006766805483624828,-0.022395905401285308,0.03370762387711297,0.041392359051435554,0.006616105630720244,0.06348877987473728,-1.881336775559477
-0.027477202133547117,0.08569058316727704,0.08264650266665785,0.18368932482618325,-0.1720788992613302,-0.20171496730149582,-0.189313562813311,-0.15101634474641498,0.3296479446385173,0.30141820139765607,0.13948011119949055,0.16143481848072366,0.6201115859041836
-0.36950065426619805,-0.4313953539355878,-0.4044866657568741,-0.4408068248772421,1.2698169830024324,1.4450775537929221,1.306390028349955,1.4832529737011353,1.6418324575484364,1.8195238632816233,1.6799381825707786,1.6679690630156525,-2.3184892218464226
-0.11008690099060445,-0.12078018528926301,-0.05921200326866652,-0.15917391976739498,-0.017247230822387778,-0.13009910827643248,0.039638553279116404,-0.0072058640709208865,1.1149419930832767,0.8917365573901421,0.925108131271191,0.7807136970968663,0.4549303090394249
1.6379374969863645,1.8382255991578276,1.79150194364282,1.6858492061882504,-0.8415823493037728,-0.6824221245102824,-0.669041336599806,-0.606772825060344,0.4690299355029223,0.4463823926191615,0.6178608548306332,0.41727350751438697,5.163384214598607
-0.9525042055811043,-0.8226633711634066,-0.8509142303777678,-0.908191012711416,-0.8180343872263824,-0.9577380147489023,-1.0100512756252256,-0.832362418151286,-1.4365681473303067,-1.4304249920615795,-1.6284651751040033,-1.4895873156426012,-2.6327200244554327
-0.35251439547882824,-0.5160640736047039,-0.5514454036480869,-0.4028990891195086,-1.7142985185023139,-1.6608462808041728,-1.5436708254237954,-1.4618262674863391,0.0911034022774422,0.21150218375504187,0.07017930507345249,-0.040096620794428835,1.8942872375793027
0.44305312589170964,0.7222586318399759,0.8223136338910173,0.5218294353772774,0.7808526369511293,0.8311711703534123,0.7385110931368586,0.8771435828654927,-0.47294736180162067,-0.5624411707434444,-0.3779456550018378,-0.20003407414969337,0.12596914169452222
-0.9620986198163203,-1.1075369446957486,-0.8236939134153112,-0.9317563333304212,1.400133513468185,1.192189290305133,1.2496316066068602,1.2865560355775898,1.0147100519026697,1.1058876776815385,0.9496166211565867,1.0738997013728275,-2.5025992887589266
-0.46223453236508694,-0.5650596031844002,-0.681518091108986,-0.5101918161899974,0.24635946698147876,0.0715068010180957,0.15693789721039753,0.15530167418355562,-0.8212253285809502,-0.8955236893107176,-0.8220572621403271,-0.8573140562351241,-1.7496307803951836
-2.607699745662463,-2.6957312938461975,-2.793154575217724,-2.4816425573543888,-1.5728118793491117,-1.3041624388540651,-1.4188109290712254,-1.3266218519726005,-0.5687264032351591,-0.21696403748930387,-0.6454889419892352,-0.5874281332787407,-3.9867212137015287
-0.029405041717442203,0.16028568371927945,0.1012928478371718,-0.04990187600742046,-0.7223142617852198,-0.7870819640348405,-0.7934751946106028,-0.5928838247784811,-0.48988278575614636,-0.36601459293519634,-0.20125926048079953,-0.17930266156584118,0.9852820401902864
0.45717001528898915,0.4902127063193622,0.4890042556930153,0.674208222047859,-0.40760566791106206,-0.5329766378292509,-0.38635607688380486,-0.4469877983296066,0.4007588009259842,0.4094023810987031,0.38084121340279775,0.3313537122469187,2.3915427388950814
0.8672142559000455,1.144012314323262,1.0952158045445675,1.0280786682522607,0.7081930843963183,0.5084654319639303,0.7252466316235525,0.6408339725778388,0.7472898475754893,0.7746081972377596,0.7717048584496696,0.555020516425315,1.537376295894479
1.1968499951441438,1.1837627498742254,1.2236683929841996,1.21822708475947,0.1484848664662031,0.13257977318142916,0.07714309735216471,0.35479186238549887,-0.537016037251526,-0.49518029775627287,-0.6187138061636261,-0.3334995562907619,2.045785245723616
0.13423379042530786,0.18960936652074184,0.12698431002963792,-0.011167263498773672,-0.22653761506073689,-0.15985340164792208,-0.13723736887531116,-0.014295193384602445,-0.5507850274760812,-0.2789345845681433,-0.42479352093105094,-0.5427897378893592,-0.26741833207493876
1.2813043718298367,0.9518145136621792,1.2071805865752085,1.1099414658009732,0.09115042620185601,-0.14315335585141642,0.03265040479499289,-0.15499305501208974,-1.0212838060043878,-0.9805131989950414,-1.0987285178704882,-0.8319623636112334,1.766840944203632
-0.08696474489034414,-0.14676588352359565,-0.06991713409993794,-0.16607720437640067,1.1981863499177035,1.0366041912185295,0.8705723678846085,1.151506934046389,-1.2361907744610476,-1.224801210672474,-0.9939506527905049,-1.179308968547582,-2.693140976467985
1.5380899594909558,1.4100540461254305,1.5460602664951288,1.5171643167368916,-0.5242377962961231,-0.47796966492085635,-0.5448688751666791,-0.5068597778848545,0.6252773956841499,0.7478227210391017,0.5101745099781313,0.81154221835318,4.487054951954074
-0.1732147971438227,-0.1593560714278963,0.018844110054168667,-0.08972759270877786,-0.4547227807906251,-0.6790455509068348,-0.47565256570467135,-0.5666789741827889,1.470496705313216,1.4707225384039093,1.4959273495949261,1.2719034911174325,1.5239702070416923
0.21525019375099835,0.19869861646494988,0.17834762440203566,0.029792171977854498,0.5733552315503447,0.8132251424225811,0.6484872951566983,0.7516681051716438,-1.0201354194113053,-0.9104708612705738,-1.0101989161720133,-0.9921887620106394,-1.8099997464424664
1.7485468287868196,1.7512573498892392,1.9281106108731492,1.8449595175627989,-0.681884838430256,-0.5112292136474406,-0.6132332607819311,-0.5126070218277159,-1.304512772928591,-1.5690256867383623,-1.2910842178707869,-1.2371402793285964,2.8413398425104033
-0.7078776840909697,-0.8495616412059728,-0.4612180587147162,-0.533335038640294,-1.2368247159683887,-1.3753777151367805,-1.3064149403589935,-1.2158911274770854,0.17812210030541542,0.2903635238688802,0.27326029501042687,0.13040727171574903,0.41983120178868183
-0.5499303025772886,-0.48761774525554,-0.8467478866851283,-0.8294292807839856,-0.8222307695787712,-0.9580474525811603,-0.8446724371347172,-0.8069596158204989,-0.0672711031320292,-0.03293498242226228,0.009984776533679778,-0.034798717115305286,0.557988756013443
-0.16631073658643536,-0.11861496184840338,-0.09808417262593697,-0.08298373131615173,0.37193478985449274,0.41225002356043816,0.39427132364357415,0.2860418606176877,0.6777424919107378,0.8352032395119253,0.8273928943598156,0.9881578755870973,-0.38698329185093133
-1.0356079479343383,-0.979751012162099,-1.0546852221626606,-1.027193091889889,-1.043377755821647,-1.17732332892424,-0.8835393831874756,-0.975922627861278,-0.45316917245087235,-0.5180941726478301,-0.3918850873732803,-0.541700238821458,-1.416662831759183
-0.21931636918330052,-0.31217960535696426,-0.058218964118752714,-0.10413678022483132,0.18418384166765406,0.2289319451280481,0.19107879037552944,-0.04264662550023132,0.6180837894761376,0.5215384495993008,0.4713941726914642,0.4972323773415294,-0.026078379944444396
-1.3243502875717839,-1.22375926788405,-1.2827510492954868,-1.2792457936445025,-1.9919496873181253,-1.939978838573158,-1.9614772453262455,-1.9093939955248185,1.059844668217646,1.0505113619517805,1.0082009757650128,1.2027121614237355,1.4192486774308735
0.7385962196852025,0.6881455831778927,0.5045400470067649,0.5546965891344607,1.8329093507387133,1.8954783251403609,1.763006590054005,1.936771049277127,-1.468488137174913,-1.2287746920341596,-1.1515067397019147,-1.3529459808222928,-2.756900674685973
-0.7447743848676956,-0.7667346259715982,-1.041744839342584,-0.8444903318202132,0.17311120830652535,0.16927072292798587,0.29773239247441047,0.2116549516839418,-0.501590514350469,-0.5063404203171649,-0.7084321547073299,-0.5488678533590243,-2.275295377432
0.601969244940228,0.6015397515268623,0.5564283059545545,0.8157979351551441,-0.4876828851137631,-0.6066878202145662,-0.47483176886088435,-0.4120986161761915,-0.15644219207858642,-0.442481700128478,-0.1821446792870295,-0.15785850510201255,1.4553745665669318
0.7480594567039782,0.5342383516412352,0.693385331290989,0.6474159483391898,0.2329270998708899,0.32286020337925664,0.13857446589553885,0.23820832039078238,0.9335296709755383,1.1004388283225917,1.0777818911490529,1.2107648363520103,2.164197913384991
0.053883232421786054,-0.12110845479989435,-0.0875416747146082,0.008740587450837473,-0.8288269472195589,-0.9174301869474761,-0.8842783936890652,-0.8550479607587922,1.9100432722029466,1.7144796720599265,1.5469185800093574,1.771583339656901,2.745507973287069
0.5758285398486532,0.49442162140563295,0.45797053378454644,0.44699091703030436,0.5147494297529458,0.49810176214999236,0.47620207455075597,0.4592551223312575,-0.032735412963476984,0.23076830097377016,0.023091260856895588,0.04831008730381742,0.6672240126478199
0.8609046859808807,0.7485481850537329,0.8556712528145036,0.8119425310994741,-0.6516360737561839,-0.7895095397240336,-0.6118347970665211,-0.57988188284865,0.2563401298551653,0.3426634304740082,0.3995564449694563,0.4309307500741404,3.6553131847075395
-2.4263854422690536,-2.2273207086572597,-2.3519969776664764,-2.211591070568731,-0.7710435489022343,-0.7003734711053039,-0.6308911033560519,-0.731450613256364,0.7588636562582437,0.7450559913267634,0.6782722394971847,0.7180230194304417,-2.5049163258635567
-1.0237996076914528,-0.9319481246036774,-0.9227769160003145,-0.9728596022451462,-0.9307073401720585,-1.1804474800961295,-1.2476268907587675,-1.0196530170680596,0.5095242160744251,0.6577314664589708,0.5204679397175331,0.5822789319621128,1.3496618957817526
0.14895283920377403,0.20403784896977703,0.17533421846046968,0.41480562127890513,0.5419662624870614,0.6856798525181648,0.7299709268498222,0.6535886422167101,0.47613043514766507,0.2577398630823299,0.4728755437193558,0.38393184918505063,0.5121286054749516
1.66892934938708,1.607860228280786,1.6551768723096734,1.6803807076907498,-0.6611975301862816,-0.468210677999805,-0.6634029368870894,-0.692489966757835,1.4532812241759308,1.5616065092128746,1.42158823436788,1.466623998388013,5.714605034028239
-1.9511173185725894,-2.0042694748333965,-1.6905283807417104,-1.92818504062646,-0.26032697175141717,-0.11813654925460985,-0.17697318957611377,-0.33535879573810135,-0.39256534347614785,-0.3130842057830865,-0.1776789684077824,-0.44309898727911123,-3.6424061791928786
2.173673724012797,2.132882044884984,2.3030996078786594,1.9449608889370604,1.0981242426761522,1.2135766395679384,1.3251048382819874,1.4179449344151336,-1.0655693828122497,-1.2157698420349399,-1.1067120155678312,-1.2060696013906804,1.1945780777349553
-0.5022687419141216,-0.43713645302533327,-0.32446609801896886,-0.6083612506471265,0.09001983691677695,0.033912693614628536,-0.17934283132256043,-0.01808869699222706,0.003250341719320711,-0.03688732774974768,0.07406307890876712,-0.06749935523153401,-0.9561712868520286
-2.131413716512975,-2.122138641566886,-2.164490995025316,-2.101079127589019,0.52169557162007,0.5567136396999083,0.5139678495380471,0.5493565457503252,-1.972232475019233,-1.9093613928992539,-1.5841682470183596,-1.8932633865280706,-6.824626914305059
-1.184615466117598,-1.2341998159946859,-1.1039768211131762,-1.500641212250124,0.20405997134404624,0.016390550030576795,0.06876800085649881,0.11685123290605572,-0.15804502694496023,0.0012136324234077317,0.14494672127467004,-0.04112228909815639,-2.6946861547732652
-1.478117231570727,-1.1163312389000346,-1.373184861786344,-1.2414848777553407,1.1842915525563882,1.2097035212781966,1.112694082682251,1.0509477704808814,-0.7311571565850836,-0.7247390165314638,-0.6355769498576513,-0.6616108261787593,-4.666425751822133
-0.8359702736523564,-0.8341769267700764,-0.7280971770974123,-0.8735590296709811,0.29788084278793825,0.3914113424546853,0.3938607606557548,0.6421769407738995,0.6494044950141564,0.5952350937130946,0.3424708496526046,0.34651022158551376,-1.8798111396374508
-1.5370039330551117,-1.550744726149919,-1.6768103894655957,-1.497765084547883,-0.5432373542814392,-0.5255589418787125,-0.5159021094771166,-0.44344938750629703,-1.6422434505479118,-1.7841068357885532,-1.7030728605485548,-1.7117461951466866,-4.04508011243572
0.30415286171437744,0.37985392873899304,0.5028646255532854,0.5742202461954711,-0.7207826730597123,-0.5054123060153349,-0.5138229793564484,-0.504187533578633,-0.5730824666574341,-0.46298845624612883,-0.42147083599745105,-0.45991978777146636,0.1971656977890901
-0.2730903881780536,-0.3739639211187174,-0.4063842187980518,-0.20214156794798724,-0.520254908025245,-0.5278592709342801,-0.5243052456037747,-0.4429208747611554,2.581837109529513,2.793352675772714,2.6718968606673514,2.708122768156839,3.4628243851946228
1.2291079917324097,1.16736425150617,1.2910750514712181,1.2439195499890987,-1.1501568379798248,-1.0760721738509975,-0.7931752261788345,-1.0574350296631876,-1.4867327349417094,-1.373703710730875,-1.5091413809907064,-1.515703162215919,2.4092933012640936
-0.4332458160434328,-0.15136067442556791,-0.23983656167387463,-0.23334769609315817,-0.4559290978916221,-0.19796864192942157,-0.35531547963148785,-0.5328473848805342,0.3553853143700203,0.2761268026381475,0.421192036983773,0.6416025149390863,0.620359721287052
-0.1798068956906332,-0.2257179123291876,-0.09560970153193238,-0.2863269774903453,0.33534841961585926,0.4360012104537748,0.35211860883152896,0.2943741099527096,-0.7378870716995538,-0.8216270254714744,-0.7775174741326444,-0.8684103813472999,-1.5933545831284373
-0.3259759940997758,-0.3006157860204198,-0.22677055503576166,-0.3720247103204143,-0.15339977384178435,-0.09356380414842647,-0.2343639001437612,-0.08232681760941257,2.494400628530418,2.358504513116451,2.474182885380339,2.372525990688575,1.5796751565618223
0.527405035169005,0.6854942424268129,0.7053387852568761,0.5441490123366215,-1.8282805132689297,-1.750342021121599,-1.891736133393951,-1.7790139183246645,0.3324492704366297,0.32943435472272437,0.3106991006042316,0.1927966630088365,4.2621627279926955
1.124265853013727,0.9688386047373145,1.0030438159887223,1.0479803583832081,-1.3340714841792902,-1.444841230196045,-1.5255742449730305,-1.4503892593601397,-0.9068200267045294,-0.8976630474515485,-1.0175996628377066,-0.9126256560493156,3.8763667021311967
0.6145735631274172,0.8866257156460187,0.7204631534476184,0.7122183586654814,1.237884587028393,1.0668999118956644,1.1643858822254047,1.1161669982126643,1.3042200787577096,1.4201036450119668,1.458976036638273,1.362224336196742,0.6761260031849117
-1.7637722949762158,-1.715576008375579,-1.5223095715961072,-1.5069676424212348,-1.2942299431766071,-1.4180160713842238,-1.2880082964303194,-1.4444757476052243,0.5356483844945434,0.4385869732939808,0.3788143086681516,0.4384769894806967,-1.398164229385895
1.5446628377789344,1.4519891662822455,1.392933261339421,1.5878333014369164,0.8575421165123631,0.8571448099375588,0.8269264702616316,0.7768688833915661,0.8017001434329823,0.8927076277105072,0.6011921709152359,0.9145368424957693,2.58218228532467
0.19668107923027428,-0.14142578694630792,-0.14671031756488606,-0.1600316777022504,0.5735054148638732,0.5121816558145331,0.7300370664993441,0.607496188206423,0.554029030992481,0.37831540724130996,0.4587650257766392,0.6048986101543805,-0.4651385146323182
0.66965116806015,0.5360181511226638,0.5691789829071415,0.5028865427370519,1.9188712279698894,1.883277269220196,1.9550300531670386,1.8093342756724358,-0.5529035811161784,-0.4314621628377986,-0.1338382694293087,-0.35764729779310744,-1.4688650093377031
-0.07895934226450135,-0.07523356484772394,-0.04389437058173709,-0.0553244437717918,0.9005534568373778,0.9566634990490861,0.8436008382763035,1.122030871837651,-0.13366477519146341,-0.13208847710470834,-0.07138397165133069,-0.09529141336150604,-1.7626386178415547
0.943875957955659,0.9124307557380531,0.7819095531635546,1.1083457334692248,0.735252831670985,0.6137340435364516,0.5017596554298618,0.7865507059244294,-0.5765728599458771,-0.5339607305569587,-0.5093632487492421,-0.6961937865350576,-0.4812569088730211
0.0762016885202496,0.2878942197906277,0.09129259617398715,0.10388427324676523,-0.43544960551373835,-0.6944335529560299,-0.4600398207453067,-0.4763338051651186,0.44359428805352674,0.4013686882004693,0.14590721049453065,0.3880534187334129,1.4036220527898122
0.6982200053398703,1.1502905533631582,0.811308227829621,0.6916816757755121,0.29270026511903463,0.496579725917488,0.41147441738335727,0.5929597232994772,0.9028872813222059,0.8481793301461515,0.8804478692400111,0.992182038080734,1.7202939593889657
-1.1713843678694345,-1.0720859300817116,-0.9919426872713758,-0.9587608651736448,1.2606620663227637,1.0253210853815211,1.1226611023478743,0.9975806766776938,-0.254381576617907,-0.4677332474538549,-0.5283700385462399,-0.36856829730845597,-3.8368987370131378
0.24347142073641403,0.34755582750931935,0.42444726806944716,0.39512932812114926,0.5400027924948815,0.4126881022817501,0.37932848930655144,0.4333249371927025,-1.7867371093900244,-1.9056145439091052,-1.8585893033094858,-1.978873741956108,-1.328165054584209
0.4648435923836931,0.365761946067097,0.47131107557247953,0.15946233121859973,-0.2891729206386774,-0.2657882777702131,-0.5709544168821961,-0.5832361854274243,0.7246161847974706,0.5264920157878895,0.44648493428012026,0.6858258514650147,2.618827505373691
0.9778865941142115,0.7447295271468993,1.025173703182581,1.1422574613123044,-0.4767804921392,-0.3784038566841654,-0.5207401422959083,-0.4916185373985479,0.47441083729477596,0.6437556977711493,0.37457412464714124,0.4659359805700085,2.497558391815269
0.9458054494021825,0.8122440668147599,0.7858624564756854,0.7623214201727422,1.6983505631096334,1.9475161285165665,1.9429280618582232,1.7194313697583106,-0.42852029590849794,-0.5576892839357005,-0.253837510408119,-0.5758032949303575,-1.5000405454392403
-0.08268851675881168,-0.16821462272175838,-0.1676971961281393,0.11587452002558016,1.4458321096390998,1.4671254013845134,1.4413507880658973,1.4606857648633969,1.7901065354669237,1.85055783740743,1.792019238965103,1.931076530574047,-0.3661748909255703
0.5989918609466717,0.3226691483565002,0.5304252234599265,0.6220923308960669,-0.12525535431517568,0.14524687176556444,-0.24148950125176588,0.1586569510512598,0.1404704030196152,0.12717791215100008,0.21382680328509107,0.1172442011554948,0.7533209200497482
0.29688083864101394,0.23007753430925046,0.3331629578235752,0.2722965315323817,0.5059153836539728,0.4121448872433304,0.4525280682052953,0.42991434033893583,0.6784603428306801,0.8213924433474319,0.7661644996285388,0.7306383920568462,1.1154275630946024
1.0008114498293166,0.8824927766043057,0.7828821298626178,1.0167178640210377,0.41293104250914925,0.36573134123496526,0.3547039297083533,0.20721856284851872,-1.984519694228943,-1.991442892005063,-2.0248081030110634,-1.8141864585311196,0.024866596861482737
0.41398782724464417,0.4775133308593742,0.5002427638916351,0.4229066534247627,-0.271089153071808,-0.24360182483763967,-0.44938110920590824,-0.06880042581926388,-0.8927132940289431,-0.9301615581105487,-0.9800174503849601,-0.8647865772508693,0.266361130141187
0.37262154592529034,0.5359720681372263,0.3551488936435087,0.2601675300435946,0.6630534314725736,0.4794097953940129,0.40822316440966316,0.6781203176955274,0.5259076625244739,0.49702873532214376,0.600332761078639,0.5558893428756883,1.5425502904536468
1.5256835392683774,1.3264457500429083,1.552555217356098,1.3111005259246458,1.581578778446217,1.5830367209905312,1.5814895456290383,1.7011218695825217,0.17139100876937263,0.19678801363174542,0.145332097323188,0.20211158157357825,0.7515001876662291
-1.5699567244403139,-1.3904050999828403,-1.3374745071668979,-1.7061942361621687,-0.02584536129527988,0.0006873748492699921,0.11223069788705817,0.031334464266608755,0.8651456841691099,0.9612363650622204,0.9012212643290085,1.0093412190225954,-1.0783058077370886
-1.1033502279906136,-1.005313681706553,-1.2096644638352754,-1.2575814471899855,0.671237221285409,0.8354154716167966,0.6144219769313988,0.7141783830750772,-1.3421730198072281,-1.1633500784690312,-1.1667480670378985,-1.2448850296350542,-4.323843906523978
-1.5231955272422597,-1.6622839548063313,-1.593315995146327,-1.5234507269431636,1.0659691134921765,1.3042358567097443,1.1644621872533307,1.4108597685056523,0.047658558611154145,-0.07919066262970392,-0.0760449553018327,-0.012124807892957896,-5.398050612502176
0.045644935698817196,-0.07011375540376509,0.011454811759263633,-0.13951885625521612,-1.0657035832691082,-0.7619548034489566,-0.9119750128688983,-0.7051621953551686,-1.1086987458720858,-0.9617397517616582,-1.0374600692193392,-1.2686100637283295,0.20401889693468378
0.8312945371804384,0.8427168098684261,0.8665756981358365,0.694372152154024,1.2535728570859157,1.3955347567811025,1.4564798960474623,1.4089755954014156,-0.7250329514846873,-0.6495870025614477,-0.5652081200248618,-0.7202034183788762,-0.8419027037063115
-0.15948385007335408,0.050614355147247075,0.2524356548375605,-0.05385095044307153,-0.09230825635765771,-0.07201657109741824,-0.10458285186649066,-0.021011025901149262,0.07910776912396505,0.2864888551487358,0.2393470151266242,0.22339324240496206,0.37640229752703497
-0.9571346291499881,-0.8961414224839245,-0.842971984132917,-1.008796172068347,-1.1805251045266876,-1.092905502823774,-1.072831741478951,-1.0022320503538367,0.7937336249911767,0.8797539771882098,0.811940234486417,0.8778573010054596,0.8415842270855026
-0.25560382187879027,-0.32698096237313834,-0.20688159876408757,-0.24974467279859555,1.0896228753036967,1.2083726099356924,1.4685998435156844,1.3649770937866252,-1.2078902465084966,-1.1928409634070756,-1.0303747603859954,-1.1376396605406813,-3.5412617333108263
0.12497476170310086,0.24519921806316342,0.013309666569049854,-0.003688496118104005,1.7724757703433613,1.7270318495538426,1.9117145078636841,1.7722936491267802,0.10236519701590868,0.15285155414358995,0.05468177695047396,0.15560135405800374,-3.0350270028378175
0.5440510802002692,0.4199223998763777,0.3485981316693303,0.41568667729069736,-0.7057603136670165,-0.7956908759350845,-0.6458307660378697,-0.5833291640889651,-1.0497167676864512,-1.1212640553844102,-1.046555695123069,-1.1229789454267758,0.43185064394098693
