x1,x2,x3,x4,x5,x6,x7,x8,x9,x10,x11,x12,x13,x14,x15,x16,x17,x18,x19,x20,x21,x22,x23,x24,x25,x26,x27,x28,x29,x30,x31,x32,x33,x34,x35,x36,x37,x38,x39,x40,x41,x42,x43,x44,x45,y
-0.02176205220328877,0.013154174124835322,-0.7463815650606301,0.8307312425704366,0.7687399169657693,-0.5227898031129927,-1.106324346617786,0.9790075159999776,0.5967642373540315,-1.0224344218105732,-1.106785626268981,-1.658104651554918,-0.7183293657335461,0.043577602493656234,0.5534218344455706,0.1241858985027721,0.3607749455815192,0.9664040177833354,-0.5520829040289558,0.7972421342583845,-1.9768095845166456,-0.16171476356646083,0.9730483433549422,-1.4164377367244552,-0.21770092990098774,0.05899804645622607,-0.45517824208272656,-0.4726994611264846,-0.20607985481657612,-2.35114114481925,-0.17896408220370574,0.47412684471801253,-0.9269783057116453,-2.084016324710126,1.3084400759157029,-0.02421249203977879,-0.9118896716717293,0.6385145017323156,1.4587596714339706,0.9075479362725466,0.059144230208596944,-0.9442588865896683,0.00034250324925202405,-0.2700980028401335,0.302095569814402,0.35305483636072854
0.7998832125448216,1.6448278420517972,0.3817144905659327,0.6213080160461665,0.3348340914896905,-0.205314361586626,0.4314521633490768,-0.23577475228405212,-0.07140015584297618,1.3308433504999277,0.36544936000143063,1.9667483847288265,0.827614433621898,0.8177731230107547,-0.4779838056431511,-0.08626866811622588,0.06340230965259051,-0.8778361120091703,0.3601722421539233,-2.0583745757449345,0.3925325707976859,0.7858363522368224,0.575154279231003,-1.1755951412794707,2.3175339634996863,-0.3852192348647587,-0.013463547357356097,1.7621587377525638,-1.0346153545423769,-0.49926521568664467,-1.5462766310819995,0.11018882673455088,-2.294844825927195,1.544533066014615,2.665509588238514,-1.7986155768949277,-1.136541063999517,-0.8745111157384831,-0.6070162098059075,-0.6535887279985815,0.4724237941004659,-0.5214468626666144,-1.2028282813358941,1.1923747148809116,-0.3687287743221623,0.7446208677238377
-0.6614430880319243,0.21410844050867833,-1.1103157830666635,-0.5029063464668971,0.09474216826271852,0.8950475084277061,0.45909462448481353,1.5364944502734459,1.1065881796638424,-1.2892118973252318,0.44543623264481647,0.9470052503096387,0.2247388062499508,0.441415468590187,1.123354407177586,-0.6550462667909198,-0.16494753574062487,0.6826613703402501,-1.1427931595451521,-2.005549080202379,-0.6817245295644344,-0.6383799450119334,-0.2864101087520587,0.11764965131443372,-0.5171077214395282,1.0024940013710575,-0.8733423251119256,0.37569410973975903,0.7317926719223526,-0.9500589302981313,1.3417981323016024,-0.25018623268397344,0.024003045152558713,-1.5234638050458202,0.8470605685652864,0.4836468389008073,1.6202704954158018,0.32486327724825026,3.6367410933940585,1.454558370357067,1.0410863900147813,1.7721261200453364,-1.0271957507169391,-0.5495831559058107,1.3526568682530775,-3.556321519499115
1.2708898269458178,1.202541020782884,2.799988668898438,0.5599109523620328,-0.3977513427820824,0.06382539051644336,-0.27968507369257334,-0.3839972890520332,0.12284894198546534,-1.5888601148014945,0.5676195478511331,0.24000474332827496,-0.6990903625545877,-0.04067204085184398,1.5990527879485492,0.04315514229259685,-2.5587487496074623,0.003778061875946869,-1.3427439375782944,-1.010420490465199,-0.594751668784155,-0.08035395089452987,1.378898845965262,0.3308742542203543,0.07186596144112431,0.891214344650231,0.5146244963243723,0.08388123963507152,0.10162363250174772,2.115669015306061,1.7675966568064851,1.1710633034035909,-0.8426821429973299,0.5909322729848281,1.914683860904656,0.21273132478224305,0.5749000767732989,-0.643367738208493,-0.7979094649317073,1.2268894541195945,-0.549559744036243,-0.9965805305392136,1.0746732810974824,-0.05724867372951153,0.5127987392838309,0.9867127452055656
0.06553985409854172,0.17048827023343086,-0.2763782488843267,-0.5356494870535036,-1.37959979855435,0.5566125539590293,0.8489593732750144,-1.9298886705044784,-1.5930138527863449,0.4180739133419191,-0.28031390832673586,0.3548497278654425,-0.3965688621747303,-0.19004261264597588,1.5938620081646953,-0.12770269499476752,-0.5793521862567963,-0.330657025596938,0.23001955763667592,1.4292346484197058,0.36400853758307883,-1.7552086319994784,1.1933563537552825,-0.46437032864704264,0.2589724328099877,1.1008049103654862,0.0922855134547154,-0.44538907485638346,0.5735823969653209,0.9798033444093887,0.027878027393641886,1.2922528297041842,1.0455818317564924,-0.5416069867401023,-0.050050455401635566,0.1846507878608366,-0.14879880128381978,0.2527342648254274,0.662098514426597,2.25275631201645,0.26393897764312246,0.8478990360512138,-0.613370125958766,0.17569521356748355,-0.08235087129253137,-1.323867853904776
-1.1081232702638044,0.6658141494639488,-0.3240511246290921,-0.13438651144311117,-0.4105940749452389,0.865939815045956,0.017926506902399764,-0.8025517070274317,-0.5141874606650534,1.3888717282086083,-1.6497013407672811,-0.6159077102002473,-0.1868482716958764,1.8788502541415624,-0.3758438227301869,-1.2419041705269598,-1.0015239098905968,0.891040277089434,-0.8545080566964424,0.28138941879190327,1.4328528417915003,-0.46088939600022855,-1.3364608398492832,-1.2697565146335033,0.4100220315708818,0.9611411876825183,-0.44357403278641744,-0.6932980538163734,0.16202124047531413,0.630618846875616,0.7477922386331076,-0.2806186448390457,0.17690072357664813,-0.6325026561988961,0.1866291390242925,0.6468062699012387,-0.16497229922752044,0.10089689529618612,-0.4242175114873438,-0.34059908825993646,0.6868970074054963,-0.596468654625144,1.1765861876270332,-0.3390453031052193,-2.2735486727226326,-4.577312126974758
-0.8932531247937548,-0.35914965569415036,-1.638267793673082,-0.7459937166477092,0.8466626450357428,0.11232270307496806,-0.7879146269172093,-0.23714809305216397,-0.8784240501971611,-0.004318316490406201,-0.2713460155144869,-1.5074005191382136,-1.232535233271784,0.1330013080888981,0.8087171795241401,-0.18505581599414866,0.5353191459003996,-0.5378352997044631,0.04874381577576515,-0.07256801183153312,0.550970606823387,-0.8346207052585355,1.4258676803451034,1.3289355666234473,-2.200680381842502,1.5806439901788945,-0.5285365791636574,0.3824852950104342,0.182529361082798,-1.1307123469258393,0.9645716533156898,-1.192383452379526,0.4190230651037309,1.17924099459066,1.698983482577267,-1.6389799527964943,-2.4205503213614876,-0.6468255059856931,0.4963748951994457,-0.16655977103981232,0.22747887700139968,1.952768316464853,-0.9991674608965793,0.4803342779872583,-1.795053637590072,-1.4853325783236246
0.6804159098905421,-1.638160476472025,-0.47278575088683705,0.05118407057268789,0.10854246109243647,-2.379030036006704,0.3164341465735218,-0.8751731863134034,-0.8167080998426114,-0.3572418821630091,0.43298174057156513,0.10001089877276823,0.34680238625934157,-0.33502005462995227,0.699638556525768,-0.48173890338012254,-0.778254664868384,-0.6774038522717772,1.0986066051295085,-0.2848499152376718,-1.2009746417038942,0.2771281653457594,-1.5112006629257475,0.9948935359690753,0.45561538385266137,-1.643059677991187,0.9475055278094366,1.3499342942827504,0.7922353913811593,0.08797742463215058,0.4129824941041022,1.2079785998345587,-0.5383929694969251,0.20465219336827398,0.5672930653533829,0.8835263822353224,1.619776359710041,0.00975647234420437,-1.793241861219052,0.2217299743000619,0.44557802585898787,0.09396482308305153,0.7711158864443105,-1.0223361811036409,0.5200554838231266,5.418721449411096
-1.3046733786139817,-2.2902688827774424,0.9091314225243856,-0.3424153308526276,-0.6652222530328109,0.11046130101248948,-0.12466220927455617,-0.2609123813088198,-1.0475799735356721,0.5050326735532261,-0.0007596163148585752,-2.6690824764136543,-0.15508766292410303,0.5117365136247262,0.017407500046066098,0.06097173659324259,0.8725186012714586,-0.48572731189308593,-1.136247390214023,-0.8093342474809584,0.5043867330905524,0.30413441527529383,-1.0795945216025604,1.6001463047934017,0.862201544418732,0.8157475032810184,0.7429169177989124,0.017254556238216607,-0.0768024288471845,0.3167509868404884,-0.6135564632365547,0.6803663861356413,-1.55793325300249,-1.2990871622434903,2.3984644123037984,-0.7910626262647454,-0.7291341678207197,0.15689623909920022,-0.034751593986522,-0.048908486919686654,-0.2833885907174449,-1.8573164333086378,0.6689035688697811,-1.4496266384949177,0.5634867808476005,1.7971797899895439
-1.2513621756950797,-0.3107187350387584,1.0661706151979455,-3.2196606170406383,-0.8792967360419529,-0.34379963497554517,0.26323266039459015,-1.090868784512229,-0.014670165912990392,-1.0998716214234165,0.6245713173899556,-1.9381524371606205,-2.4984837180236315,1.9546822251372356,0.46654670743530835,-1.1724005088622145,-0.9193080764848318,-0.8961360088383414,1.9207315116015806,1.6503936790928724,0.40499155190040975,-0.8206738823695948,-0.08875001819769379,0.2188333692221893,1.479976552715257,0.4192350229731555,-0.11909994331278677,1.0422346891189551,0.5126171659694398,-0.5375700621900743,-1.1765191448544805,0.37644977204560837,1.4478767695916022,0.9854694427131222,1.5356393242430153,0.8578524799735305,2.9564367355719745,-1.5537240702409103,0.12311278059200158,-0.7909732057623733,-0.8901631910979023,1.3408995667586856,-0.7895026741734835,0.7169770667572123,0.34734618135842205,-1.946636828592116
-0.6918703195786655,0.20690690926090863,1.2618191017762672,2.1704974867924265,-0.2397086005308758,-1.5132440080034972,-1.827776278044318,1.010966240484821,0.5625071850280892,-0.9865316598984172,1.1023454304623184,1.7762543684660606,-0.35317550119810154,0.507508183483345,1.7259856696077707,-0.23821616533698062,-0.0408148581365047,0.7712240204038423,-0.40916004788662547,-0.6080465856157007,-0.28456569306639423,0.29905286465049336,-0.7296522323269281,0.09664581224253069,0.9516047361727735,1.0587706984148144,-0.6905180230824686,-0.20959238172003042,-1.4296808922513218,-0.11188858085728286,0.43239162338825343,-0.7785854996252757,-0.21971029266540798,-0.2583113048450907,-0.3448611181292101,-3.0856656498431043,0.6463067684620715,-0.06954685710611469,-0.2867047322988257,0.6206293376175817,-0.2549007062148106,-0.13169787721580953,-0.7169887208669656,-0.7832927227418375,0.96174278098299,-1.1181283363404442
0.18589922580080606,-1.6494767533084018,0.6917821208212083,-0.31335907994938567,-0.5987347770935695,-0.4319329611097121,2.8576010226981046,-1.1599644635434867,-0.012884098305447766,0.6966449823614834,-0.5780828888763876,-1.0462273979182362,1.3672302459369075,0.9165249800361156,-0.6138450948363768,-0.19385063072294095,-0.17170980107287973,-0.7293221225989902,0.21330826069122819,-0.5155712605489944,-1.5609174013842109,1.3679195316212687,1.2098885695600268,0.33281214434211975,-1.0750317103560003,0.46176769655509425,0.18219668111026752,-0.021890439876464912,0.7071771553958539,-0.8733862277831307,-0.19871154647027903,-0.7952622563021069,0.3879460204495291,-1.1126924565140703,0.33437456573631225,-0.6935895837450392,-0.5808443923012427,0.8202805996636516,-0.27506975688662516,0.8296146190472212,-0.8314023359303675,0.3363684106850216,-0.1454678609941003,-0.6477694253798406,0.5554590764665146,4.895023986177254
0.24538806902949828,-1.3715606286677184,-0.5654606173235556,-1.208684916779898,0.6120000246267838,-0.8587268109756142,0.6518775816388224,-0.6189342556812458,0.16144576643810976,1.031499307234013,-0.7304820435223978,1.5240057184000628,-1.9643468060263698,-0.9986849289659027,-1.2444911710735984,-0.32710837498587014,0.2137975945984516,0.401175096131272,-0.977883599654742,-0.20977442394056808,-0.0805900230282264,0.23757761370713282,1.8739929943716944,-1.7719360218405449,0.25440607773297597,0.3301322234091623,-0.1395887123516694,1.6996876910446734,-0.6726151287106601,-0.3867829447914635,-2.022627150211367,0.08858948329761021,-1.0849537716925655,0.4972121724786837,-0.2809109311688447,1.055459119000094,1.1750530155654122,0.5262530270252881,1.900019889739709,0.4485284123453366,0.5840171718066687,-0.5961887897274717,0.796902063882997,0.6845966387164539,-0.6923272159416212,1.562970426493949
-0.6018232053116852,1.4935487228236017,0.9835251005502182,-1.4995961057229048,2.096022424656921,0.29815772502509713,-0.2385435933406458,-0.30803251115719604,0.17160377679405045,1.3531133538058617,0.06627650529160861,0.4905160762021951,0.06610911128010857,2.723469527062341,-1.2273046998918622,-0.7701125659569541,0.6914017149318094,0.9705722919264625,0.19569552058426348,0.6757670908561647,-1.2675611704311829,-0.6203590787082066,-1.4124869238205688,0.7805581247288145,-0.39814531088415067,0.4613180558309175,1.2948555061464149,1.9332625527220788,0.20744758998906518,-0.8114063983421331,-0.9229578309219832,-0.8734060030929702,0.4047434702289909,2.099094048101782,1.6625025063421197,-1.5288332546884615,-0.5235119658409139,-0.4983699749673115,0.22932594640462692,-1.2581372004416036,0.7730415871347481,0.24530175719740582,0.9576150914365338,1.3621836473234825,-0.5607154926238469,-3.040505325866883
-1.3848485716137873,-0.5644826540051222,-0.6451011009582825,-0.39872256852237303,-0.25949040450138794,-0.30366579279587697,0.9408995063161905,-0.8710198435378105,1.7386418751745294,0.5789199778045974,-0.586770161431766,0.042196087365650024,0.4176923584874465,-0.2396001570073047,1.9988171939273247,0.00781055371938547,0.6240872309112747,0.7961980690006605,2.112287791526395,-0.8619801302087149,-0.3420878723727025,1.2711543224791493,-1.6567788965091936,0.6809810818089971,-0.43786445682415936,-1.1155278820305599,-1.7175794419353791,1.0825293854843339,0.10524907936920197,0.8561672225867725,0.4265000091162051,-1.161077500474028,0.17175636784174975,2.4057526988142643,1.0144249751408219,0.9889817065235241,0.24547151511306103,-0.22151990987195982,1.2592780609867922,-0.44765545677534907,-0.0035726840639364083,1.2185637394197681,-1.544555029070317,1.157604374578103,-0.5378653026520994,-4.3286825890561795
-0.3103801463060493,0.004320947217868378,-0.22156998461153907,-1.515011934019796,-1.0768161444177031,1.9554736276850777,0.03193459011238066,-1.0967651664095979,-0.13571407419360948,-0.5421327797210116,-0.1404861059190755,0.042208535134527235,-1.7355809833492672,-0.041377676964813044,0.25225269360882674,0.5898849158412728,-1.8478983706798944,0.30514748593710705,-1.4165097620012432,-0.5651376441882302,0.4546616586330181,-0.4819150773907874,-1.2287943441395233,0.14125657170645353,1.613109152414567,-0.43414090922004284,-1.1428644362702842,0.2553270022274324,-0.17037084085325824,1.6310281127592958,0.4514002958457963,-1.1506463981482162,0.510606713587857,-0.6780259763565538,1.9776676565715468,-0.8540345868773901,-0.0641790712929215,-0.7405337821606187,-0.09617524750595471,-1.410115890330696,1.2192357963093323,0.10100250439526026,0.6918639574802992,-0.565405489449961,-0.6827581661657388,-1.7407899776844054
-0.18135244569717138,-1.696417291403605,-0.4301157662870016,-1.0763243435487144,-1.4258999119981153,0.1379613884405384,-0.8238972133380814,0.46572870001672934,-0.0978417515288661,0.34999541134641315,-0.1899786678897059,0.8886992636730638,-0.6202513543659144,1.5293251611649572,-1.5926248766117028,0.41357902539621505,0.7572019750949619,-0.2145304399550718,0.5352632424187438,0.44286583225427106,-1.6133731090296204,0.6899739746294917,1.81364119949393,1.4215191193341252,-1.1054349051125558,1.4133426154560313,-0.3788635456036186,-0.4016861008792718,0.4322861997084182,-0.4158440768511301,-0.8402104355724733,-0.3912809090806335,-0.20438680242305615,-0.3347162718865619,0.19516712171838216,-1.6472273363447199,2.8157224924786775,-0.7792134532253808,-0.42742876604044705,-0.8689321154981016,-0.5586160464918708,-0.5675541599626918,-1.0034600641753453,-1.1908560022377228,0.12605286849475464,1.4792469581920442
0.28493863898328153,0.4975001115240289,0.9886198733315053,0.4022165915620227,0.450571500081153,1.6414802600018397,0.4719520050236791,-0.47095842935123033,1.9216788574634165,1.2247769984029453,-0.33566203033612046,-0.481287296127223,-0.5453989079395019,0.2665133088508044,0.953924416367695,0.06610442722487282,0.41024483133243894,-0.6403634969894553,-1.155651406232762,-1.2864779579683563,-0.829853644835279,1.292241143756013,1.8077250832781884,-0.17482700395540252,1.5086968492876982,0.4944198245277139,-0.49772128865548515,-0.7044041826838915,-0.7077896777132986,-0.008531879508676714,0.023054042948575555,-1.242833106063722,0.5307271536453789,-1.8481065013277116,-0.5758968317843322,-1.0476011328840604,0.8239310133752829,1.3353271596662053,-0.9031302061286177,-0.8525442151456888,-0.8065139409207955,-1.4352200491086042,-0.14910693529982272,-0.31799527011829465,0.08576938395998915,1.5345415035130383
0.034961307922548285,-1.665561818145914,-0.6626716771452255,-0.2231095129154419,-0.03583690484403706,-0.7281928381304187,-1.5919216252180497,0.9004344686043291,1.6531023052802476,-0.3596662304906368,-1.0299903852143137,0.3188313589479263,-0.6382119809502931,-0.1592536663548229,-1.1829274313299178,1.1339604862037482,-0.7392349521407603,0.4981248637212284,0.7172882530691598,1.1976117381492088,-0.7996598150509936,-1.1122300990808711,-0.4717490146349972,-0.07625677270753578,-0.10671423503180565,-0.2099374857636216,-0.5538586918784456,-0.32724120736883994,0.39497168489895507,-1.4730580852921775,0.5469097878590606,0.06516516313108281,-0.526127197620159,-0.5045552325627348,-1.8732972021990968,-0.5679548754491958,-0.6654291189577258,-1.1141800044737926,-2.060159857745016,-0.14479880846443818,0.9095956939185009,0.27791385301605115,-0.357826101597785,1.0485199074705713,-1.9118651877505541,2.2339163596160567
-0.12465546586664929,0.759420787316454,0.6986039630307399,1.8701341928696014,-1.0604088481597187,0.21334047584787885,0.7399245163388831,1.0730701370143292,-1.925261333038443,-0.7783762350791696,-0.2002782301165508,-0.31957190362267224,1.5173557455810656,-0.21305168440188846,0.7436655239895038,0.3265913821195175,-1.552077698632848,-1.2578344561301598,0.7429651011612759,0.8580820484107314,-0.486648569756113,1.7226413662086872,-0.40191106076717864,1.0782092864666657,-0.6258305636572415,1.1136834494771652,-0.16059297440850004,0.2830364126892225,1.2331255575679212,1.566675346051773,-1.1970361337312343,0.1681363630266895,-0.14355293750985848,-0.318070132846021,-1.146367410201484,1.4679025891930744,-1.4876082372457604,0.4044904869479026,-1.4920619771808898,-1.080515441488241,-2.188859784553939,0.8185015235697993,-1.4414521198929418,-0.8101959645141683,-1.4446677435163842,0.04193272317465624
-0.21656668349834418,-1.6660639911257489,-0.6177573539013587,-1.09754318491195,1.289182632849367,0.7161146266586045,1.6844776090885136,-1.3939121301825053,1.4114400614547316,-1.0318971747357026,0.5141971700355971,1.6476147005413013,0.31081445932549556,-0.5188340910880366,-1.6299091897859772,0.7356719841334755,-0.8344896726554013,-0.7346390791466245,-0.013616083469270457,-0.8982497280865127,-0.39421119134261234,-1.7406675423056766,-0.8831016097633602,0.7428201101691086,-0.11320159763595884,0.14007160125061344,-0.015016868941537332,-2.670614685796912,-0.5060578912093447,-0.8778370074725914,-0.22170735467263655,-1.0311229606927037,0.08278272863839979,0.6262280316081689,-0.539666512561861,0.6974670866506891,-0.7820712315878015,-2.277759241052995,0.6713156041246977,1.911450941994536,-0.4442361890730371,1.1495029385832156,2.1955003332733685,-0.0523475193901371,0.2994045317341509,0.46238222448829636
1.2219328480238054,0.39960617029161166,0.34083312325228754,-1.3881011801977592,-0.08253195594475032,-0.30383209358249735,0.1430059619323331,-0.1385544120344715,-1.6004413656822096,0.7825511797689351,-0.074790781506687,-0.14138222296577757,-0.7282826860762408,-0.26428086558572267,-0.5855854129835434,0.22068568086041263,0.06731885115167113,0.748912526000261,-2.79036538739904,-0.4092876154059071,-0.4466932890328967,-1.00366571241823,-1.7827737076692787,-0.4219281582054379,-0.8852602303720412,-0.3561906160276047,1.1248945814954294,-0.3739694407624907,0.07644395288279118,-2.794668040755889,1.081642346878503,-1.2288633822386794,-0.6173777746398509,-0.8186285611580476,1.2266108168099739,0.047683875948847466,-1.214731092114706,-0.19549636912382665,0.5145825779725299,0.3407906378232875,1.0003629713687983,-0.5416936232213698,0.9103689550553491,0.654725945062986,0.8462042437832573,4.352436773323543
-0.4058543691960096,-1.3887744329457354,-0.9440111892529753,0.2716370621929395,-0.9266312654918193,-0.41860697578965883,-1.0037317181527676,-0.9710481504876253,-0.032952993897990904,-1.726297840467573,-0.13714380971349135,0.617767879362036,1.0100422186488147,0.15771229447981455,0.4071888927086887,-0.13011330812986419,0.08458447203291768,0.16732035524879965,-0.25137174055803985,0.9741127728653601,0.2143313853125307,0.27135041860076614,-0.7400448110998693,1.0671409211052596,-0.1797989693940168,0.9062738378050539,-0.760529299183983,0.29577527687373584,-0.107115575454254,-1.6832293302030348,0.3787314650066586,-2.102055002544081,0.848428139654726,0.4533590608124556,0.6375404450743495,-1.1823780424130188,-0.7235546847589733,-0.8343149248374608,0.2259947733026971,2.118469772402857,0.8382990660873768,0.1282408745957964,0.8464525186645087,-0.29392119124268734,0.31125825957470554,1.273983948668561
0.010464088071442163,0.3529007031032605,2.0789105946075677,0.17865368984435942,-1.2824678970518077,0.16813072162009327,-1.3915948024045426,2.6209117052245667,-0.2780204342125338,-0.6191195230450387,1.045947075223068,-0.536772182857302,0.6483889966152462,1.0688448995334714,0.7645002639784285,1.0273535208728812,0.790964057148069,0.01675911526096475,-0.6435614905156861,1.9489552394942644,1.0927373561584697,1.8320209492568396,0.3118606494112405,-0.34988527605317354,-0.49877972981466634,-0.3517985152305965,1.0324226963415275,0.48071414897134007,-0.4639719773976933,1.8190992398334416,-0.6975172348912193,-0.009399523342743155,-0.4856700862175239,0.5550083233221805,0.46399750114218274,-1.010329582014119,-1.113820532128684,0.3793975736244529,-0.7199257838902713,0.3116562931902482,-2.5906496254193767,0.09504473271533696,1.3255089013848262,-0.387474332728608,1.5991735206931872,-1.094988426001761
-0.32163000223450694,-0.4131092125994009,-0.9144813439844651,0.7087976176767944,-0.40814655287349705,0.6227318802093249,-2.449434066127209,0.4242646346541423,-1.2388518478286141,0.7404209856410318,-0.3843389945910847,-1.7796365962886178,0.6203459788053834,-2.034668284253375,-1.3737449611431742,-0.2384763853143414,-0.36385657649788417,-0.16660495895885022,-0.02984810399535783,-0.556911748731205,-0.37269249476822125,-1.0558671628243592,0.6658496970149254,0.4555691532293036,0.4589468758893721,1.0140761052299723,-0.3145892200724943,-0.02246629439651214,0.605961129639633,-0.5383453445422144,1.081586265373591,0.0876290552713296,-1.0550347528874573,-0.7474538960727376,-0.14202602735120945,0.14966994649532903,0.27808644472303246,-0.8954659997244864,1.253736165932428,2.501001709529991,0.9106141496855387,-1.2084472378934417,-0.2231552775933794,1.070124350541516,1.3271197802214194,-0.6666441057198611
1.1446143037880936,-0.22638513383648892,0.024346512291716027,-0.26213214480925723,1.4491678518860411,0.4312786812303524,0.22236869978539991,-0.024735654491007793,1.2934850942838312,-1.500226984841657,-1.0480835688872567,1.9426910892609206,-0.296707271325031,-0.19453629532689265,-0.2621411752265308,-0.013351939580313821,0.7961176726387507,-0.3472282699648825,-0.5898124676437454,1.9901927931839782,1.5238669367226543,0.031682833397196644,0.8400964913295167,0.17373439526256002,0.4434258611738243,-0.009453308629161761,0.3574490972793317,-1.1847389700253836,2.2928475017404364,-0.11185550966363297,-0.963244426133385,0.343184750924039,-0.7504427278729785,-0.04621869625432837,0.5347932708306908,0.3198731750556285,0.33322294428574745,-0.20326325043905988,-0.26460705005098245,0.058244508256911194,0.19854883941680174,-2.413283882556196,1.4163618204646145,-0.4882902815643722,-1.1431835425421872,4.125460454421834
-1.7481907776517507,-0.6457922380367068,-0.4538768746088932,0.270149671685412,-0.014713065882651649,0.28372287458235207,-1.7407269266133947,0.9860074146232437,-1.3172109578664022,-0.25901009303393246,-1.1079019410991011,-0.5588693628227407,-1.2898845476844218,-0.12258624359443328,1.406030991454797,0.5615855205867106,-0.20195840726537365,-0.4784421328110975,0.8099173326426921,-1.3483336899426963,-0.2193808523547927,-1.5126929425819753,0.15096897628799913,-0.20237747666405997,-0.33160167104080934,-0.6261270220370322,0.8581782457993516,1.3899225973091973,1.314549649838755,-0.5792646703834562,0.15021381521270868,-1.5893057998524056,-0.48657017162924565,0.8860211203646751,-1.8591539317785815,-0.45178016391966586,-0.48898453109885115,-1.316499248077153,0.7273311953272924,-0.6030480650084781,0.7248480201858788,0.12188732345895946,0.8172779740179525,1.2401456583869404,-1.5654028880639927,-4.229986456062858
-0.8675258588596974,-0.4914267099315482,-0.8548531191803603,0.0856038778774157,1.304155882040597,-0.9147153340047138,-0.4479093538670469,-0.4069626232764246,-0.19504974905376124,0.5795814778062827,-0.426928346789886,0.34105389655754076,0.567156567432082,-0.8074598823019598,-0.41327516785067986,-0.8975627117324456,2.202055553485872,-1.260072491161789,0.4073863905039283,-0.2250585500831534,1.2272314148203403,0.705415818180483,2.3775443769118834,0.8764337740905009,-0.8570649095650937,-0.9230788773659301,-2.244301707417381,0.15223135649702807,0.39876176991559836,0.10155227302881101,-0.9067804437789388,-1.0718010430330782,-0.09118429654692978,1.208256139449294,0.9571992715776576,-1.301543061930707,-0.08717401414574394,-0.3225257349213354,0.0959415069469269,0.04788392379028636,-1.9318341146748745,0.6599599729718268,0.06300166643035136,-1.113449208124739,-0.30979301643254953,-1.9853412612255223
1.7929321064594597,0.09787265316628647,1.8479483992824843,-1.177643960786771,1.3600328503369254,-0.13051103097308153,-0.446602112832804,0.576810990595622,0.4375787906942958,0.09714370328343007,-1.3784099009057071,-0.366363967699758,-0.7171190576639989,1.410540073783712,0.2959324163996775,-0.30175521723277476,-0.22905656675490693,1.093393152391203,-1.4062909653281828,0.12578878790457718,0.32990240470294613,-0.0678415610124419,-2.6919352556680445,1.1118710637262812,-1.0584746041371982,1.7865222259567919,0.3296321472906252,-0.28413403881496674,-0.512078186931218,-0.2708932502465405,1.84570247902647,0.605979478433318,1.6960039465115877,0.9322471611977118,0.10450656929930534,0.25837006851039873,-1.4859420106411383,-0.11318655857983817,-0.06575514191246376,-0.8937831372460106,0.5842891005485065,-0.36762840874366143,-0.195932596335264,1.1527434272614154,1.7331666778657742,4.699410948450603
-0.3310144228682119,-0.05928888011045362,-0.24451922457187306,2.0979232070343485,-0.36300503997759836,0.755606473092988,-0.28524098106361256,0.22152788697852724,1.590436948951475,0.7851493024083364,-0.5848790111175705,-1.4314123295343717,-0.3041316129786965,1.8869434535877097,-1.5449773215043916,0.22254203890283494,1.4020518574018705,-3.181817673565485,-0.18785257211750736,-2.000941752142783,0.44180900508750925,-0.11161471309001278,0.29050615885221914,-0.7533414844270556,-0.10152265892318971,-0.08915213604066319,-0.7064608620723011,0.1559025603188138,-0.5582891409931244,1.1557096123617951,-0.7910397696035122,0.3789625669058831,-0.7094490548287854,0.0922681327858922,1.5108597649734858,-0.3405610395464052,-0.331217755235441,2.1313313518754877,-0.42115159641835226,0.9604584333714454,-0.25747669930636397,0.5185459634386176,0.6630061934114748,-0.25615536286199503,0.1503965184287399,-1.0124680552812495
0.6650962397207297,0.4075225809132308,0.08031895561092253,2.292266834521333,1.1507847407691192,1.1549992039723744,1.692560524743198,-0.10363566574392266,0.8094247804477055,0.05388118851251905,0.5461564807902585,-1.4927426885142854,-1.5676296676367196,-3.0153385517368068,0.7253427589342528,1.0524822541454346,2.8692955201269594,-3.4640679628353297,1.8036107021825094,-1.2348870472487574,-1.0163085341338902,0.7441836475365085,0.27356529829553855,0.4238291566409976,1.3114276391760311,-0.7123494056979137,-0.09234644167161213,0.46689471307733293,0.9438437197792269,-0.29882886587294233,0.607627477658973,-1.7537294188923647,-0.902082924664789,-0.0520380976263724,-0.05985354009402683,-0.0387046140964565,0.2530466660472248,-0.33968936753133544,-0.5254967688666978,0.8282125313356179,0.307256550889105,0.9679552761589681,0.9452942771795206,-0.7770880066525497,-0.9006507127102746,3.316534106546122
0.8287509977873763,0.8792504111554817,-0.42355329922271434,0.05302345046609785,0.1723163061701512,-0.9024290321281793,-0.9918557935293929,0.6549897245538506,1.4456969563338755,-0.3821245039626324,-0.8608643126433757,1.1731994711619604,1.3822261982858302,-1.8428671948285749,1.4790597191745838,0.35449180148522125,-1.1703774280430075,1.1316908047050975,0.13959700057580116,1.201315092033625,-1.0608611983444982,1.2477164989498326,-0.919418357434616,-1.2557894056532084,0.3511604980871722,1.2639923935151722,-1.0423441389379684,0.7585351696285304,-0.3044274590102235,-0.8092516254879144,0.0759486730872249,0.4600822463024239,0.4112455094856923,-1.6126651784476937,-0.0333410041384884,-0.3224917904013714,0.5629607238436407,-0.2116805955913507,0.29773751337868587,1.5443129188040927,-0.3681723686142729,0.09004850581748179,-1.4206244599737239,-0.3146818857209873,-1.5942992725567968,0.8113233057215611
-0.10676306174237571,1.1679979978735022,-0.0036423191343015002,-0.7036198197535972,-0.08020391792227378,-1.9322861275675167,-1.2530441517029927,0.0008972534434236074,-0.9625937990638666,-0.25895129359192426,-0.02300238008341282,0.06213589563161333,0.6150678191335316,0.1725515953637919,0.32056786642252677,-0.8479529475221866,-0.6044559603830071,-0.21628668536312567,-0.4725473757858832,0.6739934615122876,0.09341773690733902,0.5304681251673778,-1.827048413912765,-0.48556043964314594,1.195041809325039,0.9296320479627669,0.6190899960220821,0.17831714158191017,-0.22446028151156092,0.18867893059523266,-1.9282321683331425,-0.6427865996822631,-0.5558460787336512,-0.8603187962970491,0.4492224658271084,2.0759900197372607,2.594625959738448,-1.1242728599832106,0.8050257981208151,1.1992323740470208,-0.08426338082331157,3.278732647283346,-1.0880818708710744,-1.0695567427489474,-0.33929377234584096,-3.1273663083680705
-0.15344091222690467,1.4160899069094754,2.770533854237346,-1.1183628646541441,-0.057517369182654716,-0.19368639471248084,-1.4905953260225104,-0.052990296465292276,-0.8634166059979785,-0.7982249260122848,-0.7130998512078726,-0.9158700823300142,0.7182089924491263,-0.310763730147684,-1.1131278325066003,0.9942171216013974,1.2603570925344367,0.6272466364318212,-0.5590722568518987,-0.8050299941189115,-1.1407071946422058,0.5418056517191222,0.8832051519241105,-0.6850921412180774,1.219843275616442,0.6693256510078907,-1.1525343710917562,-0.155265325664171,1.3469786610143593,-0.26064840157170105,-1.6381132640614104,0.06987882629297493,1.4091225839687158,1.1805800203194876,0.5811617497058673,-0.042476706337798126,-0.41010441901845857,-0.4305707007804985,0.7785658691823131,0.7956818383188012,-1.101866082913692,0.33541372080341886,0.49891595985353526,-0.11961615072066335,1.6880063456088157,-3.8340863814987345
1.0456898728762414,-0.36471832871100174,-0.7591721783251084,0.4868554895205184,0.6937763999160477,0.8517196305145488,0.07121493143816868,1.7615679771593933,0.6256349044979201,-2.0044909863684954,1.5348105416506252,0.3983697470028628,-0.4724805217884971,-0.7926270095955606,0.6142863545768767,0.12932934892146805,-0.875088336155077,-0.382720045919114,-0.27683659947387,0.0796539295947951,-0.44977557287799863,0.21452764002543886,1.529448979804754,2.0695551239440895,-0.7619508456585692,1.7159803718608904,-1.7151698217097018,-1.2133659053810586,1.2406613720893975,0.9627256721207097,0.2292737872128458,-1.0682151264624484,0.36252474306816207,0.8979780620352816,0.49400251611249957,0.7076146264836696,-1.7938288610809243,0.7263822319782491,0.7154804337247808,0.3027948099694054,0.6880793118559454,1.440924938577545,-1.403178916830369,0.1685582558485177,1.3507410479684083,3.6727244060801674
-0.37670483821119405,1.9355175016254875,-0.7967757914591356,-0.7850649352986541,-0.3729212583928769,-1.5365780265972009,-0.5770311533524712,-0.9074063892776443,-0.21313701177318778,-0.8680542674631905,0.4203579512799204,0.7841745359314709,0.5232723819191162,1.0698610882858506,1.1886380498603035,0.8495638944036328,2.0863058413195463,0.8785013943430879,0.748923413995375,2.106373948699135,-2.3324210422005454,0.7373898569698764,0.7378110647603721,1.8045553870026394,-0.45685445243242867,-1.5331756854203713,0.3095617763407442,-0.18669866913357352,0.6271313049811468,0.3175064796885648,-1.5233281110099448,0.83052358374282,1.947703865764451,-1.681279657314593,0.2892028515811043,-2.5856609906122525,0.8251447593852306,-0.38591751576492,1.756581704022341,1.3463960976210203,-0.6562034287161673,-0.12297472070816909,-0.8847443774176202,0.39670695886349716,-0.4340652007782611,-6.593828397022733
0.973772113925571,1.7422246853277366,0.564612118611453,-0.858699572235368,1.126610884416788,-0.9488216995347989,0.9676188269336138,-0.3537663591073178,2.0398793024957413,-1.2552976420969453,2.5061711058936695,0.7072952408810962,-0.41378398201121075,-1.392303687032047,2.0316675796604753,-1.8987275396447738,-0.15131256420364056,-0.024314345984608483,0.34452600439081205,1.2509165537471143,0.43433223979647834,-0.3360308942015706,0.3979784568851554,-1.201803310239178,0.2397790332634865,-0.38257826896812475,-0.608985863646641,0.11141915216002901,-0.35819633172406357,0.8432986400180178,-0.23228407871755918,0.5818526211661624,-1.4782135277716766,1.0205574767570984,-0.6697560477169591,-0.03978101687345663,0.04127898639255181,0.4668492103843389,0.9181394209793581,-1.268151040522851,-2.0439268329190203,-0.1751966709088069,-1.1669724890699957,1.0365309057087206,1.7376806776561997,0.8461634912826831
-1.3555622136019494,-0.16147012211383316,-1.4242965453601795,0.12613796060663432,0.5317695079190111,-0.5067220203147351,-0.380807888977589,0.9091097554090172,0.6889958600099674,1.478811827637728,-0.16714729791186106,0.878724077663412,0.6743409059863765,-1.1211431427632073,0.15383415746627416,0.2517150046031797,0.8679338946952374,0.4400723456268996,-0.44859700627914,-0.4397121201758871,-0.49293067554084186,-0.47662544115431976,0.28592226546437777,-0.6602807582309657,0.36003587171231033,-0.7532324781116557,1.4211843763358918,-0.8327610828209326,-1.8420845526618186,0.07419179949158582,1.202147576902975,0.22918016990972925,1.0682971738896145,-0.2846984289641148,0.6077205489198566,-1.2416665047357685,-0.8429579565566241,-1.2657793814085356,0.3691240466064406,-0.17044451851216247,-0.6226595167932514,1.3862104443558572,-0.08348012648507139,-0.9131578535813918,-0.49007328066566896,-2.6617373254579
-0.6986261903721427,-0.9208317455623642,0.5543871638668924,-0.23761246229470678,-1.2575311752515272,1.7519747836748265,0.573412704803535,1.0734144628937001,-0.31412160713756243,-0.37511077101757195,0.28172872120775627,-0.5317101674739273,0.6692126854913361,1.9938815214838235,0.5049495280445271,0.6899764472722345,-1.0074811206637213,0.011688543095818812,-0.4355161658744006,-1.7919872466537947,0.730447715360495,2.0089061448839454,-0.8293005721084078,-1.1957250400278618,-1.1254608090463731,0.6332106883412404,0.8456639590602989,-0.3586145795957365,0.14509394618619065,0.832593769879374,0.8116473426086076,0.714350831727347,-0.7972416491076826,0.38161100623855787,-0.13570059735641993,-1.2278101806448778,0.8900310675993666,-1.4206614361386747,-1.0080457422944178,0.1325636838799262,0.4578388518659879,0.7823700721143134,0.34766183652349975,0.8515364208780437,2.226656189459879,0.5135733341726485
0.8751346895440744,-0.16699776333358038,-0.030641846454571478,-2.2571465085373013,0.04276368411041575,0.33806963218330893,-1.1194234543248687,-1.0288106749769295,-0.009322419565241338,-2.0374494978096997,-0.7739339449649651,-0.4984332140645804,1.591062933080971,-0.17192506608057734,-1.8525413150808174,0.2076187724617974,-1.3230561677422326,-0.08424433418899067,0.965067708986957,-0.09625948256246249,0.6458718150440562,0.7578739226897657,0.7423841244289977,1.0666993049517053,-1.8310772531599797,-0.6918472488957812,0.04949690399612364,0.7682343568994728,0.9541353941906806,1.2340664381664483,1.4403379828861262,-0.13338245714078176,-0.5461062976412201,0.012733333086253488,-0.8556484819189327,-0.40547754096689065,-0.9174122727451952,-0.5365515469048211,1.7144794466208435,-0.907857121161743,1.775343142943996,-0.012459501005793521,-1.458632836787462,-0.005614416414862488,1.2926061141015068,3.2618938846513967
-0.7511352283074588,-0.2051548694302825,1.082756419218131,0.5345417699688781,0.9354019830425312,1.243781058936164,-1.7863981724202804,1.2044993631159953,-1.4508646000049275,-0.7990511923618244,0.3072013216736125,-0.9401921125143384,0.564501544404416,-1.586650717364617,0.1897715897521479,0.5379619678897145,-0.6365693312786121,-1.0663773340855942,0.1487909441959686,0.6033174591167467,0.03731345030698739,-0.7384965552023443,-0.982265234489255,0.7151849383419218,0.98420089734904,1.2834635243418793,-0.7870358342089921,-2.555428082886916,-1.3152380295431376,0.0588445982982647,-1.1878571966958131,-1.246631288703452,1.2408304134830983,-0.010358868270601677,-0.6037608650502846,-2.0268390316294393,1.9782059678384525,-0.204106207585606,0.35515686387671275,-0.6982373507383782,0.6619035068937121,-0.9515557412072292,-0.26053408293614727,-0.3060895751081129,0.14201841169634252,-0.016664160072049017
1.162148744629534,0.00857659523931522,-0.29009981522042433,-0.01905295149959739,0.8109206382779551,0.22378300614472343,-0.893056848830421,1.0463984782058684,0.7832823508262416,-0.6540144091307725,0.8334906726845068,0.5911680646227713,0.24207527479785704,1.6426824584475217,1.1812803508037153,1.3578208511223895,-1.175376459892209,0.04299355387884218,0.791184871675627,-0.5366996048799326,0.8312359144283119,2.361645636620623,0.7769456701121424,-0.7656500598054189,-0.7835729917323476,-0.5586707748341634,-1.909578939604859,-0.9331056578933317,-1.4794199573405404,-1.5752603255839308,-1.003439287933582,-0.30398365347501877,0.09980997746445312,-1.7476116881952737,0.9363576791508256,-0.9372870152573214,0.2932291605038849,-0.2367568202430036,1.5724772046765407,1.1728384152708107,1.5500110760570072,-1.856134365573551,1.04088062274249,1.6643249263802424,0.865888876123669,2.829785803850417
1.3409091316182034,-0.7950426648130979,0.8190167682410006,-0.9989923309616843,-1.4536609830140312,-0.07384866833194667,0.9118202171679574,-0.1434761114031669,0.3763163785412062,0.4845246734378908,0.3513582820949753,-0.2976190310089386,-0.1449497427785941,1.1061590267209667,-0.5213644057629733,-1.8387323634219495,0.33873461278556555,-0.12219852961935496,0.619835802826162,0.204158984363471,1.0614227428745002,-0.28369297946803634,0.5148509071638779,-0.02534216839566142,-0.7163478262789243,0.9009344758835911,0.694761263423264,-0.920399356312236,-0.8667097121612061,-0.1771149883442606,0.24071418608944412,-0.3576167011404781,0.11173403690678327,0.39229978343553484,-1.3938134218857186,-0.07491903888819484,0.7370131385752615,1.9633413452260455,0.5835721490077108,-0.5683203265374498,1.4160093055057326,1.8729863035429952,-1.0997487364854033,1.4415751363522098,-0.2566074128970297,6.859719137699166
0.01933362025490825,-1.3793481825041305,0.7733862158715696,0.46603095381569654,0.3152241191725925,-0.7299787249271888,-1.8490692896450616,1.1336908440177775,-1.9805920027393888,2.132160972881895,2.6538997916292026,-0.4728647279373698,2.015263362239216,0.38566912552067334,0.33524806605899204,-0.15313252332897423,0.7262127058694763,1.0519736847077363,-0.40801940303812345,-0.9871793210902121,0.2782503568513972,0.7550751286405045,-1.962112966773635,0.09749166922103336,1.199850499090598,0.6812765181045376,0.20460186059459756,-0.3021387485299447,0.8043775794658165,-0.22988367811123697,1.3030087934258798,0.17890065382138198,0.38878599371394884,-0.10515973669239508,-0.11629536777813462,-0.41442120618203,0.11822256185699011,0.13287628233270993,-0.59735532720835,0.14232746859368606,1.2805844825172497,-0.20371655823421236,-0.405444367353568,0.27683022064073276,-1.763585860846563,5.557880228341012
-2.2272645453995246,-0.20350754564468862,-0.2765527998982911,1.1862239073084193,0.269849678352375,1.888079387036143,-0.49685626995212784,-0.6924739518536986,2.024498989112599,-0.10707340461825675,-0.3227402533843683,-1.3685019447234288,0.8808934521189201,-1.4273656961299597,0.9507474652461354,-0.04189197898764742,0.06071397445886766,0.17783557352165805,2.155010335820078,-0.06226178839322377,0.40406859804308976,0.2452548931513049,1.0771828624310904,-0.28734874656482934,0.7414141539204311,-0.23142186729901063,0.23634801359773425,0.2492514005720108,-0.5156601616482447,0.8922801631794657,-0.42890898935455024,0.27789103634261403,0.49524351133421685,-0.4925509542000043,-0.556992246294389,-0.456382804610336,0.7618393200219633,-0.3010735861984525,0.34026627893409317,1.7666383974032254,0.2563451267480658,0.13195318534537906,0.5810533526225157,-1.241589981380257,0.002624750409764355,-6.235962040043558
0.06044158890878929,-1.3863793240046254,-0.18323445949822378,-1.4449895744912733,1.0323739114852293,0.5314449813778387,-2.1070564087390586,0.720053019481845,-0.5011374552304123,0.3195820848321765,-1.8459335568643134,0.37293159412898363,1.1552752624016496,-1.0428146716494822,1.7242945380646042,0.6554321736041566,0.5432232740196481,-0.9375248224127847,0.022128764637179506,-0.7882645800053146,1.3741440307042756,0.694620867948329,-1.8586692323895988,-0.599850611926861,1.1128269147616987,-0.7859294567433835,0.06462950023379435,0.1275472152474956,0.2038622904131826,0.5611760850783429,0.553315107434733,-0.536505908118041,0.277451728398859,-1.0953288766611928,0.3757045857117572,0.20671300036588142,0.18520587772675037,-0.20815105737564865,-0.11783638848535113,-0.1054984363349896,0.984882355671321,-0.28561930881540676,1.108604613318586,-0.5991545039858592,0.20396604092834025,3.327042855955069
2.054285416436114,-0.15716609282865474,0.3708256776042994,-0.8686121214853101,-2.835331993637343,0.9769736106383217,-0.1790721140993048,0.07905282403251998,-0.2550640446747285,-0.09610042584380488,0.8649545394813126,-0.283725745836602,-0.5236856402035419,0.3458170851355694,1.2861143496822447,-0.3284324393158287,0.6755237894921446,0.10264655271297488,0.2510423965697002,-0.5994555024243569,0.46394938679248027,-2.3557709346668294,0.31744885369597486,-0.007859076011581088,0.10772368448644881,-0.658107754898134,-1.4096158580343932,0.904087901181375,0.8002324223911064,0.9436688183668045,-0.03284434838125954,1.4678137690550193,-0.17739516281035878,-1.311368464897424,-0.17859199245466775,0.48186495353058845,-0.6092211011795187,0.19058070367673127,-1.2444263262599997,-0.035237101273345624,-0.11848574835375318,-2.1692730503122735,-1.3537724471287607,-1.0007030198351674,-0.7130849650719521,7.168712407410446
0.13196921961096916,0.025348897455601673,1.6971892303437075,-0.8376068170441805,-0.6334089546667023,1.3771248419199753,-0.21825053079847515,2.1476582629375893,0.4217550309841543,-0.44441860064518623,-1.6674387857962418,0.8897376658129886,-0.0015554127326619567,-1.080253029319958,1.0210531074812885,1.1226609056895631,0.6722817650820558,-0.30368137447888144,-1.0286924181348436,-2.0931654938728053,0.42644712208078167,0.28935929074006017,-0.5612721200690997,-1.072569382372245,0.20836554355683462,0.9411351161472093,0.2895503495795308,2.949994407311813,0.22276915644312587,-1.6399834883249012,0.37850023369020686,1.4673496143707057,-0.10387372526606048,-0.44862573071437595,0.9677289848213706,1.0055918767332754,0.2361233681741802,0.45502383224635745,0.4090187413267439,1.1808094310040875,-0.00933379292372946,-1.150831398485454,-0.3264005000619133,0.5171140082014521,-1.863100202760874,0.007249041281981415
2.2146525118640588,0.989612631090893,0.9921820555100295,2.015827908810532,0.8748353956275045,1.390909550174016,-1.2264216678727862,0.25661258757862615,-1.4399083380227675,-0.5862348730973234,0.35010160744808067,0.9696636994917729,0.5406218884833182,-0.7873731428207124,-0.5882498187263313,-1.2365407210516417,-0.9338068484720726,1.1257625873186254,-1.4039186050089365,-0.06608837570947657,-0.8448851721069952,0.06034316616551549,-0.04477044561164819,0.1467222963746342,-0.2633647913275815,1.6426483444139905,1.0550864963047173,0.9149239161968625,-0.867927460404234,0.5839369933664293,0.6576493633818847,-0.6199505495673365,-0.10212698572494609,-0.08805376843367928,-0.19801836624081431,0.25177838123497487,0.39848430830325127,0.5918194318734092,-1.3877815676492748,1.38952490589676,1.6989115856528532,1.2094486318342175,-2.696006515765823,-1.1862867111351023,0.6049475455608316,7.204773561595426
-1.8793560284089337,1.3559000556043628,-1.0511568833645406,-0.7373552611335674,-0.3996270346325537,0.6733843149521376,-1.1858502879683428,1.3012637548817447,-0.6704699839791485,0.23093091348546047,0.2839975830311465,-0.625993974720088,-1.1992350653635735,1.2588565177783186,-0.15686512077765769,-1.2157164131363098,1.2830238904202975,0.18965585233234802,0.5481244188993688,0.9926337235982319,-0.37356009834642095,-0.39767872866916104,0.4081781134069453,2.2048365870966515,0.11098030820866452,-0.9594020688593347,-2.0121285697019586,-0.19390909589508978,-0.166306226180859,-1.6288351537067651,0.2814153762382219,-0.9606255042607698,-0.6876011537738089,-0.23246455315835507,1.3954239235888302,0.8790820812035834,-0.8312058172401727,1.4564982690517805,0.22702965406269449,1.8291262024816104,-1.139761110596171,1.2198770131624184,-0.384066523679817,-1.2081580534785032,0.6356732189968225,-10.155416433995013
-0.17533741501355618,-0.3224145535932477,-1.6050659710573438,0.4098629948808762,0.9630850644388256,-0.6883430674247263,-1.4529863560737868,-0.17695694568341908,-1.3039469899402913,1.0815151862189896,0.40036659886830445,0.7794230473818675,-0.841153724146253,0.17737051381682528,0.8723797255615398,0.3981560654990256,0.21193333650341298,-0.787120796688108,-1.7234183647986574,-1.083070171763991,0.6957404017590194,-1.7199453143630796,0.03871319427742681,-0.3422392120839495,-0.5334249607371478,-1.0112437157563088,-1.158196972145191,0.9006146005854619,-0.5585835087438649,2.958897765035821,-1.2759767207413781,-1.0037730893628753,0.9436117046471076,0.250962334039197,-0.026947931195508625,1.0665810883043598,0.28786686539564504,-0.7139146878032868,1.1944779524715425,0.8105703852775704,-1.2982255529850335,1.0451221854030301,1.0430119193735452,-0.5569915288717537,0.5576305564240237,1.7737531719558386
0.20122591283003158,-0.38151929824056285,-1.8193191311086405,0.03734419860041504,0.6219625591376611,-0.7615396811944585,-0.6623839525448157,0.12253914584806445,-2.129033135237458,0.39130743612292257,-1.3789323564211986,1.301863010376506,-0.10389042241340078,-1.0295860167581148,0.2683940158098136,1.2474551425764093,0.34236282325464545,0.3716905840696631,-0.5468832513990274,1.190140719512792,1.7787837566235087,-0.6083940354222729,0.93465611519811,-0.24897207315561748,0.4264452461065038,0.6380784723708058,-0.4641692230223931,-0.42939046781661444,-1.5289681465369578,-0.807229318860902,-0.3795561393555098,-0.25013616472230693,-0.5896193297830307,-0.45609108475586285,-0.13254084457079437,-0.297233710352051,-0.6544979537013705,0.0038810288582742203,-0.5969353767910587,0.33136340259181646,1.0145751454165948,-0.24413158255321651,-0.35637777509199864,-2.134993787522958,-0.45757810596485327,3.5170132614579197
-1.1704759133228946,-0.5370680226291146,-0.2500617868165506,-1.039856575587812,1.3462341223187444,3.223335513210917,1.0850814199012198,0.4697314036966792,0.1409218830395036,-0.08455114449722408,0.3190832458387289,0.3326184274846349,-0.7429050180881026,1.4872842023014279,-0.38309145338158795,0.44480135825666206,1.8390581096723224,0.49421423438504036,0.31601138926443456,0.22752521923160265,0.3991384863610872,1.5107660382930888,-1.4061872000365978,0.7647844226342801,-0.5870850563766676,-2.2266298710472876,1.2397622695408352,2.162505785823572,-1.4351919659679702,0.7215812184538706,-1.2413078508597375,0.9250970218432226,-1.664303111310236,1.8322960225965006,-0.7336173116646567,-0.36659109779886345,0.3710789256761952,-2.0623837201989086,-0.5757777852462301,-0.2772920596521541,0.35415137138600106,0.6207114655734216,0.6495144783182227,0.6835930692286846,0.8479902980634058,-3.7388086872072197
-0.10927412848317054,-0.1759492380009311,0.05230795891887387,0.33567905178351926,-0.8772412339311645,-0.9760154566003325,1.5024830209193134,1.0779199112176783,-0.8750730503209585,0.29090327207783684,1.2624054038562724,-0.08578328950985226,1.6903449926672658,0.12023330487743303,2.021736969877173,-0.4934858629819042,0.3494099455484667,0.11229889836294296,-1.0035953443753918,-0.4313136157181398,0.8280576008529337,-1.5123761940292308,0.419610640701326,-0.6052862718673603,-0.7348001217801455,-0.7833140430953093,-1.792263917865421,0.06160076683407252,0.9183969143608651,1.3798362667190283,0.011940348871894484,-0.5253882576549943,0.6164239139727654,0.10299817645282555,-0.13918173355875885,0.5149277716816539,0.24731471148943288,0.20539156411841172,-1.6088049284634183,-0.23748912896401145,-1.8395175416119536,-1.1052023603488925,0.5319343550098611,0.7667881703659595,-1.020297682757927,1.3532272676072006
-0.8653711564494254,0.41748373399931726,-0.19157008575285125,-0.32011474947865387,0.21396175737813414,-1.3102514949761495,0.6939265666710885,-1.910841186675571,-0.32935685402781384,1.9820598254932233,0.6835149825642153,0.047271314361787165,-1.0532270287387042,0.9221467799892316,0.7417168161926037,0.4404269601623374,0.3791755723389643,0.20958017220077463,-0.011665477713280034,-0.5146874802478734,0.5563607462729391,0.06341510936171327,-0.4890695841258184,0.9431001468133763,-1.136748522321803,0.8738430747609008,-1.3499659342642392,0.08227279057005947,0.08719447832532919,1.0695577396045557,0.04311891902179187,0.10627556318340392,0.040162406100073336,-0.46903409329133844,-0.3608715678069528,2.092651068667613,-0.546075475110693,-1.4129818764825213,-0.13209842095162913,-0.5020993848391159,0.24742520956591418,1.9726430634159582,1.1065700818678286,1.0039647983734599,1.442809256592318,-4.885353469668858
2.5427642279738776,-0.5926052960616505,1.3162405187141095,-1.6877167835806184,1.1930369957202203,0.7911768897508132,-1.776354370295434,-0.2509960466934485,-0.018605417115822497,-0.3186549149798077,-1.5678922884391255,0.7046410715740191,1.191786347578476,0.1290377381842318,-0.4652333831154014,0.8485525820294314,1.2566788227734025,0.6634217810316169,-0.4145990665495821,2.1912885532430755,1.1706798423160163,1.2067712174522258,0.16887971344656777,0.88572347479234,0.2650631250452042,0.7099480285083687,1.6300093547602064,-0.27520945083077086,-0.9645142637616981,0.5629295833151416,1.9144835284272037,-1.1374242480330896,0.23911120729761334,-1.0064015997660365,1.3154769169315337,-0.09735495420716847,0.6102477734577331,-1.2112435430513147,2.656317987265902,-0.43894954557512017,-0.09331486281504899,0.2238048841228452,-1.2321285886093731,-1.3243218113199382,0.18611814012649447,9.661850182813538
-0.2668957764386745,0.6738938179161159,1.7801724837775337,0.11787450705932703,2.532312559646895,-0.1080363857201667,-0.6493621163705487,-0.7118952856719825,-0.595278878868898,0.08261098623282644,-0.7578867987836934,1.061158140248048,0.44840811526655605,1.5716596123050495,0.6850467114267055,2.0553756123455327,0.07746727115906862,1.1639482633551212,-0.3540636383509496,-0.24375541109669233,1.4511183991947476,-0.05952172828799483,-0.1591882449926612,0.3049574054593016,0.743910949673627,1.6410394961403327,-0.10506309660641322,-0.7351208097929287,-1.3238816844054906,-3.6407903909047628,1.7743644102770924,0.6952685092355126,-1.632033898592801,-0.14047565412665008,0.941041376855521,-0.2741920084407756,-0.30492191601002955,0.6584141894320962,0.48795276227026696,0.4314678298192231,-1.5912526227123172,-0.4826751523952912,-0.701045733447622,-0.14508258580287725,-0.4807408435292063,-2.560166477144894
0.009239999187441091,-0.02377521708290882,-0.1798948170493599,-0.7676987824616543,-0.40419287160954953,-1.5372611404202252,0.6564136344926529,0.18932027005065563,0.36532104272864035,-1.1082031480484482,-0.04887124067070535,-1.871768124229523,-0.5168559088688474,0.14788631241770328,0.33155576520755886,0.34591257156834704,-0.09309428854831686,1.080923866666728,1.076294266055453,-0.48642899626595887,-1.5539905249398447,1.331871414112348,0.7190403024038837,1.5221959227714033,1.2877005117537994,-0.5800554448044707,0.5646440093781459,0.06386223203909161,-0.4285653336170375,1.1948794751618113,1.2971726514208455,0.08875661127821333,-0.8208039249256736,-0.9855840254171647,-0.4460167449234925,2.3871932265430873,-0.49737052125702463,-0.32905026861956876,-0.9276267075874163,-1.5451787613408294,-0.16699760980839187,-0.20889306834004598,-1.1514201467474559,-1.2578937062957782,-0.20933818470501614,0.28344107198650587
-1.4155436021286805,-0.23851560665200797,0.6857344682472407,0.3358670976970221,-0.4789433336656266,-1.2536006663784862,0.8280989523657398,-0.7404305138539965,0.3744211776303156,0.16323166294377736,-1.933314207271218,-2.7033667819411638,0.3991880476914971,0.910714759811339,0.1277590259194926,0.9612766712662995,-0.8080515201496845,-0.09122679551968177,-0.10243903057919776,-0.6765013236014887,0.44309915957555307,1.401658096452786,0.4551221054043179,-1.0632671958474962,0.23774872009604361,-1.364097369509314,-0.04150457306352836,1.4777510808427317,0.0682032982886025,-0.11138373957782796,-0.047613318405297235,-0.027659671696192847,-0.5294567580173124,-0.3765372348123651,0.3787992114584699,-0.7547079243074336,0.08611798156221244,0.8483840668786219,-0.8366297522262052,2.197002524258295,0.572599343754712,0.7487197622534241,-0.6893314497593345,0.2915483092409581,0.3783772657652331,-0.653500803069959
-1.6282358700901722,1.577542752698232,0.3357629995851545,2.345851380041443,-2.7996917100173517,-0.8308736086399194,0.5093081121398095,-0.9063299593186714,-1.9378781066379103,0.8077010151781626,-0.8244076174795074,0.6321733752783297,0.5452740962212307,-0.5624137938649197,0.6992485669748774,-0.47486169182660226,-1.5665248042367335,0.2627009766699542,0.8994910765060712,-0.25002571924244366,0.0043965992483574814,0.2883907140193687,-0.5898130572407494,0.9997254004541549,0.627221171871788,0.24403007376467586,-1.9766996273618334,0.2195357605559746,-0.42263800327175033,2.037197426244287,1.318134158343819,0.32947160645797324,0.7894832179927561,-0.20000734723666905,-0.680369892889511,0.8109727695066312,-0.5826597030882474,0.9232134228193163,0.35642836027094515,0.9296021378739663,-0.7702314575019884,-0.08470112454771735,-0.96207840532874,0.6421565488088714,1.1687499989153656,-6.0406683717843865
-2.2326180094490398,-0.20856665567817703,-0.5413562055995169,-0.6938318942209194,0.37977960238953123,-0.5036285715752451,-0.4209755975746869,-0.12947692914283282,0.5628522056581371,0.7877652770960641,0.1862214971482408,0.4579464295473746,-0.637572901685953,-0.004514520909150377,0.27553328982375813,-0.40908582508666474,-1.1968625379951654,-1.7239818218610898,-0.7824535813075906,-1.7300319705644251,-1.252364815520655,-0.7385234305749677,-1.73393539156182,-0.3022650103288845,-1.1775088909943476,0.6281613886847223,-0.7232196920777517,-1.3286556358105042,-1.8125695741777246,1.3434293022801183,0.11190959708725318,-1.6817911923116249,-0.4398490923742338,-0.8132474192727284,0.13919910155002435,0.046620319864388735,1.5897495745940968,1.0428153396564717,-0.44680885973480583,0.44371648805179603,-0.4113792106680023,-1.2428581257513225,1.1882802878342944,0.5955759242373964,1.1969686379859306,-8.331657721030727
-1.136420393330634,-0.10232848072102718,1.314134207743759,0.17439729658286834,-1.0925076690361515,0.10355030678298381,2.1266529261507507,2.707795477734502,1.198470911590211,0.6266734775573024,1.89285122492182,2.6121061359370645,0.4131501683233786,1.0288717759149317,0.864470510429483,0.9256175184634658,0.8928733368352095,0.011400704925406372,1.41940000127471,0.15571940735091908,-0.5382252027527201,-0.13497279635715262,0.25027005045218303,-1.9719725340694967,0.5832686078259107,1.5086360864486748,-0.20662125670969608,0.852983203982699,0.5729336595239737,0.6575423625583677,0.8094033839414952,0.6392498200940131,-0.12958406359620536,-0.05279058009262793,-0.17662706463333677,0.9032452335055542,-0.22194520180376284,0.7971047201082424,0.13128631136366542,-0.27497271918596433,-1.2937638719905544,0.24410944903454274,-1.278209557486216,-0.24853250993164133,-0.3303211788936012,-1.1158437078702494
0.682551438211361,0.16637016934557494,-0.07261853408355383,0.13597892874634238,0.31951857986540866,0.5924685107998261,-0.0916625916827174,-0.6687198142750947,-0.9382406460100604,-1.4800758770343605,1.4100130524689378,-1.025103252875219,-0.7197946164987051,-1.1303281467162232,0.658967919706608,1.7963492521939437,-0.739438037293811,-0.8685785990194328,0.2684294728975235,-1.5141536009132084,-0.2600514643411717,1.7881133861320195,0.33495749571952177,0.9045077941973453,0.8924309627326764,-0.08913238938657879,-0.1573778838364939,-1.0563488216985548,-0.24411614767085965,0.7570591488162393,-0.33642625827505884,0.08971594440761943,-0.36823902582690443,-0.44420346819635137,-0.9187123743530277,-0.49370597633561936,0.10833344207048008,0.6115621733824782,0.33797364997590934,0.03649957294880499,0.542579700134135,-0.43252173910796254,1.4588344484249116,-1.434535538605955,0.30064790372924927,3.0414177532156
0.7858899628622963,-0.691249227471446,1.4737025512116062,-0.6543626079420795,-0.027800847919220818,-0.10363164712650659,1.2771320908706287,-0.0828897991327417,1.4097512901515783,0.8499656384702509,-0.026546670707350922,-0.42824305151464753,-0.21195589341603907,-0.04052812677184834,-1.495282618663239,-0.38369390346505744,-0.2914006397522641,-0.4348115071426678,0.311469245523702,0.3054692004575387,0.48409155772913753,-0.0852638545914953,1.438811040137293,-2.2843744350534294,2.8587619433163396,0.6078692003328772,-0.015256160081555493,0.4871847705090993,0.9239294514599506,-1.5705763891898867,-0.62890766784994,1.5365235389114171,-0.6463962724478486,-0.8476429442178286,-0.22353598858623028,-0.5137383770589278,-0.4135367753354413,-0.7772765341519958,1.0992580896343351,-1.3543383554987847,-1.9753209322446659,0.07452553108185397,-1.158155983605694,0.44767208935579433,0.6470270165503299,3.55033348601754
-0.5869512918647852,0.5403643906064661,0.9474332361699042,0.08320951949319466,-0.20912718861155521,-0.6406386972384946,0.29641038643125983,-1.3844864889755057,-2.454321931890695,-1.1712426587932558,0.9365283790140144,-2.617860020078155,1.8875987471912232,-1.9660233167082777,0.8920130171166806,0.7282955123895233,-0.9531528146478391,-0.4235176728011941,0.7630325196963553,-0.4893654538286693,-0.9201548409061624,-0.38352779882231924,0.1449152381678505,-0.4731563089723157,1.1500966454289825,0.06431866973646266,-0.549712416937043,0.1479259833409593,-0.8243795827556228,-0.6463711127694053,-1.9352996609127882,-1.6810887747237753,0.04682479165208714,0.5440253720210888,-0.1453597221079406,0.13822515273707878,1.3585179869034198,-0.24682928364707626,-1.219314993979382,-0.9339251507822043,-0.19390663815493756,-0.7879370460227257,-0.8852160689465314,0.2288333633582481,-1.7762295446825618,-0.3515154477059974
-0.03837993746175129,1.6614804924348743,-0.0716830219766115,-1.4647434125697778,-1.2723652068421858,-0.04998772778126295,0.09400989613021536,3.219257234693043,-1.6951792422222263,0.8748132640304538,0.12042834247154773,-1.2698453162126282,1.3774973423752546,-0.6793399433069985,-0.9140994692201296,-0.7528536790055509,0.22444370211679276,-0.5756336935891077,-1.738644251179016,-1.5951099085585843,-1.5350726774184482,-0.36759924440068226,1.070665421076059,0.5562866282735969,-0.1779878253775166,-1.1942849174896188,-0.28346614032449374,1.5078896765002845,0.393503842680517,-0.34334747395253185,1.2076599564401405,-0.9376362308061293,-1.130230815402653,-0.41076431520989637,-0.7561095168943563,-1.1062467645033038,0.06729106626349217,0.4079215092483937,0.3074785270006518,-0.8133143733462884,1.5275127169242455,-1.197203140535126,0.23646059569216682,-0.3402711784305331,0.11439691586940899,-4.338498260110801
-0.9633707550429613,-0.5703295225391636,0.7775288252464055,-0.048023987570788566,0.20292987617416677,-0.33985896989382175,-0.05714441594194926,1.0366440739877931,0.0687469717993875,-1.464704736352286,0.32442305859089493,1.4229260213155894,0.9472188863710308,-1.7359066054987653,-1.443592600440373,1.0549466754836556,-0.4986651687949463,0.7919045176294643,-0.648451971258495,-0.5593315393175873,0.485453067941453,0.1902150666490693,-0.22535160766014878,-0.003897557580837418,-0.13431771156518058,-0.8727931644234955,-0.9695590639219543,-0.2380318639729298,-0.5154315406619459,0.6226799592067738,0.6471472321437801,0.5662874838415817,0.7247439201531762,-0.8199169449493041,0.40549880479848854,-0.30869677025121905,0.1765122280998007,0.6446660153310885,0.9057212807762951,-0.9741952964651119,0.04454908006290365,0.7926135357723321,0.5406476891074818,-0.06159407582317478,-0.7382412648840624,0.15868354793511308
0.8949354788989937,0.8060532513943607,-0.3858180758998426,2.5664223028840674,0.4470219637980157,0.018544887045505838,0.2591788378436959,-0.9428404774420615,0.3349565376813325,-0.7102336698260426,-0.5480586836072615,-0.7391925152527815,0.7470515638597007,1.0252109472620135,1.0710219450902614,-0.7386109988278867,-0.40068247230516185,1.1350759784401911,0.5123571900404879,0.5981129898330342,0.20755030388764512,-0.5554220342666544,-1.3099017290024961,0.45132499113180785,1.2789934538892298,1.4782071632556621,-0.13221731401905393,0.45513568781809693,0.03430851684797275,-1.7908539829630798,-0.5529191308852345,-0.2753208158716924,-1.6243295069021706,-0.7872278214520858,1.3461074543638463,-0.24677536885069862,-0.49813060105663765,1.0035210421773997,-0.4528450337844145,0.7798451936308074,0.1991136526666675,-1.4685959570791343,2.450729892834472,2.1617777051697935,-1.1912809402719036,0.33181477352160904
-0.671336763285603,0.13720633138070906,0.310161775789919,-0.6218712031993362,-0.6888264086230903,0.15843763749654136,-0.7066615431434122,0.7751510108810896,0.23541207876787335,-1.7700813442397274,-0.4016050289266733,1.6752218459308021,1.073046982895646,-0.23785075133241737,-1.7038959623029015,1.1624861048174784,1.5617268855885937,0.475513279718761,1.8334429091620852,0.4934220367050125,-0.11210412385558036,0.4472740908819317,-1.0345346356841392,-0.21969462061383688,0.7988722169887512,-0.528275684816735,0.2861954193540347,1.0673730700559538,-0.3680788744375809,-0.7831206369595901,-0.11100081707380827,-0.09521415701821764,-1.4324798875244678,-0.6620734885385005,-0.16431905908756309,-2.446922594817658,-0.7811483185887697,0.8669047923495355,0.04170187908284943,0.21793971063533862,0.377234703583133,1.435283006061239,-1.703007300460271,0.43982638795858325,-0.20812749761987692,-1.1094492736935764
0.4068475240042365,0.4480900492525999,-0.12003079511791645,-0.7663661527701242,-0.7391188002932844,0.7688260428749264,1.1041494256601043,1.5334393438552758,0.8574444936811194,0.41075162939540805,0.21906949920065033,-1.4790550231108948,0.7776732859665176,-0.27603200699584635,-0.8083207206988612,-0.03200724896349499,0.7419061329632778,-0.36646280418811,-0.5294202233670741,-1.0798697709157539,0.3213739238054767,1.071885614192269,-0.04316493743381376,-0.895426383629026,-2.3810201354702185,1.8887141548726574,0.610190678735596,0.6432780918698453,0.5774633778131512,-0.4903290799422076,0.22774523046709136,0.11041613108088615,-1.666351873587908,0.42564327783732453,0.21223251904118579,1.045864991095968,-1.4078923268179049,2.377075492340531,0.12301816869593418,-2.0405274034327796,-0.01934770607125658,1.1418609919986555,0.6393965580112004,0.9176389191514446,-0.37029402814486656,-0.306121693705257
1.2686953618237942,-0.9216111379089377,-0.31175752509106225,-0.049943976851180745,-0.1482576215126406,-0.797526566425327,0.8462307778458797,1.2848967622059575,0.6372010515820109,0.19220813843486756,0.4824835332615284,-0.46293793324464555,0.5106324839029553,0.47484202240784207,-0.1552487809431886,-1.151017003849684,-0.18674932310842596,0.2878979800351418,0.1274512787989039,-0.47678079757757263,1.084938518049182,-0.6947857734243436,-0.28317649938298245,-1.1274103824532433,2.158566347889628,-0.1360313756980265,-1.1390743544083344,-0.6645260327727034,-0.24343138397335057,0.8421313859395811,-0.05656762048058874,1.1317104699115659,-1.7057102328863658,-0.37112793176396996,1.1027040896843094,0.9878064619448167,1.2641938797065309,0.8104414093183906,-0.20387917574104472,-1.6012153037802868,-1.7758461639885492,-0.5989846448010123,0.41167320854671413,-0.105955617751435,0.40628580404515857,4.176120251928311
-1.02886085493314,-0.6052372608081142,-0.463212465727792,0.36920767951536076,0.4132118867853706,-0.29203396989030306,-1.3718654285955818,0.23052168164929626,-0.7677806246006851,0.4066447061123976,0.11925957850920697,0.4126079997699088,-0.11112718705506522,1.0686665918013074,-0.397870792416308,0.4812583649555458,0.7777935338953615,-1.092245150309234,0.33666419251302393,-0.5615888216101171,0.0810360058198697,-0.0507142379891656,1.4859189423007313,0.44810548121063576,1.8703205052091123,-0.7981293043764742,0.15839614417611902,1.6419911294791998,-0.649395984908169,-0.9678430740593261,1.9161893477431242,-0.5418187157647956,-1.3281872392174878,-0.7527218080687992,-3.296005913402097,0.3232934354387152,0.37368263743759,0.1061235037183099,-0.6165312491635881,-0.1982637970401873,-1.490857584708478,0.5798326433492046,0.6426859352898703,1.226973362797419,2.4161144057109123,-2.3372534277489114
-0.06401935044719066,-0.0005805493438663141,0.03469156235328804,0.21006434335848304,-0.7260447251165323,-2.026273753982401,1.3484181902905406,0.7764161756697899,0.7385440581147718,-0.40091944702817556,0.08873106726456369,-0.2070999415484146,-0.1669740806304739,0.5174066231798118,1.2886216358082279,-1.4811740468469379,0.2866958097536174,-0.49840416345240074,-0.5767894369022984,0.5724057005770334,0.49909061094676144,0.8371548006488952,-0.5886259614284479,-0.09115753068705804,-1.472311338679975,0.7094245512250882,1.516410994311224,0.029868647384010082,-0.807690933600912,0.021045821461254808,1.079219803391843,1.2222595154748084,-0.07703760533419682,-0.22282007418474406,0.9751831059127086,1.3311495414828731,1.3738700779801374,-0.28293688329569955,0.4557865077793151,-0.3032141626768864,0.269406616461667,1.5757366002519702,0.8047459736375925,-0.5553730891956814,0.7855225487797369,0.5921125342665121
-1.9870280247160417,0.3326842262601776,1.096602882794114,1.7051995252803076,-0.7237527570104342,1.5991255577374028,-0.5599684375187727,-0.7838867451336443,-0.23151869927254445,-0.9176040300627368,0.05302356317228367,-0.4799399738017802,-0.10895162107149552,-1.995109074921691,0.15761602016022144,-0.5644337024185861,1.6940646434544366,1.0058890903551425,0.4687629997044944,0.4481211389254932,2.8868432785649127,-1.3797380894436189,-1.0050089817745371,-0.3062683854185812,-0.552513900582984,-1.8197252104404358,-0.7555659341824273,0.7527048195846602,-0.5464811326602467,1.4620471983005214,1.1189558032368985,0.07333077339067395,0.5246142949963513,0.8324882963767253,0.40046997391693295,-0.6065428656527574,-3.1260471372664695,-1.0254034677217136,-0.9808009859989559,-2.306874103756399,-0.10146713871381112,0.48255567983195063,-0.5958881314537391,-1.021585375499399,-0.3233582849140826,-3.751596353877171
-1.063802751696688,-2.544968289512614,1.8246066742717661,-0.5547270580665652,-1.1241788068722203,-0.10730488515237685,-1.1796961127732466,1.3975908994870476,1.8725390495505463,0.14380231199407958,0.3936362972321038,-1.5615378653110314,-0.3911967326475457,1.468312118592188,-0.26448970141423706,1.2736322117883658,-0.024021841801766124,-0.8189947796511159,1.6812005557792384,0.1855938594287288,-0.9636082210358856,0.4835136046460478,0.7927681404160029,0.6310152771938924,-0.11221113738721057,2.249704968064899,1.1836802523092929,-0.5612580940766333,0.7659006745413348,0.5594766945912718,-0.3352456355396028,1.2131564273360957,0.6673056702634724,0.20742212220577083,-0.14809585381450238,0.8439415328427734,0.7499393015080074,1.585796860379417,-0.3368630216223139,-1.944043783353988,0.7007660806170014,-0.5689068305225686,-0.12929997440143864,0.8164061984067132,0.6060635777945333,1.2158222451383771
0.6816611973947051,0.14051366450574646,-2.2235371524110157,1.1289432611753392,-1.4931205496205295,-0.5011725765205514,-0.23726671165376462,0.8304707188660337,-0.64588155418976,0.8647631910143063,0.31148691774085074,-0.5019338384445701,-0.10391135841763988,-0.8454606974969405,0.8109641281197679,-0.3211589738025089,0.09825419848066888,-1.8132985393878265,-0.13093160512144425,-0.8516883173223382,-0.2259267257132565,-0.6564267126462356,-1.3659839923128891,0.8075716276635695,-0.7004643336777895,-0.08819804915926263,-0.5933106760603339,-1.1027297342853528,-0.18470957718469494,-0.7846112151110796,-0.3992261312431416,-0.2079717004881227,-1.0896492847104307,0.8744880019660428,1.6142761676474064,1.7830846988691138,-0.6140990430216419,0.14616418219742403,-0.9815891931854406,-0.3184352359587524,2.022438809104488,-0.6503611571092524,-0.7570004663987103,0.4090139005688432,0.04085718944122051,4.319669920672923
-1.5312147593539318,-1.1188251379006824,-0.407502528177586,0.04517139878604447,1.3467295793301572,1.2285519517861283,-1.6032366772392195,0.7082344527763512,1.1171412401952774,1.186346382605226,-1.1669936098262073,0.8248177676446484,0.2666667229888442,-1.4960107108281777,-0.05166488471765786,0.9100486908088946,-0.21609335182014874,0.02791908801503705,0.6400323455837778,-0.9881389405247745,1.7994146271324936,0.06193756403493171,-0.12447131586242534,-1.2170381312159335,-0.486817465445108,1.1107949526702308,-0.2831656587214142,0.8003138532406525,0.827528347727952,-0.18219084034547162,-0.37330436343157286,0.20111611286189532,0.5122126342830202,0.845915655658829,-1.2675859769549893,-1.9550158545668994,-1.136940360564634,-1.3470850749549579,0.3698284270081227,-0.16311515567612941,2.183394572093168,-0.3269987493649759,1.2306687878599938,-0.4343827147507963,-0.18368539877035245,-2.8870212577201233
-0.7751195995717891,-0.5117538453562517,1.905094469070869,-0.17514116981614264,-0.7955956498294093,-0.14869435621576696,1.3821641517055632,-0.7983191861280986,0.1714880012983344,-0.6929824962089838,1.0592228256122396,0.8618200075531081,0.6326472243821767,-2.7096199142477295,-0.8006966966024315,-1.428965873777155,-0.22802009944309753,-1.7865450705425472,-0.794465215356563,-0.2183318276965922,-0.43328743559925326,0.9883457865231255,-0.46457253600564097,0.9340215320784981,-0.8525307305748411,-1.347839160165423,0.2517243442202004,-0.9396624549753367,-0.787847596792942,-0.374397611875021,1.11060995679584,1.721962676738094,0.09315199189215381,-1.5345378927118216,-1.3809855876058756,-0.6884489438654855,-0.9198102961402727,0.19363653943402534,-0.28333520980131466,-0.18007360574360792,0.5023889829987696,1.033149429146255,-0.19131655499116834,1.6805546628306312,0.07332915872874857,-1.8219729047914182
-0.4604075003187066,-0.0038311748424574334,0.49250001040283353,-0.7588562030880248,-0.2530323706131504,0.026671801183741992,-0.7588008392966948,-0.7307701632495367,1.731510341568934,0.4226942325852144,0.20608380052000813,0.9524050968239823,-0.49543398679864387,0.19444302179535225,1.1282561753936642,-0.48019821344913066,0.12819129701099186,-0.2197448610924256,-0.6471392971609854,-0.46334168568957895,0.7813023406671891,-0.7460669333419125,0.34814623132479444,-1.0189809922810018,0.6378773170000653,0.27157811155577977,0.9155967222918985,-0.9212463552417106,-2.3749672292999713,-0.8992183060043064,0.6072587021170642,-0.6352637987361195,0.13030660648716294,0.3740687136495996,0.9553955357345828,0.9194984614053386,-0.169205337747898,-0.32406465244108956,1.4691132528914181,-0.617607338730434,1.276171399794319,-1.5742163829933782,-0.9794053894867646,0.8174761299839257,2.4197043622152865,-0.875729100554937
-0.15668426345111863,-0.5555847778362882,-0.034491634011613724,0.15021640488519564,-1.4237300454401827,-0.7973420942603724,1.0708677814300274,-0.43078446542210225,0.06565494173640085,0.9264386688549728,-0.1895294577057258,-0.5377235308903723,0.8171941044013553,0.07933390722545382,-0.09923550441870785,1.0656333125135138,-0.8395659390698873,-0.3795071749772363,0.14927193149409163,-1.0129137634766303,0.6248807712181428,-0.28892139876979633,-1.042887241966486,-0.2946718411728535,0.1434072221286741,-0.22131530964266796,-0.8574854370294758,0.2818299671568214,0.7467034702927716,1.4579560459323406,-1.4718896865254647,0.8286694901467001,0.4150623685409605,1.355055807111871,2.0414575459666766,0.12674804959577762,-0.16011170676204026,-0.12126134147899702,-1.4739658632389685,-0.28750440549411715,2.187754867325166,-0.2681951489412821,1.137110754901862,-1.457936029635835,-0.5319747130488687,1.1937514314619022
0.7890505852320598,-0.3953875840371514,-0.24146015592731246,-1.3864152087058974,-0.5005670681499439,-1.7968058762062176,-0.6320972726808125,0.8783343010371754,0.24175306252128606,-0.08287508104927704,-0.4220999876061962,0.37233253146024864,-0.9197533925010037,-0.5257869084890866,0.8243095074396898,-1.6469584565415893,-0.27740814488440174,-0.17108943895419362,0.05084389798716779,0.8015461446961133,-0.5212191396898256,-0.32083384815896304,-1.4375740094917167,0.3004395197562743,-1.2954057956420013,0.850237921406608,1.7014299889714866,-2.4099515923464403,0.2583753662955399,-1.7470113735223345,0.48108827529533565,0.8548558915844228,0.30116455161662525,0.19291176297384888,-0.5434105325887092,0.011457765182424423,1.4371039146463154,-0.14065245646314106,-0.49909130606681573,0.7050275495958048,0.6030824690806212,-0.9596752997698279,-0.08965419756360091,-1.3905095166932557,0.09046936091298531,2.2993070509630273
1.8891768627079446,0.07313222676175893,-0.7721376338404841,-0.8657504217215196,0.3296000000826318,0.9599822475174291,-0.5837691608640174,2.5179158849877057,0.6346041041994819,-2.391169166378153,1.3982999532858125,0.7130797307620999,-1.1843229303760279,-0.18175751967633585,2.0737390459249654,1.6412274044025896,0.09788920556411698,-0.21820435778753186,-0.060705898338294526,-0.7455022943251992,-0.8374148860017261,-2.637272437520456,0.9600943355767421,-1.2929245258120108,-0.640105943667318,-0.9109769102050229,-0.18902508952164987,-0.4247592168863962,0.5573746843331527,-1.4166117645429037,0.10269168794544249,0.3007907378519133,-0.7711313969759235,1.1673617640861043,-0.3683967269457815,-0.9861555504287273,0.5237375969941793,-1.4792117374262919,0.1547530738036025,0.22652281400557153,0.888114877966307,0.2960920141260821,0.8306843101821907,0.9392392457087875,0.24981961869328217,2.8602347456487003
1.3458935633455615,-2.2723084288918605,-0.9345329181864439,1.012653067654011,-2.148492920254025,-0.9244027985189887,-0.055000101777598356,1.4619669967142315,0.6643235403289719,-1.0865419601166069,0.4597201406522946,0.28549744820966527,-1.3955051751771612,0.3767904308508328,-1.970213262649111,1.3270779663384689,0.2152548340714837,1.6211709072052205,-1.7625599371055027,1.2043588957745148,-0.7522275875907887,1.3245916760548897,1.4408413170976255,1.1243736022289257,0.21411226868745786,-0.9862954869686481,-0.4777519618447037,1.2266513024557832,-0.6950974518564365,-1.2175763370470243,0.2626015772358741,-0.17556790909675432,0.6383889918562655,-0.8156971593848918,-0.14684498930576503,-0.696791645382467,0.7501813391346174,2.116294279564504,-1.8792152654845085,-0.9537986571284413,0.25729693785408203,-0.09209359756422443,-0.46810053334621793,-0.7127634400130655,0.594930217870214,8.036018134244738
0.8499518992777209,0.2246665994530328,-1.3874845781259133,0.4490881580854932,-1.1431740551494798,1.5882027319309728,0.9697103513553096,0.21148575046979318,0.9839319215162998,-0.7852298915199912,-0.06736693961710023,-0.210960414236696,1.2892153934342285,1.0167221523380532,0.9741546266797328,1.0924344010264453,-0.4434872737594439,-1.884355950163562,-0.4730270376406335,-1.552139516080765,-1.0905177687106706,-0.30419674104777883,-0.16608599090614773,-1.0218246663288404,0.7682811063204673,0.7627188094892607,0.41159484580190836,-1.4145254653520065,1.2015382158019767,-3.0971764520060576,0.182123213714842,0.264544019354148,1.0350368597622137,1.0071269841758854,0.35084102026079234,-0.7235666386553506,-0.9796916006234214,-0.9293734861729321,0.619172645319726,0.6974975102156578,0.745164957352607,1.6270362017732252,-0.9881910242192238,0.8070791803984114,-0.8976888063548063,2.4348530714210352
-1.195551532416671,0.7159547978270097,-1.8240646749514637,0.14339401498147517,-0.464355790498356,0.15120370370657923,0.4686207895812985,0.5770022645541714,-1.569869108289815,0.7693789341863553,0.3611793620567468,0.26077674341051155,1.1620586073743546,-1.2720816398583337,0.5724957867126272,-1.4668830252631648,2.2011251241635574,0.23659111479588807,1.1542783731266009,-0.4849379477726071,0.661146699186394,-0.8221934930668218,-1.2341510456701323,-1.3285204832057276,1.8274256852557473,-0.4730173909378317,-0.6047600237252516,-1.8512895356169898,0.40678424589396395,-0.49305039751247987,0.405722607182511,-1.835904884792768,-0.30189570961453127,-0.2330332934635952,-0.9095289197839875,0.31742143130873385,-1.3172103642299828,-0.5297609101121594,0.5905081936299237,0.2741665312619744,1.2671764073206366,-0.9695495373811158,0.21628863046708002,1.6402749758149142,-0.6098212944060115,-3.97751035064487
-1.565516041090169,-1.0495286644908801,0.6875107947951816,0.18362289788925806,-0.37268240037881245,-1.5149172537085551,-2.1533294461298147,-0.910460728875044,0.6944765630247057,-1.4527813093335822,-1.259312713175907,-0.005873410851017255,0.7256020906064207,-1.293535618858837,0.8319414725540613,0.4407266876388491,-1.5009432071788606,1.2770086613673663,0.32509603446254787,0.4594849051950114,-0.6097373206495709,1.92505607688895,0.6561578793199762,-1.8049916630074176,-0.41705734768575825,-0.6143285816708047,-0.2767699912296639,0.4665888552963578,0.5700839653772305,-0.16743795990488308,-1.022036672111316,0.8823978195018864,-0.20971300714171967,0.5301830773318537,-0.23191118642794697,-0.4833475971301608,0.008277844743416756,0.3927529658127585,-0.42793042654709834,-0.08639789386625259,-0.05667651327173569,-0.6498239366930463,-0.12647761804209268,-0.8408062371645086,0.6931786250361625,0.650571365373855
1.1804629765339292,-0.8651757048729739,0.21029315061686207,-0.5168620622422769,0.6207352142624194,-0.028669461968506494,-0.5270325349283644,1.8160119103248817,0.3776034874151255,0.6189051035640221,-0.8750943159901684,0.2116319826575261,-0.6903685411888231,-0.738352365050875,-1.8280152340611817,-0.20504692637819755,0.3124748912910092,0.23694708367253062,-1.2733912256195947,-0.4232832644676857,-0.226475422184284,-0.19654978394118308,-0.3072210064630897,0.8600074563943797,-2.2160118826558954,-0.3500513171734552,2.938734414446322,-1.255953841213801,-1.4849269157411538,0.9954364038586161,0.23523565097722524,-1.1390799127155866,-1.1867852623528157,-1.6749210274712916,-0.32416668973664303,0.7628667907000124,-0.8787902483797938,-2.896031116330885,0.4502891736349025,-0.38075343509357984,2.514826320880819,0.7209205879352578,0.07892411786243271,0.21986300552951046,-1.436480608131246,6.26163897898934
-0.005239439467681122,0.7201327510965022,0.44194006925739837,0.8651102520926602,0.12197242584265958,1.7576875087413728,0.37917000183653465,-0.8855619346023281,-0.25356666136334544,-1.2699714378128988,-0.3344175936784905,-0.22711574801520806,-1.361369218796793,1.4356634749357162,1.0135409858411264,1.9826146485189535,0.14480219350284487,-0.7820053354257931,1.083688615920462,-0.9887368374735767,2.3200750365146874,-0.4511441232952024,0.8083308141857019,0.6694580360546588,0.2547027090148432,-0.49307733846572593,-1.331215536438614,-0.5355735161377185,-1.2628329988453797,0.26262212067942464,0.47940686887489425,-0.4629503886375152,1.1016276639229317,0.23305219666810972,-0.24185302175649767,-2.3896244395206905,-0.4227183673991795,2.0983750288628924,0.30713629867487807,-0.35147426836709134,0.5265176368006618,-0.246487606721766,0.519960909348592,-0.5768277567109072,-2.213454673923721,1.2576514459896044
1.1011017858829286,1.3690267128612534,0.3380695030973176,-0.24341816365132804,-0.8717444002687984,-0.1222005968189229,0.08988915644862566,0.48629003222090567,-1.854256803241684,-0.9755651449045007,1.9355773944698602,-1.02786822910621,-0.7139968745651668,1.1317591744036115,0.06172440741337916,-0.6819036736459035,-0.6333096198154384,-0.2484226004866801,-1.7674451839447616,0.8190319128511075,-0.8063871573787169,-1.1000787410991602,1.0076804355064672,0.4587402060985161,-0.9021632152903005,-0.45725694486129875,-0.04024506272014797,1.011483888528878,0.7533516201721612,0.05644704506100318,-0.9432434964909884,-1.1782262187944665,-0.5721473518607957,-1.2017029077157872,0.8096539058665098,1.4454658865535093,-1.0318022272579501,2.138118663672148,0.9463326903998402,-1.1156721326905255,1.5136526196473112,0.07577997991420493,1.9904104069071678,2.3475060790794124,-0.659693372829499,1.2534832863272367
0.7328930380683649,-0.7305191047548211,1.5170161441424816,0.9813077163863563,0.4196772612836495,0.9035273828233252,0.6363402442701879,-0.1929094817001952,0.6626259768538159,-0.9304956164834152,0.1152264456903125,-1.3335127108872242,-0.004503296577735761,-2.022190639375037,-0.17966111755040534,2.9242554950686173,0.7121862234976185,-0.7648956314023917,-0.05594664349374501,-0.9951667757532272,-0.3598489533556991,-0.37578228080604237,0.585337009093748,-0.7327425481124763,-0.012930617227419993,0.876879781964973,1.4076183296771567,0.3208011298813765,-0.3868109156945337,-0.617291070626302,1.1562224044296747,-1.6936796718383498,2.459836048580049,-0.5503845486221344,2.813832629766248,-1.601186375583711,0.7699562798141251,-0.6252093727275398,-0.6718701007681075,-0.5881982615869612,0.39394179630993503,0.004298401285563261,0.5800358341070896,-0.17125710013437676,1.313195955233914,4.6908388625429325
1.0772971529208542,1.1595654708590115,-0.02727878650049898,1.4362786769946854,0.5674938766768565,-1.377347639408873,0.4343096985002811,-0.11039675616896948,0.06671453466510958,-0.21535925867120168,-0.3465639777361203,1.514392989079183,0.6822625493668748,-1.7948209419852317,0.11146240998025513,-1.2844235750929065,0.8649430182269818,-0.6916434194786398,0.9149225714275304,1.0389700784189981,0.47625348337696594,1.0188038307165816,-0.6560298093619609,1.446593289383538,-1.4403314188466159,0.6306474515419561,2.105649069999571,-0.17577248493086417,-0.3724933328598758,-0.3318716836869297,-0.8483775717617074,-1.225215495151539,-0.7520664832774091,-1.7886056574756928,-0.8048111763203413,-1.0662590758589587,0.4807317936813202,0.005455805621828008,-0.4617228355928296,-0.04119522029009259,1.423673612732568,-1.1575193051367638,-1.7978077223511557,-2.114310930194289,-2.001236245177669,2.3055778266980775
2.225571685594263,1.689031373237253,-0.4306628605593751,1.1455849676158858,0.5458436869507156,-0.3985240928854613,-0.6166370612895969,0.8036414953675736,0.7427768444344421,-0.6540263634283607,0.1612115788335269,-0.7111130977813024,1.0581249394653276,1.1390994807108012,-0.9165047975811449,-0.42439188796341554,0.01931794716252501,-0.8467838591547115,1.371679976976491,-2.9190612363935737,1.0482628352860228,0.798150832389044,-0.7057670247635495,1.2835136054872687,1.0075510292775947,0.9509828884927879,0.7208511149405585,-1.2139703609022376,-0.7856054897418365,-0.22431665013929936,-0.25100909416669925,0.11403758990899117,-0.08510908842546078,0.15397962209705215,1.201837634595785,0.39852487259712965,0.5536698978056774,-0.24703181157357124,-1.375415477062832,1.2599429078482078,0.017626422197383085,0.26084241702515454,0.03130482643805476,-0.030826200007564912,-1.893013967449487,3.051114146557705
-0.06947139229439774,-1.5521251076489042,1.7465398588338077,-0.3336249413137047,0.9345387267373612,0.5938050156081488,-1.2163424426719178,-1.296012331870225,0.08510621292415468,0.26003712789467565,2.3145385690176905,0.8367736293363799,0.19610133959763346,-1.286369637038594,0.0646987564798953,2.1062127720986794,-0.3295053149599,-2.011990123098722,-0.38207872147223076,0.4551447998030687,0.041769515646523196,-0.3213016889695281,2.3864110464683694,-0.009527672725053293,1.088268472643528,0.43422848797280644,-0.82057956670635,1.4282056192517363,-1.4302582019206282,-0.1950122138579646,-0.2616306046415931,-0.9328043767618932,1.0186466588328174,-2.4641079016127243,-0.09286010007321675,0.5625855628760726,0.033619189208796856,0.4989708484593921,-1.0558556864162092,1.4956734406079344,-0.30569659467561294,0.9615167513747525,-0.5557985907681381,-0.04708767705781713,-1.0666249890448725,2.2771700755122115
0.22107599838137826,-0.13042287091405938,0.06077500596612517,0.9637463815023879,-1.2173377763672337,0.7209652707860026,-0.014711337351324546,0.037338020877591915,-0.9394296283167793,0.2714132926869944,0.9179585486233495,-0.6481784033223899,-0.2615926638564633,0.8827509214950462,-0.3753355060770661,-1.2201667539268488,0.5881988987355629,-0.9443312355178808,1.7110275382222988,0.6374809453059459,-1.73192424383569,0.4783907203889982,0.4697649161546263,-0.7131879171528419,0.11835759959125682,-0.6919596075839484,-1.0761313140747495,0.7724784815365059,1.9102175546932074,0.8212944635069541,-0.46848491770590756,-0.49199495227899137,0.39504093253146383,-0.20478132884609157,1.1089231065954004,0.883382484264065,-0.2058514627409524,1.0179242002075595,0.41546654008337974,-1.2813336175594765,1.0877777270727544,-1.4456240453352895,0.7297836648608612,-0.9876136607399791,1.9207817305859798,1.169371806784735
-0.6008159634748266,0.8712081064823176,-0.052671608397013785,1.2789256400753477,-0.3314266955148332,-0.43964105850640767,-0.9753386533927694,0.10237911372306714,-1.8608670816161228,-0.2841787871130037,-2.4246834903160406,0.0766523199872716,2.078730293590517,-0.6435881635918574,0.9664280391005712,-1.1665367358279346,0.20613223440335435,1.0047555282582474,0.3108379915959148,-0.34766854684584464,-0.5121689929732121,-0.07915149767583783,-2.0188446285491053,-1.5343630170933575,0.7003620964109903,-0.2936854231327667,1.9171121836810516,0.5564404713441411,-0.8317777969837685,-1.0411183207968342,0.6960598895906311,-0.42561834577731517,0.020646624057355338,-1.1686108902342869,0.13547550790309007,0.5733877706755226,-2.1774375020718884,-1.1882284705323307,0.8328006315308264,-1.5386734177472088,0.4311109912731673,0.7641825203535453,0.7584807869985684,2.9196098304460603,-1.8014057984874137,-2.000417775653109
-1.441763489809642,-0.4486365755371298,-0.7048024688491926,-1.1480492207085762,-0.30509237448044363,-0.2612585122911955,0.816765671695529,-0.5779757006015643,0.3591263231026197,0.7883844563197979,-0.407697745289839,-0.10295922787382424,0.1367394349903504,-0.4024987929150086,1.1680549131993703,-0.017234210747974557,-0.29882447085096436,-0.7771303274243928,0.22248373047710607,-1.9140201202426699,0.5888946124489137,1.330449814073706,-0.6520966841257925,-2.02468651557817,0.14225059690902384,1.482768908224556,0.2808372365246967,-0.5829514357644141,0.47457009030316494,-1.4689084546429005,0.051241423513643504,0.19029223635683395,0.780745056398664,-1.9495955777074057,-0.21813698222859682,1.755074588051551,-1.613231602014732,0.9054383704210803,0.16282631742916948,-0.17440326917404098,-1.1552093204517153,-1.5862544981514584,-0.5623959460256781,-0.4372861016182847,0.6437219198115903,-4.519402919632691
-0.36077009974813706,-0.6108683964191495,0.6763162980453232,0.6136830184479196,0.17849928627366574,0.8483850471716755,0.31111859336254455,1.2341301644633926,-0.5376431689292542,0.15623361709553588,0.06872713285377709,-0.03407958253509803,1.5771898656817815,0.907460592241541,-0.7091805856460985,0.5462292567972623,0.15587782995024668,-0.326870921463407,2.010877079109523,0.6953007948410554,1.059559458706896,-1.0133456760498687,-2.126329781428389,-0.855843971173126,1.772639734636,0.7857146759958443,-0.969555472537743,0.3767100810914421,0.7650411065662583,-1.3439838117056906,0.6612637262816768,-1.7992685196070979,-0.09669150630781717,1.58058958003622,-1.2078882076185284,-1.4943687816005553,1.0359688453910127,1.9084370020150114,0.02610229628783777,1.016900898156391,0.6570406581377597,0.45644338164168025,-0.2605952933810284,0.45223752704986536,1.3368611326958395,2.6932969305708747
0.6679761794026972,-0.2525768694631704,1.3791558206475474,0.33317708006187274,-0.01779184109517714,-1.3646808421481262,0.22239019063451568,0.5243337366653692,-0.5782096256724558,-0.8352349662223431,0.55311971281064,0.9857253226394733,0.180275121556534,1.6575725576761517,-0.14604260497587362,-0.8370456511977029,0.029024129015278448,-0.4724087580373257,0.5011984538298239,2.220640699372036,0.27226366871358504,1.2102241242159506,-1.4619681835252463,2.63304919566326,-0.9961766842110976,0.46576519128528265,1.5325279496638515,-0.06664753260942496,-0.5366132244547709,0.6996704718099949,-0.3817723086174411,-0.28958250402244434,0.058240336224779844,-1.8476559635064942,1.9320741550752227,1.9914972427598256,0.5295694846127253,-0.9204399888308585,-0.7510557399807879,-0.9465180971976352,-1.0889556700039555,-0.4291365312336161,2.8133241031311726,-0.6035031566388387,-0.2618195204101521,5.150100143106796
0.8327507278116147,0.22412619317487245,-2.342055807425141,0.46659603826168145,-1.6960626267988328,-0.7392839808862477,0.3210395970395969,-1.1006953938810522,0.7846761746351387,-1.6101414728958527,1.328192260503116,0.17044455281580717,-0.8530021411927805,-1.0502709178614609,-1.0717212401539848,0.5739332105524623,0.37174356811585624,-0.383450475881436,-0.27439947368981144,-0.1650024790433067,-0.717417858085173,-0.12184438724271844,0.6241086152668129,-0.542949469134793,-0.3281571548559743,-0.4393697810608143,-1.356266607700075,-0.2644451924390998,0.029534594933880845,0.43048896753190324,-0.1549252992076407,0.5005390512889394,0.2510630334630462,0.7253422270827593,0.29442232099678317,2.0695205081457844,-0.19484918717017763,-1.0863885121197476,-0.7864588709991022,0.3303634439445075,0.29737406660054055,-0.14663778992873527,1.0772684580835916,0.13440917629918825,0.7628638300151043,4.190717687897161
-0.35030269313969,-1.1417411951498695,-1.2759078432936697,-0.15734492290569194,-0.053357184859036524,-0.18165012359532692,-0.0163880144524035,1.781839018553282,-0.5205668371010423,1.0310836833631025,1.7158421454698123,-0.5565867662237581,0.2841605198314786,1.3103380144602785,-0.6097402717856228,0.7163188351507489,0.7107762609421507,1.4009539224769254,-1.6897246129430563,-0.3413896727125714,0.056725113919077294,0.7600220417949787,0.8878424460944471,1.827813713975499,-1.061230669597641,1.1270700437646095,-0.4325919506139084,-0.9583000881138971,0.4281972453755585,1.2388502011183635,1.2327560237723452,-0.292537398656514,-0.7584583421146562,-0.9720311555199418,-0.5514928043545375,-0.5417674056915859,-1.6341444571198465,0.7923278649837265,0.6986938427840481,1.058576610562819,-0.15509148951617754,-2.272511377631691,-0.77976244013462,-0.6697852956937956,-0.5561392040770119,0.7707959966005233
0.033628965959167305,-0.4440525771585066,-0.29755646745161984,0.48895828516147827,0.8639259132241578,0.16275263080633756,0.1512540447353586,1.3245522349401992,0.4886495532012,-1.0857892438982077,-0.7459224718850804,0.227921235537183,-1.5348482254695217,1.1132401207150187,0.7606641412731772,-1.1584346287645964,-1.9705416462477183,-0.882335664758602,-0.8007719943995645,0.6930620481619316,-0.0507939037035844,2.9041354171448144,-0.1792093698336405,-0.4892192413179656,-2.080225305632983,-0.2096139361950119,-0.15413406316851394,1.128832172493063,0.006459958894719654,-0.7762042492886613,-0.7978657469590117,-0.8868991864980122,1.0524804789274471,-0.525661822494251,1.3600272244708165,-0.3401425278041807,-0.22844964591508246,0.37763058463299504,0.5107563766489182,-1.8848458918527937,-0.47767200462485976,0.7911847010251647,-0.015180032307374762,1.600496073590911,0.8470739151518647,-0.10151628669951496
1.4455159803396649,0.5874182395037826,-1.6389522077466876,0.11221174493309603,-0.4550735947175793,-0.9697615795406679,-0.5543249218218592,0.5508733883983807,-1.4144848430357047,-1.2440188719598073,-0.02275968862987302,-0.9140939826454997,0.6080159632779563,0.6234004547428426,-1.9076139852209804,-0.5264335390608217,-0.027102719621365668,-0.8153902771748565,-1.2036663183850433,1.0150223164129606,0.5339400126675159,-0.3713101404731761,0.11292958668972514,0.41819317008448237,1.379053335720891,-1.0149371472185824,0.5942580253119569,0.23322607035911733,-1.4837524628365353,-0.2783357518824509,-0.4590046939517681,0.4693908316322051,0.7817811961204592,-1.7586725845976776,0.317535609222286,-0.6905659187796699,0.43981955145545576,0.7454990184738057,-0.10005475120222129,0.7237297588537447,1.6351218551699456,0.9603843996273791,0.6101133788843703,0.48533585710199295,1.2208569919936494,4.2812257229487285
-0.7076211419428706,0.8971275623447738,0.2547146669570914,-0.32358636265337654,-0.9489809125748631,0.8910201151651905,1.1634720055153898,0.6404748245477646,1.3464270067556847,2.051775779781122,2.179783793663175,-1.336563712863869,-0.5297991529516287,-0.20787818042883036,-0.02744872589105485,-1.1450970395978843,0.6346509819693988,-0.26182534127187634,-0.6655372835460849,-0.05612242764658399,0.5990768201659411,-0.9608437386231365,-2.483326765113932,0.39113388545360245,-1.2760282910460987,0.8487243656316767,1.0239484560262668,-0.20412687572958418,1.1191601618315195,-0.8440887130128287,-1.0455460875652067,-1.4000168889420108,-1.6220554820018935,1.2176575927244324,0.6706891597072523,-0.09358286439895963,-0.17460430671295435,-0.5371607390986226,2.3592756749124573,-1.5853016378485956,-0.2756322921908507,-0.4474354353142431,-0.2778807844106612,0.5006755199656923,-1.6505840780069738,-4.15292370700955
0.01698223288187491,0.9069242017131687,0.5802870838232367,-1.2534078519983032,-0.20479975900834466,1.618333244244898,-0.996072833606832,-0.9145493596343597,-0.12440271442216917,1.7868085739881268,0.8010298958957855,1.4701972312981137,-0.20310133631606903,-1.4490843022548305,0.5624427837953287,0.34820656546072154,0.8685099020761458,-0.5219599703064969,-0.6692330896011057,-0.7043230896848556,1.6464764807602164,-1.1690069398532232,-1.3943225898129559,-1.8793328454526916,-0.8493022722833437,-0.32813474476912297,0.45141454236119377,1.0014392302499469,0.7535821432057884,-0.8977966305910763,1.2729372128224254,0.4385658730322881,-0.18247921821006644,-0.6441984727692273,-1.506690434952832,1.5829608991070319,-1.0027075541952026,-0.35926116315200035,0.15253605207813292,0.2392970044070944,0.8072334964536944,-0.26902595355537107,0.23367055753889002,-0.3608830156297129,-0.9423267060782684,-0.7674509336405577
1.2944098609743504,0.8791686575431514,0.02015911170112086,1.3723173819575416,-0.35780731750072453,-0.1998959179770181,-0.7292920738777181,-1.871327007198491,-0.08314819807522636,0.2213810726126606,0.05969349000022885,-0.6572758841954776,0.7238577530869723,-1.0087292417737312,-0.9154281518407399,-0.5896719821592472,-0.1221221888048491,-0.1728193068289212,-1.2467038140806725,0.23193317290678786,-1.321604514410078,0.08795672753113562,1.0762528092455188,-0.38948276658932013,0.4746751320662666,-1.6427409392434038,0.6261632476448624,-0.7784428188312903,-0.7544430777033809,-0.855775031636926,-0.7066257220535198,1.043229700047551,1.3724382880248387,0.23780693164016883,-0.9608718144040089,1.0752785078651954,0.004219442583296073,-0.45347638939192303,1.5439959553723726,0.05847437752244543,-0.7050223169232358,0.8050390702623179,0.19791920758311338,0.04217693525427954,1.758634018219732,4.117995020261549
-0.4119487393089986,0.08581833304450726,0.9420219175244013,-0.7721846415463575,0.23600127079713637,-0.2732985587083266,-2.9155472097068005,-0.5540384254251303,-0.9955269365765814,0.7471941385059176,-0.6253510374439065,2.014121101581908,0.15021293192342172,1.1806178162835959,0.4534202248879791,0.2288637006039359,-0.9881981864644458,-0.3492102942717372,0.11678917635315308,0.17522934524764838,0.568319487642934,-2.076349433428074,1.4617965242193083,0.491646739250552,0.79423836028776,-0.24302153823685957,-1.1137194622003943,1.9153161218920098,-0.36560984399315466,-1.4443183757562283,1.789527337650432,-0.6248855769908951,-0.09453850377227786,-0.6976801005096805,0.2505191303202425,0.8733694013122019,0.28197203599723947,-1.3692797681917253,-0.21361836604097978,1.0047627806677246,-0.7818863196094623,0.267687427321238,2.00603061648513,0.06524331067772546,-0.06569652585027207,0.5219874075256284
-0.7530416083971575,-2.6596689199187895,0.559403103449143,-1.2981969587317392,1.0836587107220803,0.43458924837954227,-0.007033986691856175,-0.2577453523633148,-1.5159687268458295,0.35330458285925725,-0.7161237427961572,0.815540905833245,-0.7799275525696571,-0.2645272700808753,0.20782392498705993,0.14307203708634975,-1.5403669592313316,-0.4153806234228464,-0.5263159508321918,-0.46184077691164477,0.32190650995092757,-0.22465612856680142,0.26983194902404145,0.844627345272922,0.8160477494058737,2.1695006007808297,-0.4443070152881412,-0.9610170993900077,1.3388493473585044,-0.5434751194113763,-0.463557080436489,1.85389609013693,-0.4406951414787803,-1.115629459830218,-1.0356606887158843,2.095678049265763,-0.4334671123098041,-0.9076339490504146,1.907737259749428,-0.2635059949885179,-1.08479850566637,0.06596428712992285,-0.613893473893438,0.6268726037879886,-0.8468941775699826,3.941130636053001
0.9953298163365226,0.2756349458511434,-0.5241768197097804,-1.0392351204612371,0.34292215055304276,0.09629069951207996,0.8060818787240936,1.0476715674246673,-0.10494572886749601,-0.3505935793915979,-1.9985273515658117,-0.6645006328579105,-1.2863615687300514,-0.2403171598443329,-0.6490134720432316,0.041303359761655285,0.6701918576004322,-1.6357147788939879,0.09284259879924364,-0.7526759027302334,0.8275121241390984,-1.0786368169380787,-1.466437072683975,0.6464103035631463,0.8285720874795924,1.0354226491862397,-0.7654613673205087,-0.46933992014151454,-2.2681721573964393,1.0783926452974524,0.41063469676282677,-0.7686082740599757,-0.8162010791045383,-0.3086574909545257,1.804866001949613,-0.3397623772099933,-0.5485126307687693,-0.8782328840554762,0.07509031034789836,0.37508745715609754,-1.2941779493223629,0.4334096695253631,0.029618257319564575,0.5210346717692518,0.01524794672882692,1.2439711405945606
-0.2862952161378793,-0.3034052185888988,-1.0756091161951855,-0.008983126935788042,-0.9026259898902182,1.1620255035162974,0.22665237150931072,-0.9812124827812331,0.6840629798589946,-0.5010775853879638,-0.058085266224905105,0.9824993727480724,0.35084773627542376,1.1247614841811138,0.7194091556569864,-0.026641432159796988,-0.668271534806329,-0.5066963817067354,0.7856605902409103,0.22458094784047164,0.2524151135447102,0.3936621737572425,-0.8472533775600298,-1.2469403132985137,0.9030837232307146,1.09636534098342,-1.4645313494529868,-0.5250715222178304,0.5993478405869291,0.2234272149436108,0.27791813950693667,-0.14179468388999278,1.5618039832322315,0.02687437686836692,0.34781478934206367,-1.8213478570190262,0.6754827542393437,-0.5393441011952249,-0.9989779214269068,0.36113209258833256,-1.475070396113842,-0.8688446591607982,-1.1582822983756815,0.5852953101601224,0.2165645149995327,-1.8794942850263512
-0.6551385898936708,-0.07596830209985805,0.18919670222460908,-0.4461034600423471,-0.8388424167638516,0.20766741887014734,-0.514785446043151,-0.8462037438982962,0.0462498311983095,0.9929612305652034,-1.0049083568019386,0.18682708615011046,-0.29497996570972507,1.456064249863738,-0.7537949948933941,-0.7267087225201077,-0.3198729831925613,2.3810047501277514,0.5589561613968005,0.25437371257015073,-0.15704751282892898,-0.44231421209000604,2.1422644625885696,-1.6924427736609378,0.4556515977417581,-0.7956605156122536,-0.953374323408131,-0.48501605730469183,0.25816025623798444,-0.5334132433836797,-0.41103970868173545,0.615067294746221,-1.8554169361974793,0.46295913892447765,-1.2659547091607528,0.9223992631975039,1.9547792302922462,-0.15380636659217561,-0.7992758765539529,-0.018764654539515212,0.5454238522795919,-0.26561413619253443,0.13308267983773095,-0.7621220001938273,-1.9429627196277723,-1.0833609542881277
0.04701532201459286,1.6676202278226209,0.12016303717938,1.1923620265851314,-0.4285819894353975,0.3996120951681484,-1.0311108108093978,0.25437062482677447,-0.3148486990668609,0.31422394614104004,-1.997650243239914,0.3756396497306802,-1.03223508311835,0.3833101082825058,0.4731909436906177,-0.7881779859044674,-0.5903057665673367,1.6328978232115792,1.141156132907699,0.929131871231509,0.16337367967163705,1.4233870829961734,0.5089559247268144,-0.27278835231584625,1.4132285856282036,-1.2452331805379282,0.7981712478065998,-0.20974401953445598,-1.938775563651944,0.30677724001841117,-0.09293614395064799,-2.1961084701813767,1.1619046103882067,-0.4721514115518614,-1.752622146614455,-0.7979347715283059,0.0661251485925942,1.0509153093981398,-1.4070045921950929,-2.023339977129345,-1.6764569137486336,-1.1022990228631544,-1.8402648772997696,1.411168959155667,0.5174218895587702,-1.6368239770780275
-0.7300721920667748,0.48647434305682025,1.565909950289329,0.0787748192043741,1.4272924426805254,1.6268165974939823,-0.2021712199322631,0.523428130128467,1.1843793573646868,-0.808936843586062,0.6277977583729187,-0.3040846391814872,-1.5844693997389707,-0.6232428380466332,1.601468214724239,1.0083935317932753,-0.4913963073252655,-2.233944277984632,-0.2864473250153074,-1.5780143706523277,-0.740769749556502,0.4754259164815594,-1.220699577185404,-1.594428280757368,-2.126337483800985,-1.4110931598225167,1.2917684551678386,-0.19402727967110753,-0.9716617643926502,-0.1467957734717125,1.6743692032851853,0.3843415087415652,0.9972410573767956,1.334351271070593,1.782077869709354,-1.576632354989658,-0.07533815010124119,-0.5933832035363906,1.0855770059746321,-0.1911466399668579,0.5668156566353292,-0.4473876972591603,0.3325639456159309,-0.21522053443514788,0.6255072207634009,-1.4367489281668813
-0.15280213993242814,-0.544628356297299,-0.9105152579584266,-1.0849190695461952,-0.19086979781572797,-0.5856362842342571,-0.07040581876285412,-1.429300542532582,-0.1905071088225301,-0.2861360649840347,-0.2999133982482425,1.0257045532572573,1.3313782513103554,-1.3208309096149664,2.1356930262449825,0.40041082350785745,-0.24614412419053472,2.0983797735714034,0.540793879572955,-1.4811909073264824,-0.5216071679090749,-0.2868133363926254,1.3595281119444311,-1.2331650676850658,0.6035254098711558,-0.46014982910118646,0.19576061238066825,-1.1250946828789123,0.3171962932362591,-0.018258417130158335,-1.4220150901028936,0.8321613914195785,0.5251987904906341,1.6008101253274236,-0.03536559348057388,-0.08456465402028183,-0.2264202977442226,-0.7271301767010444,0.10012179716169194,2.5597666940290695,1.4069160903183011,0.06291273533522233,-0.39038883080971465,0.3332554528889222,-0.16475117206730958,-1.2193955456655825
1.5460752964121411,-0.9267466434894991,0.5230020178845338,1.1320047798905082,-0.9412564273653476,0.9034042264364454,0.17765858601915455,-0.21362355698827742,1.3333797209044829,0.41463882095240673,-0.5593420791185163,-0.7865270536439264,0.01912132374978659,-0.818583389275419,-1.526661674733803,-0.4400859000918408,-0.9299027481334936,0.675009697962648,-1.6405982421147123,-0.9186889021929777,0.2885076074928233,1.3153036324264216,0.38364718106194884,0.032991753278767584,0.16182771327673218,2.2547430419228216,-0.7865636088453094,-1.441175692001284,0.2584382339821134,-1.467158116061289,-2.619934659829111,0.22109344790873792,-1.1973304515217673,0.4320493481942559,-1.384723372198352,1.2708515943002539,-0.2860791729532327,-0.6595945849541854,1.063928542820533,1.602515221467659,-0.8117528835409308,1.021283228050671,-1.7344133276695435,-0.1764735708699808,-1.433041336609249,9.871050770934442
-1.2682489665604546,-0.3581749669483232,-0.8450276497714874,-0.35834851626602265,-0.18654711179842992,0.8596452085067033,0.5486117071171641,0.797977041261948,-0.7740505230713572,-0.7124117008934372,-0.3183683562029706,-1.688828305238235,0.46549109583212944,0.1765328140142159,0.8751214819185269,0.14949792796391276,1.3892995804061279,0.061353279967154034,-0.24797426257393512,0.5082622977339379,0.8645921060473356,1.1038945505662785,0.48133909563610383,1.1601965850890807,-1.7010660064812086,0.5423068679238463,-0.4795774515420118,-0.12376597921286561,0.7378597398991295,-0.003449915243202062,0.5251146221251051,0.4569313123386875,-0.7887420804474532,0.2786187855321115,-0.2860368301265151,0.8122696213295453,0.18430254894087827,0.6281441546631883,0.8801889899333993,-0.08523616396737028,1.4460519350892256,2.13560997826494,1.0469991315603706,-0.5000819222398916,1.3131004489220832,-4.959388025188861
-0.5345131748785508,-0.9830708799264878,0.45168878826025605,0.6174064490823238,1.2224935197075637,1.8750428492421423,-1.222182067680652,0.1968862725068057,0.7090900687187316,1.4350045455277787,0.8614145472547623,0.9764222564454393,-0.3198067633785084,-0.6721137417311174,0.2843289936965908,1.557997075716204,-0.12963049244553967,-0.7438741888262038,0.15334009891164424,0.12009821949080182,0.5894399778840291,-0.9443875292491081,-2.3333090216692103,-0.9689165615166043,-0.5698603429362791,-0.4747441951885147,-1.7410880001212699,-1.017447902463907,1.7094512289915087,0.47215406519979325,-0.13191389696656555,-2.0882353268898965,-1.6915033192368611,0.5380886926460563,-1.1676765394892878,1.7739671580267027,0.43619685818941456,0.7834476862367709,1.275804837450917,-1.0507983741872877,-1.9063938938148046,-0.3265812405175256,1.7665442298985345,1.0241015550848118,1.0556199064356113,1.920184496087763
-1.0264463634123102,1.3365415451501532,-0.1554377891523156,-0.025459457106042752,-0.5807157192520916,-0.4075963278936109,-0.5702125108164022,1.1923600911411574,-0.18632726588715637,0.6026249256878052,-1.5509026367049952,-0.9093241461888311,0.7546246744865357,-1.5780388983064388,-1.6650267248967745,0.22686088972632074,-0.6701744277447682,-1.6309179709437815,-1.317046907942723,-0.5180620651503731,-2.201527582098427,-1.0632465021435509,0.7546190483970687,-0.4432926362442068,-1.2866750214894631,-0.6652226731283272,0.9535430050277761,-0.8584795629471635,-0.8607099728223361,0.8002234466274604,-0.09454986058861144,-1.0382768204429995,-1.8921276862236476,-1.2283274435127391,0.7792765772064382,-0.16622532878162238,0.45619181447006096,0.23255925515705347,-0.43258172968564224,-0.5351895301199588,0.8427282483420561,1.0207746428656328,0.1332370168865103,0.20284021048011097,-1.2431897790382918,-5.369828671194433
-2.732292033713367,-1.6125197790390147,0.7826042261200068,2.134975947214732,0.6055156631866139,0.5749686882007242,-0.5325231549275876,-2.17684835642654,-0.6306233722044864,-1.2326609199631056,-1.2455964892260434,0.9134119800324977,-1.0868697074237716,-0.40927468456553223,-0.9584355016793616,-0.9777219200314305,-0.32923806151811325,-0.1586184126618509,-0.6351074354614494,1.224336634098892,0.3849042475717313,0.5860585446162588,1.5168649654790696,1.498006407304639,1.0154953243229308,-0.9479453432357428,-0.30648510312118454,-0.6856978727190267,0.05210223867503987,1.0315170256990964,0.6096670185857137,0.33854769236472537,0.1779611329772316,-0.9756601996075759,-0.38770057015047366,0.908289165417251,-1.6868796708889924,0.2966211159237334,1.4068093385354297,0.5909842300602779,-0.8562777154893011,-0.8061134952762509,-2.1769459054975777,0.36542741557989405,-0.8308239345541131,-2.0441919410547857
1.2098785149190883,-0.6326034404272861,1.3144978721204954,1.0847413355871776,-0.4963216001877866,-0.781721708915764,0.006060029565555576,-0.7280429382841738,-2.4485651431281195,0.18871083808904773,2.169097610864823,1.444588732685836,-1.4271002125209429,0.4892068829894981,0.5710368038164099,-0.7766153523782395,-0.7209866696625261,-1.2016046810378298,1.5632158871496191,0.425146411771701,-0.129623314118131,-0.3763808264502792,1.012687923866081,0.7735991710958426,1.4643301753561704,1.5287080194908187,0.13687100186340886,-0.3965842982127225,0.3398656183033039,0.6622895422637592,-0.12286289796851523,0.4635263458656921,1.0397278076479421,0.3812374551886641,0.0024346890060303423,-0.38152120833106035,0.8644538545841866,-0.15606528732537908,0.5236871901983788,-1.5769393794443782,0.3603495503261557,0.6352759150153011,-0.7176754175198552,-0.09941370218998152,0.9151218225115179,6.346305589111599
-0.19008932413299034,0.5554821646664262,-0.4784868904877402,0.972209442793673,0.5951540780161263,1.0069674839633933,0.3869449866180073,-0.07237416033722091,-0.581327442907586,0.05652627856768191,0.6483402753972493,-0.2935983493292827,-0.11960530848854373,-0.038378509162455776,0.2036739282172455,0.2950104325814184,0.6263001622734284,-0.367978210875009,-0.91930877792527,0.390783100128067,-1.9902921384103258,-0.3155982134920443,-0.0796963519800623,-0.8571939257872256,0.8208157684913455,-0.2379097544872198,1.6729135777954889,2.2614793485554636,0.8365916411791793,-0.2311596755951197,-0.6398452166835719,-0.03499518116227717,-0.7643389340531197,1.7014867140299978,0.8931413439254007,0.8370139713292326,-0.055765460657028254,-2.027418912977586,0.961525361640016,-0.4547961227759166,0.8161179233874144,-2.1483013046481854,1.1254703351152913,0.6545719229544912,-0.0022267101479592146,-1.7079062252423536
-0.5586582397551828,0.030966597804451504,-1.9516154591068668,0.041590712837583296,-0.08656284633917585,0.6285054760736527,0.39006464087733966,-0.8362450756136125,-1.3767042611191063,0.35996222327460664,-0.6888245038676462,-0.10056028954870577,-0.6971528371250726,0.5822484073140703,1.216542823729571,1.1506203886155766,1.2416656409031708,0.22544468692682174,0.35579758038403564,-0.13912747990336577,-0.4005401756057467,0.846742002249151,-2.338174356008418,-1.097505581240478,0.9225703616859846,1.2284241358179726,-0.6034622497432094,-0.9265932038582987,-0.4432373883498462,-0.03855186056703573,-0.6166771997463203,0.9985106493776557,-0.37011221551451806,-0.2947864756888841,-0.4238774368514455,-0.8545083865584496,-0.01843931197113622,0.49185963072963035,-0.010852130419435405,-0.3385903356718221,1.606787493979532,-0.15274576699163167,1.1544651399373165,-0.7498908825747423,-0.6864514821512042,-0.8821713468981462
-0.9503976844527229,0.051233342436299394,0.45583888602473926,-0.9178106663682688,-0.6299443035893687,-1.099884669674567,-0.6993950946555287,-0.5891596394356946,-0.8424054854116575,-0.7575706678087621,0.4078137715560519,-0.5756753994952949,-1.326368246749877,0.1550744693209314,-0.24006561975620178,1.2913932679154319,-0.8936633490469543,0.6520724204347302,0.5185135648922383,-0.6790999520734853,-1.2955280889163219,0.32247616302229426,0.3723127897103275,0.5100368138957175,0.9153695996099412,-1.079070723335588,0.9203789183843756,0.3426826455723518,-1.174957948815089,0.17491045933019422,-0.7001479179181327,-0.4601766061746202,-0.5752891858131622,1.4712325472144017,-1.7724084140701242,-1.0868677610945947,0.553623756856731,0.4478661229702963,0.8512767562926239,2.329873044175535,0.6898858552799816,-0.4684217585566194,-1.5587599692291971,-1.0084794286224281,0.9974795608525951,-1.8774939740141867
-1.1127958299490395,-2.0343410262827497,-1.3160425568229472,1.3106203914989087,-1.8401818237575471,-1.2651762378909648,-0.7503687719034299,-1.4788279139485652,-1.031850239656012,-0.3286982891171953,0.5204275472235024,0.12342400822044076,0.03430482438462724,0.2025070011227778,0.7737198035607574,2.588247718975732,1.4432046344550606,1.2227327638221923,-0.7458804876922221,-0.3881402833575856,1.815176251212163,-0.15416317459814174,-0.8085553093133666,0.7993007258361565,1.3582285315944225,-0.7531055152101229,-0.7738115466191705,0.5662616120321654,-0.7485734042358655,0.4442116255547224,-0.023031379303387944,0.30607021168380005,-0.3094858065053464,-2.0023310002223895,-1.2199662204235928,-0.6142888643750215,0.2039840719987162,-0.24649605800836202,-0.7524445023780465,-1.863331259717594,0.031080331012615838,1.583142910699546,-0.552889621814268,-0.7962861818266438,0.8639662055405346,1.2647428572973558
-1.4307641773514435,-0.13163014789676783,-0.921592465142706,0.3900949397140088,0.527399399096614,-0.5935674648743025,-1.117079141424088,1.8215292637703233,-0.055953490914095995,-0.4439489059850664,-1.0398011511373746,-1.086952765887622,0.8018751179692584,1.5375757735660374,-0.8872131851536803,-1.0312473873027324,-0.27717958956052124,0.7265070830671698,1.3211498243893458,-0.5484305316001,-0.8151414544556549,0.8942000718530371,0.22418977317124747,-0.968446812992361,1.5818103255541898,0.2745166773211879,0.5298358855082752,-0.5191348619150442,-0.2699246909950937,-0.1742267241305438,1.0263273385623908,1.0424649508499881,0.3222583785777149,-0.1345015575552056,0.081781678772239,-0.453478644294248,1.5400227407120637,-0.4548855651154211,-2.0036940803472363,-0.2669427525541979,0.530690748997378,-0.5741385411074879,0.38499214241123625,1.140565914789045,1.108851215228647,-4.596851481083645
-1.1897297593988512,1.653097844301188,1.2154043085724446,-0.3900915360742865,-1.4792705456139636,1.5195436915961986,0.5444884300308779,1.3233572553695105,0.4682017069386254,-1.200193532553911,-0.13136223480390152,-1.5213709631621806,1.0561993340528337,0.006894709143690391,0.3422653395820431,-1.6199792395409158,0.9885506772930144,-0.6270730139229233,-1.589977017133366,-0.020963946689073365,-0.5295619303924584,-0.41203871592375657,-1.0272757834517308,0.2034693128263851,-1.3661057244638892,-0.2122732692407612,-0.7920915003455574,-0.8968896073603212,-1.7845668996447288,-0.8138929305775189,-0.8572884057636945,0.7235131365921414,1.2901400484166623,-1.1632510905244322,0.3840490887615042,-0.691946951716639,-0.7004937881349297,0.04388533687587611,-1.5028267694359034,0.6364928932047823,-0.41540007314946176,-0.7570215579195221,-1.0189412022555546,-0.414207536957664,1.9718226809636372,-5.3550679257436204
-2.137922743234083,0.3454428718342317,0.34109486587627375,0.38411979260023316,-1.2448012959152381,-0.9995571162684416,0.19846198128081374,-1.7070763041609958,1.7599342456172598,-0.712320019423413,-0.49067015832347005,1.9157654230784749,0.23236840263161215,0.03346864784815673,-0.32090064394472295,-0.23082712091077065,-1.5148343120056507,-1.4707192836752072,0.6849981338090388,-1.4526056603407411,1.007503659714448,-0.14567920671477105,-1.3701814418964677,0.43621080003634605,0.16603959346717392,-1.1542616428867998,-0.3050299987755171,1.4329505782844238,0.6846153020412504,-0.3040906145075816,-1.6539255528336747,0.4431676084430522,0.39702190200720316,0.4398118878536093,0.3615213109754832,-1.915956166317933,-0.23455274091775802,-2.10142853531452,2.1764325549537964,1.5454984546153723,0.8341212269246225,-0.8247534548201609,0.2881323159516996,-0.5576808898888389,1.6367880907956687,-5.484608145535813
0.8499229540961201,0.8076985622209119,-1.0812728721103775,-0.7661666856381882,0.5352645207536963,-0.9034588534637974,0.06297196245520897,1.0635714269347498,0.07676956715057937,-0.7929801134354212,-0.46452691815256764,-0.5046691992040723,-0.7441999075063727,2.5573028880396693,-0.5387656987216282,-0.2849217105240196,-0.45848139062793936,1.9330796402163495,-0.5155946954096505,-0.02570948204912736,0.14704628943394166,-1.0476821945220152,0.7522702756495048,-2.179534216185579,1.7613580484861147,0.5016606448792845,1.3375860899548075,0.38819339910521644,0.9541873333402958,0.10910105134902374,-1.0531188073847828,1.5137949120736247,-1.3754698676460357,-0.1370416623520243,-0.3399152884710347,0.5815232120343782,1.472413269633736,-0.10789501823497456,-0.4951547653235861,0.5402683853894972,-1.4340148814802167,1.6204637658314052,-0.14279727901714462,-1.21584780313394,-0.3827799621416861,-0.5727501987452254
1.173876945314836,1.1260690574745031,0.42137282086931277,0.9317539586397647,0.05801010230914896,-1.1873569142205438,2.1018421193048535,1.0963394393087906,0.6042035647345347,0.6086278652990789,-0.3446542716489514,-1.227191857434171,-0.03182997155075793,-0.43577855181833314,-0.12423989049644156,-0.25738879382564084,-1.1765864869275722,1.8004363816927498,-0.21332599573785865,0.6657260491241611,0.3457197036891275,0.0539996383531675,0.18360910653296195,-2.147433134125999,0.7276333561328546,-0.44140731044248727,2.1186061513796544,-0.46941321702233596,-1.6986947134770558,0.8759921538552962,-0.30884323227654664,-0.48879702086702465,-0.3522981177808363,0.6103549943752666,-0.8012910587179167,1.04430076996364,-1.4707861846371775,-1.2391914598020715,0.21851949835069787,0.8785623747841688,-0.5520024992041149,-1.765078520842075,0.9711826295432568,-1.3728803254096191,1.0734468587572017,3.1440715299624484
2.191994285183637,1.3666649623864566,-0.648983389150711,2.568831620624738,0.426887827996984,-1.2270871413110611,0.7521769634619248,1.5637945109050264,-0.27453373841428663,-0.35095193914498535,-0.2955356925899531,0.025897118499586345,1.0375566602957558,-0.16124199406368064,0.3160460980752011,1.2371352529048931,0.9864384910728394,0.8300622920282318,0.8874832106403034,1.0764852244124288,0.593891909472466,-0.6224156535558384,0.6969670835654594,-0.6706549023932837,1.0746542888082653,1.3963693892700395,0.9487966492297577,-0.05611322808830455,-0.5847408575080202,0.09500089261846585,-1.4048946240009839,-0.0301641151473255,-1.2907498132376718,-2.1939339640969626,1.045179228172624,0.6996398792832591,-2.795646973999555,-0.6606506427155653,-0.33696521379924654,0.017025405077006388,-1.2155741982794388,-0.004174394086419739,-1.6450978324399623,-0.7667458724008053,-1.259795596695188,3.1426282083363577
0.9341316859353197,0.3803156050237214,-0.9461897653660497,0.31079663974497046,1.3079623683755661,0.18810234088642774,0.6994138289505935,-0.502650172513827,1.082560475130107,-0.8797810506160704,1.467976499047738,-1.354000480966538,-0.20793420023925555,0.7027963206457752,-0.3734086300441521,-0.47668696578098957,1.2913095197339617,1.6765977551273792,0.5392874434449275,-1.9163325190311855,0.1261659149599872,-0.9621364080771143,1.4855357084612832,-0.5901112390603825,-0.7064407833710133,0.2605747941246242,1.2649120913399774,-1.6399646348108354,1.6727172291379713,-0.8647421753212937,0.23657163566934314,-0.2962658338174492,-0.8819181891183163,-0.8198325519923486,-0.04119952629277614,0.07703861606867712,-1.0067297314676964,-0.3005967167282293,-0.8630491867796863,0.45814220987532317,-0.9796369715692086,0.4890203135531298,0.9798387644230778,0.9169638820175328,-0.9807812459711216,0.8908197887319028
0.49411830420813424,0.3482927174836076,-0.6021812959931692,0.4614265357797803,0.4920751050586293,0.2931760505923617,0.13706592945509052,-0.234917790756378,0.2630905103137142,0.49748588382019326,-0.0009194245325125566,0.7370757209302713,0.45537910301945145,0.7646428880567331,-0.9576388185521063,0.1498384288351472,0.7483252543633511,0.2937472194009909,-0.13263552639602605,-0.13600086161750496,1.3890895467068378,0.14466611169859855,-0.19799550488669518,-1.691685822684662,0.2393655263614017,-1.6540648010733632,-2.051957805259897,-0.32055372942110133,-1.332138640936711,1.0792208211161458,0.10768577344996479,-0.04405207943249106,1.2669903948952819,-0.4183632565287498,-0.7446663380658904,-0.41313633536670197,1.0899716556249126,0.5871036789746754,0.14458158298032278,-1.0410749192099702,0.05574249014215827,-1.0799402760920425,-0.5358240345992121,2.4937448835503173,-1.3053027636370722,0.44402229782603975
-0.3698780997553558,0.1337993454080335,0.1427286302623421,1.3570702323296864,0.21991909292634454,1.184144363269533,1.0048959206374093,-0.26321428759369336,0.19183225702541826,0.13277211308182793,-0.4376574034871637,-0.8733578102363972,0.61069104591414,0.3062699031519253,-1.3737994310483352,-0.8295820877697998,-0.27791700285946436,1.552536138274687,0.06390475880375196,-0.3293753731915355,-0.05310769200371392,0.32815689974626494,-0.8446725652783453,0.28402944398254343,0.38100286195538763,-0.5938191813559991,0.8033001009419335,0.2478865910283799,0.7484130496433514,-0.053615268926308565,-0.5866846453759114,-0.3338609647674528,-0.45563019059914595,0.42310301127673494,0.3861390043172119,-0.38718760492004584,-1.0931060129923502,-1.1654898971519931,0.1693591536658893,-1.2045641388778472,-1.2516610345505048,-0.5912921149272372,1.2329909800436023,1.065885279308334,0.20069498938281663,0.06381059053071435
-2.2036475126515502,-0.17966657378625428,1.886025174171328,2.6187869207047387,-0.6762902343244784,-1.3203919454605701,0.011902376993776793,-0.37959778792555887,0.35793797004281874,-1.421855017429096,-1.4308245859301734,-1.6066503266973071,0.1738301215814315,-0.29463538358368363,-0.5602087185411314,0.32462014419561935,-0.6717676761001712,1.564961045573236,0.1463119819218461,-0.31863355184501996,1.5427517265172512,0.06822612532472656,1.4221428081962062,0.587513871949097,-0.19696624663596515,0.6765727715153289,0.6369325604961488,-0.45902935640637654,-0.42271768534674087,0.8815632993262217,-0.8099996951417131,-1.954042503957395,-1.9680457369525997,-0.007150726868587467,0.25674875020993226,-2.215034693215434,0.1227462574708806,-0.17365162962171887,-1.4919226709861992,0.19989184182673422,-0.3431348488467865,-0.6003032768472877,-2.1496381908562636,-0.7604341527066745,-1.3269039146753812,-5.251863572000147
0.19476456843222978,0.5634059014776418,0.9879769161661222,0.38808540085922943,2.2694755392766073,0.87173407392794,-0.6799316557165643,0.5748546877640114,-0.9930543919424065,-3.0501545363175215,1.3906531005283147,-0.7660438934516289,-1.1597099032210403,0.14876345841672642,0.4251035780060959,-0.6031204397128374,-0.77429706524629,-0.8838016436776518,-0.9219976222882531,0.9165149080278948,0.9238684991759339,-1.0192917141477684,-1.3197643499422482,0.2302499336028447,-1.1052296208381063,0.25927930399927107,-0.7874057619893816,-1.0206211720094032,-0.8602980688484289,0.038405882117558195,0.2676928104680158,0.08908960068811822,-0.11353772988183786,0.4518787077293761,-0.742318031934545,-0.33322544282769523,0.1511500916932134,-0.7109207609478629,-1.2990264279982304,1.1654310479222112,-0.05090561625656114,0.06357204238727451,-1.0844876839594124,-2.5189129416256706,-0.7690956402324604,2.081426257423727
-0.3230084683385324,1.6626030675630465,0.5136002983595966,-1.5576191210797672,-0.33960443112469296,-1.3380161138525268,0.9579096690091677,0.09109403119668581,-0.8165440812105589,0.23898260806037097,-0.6142126741063867,-0.8387072575640464,0.7588876852604222,1.9128926739490522,-1.4258955817779448,-0.05574138022155108,0.6921142588371699,0.9998580763530628,-1.2769397813249632,0.05454899923133483,0.43670662349627604,0.8770388657356931,1.1410401693261303,-1.3541803983696785,0.8024993936529735,1.3016583850670103,-0.08191033254443991,0.7209785765875832,1.0513410886273358,0.2676559117600496,-0.2548036804448307,2.08514938957964,-1.2960177610049273,-0.21979494827181945,2.7701052880571977,-0.6591860286562785,-0.7374438981935109,0.07620620855045108,-0.20260984181033617,-0.016103259248161653,0.8643589095720368,0.2161502128567283,0.4388487726951977,0.9672185795884778,0.513392290559699,-3.3141420800900363
-2.657129271259623,-0.5343833493843888,-0.2424262907823189,0.017395718405900793,-0.513671100188823,-0.010924200304209576,-0.3442053512057124,0.1448380903509579,-1.2395453436004633,-1.1247560649023054,0.3256507884904595,-0.5474943513945097,-0.37367350183045217,1.3316513258544755,1.351735677692687,0.10162830811739104,1.1855952339382938,-0.24816323172180046,-0.8236088489251702,-0.34196563367812366,-0.3808397396622577,0.3707900828613274,-1.076011575101371,-1.9296839973715418,0.3126199700811227,1.5611685674835378,0.8280776840292486,-1.2399399689089747,-1.5909347381922094,0.8552004112168821,-1.0771512249857764,1.748570385980301,-1.0854135350396057,-0.23701119831378864,-1.075739256582654,-0.6812844132276364,-0.665311450290485,-0.29981583892915153,-1.4845764845866838,-0.2438434691220213,1.1895614147796516,1.8664486462677752,0.8076104252589625,-0.5656078520267522,-0.6785890184071757,-8.215869183629298
-0.9138722652816814,-1.2988829565216153,1.1918790873369791,-1.2657752125616681,0.21371290419917544,1.5654298581244908,0.6085473584861343,0.37060009729458415,-0.8602241150739415,-0.3337273411799749,0.8818461405624636,-1.089551952531779,-1.4188049879946816,-1.4257834212187057,-1.1184849663577883,0.6287475112014346,0.7893101371778607,0.4351088357114749,-0.7372032589923406,0.42952511477456023,-0.7300345971968344,0.853038007530008,-1.442838026640466,0.21129618048989818,-1.4155028536522967,0.3803279605096486,0.6803371458877459,-2.1605475688809737,0.9528401741955176,-1.6206806582656175,0.23561837040844183,0.4630721833894742,-0.015415444022182673,0.3346894017790418,-0.9844399376128725,1.670890351028188,0.6190365695309016,-1.8399393216443065,-0.09249883558282719,-0.004333624945789044,1.1221786574413701,0.6146951766172835,0.31089782202458377,-1.1774529235101718,-0.6678345044637249,0.8985129190434042
0.6133782971440503,-0.41458514849500877,0.9495870408363145,-1.2996955135867068,1.1521677078823065,0.4946470772324521,-0.15130362479302042,0.956340918203943,-1.4205876681012781,0.7362993304769461,-0.3662655093318603,-1.3086517772446684,1.4135875667132307,0.7952282424903958,0.18008775379934483,-1.2890455950734405,-0.1926830998625607,-1.2317816661637482,0.7541619041941968,-0.4900431135339776,0.08684500979960834,0.36960936680318474,1.1621144187423675,0.42390031584466514,-0.3952355331234861,0.10630539413966066,-1.2725314770773244,0.2759033449715476,0.4538550017201937,-1.066325699819485,0.00036646555942178094,-1.103427829452845,-0.0287123462198278,-1.2498628244791945,1.4185465201463254,0.8126227842005089,1.7082753301958462,0.0908932547147314,0.826634231617517,-1.166631010006516,0.3669286746525262,-0.015070598040866343,2.0539079307847983,-0.29686375621427735,-1.3326335442005934,3.9387453036629636
0.19739827967510767,-0.564862566638148,0.19133738590456664,-0.7297774505799932,2.404624274607335,0.0698492212593364,2.3551514649016925,1.6318024204320247,-1.4525036683939165,0.14049054138104033,-2.0985137113855696,-0.07814669794177241,1.2082140010936129,1.514908973038067,1.357008308447055,1.065649371000898,-3.5899852114874995,0.6752761382553856,0.3841717269555465,1.114903978223353,-0.6808537586193301,0.32695287740520096,0.8547679168585944,0.028266800009356486,-0.1296587281769342,0.4543605052243484,0.3030411578601889,-1.6302041935812026,-0.258255864690049,-0.06397127634173103,2.2642484790572293,1.1169987805439148,0.39528759653579365,0.2796677771354471,-0.3537893633537207,-1.2059230952747124,-0.47884125304345904,-0.21665037820647765,-0.23146132525415586,1.9336635581306008,-0.270030524205195,0.47670979521618323,-1.1800585280706493,1.696042065453966,0.617836949173279,1.9517374600080775
-1.6421785575893642,-0.4749850453891248,-1.5001835535133738,1.4351555663467765,0.7784731612877436,-0.29260914160127255,0.6023270123657484,-1.5717116175530668,-0.298881118795622,0.49412708041764,-0.7393111373722631,-1.2563162116835516,-0.9285131312286947,-0.5175779994168628,0.7552923820672279,0.8702839013190107,-0.4531331063671632,0.3790054049228331,0.6653350813619645,0.844562382342455,-1.0603228372181155,0.6657058288678498,0.28503194382468544,-1.0908338132357687,-0.29753829162951956,-0.1853786556385461,0.18191890341158362,0.7727826226390452,1.1947908569529366,0.1911024388072604,-0.041487052523431184,0.04242023698413024,0.9734676142883648,-1.1096877799800262,0.5711253512812845,-1.0528641509283987,-0.15993773546406725,0.7589434190024078,-1.3213399815429643,-1.2458855537771734,1.1427074256052898,0.6780494061493674,0.12432435729617479,-1.4141527456132916,1.2086356415037636,-3.18583572513862
0.3732951889919748,-1.1461803262332875,0.01232384264437895,1.2826047087242205,-0.4873701801152283,0.15848058456533892,0.09984247348184004,-1.0157344460644249,-0.8147320824776654,1.266951413343154,1.5955016095792134,-1.175727302877571,-0.4319087800412838,-0.10959236794561024,0.9442261369325574,0.4974929470621577,1.6740858287375402,0.5839279446346247,1.0070200381900063,0.7904405917972442,0.7106961193955693,0.07532647003005939,-0.18397748357466354,1.1432452673812092,-2.0117635044161193,1.4953084948852182,0.2086672103760447,0.7906557739127845,-0.2558483556682336,0.7684967016023294,1.9984540171111587,-0.4787508128087984,-0.36203449180712033,0.7306924112494783,-0.19128195829149924,0.14650189299344055,0.2777538327000485,-0.17746864968270146,-0.3100988097914206,-0.14444863620839835,1.0087935875603626,0.8604603875266934,-1.4697238444487097,-0.5121652367827886,1.518575397757537,4.457298338261817
1.557477936959599,-1.5644303805451614,0.5049301369051942,-1.04947969154077,-1.3364313921720452,0.8365394263049937,0.1281651687575955,0.752367479097571,-0.1617553407506881,1.24048246908135,1.018209847605636,-0.30155394920915696,0.028990296420168284,-0.2095162143849286,0.7201107830717091,1.615605751471823,0.7040977290300464,-1.254265438135111,-0.6951819880043943,1.668243959069516,0.5843796934265303,-1.4968799284175398,-0.005328381107558784,-0.3028806534344373,1.184666718629178,-0.29104944031290697,-0.43254765723785854,0.4868040876476498,-1.4182270737107283,-0.19084088055342124,0.8450958216081486,-0.20904701763287142,-0.02756851855646505,0.234180137939845,-1.4313807569594474,-1.6696966716114805,-0.11315968978439654,1.2643675293057102,-1.6504290038112066,0.0656408961417758,0.8346320500374744,-1.457996240612919,-0.4316704938503689,-0.20739988448267618,-0.8612902632391923,8.59102636611355
-1.194619418929179,-0.9261792501199348,-0.11500646275998216,-1.5103804740676041,-0.6464303470929702,2.2496543340256654,0.21470545745523964,0.49541151653447213,2.5128463354130486,-0.623268845612136,1.2093555033450207,0.9453198355879585,2.250071331912113,0.5653994813771732,-0.9332164936932047,-0.09977575261094584,-0.7403551256430154,1.970427553094968,-0.5106955702305104,-0.07667735772395926,-0.04134227959864996,-1.8362474129560098,-0.6115287471286619,0.981883302146267,-0.11040723155914477,-0.4994593960245651,1.291471056841015,-0.1941591317098079,0.5694801394444218,0.5626269443379196,0.24678530618710107,0.28144240613180105,-0.19900575072363064,-0.1866775215343506,-0.14567174532276436,-0.9672217092905488,-1.6810252050119365,0.05870338195908473,-1.2731046806760675,-0.6665190950182852,0.18113308875214673,-1.2099802848683727,0.08814360672447455,-0.2036787217023246,-0.866738606812653,-1.3179897272061836
0.6983681510988814,-1.281740222565132,-0.8956142163783136,-1.2905349530971597,0.9273998166958636,-0.4140586998460032,0.2247778896893012,-2.3662312938663104,-0.4927645548459434,-1.602970289869403,-0.22931774255380963,0.24374859418258674,-0.16013396122923054,0.6709926520105425,1.677847188345434,3.105230109975781,0.00329070549123605,0.7572332977403274,1.1245228275614036,-0.08422652861006583,-0.2701101107790803,0.19438264856862128,-1.228669570754034,-0.44908150649726336,-0.3747307445349991,-1.1011389779864877,0.9044325026639238,-0.06694518994292015,-0.6053766980798613,-0.7700673622071801,0.44232220453371573,0.090127373857668,1.2507905688554857,0.8586559600708239,0.23714576735561413,-0.2280591846788501,0.1126887594294735,-0.7247000576182738,-2.2222200379600205,1.365026073584127,0.36349417289026303,1.1964513414629034,0.388040839165287,-1.1530373380263412,0.8534512598812886,4.463546261860804
-0.09037571104481912,0.6419982762333355,1.130393811555032,0.02976662756736533,0.4341311594630968,-0.3129145570052541,-1.2697568789383138,0.230589774372861,0.4251898264740668,0.2421552268143779,-2.4265685629135434,0.7502832163236643,-1.0898236397553078,0.6324858524996836,-1.1788094940654483,0.17321496406172016,0.004601665368757739,-1.1774820605562626,-1.2907010013580116,0.025044745933482257,-0.14457859574205162,-0.6093481026234258,-0.8299389049581557,-0.2753463826831041,-1.6673900981741634,0.9996450037693156,0.9725311073013387,0.09116386105260035,1.3963005816486405,-1.2593943668084924,-1.0253856613329257,0.3496158283191778,-2.341103407633973,0.26748071142908697,-1.375450470805527,-1.5786196702803696,0.09351742133205623,0.5860706156994452,0.3822656116149202,-0.5704727587791626,0.5853909222036826,0.8398410156981184,0.3556941128813243,-0.478477054396217,1.0318455547302858,0.49407845993228333
0.5164623822618211,-0.9587382751628497,0.7617731366110061,1.1348539610578612,-0.14695826706438062,-0.7577314381000227,-0.8062722502977948,-0.33925806707288025,1.1308902134496233,-1.1988811422470493,-1.128684806410818,0.6088579812645729,-0.3047431370404356,0.0699255010759633,0.6218672032683514,-0.9212147615741872,1.0759716630783809,1.4350744757998914,-0.1345418476611663,-1.0527079902636627,0.08041252324954366,-0.9884957049078823,0.8094936607597457,-0.9485710576795637,-0.9691751064468942,-0.7950945302041458,0.8798022821314224,0.08524054326714345,1.267947836814618,1.1357769749811644,0.23734516913927792,-0.7189031269780299,-1.1616834064124797,-0.4621645956353154,-0.4629300276685469,-0.8985587085657585,0.526068605059249,1.0027879829900996,0.5755283357152752,1.6375576899727213,0.9108192591156498,1.1113151865131965,0.03932054376885038,0.15747382473731583,-0.5681228280549286,6.1842056527025
1.4221090174876234,-0.14748536102857007,1.3522329634800474,0.48052326070346757,0.8488007227856949,0.8400038533986721,0.5719855549096468,1.330223422692817,0.4899144102321542,-2.354536983586874,-0.690078706676854,-0.75320100305777,-0.5379380647070829,-0.3893130702222859,-1.1131993696863067,0.6865575287532313,-0.9057819916473739,1.0846223225016312,-1.440155725338308,-0.5232177926960083,1.1210955853077165,1.2582240384723913,0.6188435173501184,-0.24086784971741218,0.10583693019456157,0.750794327967051,0.008532191454092451,-1.4838187688817968,0.20035906831909098,-0.5953112354469011,2.053161128245401,1.7774561956705495,0.5872064232849922,-0.4375303439176182,-1.2961856531946192,0.03802837784664478,1.4766229393407604,2.255769028016664,1.717721351770495,2.627376930166112,-1.8584911262557744,0.06930171561014944,-1.537694130574054,-1.9915287147559249,1.251508704668647,5.588616713208979
-0.8941178266614317,-1.1086852921823562,1.4305857817278345,-0.3779557508505873,0.5348612656219756,1.735525078175058,-0.4889331015723696,-0.12238361564648732,-1.2588028917880236,-0.36855443367323454,-1.5769616986954407,-0.35527577559202017,1.0529354171673408,-0.2253880134380442,-0.28759523341951304,-0.3510583999609001,0.5088571874813111,-1.3910019966368528,0.8724829176578415,1.0822503716350544,0.5165314879066633,0.3475268539284248,0.1067070139025211,0.26629407425828605,0.4872897896029047,-1.1939882720719817,0.2280891243932887,0.4598016460162233,-1.3200426551246887,0.10293625481845686,-2.265792463416941,0.7786296448924341,0.127192175051285,0.002438231764606979,-1.9867731207477908,-1.203350129858396,-0.9810770936030935,1.98472764832465,0.1975375200608087,1.0580253599590572,-0.8601425841419963,0.387998208116891,1.144118650817424,-1.3940858527020223,0.4871051090758858,-0.7721928198164116
1.1937658482631153,-0.3613413561917081,0.7320170723734873,-0.15013509634164918,-1.0490135834344287,-3.047740358431377,1.316606392419729,0.2015105043200511,0.7954301120754744,-1.0396168758188327,0.29640755947690856,-0.7035405028597805,-0.93461780700269,0.5988595993762889,0.25231495384586866,-0.5695015975033094,-1.0537544719963357,-0.3669727568846184,0.4783717790000478,0.3742241557484259,-0.32388600326187067,1.1936236554882869,1.3339613659830045,0.4682538215999168,-0.1566247081027738,-1.3231450543680565,0.7038058592396319,1.0543494233457666,1.3080573359784777,0.5411725962906954,-1.101084464043639,-0.8629291387867433,-1.5417636177271195,-0.7533364205336329,0.10878454055161721,-2.390786358061176,-0.5807041388801312,1.321065670494129,-0.7215413942920529,-0.5407525487143383,-0.4193741494347792,-1.9415908661814034,0.8625980936176966,0.2974531684697273,-0.21655510418836935,5.711988568858132
0.3617147062633289,-0.9137623983036417,-0.9060913588929923,-0.8203197568199133,-0.4491484600303858,-1.6790605600673016,0.9519029439416219,0.6414507763746501,-0.14738630631111924,0.367771301408296,-1.3720218370495094,0.15678522944149662,0.1597978673965193,0.8918298894385605,0.17467665366554447,-0.4840016445506991,-0.7596717325479498,-0.5764228617060636,-0.8973878416658834,0.6644137290646056,-0.9878034494924539,-0.7934695844512842,1.6231982088642918,0.9083332542312561,-0.8437105666869096,-0.019752944483522553,0.11637606163544675,-0.7875759142138826,-0.17409701073085257,-0.2786861862687593,-1.4770772983567746,0.48772564459633816,0.19287518576640067,-2.557638485438727,-0.04607916471591434,-0.37582852278821116,-1.6818149983866917,-0.9529861056222919,0.8955775195772993,0.08948639020210684,1.5998412677244656,-0.034823214963863564,0.42703546480982607,-0.8710706752265841,-0.5157167858920234,1.5197173149590384
0.112273934373863,0.31085128755166386,-0.9784549728433024,-1.0707106608679793,2.2295146231117022,-1.4878266119251273,-0.18774798741986065,1.0700961898270254,0.8499605498167049,1.9984682607033224,-0.26277968704093757,-0.18705494457002775,-0.2039342002638528,0.6145584890215312,0.6109400252053272,0.9670322359285219,0.440452788989454,0.6197735007169728,1.3365717251691716,1.7674211978576586,-1.2022055202764252,1.4863729264263743,1.6586183336601175,-0.49070716780755186,0.44011495336228895,-0.8186936265531849,0.38053138015797544,-0.2490304000354314,0.08294118702038497,0.8368095324662221,0.36057470404614217,-0.026954547663336985,0.5554171624104102,-1.4753126637092158,-0.10569235432890046,1.9320473210312454,0.08718694196438108,0.46997727467395417,1.449190946884134,0.10960265768913713,-2.290861140358371,-1.6602780192016495,-1.5448883445299773,1.6437816669744627,0.26140491891843637,-2.307826901769131
0.2030862369199095,0.7858482013605377,0.3756183837517757,-0.7617392703811482,-0.5674989415269069,-1.7747854760203092,0.15439792534985577,-0.1529434107533891,-0.29134296852816394,0.07610777562576457,1.0000579843616337,0.6564443986984497,-0.09435104909533176,-1.4162179445874077,-1.1643236318296717,1.7598890272818426,0.41128629970757163,-0.08308759487487104,-0.06984656482939718,-1.6662726764658151,1.0784917616359257,0.8181059325106302,0.19865649062235452,1.7255547337568085,0.2767176021157356,-1.049176437191635,0.49010172105838984,-1.7718364045639694,1.708193352351847,-0.3186588251993847,0.7265913755024962,0.8199245589755835,0.5755684729709836,1.5195958644544094,-0.288669845860443,0.5030193253437063,-0.06317049590352347,-0.9678366234611064,0.14503330396027522,-0.9360111460154974,0.9486377868167998,2.1099061180203926,-1.1636135358566717,0.955359463498223,-0.42807918222283436,-0.28673213999513375
1.0279971416926075,0.8420717000185106,1.8113737698990378,-0.5526187738173965,-0.8043808243145846,-0.8291107288342352,0.2871307191650213,0.31403579797188114,-1.0630063551699325,2.147165309570044,-0.458325936558954,-0.03963744350547563,1.3539131701084415,1.0409172317407889,-0.544936435636377,-1.351881515194837,0.8056875319560333,-0.06249214964780578,-1.3864125662052276,0.20848179528713426,0.8046604679416169,-0.6961614939676473,1.7209780415944722,0.5209244622077344,-0.20230003542324124,-0.2890382733961623,-0.5451817794930275,0.4254067252906016,-0.6084728100764824,-2.3705190689084294,0.5202675273249946,0.3569244043868478,-0.20545367106136175,0.47497555186914153,-0.6067634052864262,2.744197807498238,-0.91967218667905,1.018498328604975,-0.14782174182062133,0.5777261484703579,1.345299052682443,-0.14393936427919563,-0.4510699561038546,0.3793270193423703,0.3194158870346225,0.30656546589578476
1.8408508152143879,0.5191682406723865,0.7308913101195615,-0.4571173262860163,-0.687035678893535,1.5597082137669798,-0.7093138563207838,-0.17281899123327454,-0.4515206145485657,0.5578389120776803,0.37824630579073765,-1.3762649181111368,-0.43830665812292197,0.8810995750251961,-0.12141075381314051,0.1336156784405666,-0.431722423051334,-1.2643579933247906,0.678408560301258,0.2310698867343173,-0.815460729453711,0.5714400286245034,-0.08418770564371979,-1.2250358905125078,-0.30779272464471763,-1.0882077385487,-1.5799425355268215,-2.6814884778958135,-2.241752798387287,-1.1715052959005134,0.8982483337486218,0.6223064253052621,-0.594788840489077,1.5519606442713072,1.8175524719983356,-0.6260428009809675,2.2646964724903516,0.6636972511687693,0.12712802716244465,0.6244203617758545,1.1967095870946716,-0.34748838665556275,-1.395650196217192,-0.05927435832864851,-1.2493715809101948,5.764373874785758
0.7232078205459953,-1.077446881525742,-0.40627210946666786,-2.2075101320119828,-1.7015656272467197,1.0331694330291792,1.5459401481307349,0.21873449683875865,-0.6042483465936186,-1.187947829339478,-1.4874499741119411,-0.22741733135253442,-1.9234075066994398,-0.6799072976125431,-0.37698694569469093,-0.2650046785065818,0.36045579334204236,-1.042272497564534,0.15339261282448968,0.40427661178874474,-0.7711772752910709,-0.5290623082146274,-0.08794706843162084,0.5974863373179838,0.041920377036797185,0.21969547167015865,-1.1844618454026459,0.22362159625383382,0.6620308420917683,0.09477455149011281,-0.5447153436040938,-1.1215679802918201,1.1254997185639852,-0.21017722315772844,0.376965804619404,-0.33285364942580065,1.2800122724350236,1.3623489182065371,0.3874004654449436,-0.903263941409264,-0.07990686108169727,0.13650581484226262,0.09296779612747585,1.9963099888164095,-1.745016829689572,2.292866156606406
-0.3292016324665611,1.2509843629444504,-0.48789230948839013,-1.1495791368737938,1.6454036774372325,0.13871989632763118,-0.3852454117986471,-0.17750530175817447,0.4498803530629607,-1.6444957553437682,-0.23533512062538353,-0.3166716116444135,0.9127701677117508,0.8651903036411116,-2.1669674972081574,-0.7715091925775257,0.4285551206768729,-1.8447066422732528,-0.09284828792161698,-0.25018773246007664,0.8720264022469729,-1.0651202360073633,-0.43590231037797006,0.25187580015784905,0.5174065661731766,0.6129997147380987,-0.7346595986888714,-0.006229069455219649,0.0887055086395973,1.1983188103717117,0.19573340888528704,-1.1578891099197637,-1.3576588857370435,-1.536460802965804,1.3478332151720915,0.9404242897062819,0.3132673420843553,0.9325300087111507,0.3071742832371627,-0.001241897119651032,0.3331713838034828,0.797470426585797,-0.08983582620580027,-0.35433802940982867,-0.34387841753605397,-4.651298290027093
0.8071411616224324,-0.1915738602465848,-1.3101115062617468,-1.471175519816025,-0.9557744752213694,-1.1616974414361,0.5407662585703967,0.4489686265428167,-0.5806703923597017,-2.657990347082431,-1.071187059222796,2.450599479384599,-0.053105920017572056,2.409529902356269,-1.383138791449454,-1.5981666438179374,0.8794167979973109,-0.930872550005288,-2.3891647554093214,-1.5682211833367397,0.23794171289242813,-0.9212933151525475,0.21994217297744695,0.14903761171145904,-1.8071293065035268,0.7063998781753631,-2.53396996943458,-2.9026082378151097,0.05773842381555454,1.7000928086523983,-0.6854356601099403,-0.6121873823009867,1.1417961558409493,0.35259298451715027,-1.8319762109060398,1.3409512477733172,0.997707284187842,0.9110238496243498,-1.4456671611961511,-0.17418910050911832,0.6552667156672445,-1.138320334132743,-2.0050773167170948,-1.0885672315286308,0.9698136313195964,2.5848410777638957
-0.6656599176310773,-1.3962847543196595,0.5892587210342325,0.40608078339071396,-0.09128347592220926,-1.980658067801932,0.022141563007584887,-0.3836196961364839,0.6055267035672606,0.26500449234324813,-0.7303132829535273,1.053614648831945,1.0616070783863958,1.0970143052935615,0.1363763645309529,0.0263480207114077,-1.2039524252553,0.46854652886238907,1.2780624052963714,-0.21516890294138502,0.2865887299557333,2.016087587082855,-0.11527195622789078,0.8295109920319478,-0.03907040260588628,0.9617867342499021,1.4840535667587869,2.7623240003198832,1.2671444922795232,1.9101986674752385,-0.9856141154679249,-0.6631419142083073,-0.12870551413143877,0.19352311410715511,-0.09954889359667098,1.3811056553798424,-1.4379622166947768,0.7688857539974585,-0.04847116603747265,-0.5445788853826286,0.3508858093919459,-0.2177844434742617,0.08806387191618237,2.048515032483799,-1.8503507780972948,3.4135637591644317
-0.7012321248735814,-0.5575478191042834,-0.28205603744102586,0.11913315124159389,-0.21768012867161257,1.0609823555832547,-0.7316583933742908,0.7540875643656363,-0.012318915708973416,-1.7366104443291233,0.9904499235545171,0.18514928894719768,1.060130059988579,-0.03362922228583871,1.6202372026797989,-0.8779674894682727,0.16492335562393606,0.23489029148314078,-1.5596343869230407,2.016961141004243,-1.3409821203779693,0.26211222873923484,0.38956024059241073,-0.9859449025305463,-0.012647516110217957,0.5450997684406375,-0.2927956462223357,1.3244442249523027,-0.6902880586110047,1.181547691496656,-0.7857520901088062,0.33724090802040124,0.27190318723936535,1.1339800958715043,0.4415870613506568,0.05285582287110638,1.1505278783080202,0.5332851709874443,0.7189591573864059,-1.0659519838219136,-1.0637967478222345,-1.232421295974894,-0.13989288809579556,1.671943909616894,-1.1585428628995775,0.3201887995655186
-0.8214561559850778,-0.2838632698703527,-0.10535976755020875,-1.2775081889165556,-0.07188768815389454,-0.43649446256961255,1.0737424679262195,0.8939236142698945,0.09986814236283068,0.3621847630228648,1.3165955155470799,0.22755845458400453,-0.5348506578455793,-0.5498505001694463,-0.25172631146188335,0.2472805818874591,-0.8133242632274593,-0.7226004344153875,-0.9640086570249649,0.008317919337244253,-0.09050523817215649,0.3691105255676978,0.14552500921729525,-0.5825800605001219,-0.7888128993230628,0.05507325488835975,-2.3833515399824368,-0.9999304838139972,1.619080482950754,-0.006485992851911268,-0.2655118671645741,0.46738984687362717,-1.564631337145078,-0.248142499297893,-0.4442748560428254,0.8416877624851687,0.8699105689770528,-0.7751467592289568,0.10175055132436464,0.6391546476981146,1.2572014089627166,-0.5785640047597945,0.17187854662866417,-1.3300407275947326,2.0773353075368473,-2.867669367546522
0.3587046406404359,0.2919115597959285,-0.9710007969217584,2.009535182939104,-0.40161721060980465,-0.2858655619892091,-0.2926515324595259,0.5123785565685122,1.279811909511805,0.7867953173758735,-0.23637536679025647,-0.7630143934110131,0.6352131623746707,1.6825076444447176,0.21231515152877486,0.5304823761060949,1.2342742353332654,1.2287294897727834,-0.31356906325939105,0.4181216720903635,-0.0033034891861946337,0.0851530624868316,-0.46172591521272077,-0.5250453564591749,-0.034083064938946,2.1286045614390656,1.7840165288270202,-0.25926669125343466,-0.7908428331105855,1.259734476606651,-3.530296429460115,0.12851856202694018,-0.23744800021643803,0.18500833388997331,-0.13269181915151496,1.6547460847892304,1.0602441674385952,1.2494881549879933,-0.7060347574196201,0.5352676318556202,-0.13539982622552715,-1.0423350334910184,-0.4281264495185428,0.5715037828661944,-0.6840093123330494,-0.17799092780390563
1.7304094440384536,0.5320534449194925,1.2100198800683601,2.1481693351327955,2.5322385291892044,0.48943739699208705,-0.026227681785134616,-0.5044140628793795,2.453864952700141,0.1339805890463714,-0.03309245089268994,-0.2700168398074285,-0.06549082257872774,-0.40475515451753674,-0.8469913351172589,-0.9782679914035463,0.17319506992302514,-0.7450419452365645,0.37299078953323467,-0.6883338452261406,-0.884170347952495,-1.0009852320175991,0.7195682723749547,-0.6628245398202001,2.520565756285758,0.12301773894672462,0.31210419805553447,1.2903878318321336,-0.4780264232838476,1.5539167331302304,1.4124150858643427,1.1712240016924713,0.5760469053733306,0.890621768754066,0.27530689938542724,0.5056258286153096,-1.6166873754586977,-0.4151993842549784,-0.4917986758468677,0.043853248784383465,0.28778442719167174,0.987567617262785,0.6229579259269846,-2.5819367646964175,0.5931085378418276,6.265661955830158
0.8269272795818347,0.4306633413008192,0.997460140807058,0.684124251863084,-0.20783790307297365,-0.582787884759987,0.20531417376664193,-0.9458013157579555,2.998362831545372,-0.7957851526560129,0.12499055280708103,-1.8412340131967342,1.1767496414398768,-0.07092861051322129,-0.44506223743719336,-0.6680582195823842,0.4663755441260784,-0.2080363608599698,-0.409097556438783,-0.4894097355532224,-0.6426333449920678,-0.2640693564131371,1.1366788698564658,-2.6090968384080515,-0.01478917903694892,1.3988888138916602,-0.011726596125395443,0.29274897939155403,0.008721966598023918,1.435347052824785,0.06670675940902285,1.6472760612622492,-0.4478792318068529,-0.9932456757768617,0.7738250310643788,-2.5115847218695135,-0.6580025496796431,1.2692755151705704,-0.231018924898693,1.0976194170677056,-0.705405010270929,-0.8737212500939395,0.3043382712432271,0.5046301777191369,-0.5667706130947702,4.318609740246191
0.963606516498143,0.8154002039347614,2.85160994528776,1.239477414334858,1.0383125245414508,-0.5747577967561784,-0.6629113652291752,0.11766384866070964,-0.340337785947126,1.0766047132412966,0.6544086700614267,-0.4042899326155969,-0.36600910264948694,-1.212769424139537,0.44837292342414814,-0.483992376562713,-0.8899854055132882,-1.2071618642133637,-0.3393876727009817,1.096082031390986,-0.5986552254392845,0.8417130699703301,-0.10707270979977122,-0.7551977292270362,0.13104794294710312,0.09427658922602053,-0.0694374127994617,-0.566985616939091,0.21223191454241108,0.897981616807482,-0.09036160099800816,-1.1225572454564965,-0.10148147959476723,0.6101861748963114,-0.29289352313334216,0.3855754262824185,1.2514927431635787,-0.10884695794748352,0.17389332791813547,0.4609570073261124,-1.0973406702829038,-1.0766966962435873,-1.935219811068974,0.6788556939430685,-0.507534743306876,1.9190580258810725
2.124863544338313,-0.8114646379746426,0.0198796746232949,0.7439852653866849,-1.377155794480786,-2.4101753550619547,0.8125470121999951,-0.6462959317729003,-0.9015934335502331,-0.019274505114161712,-1.199208856432112,-0.522818644807199,0.4200268584175592,1.2417798027721012,0.08591400535574863,0.5543942662443189,-1.0224270716631394,-1.6160656264298123,0.6465726664394015,-1.2891927358363868,-0.4805838922315755,-0.09275117079190236,-0.1292344303780668,0.6387012782663679,-0.05444474142250207,-0.08852851402879663,0.38983953167009344,-0.21847007854271197,0.8562158555988564,-0.2159588560911272,-2.002624714459608,-1.0561879792554714,-0.32143354771795035,-0.05944527499271269,0.3165466519109038,-0.07456136294449844,0.048046879657790705,-0.5119756331005285,0.10514445693333485,0.5111417209980126,2.14300354680412,-0.1492844227375036,-0.5037624680343521,-2.011703194780578,-1.0228948267018163,8.83651958588338
-0.4536086825920927,0.768986561088324,-1.319869264623395,-0.25148053293940725,-0.6535055648160312,-0.9388685522023676,0.7061723028869094,-0.119306498416261,0.6821471682268047,-0.33660108304477937,-0.3777113729723533,1.2635459963328601,-0.752979765797334,-0.31992876754001226,0.5585406181271673,1.563315998183428,0.16694132085005306,-0.42917156049690774,-0.568998742548039,-0.28664343341127435,-0.9945406544316896,0.40563600662919386,-0.8134308985837602,-1.8927081335427869,0.9005343619422487,0.17136604649337742,-0.331330999819371,1.1267363834167436,-0.06703921890494445,-0.4242374542057623,-0.5347184194903868,1.1181181818483312,0.5907903528217425,-1.5273616784485309,0.5766364906010334,1.174296032287344,-0.9145528357231546,1.063444270989713,0.47117627937657514,-0.03564113020970064,-0.23245327097185475,-0.06312501358726477,1.6883364889063628,1.1014721103075769,0.4822303817493323,-3.918160807710263
-0.22340535311524579,-1.0962263190421242,0.8342842963405238,-0.8076436900339583,2.714598462609988,0.14637415885074814,-0.289320139823133,-1.2553004101282421,0.5416127661108451,-1.9738573272857645,1.2101439721022944,-0.9561785028141025,-0.12892992875359946,0.00858657927825937,-0.94736660916767,1.680403047479462,2.109734339942994,0.08166045112012084,-0.5385848675622291,-0.49342087213785835,0.7594055087442554,0.15114289690188956,1.121793817115298,-0.19224496271245875,-1.21763335777633,-1.5010879802464219,0.637315614569636,-0.9649404991946516,1.0172386153217896,0.13596642921166938,-0.6931293676530957,0.3240050323922166,0.055729950139421225,0.025899040554662814,-0.3377781404481042,-0.07308756942272124,-0.8853952968333413,-1.7704635921351954,-0.5951794856981075,-0.5656067610659279,-0.6913701046046209,-1.0684289571886387,1.0301713654161357,-0.11924593862875241,-0.11859337029833189,3.141240662734766
1.8733957888642985,-1.3242577359780803,-0.9041804981994409,1.3480457923794398,0.09072335995051019,0.48329419030390935,-0.4589409408813273,0.41661711601547224,1.5144816057350776,1.347511439932882,-0.04347945856328918,-1.2619399941953093,-0.26776672351840586,0.0890349118219202,0.6952630170572711,1.6887111218950959,-1.2418583581561728,0.012957199784547768,0.022050262356999317,1.9607572464959055,-0.2715091382397778,-2.3851521638544635,-0.3386408446006772,1.4337484217408507,-0.9431953682403529,-0.12812731000617,-1.169228411431942,-1.2853133915481871,0.31810278529964353,0.30819911344435164,1.00898119985345,0.015013774786750086,0.5844832250148971,2.049296539962905,-0.7051007020867393,-0.40577222157978643,1.2938832817161794,-2.002189381368042,0.957829819251307,-0.760877068356985,-0.15122873017419608,0.7324768879579715,0.48896069814878174,0.05668606654616918,1.1177165541238265,8.15026231686987
-1.505374559680074,1.6918383689468777,0.4717719877666727,-0.05873262181449503,1.458262482975108,1.5334733202963238,0.04936874959720428,-0.968350350291465,1.1519912955624259,1.0229835177383515,1.5727316821119641,-0.5712772063774711,0.8769588680813516,0.41680252414125574,-0.20667434610680235,0.48345118018829075,-0.8899692565377196,1.396626001390568,-0.9053338279345948,-1.218833662916245,-2.1663821973988404,-0.8419681631762949,-1.0647642324300686,-2.0654550568948147,0.0035753959272057678,1.1986644935338306,0.967651272295178,0.07066366200750214,1.5845580516413145,-1.0017564416308946,-0.46186214939167625,2.9321469749092675,0.6340499318509997,-0.6359408822313259,0.5334105461356244,-0.5335372529284699,1.5898624995972939,0.3342526408946956,-0.12320820201229889,-3.2033779575556336,0.9287438781227239,1.8462486914575664,-0.8001742186646823,0.6552135001092887,0.7164111782648932,-6.0554976861534
0.19475579047401048,-0.38853880355097153,-3.058067616450699,1.078611508121854,1.607613323549214,0.31046384878072125,0.620990585371149,-0.23394066728087176,-1.1900165958508437,0.4598357715939895,-0.012653269055346212,2.9536387228260947,1.7475673523375892,1.6777527365700622,-1.0031701479184163,-0.3271985307029223,-0.30602631062092306,-0.8777050632464342,1.0318193037410737,-0.8886674134125233,-0.14786446915672502,-0.283804097578109,-1.0822396613550396,0.067206982190984,1.4076442680215728,-0.4557518884506633,1.5137710977370407,0.8869400858375348,0.9637940063584591,-0.6639896520563887,-0.5769843394695332,3.121182419624894,-0.2823961177582534,-0.44603994472310404,-0.13912079075723824,0.1767445608915375,0.3252754547723898,1.6733777405881585,0.4514555586105488,0.24332085560190797,1.3343157350446193,-0.9085920272964784,0.5874217676523936,0.5068905782562282,0.03872968847794957,3.321297376938978
0.2071250478565686,0.5528337298312874,1.3760196139327212,0.809002870610073,0.21646941219294408,-0.23401902870954663,1.8116323389287277,1.0788308680290564,-0.9794136422538801,1.546527019157792,0.15437991397421635,-0.52832227668279,-0.9847772429502106,0.24620681128729718,1.8070053439014175,-0.5299011947393543,-0.47970930482800656,0.06463171583989666,0.7747143210876543,0.32474538824411875,0.3489605224623901,-0.7295054349756006,0.8148246492390732,-0.2777425132730831,0.5383619733255396,0.021198756433403743,-0.05763659315605687,-0.9725476135454337,0.06544656712246359,-2.406045956671436,-2.927661496387941,1.7951816617694152,0.06429061260742326,0.7781623668924184,1.2935224988247982,-0.09501247555824938,0.7310066365921564,-0.08095915045007018,0.254354048073409,0.7941685278493531,0.11484923563274696,-0.13444274693315558,1.3434397289893996,0.3884257583781426,1.3979188648739151,1.3851928516497292
-0.08041934530334231,-0.2504932924908027,0.04132310554273204,-0.8457693529998445,-1.0754812061951027,0.38532302553248765,2.721127857527056,-2.4127376161076937,1.1938288835212694,0.6483212005765836,-1.4346296132919976,-2.3262695268239484,-2.482868193658326,-0.4834503373149535,0.1418879931915309,-0.1855156182420783,1.7395570981039217,-0.46347914799364437,0.3663382541133462,-0.025524456671646784,-0.06819956736944695,-1.7062739348371283,-2.3041931663338326,0.7773543202641553,-0.5242894201735732,0.7344567365751272,0.6342702456213614,-0.22150270471976027,-0.815141451042285,-0.8111493874699451,1.4075518944818401,-0.5431903621952897,0.141186657147108,1.4420798160529888,0.22212915950332054,-0.6782865027305627,0.44760569277399886,1.1706315994700836,1.4075136355434354,0.0028792347856584073,-1.6419621699203253,0.5023415355303203,-0.6230253271388566,1.8117222161669537,0.48931380843912914,0.7863277306081181
0.2830029936063575,0.33251010229466355,-0.781369244061589,-0.26896807584638516,0.16673295608709793,1.3746744053445703,1.7232261204869872,-0.9534205354479272,-0.04584773143135969,1.3654472843723535,-0.20757461544158556,0.9043644478339526,0.42581281468658433,-0.10133726223850054,-0.9640193893127124,1.148173213931698,1.1017330933973053,-1.0437191567555084,1.6559438300403273,-0.06565794268534428,0.6267085142517468,-1.2505552160043039,-0.939989202343898,0.8582086311674199,-0.11968338062543167,0.5729077941283044,0.58140879389993,-0.5650794987874279,0.5666000179715992,-0.4036484006955036,1.1101272016155277,0.3913666574502534,0.8413592922934021,0.9744685067082043,1.322642259160001,-0.36174940947373135,-0.9844148272164802,0.25111290902798933,-1.445196914466224,-1.001474621256528,-1.4237494607669459,-1.1147810974244152,-0.1817201375929216,-0.6128636046455005,-1.8975601773394264,-0.9933717458998769
-0.2546462557833731,-0.007166231729324979,0.8030650138841796,-0.19605000340694204,-1.1899393653651542,-0.9258467095903458,1.8326385442449173,1.1621471979936673,-1.226020048712878,-2.04771277993348,0.4116555710310971,0.5926287588398901,-0.186277134353072,0.12803287478142286,-0.24737044736636687,-2.6124624917896133,0.4976236440089462,0.21848265017967003,0.26299715347971747,0.5979971276014114,1.4525410119635285,-1.2302846874661635,-0.5452416665019728,0.9595307687244835,-1.6353408979887036,0.7945418342331474,-1.1387123500727139,-0.4314063036546844,0.2520569275901325,-2.3153021669447718,-1.4850322048855378,0.7276236206235274,0.2511607081311203,-0.13802255561373689,0.0066283151328809025,-0.38027090080107373,1.5461136085083793,0.6612864684653526,-0.7120482468007304,0.07895889943300648,-0.13925047097900523,-0.19256253743354504,0.3727377976316658,-0.7624864397243445,-0.8195800452903891,1.473850496379956
-0.8469298123085431,-0.5293494528119009,0.2423423406028889,1.3805031160361123,1.05163095924538,0.4152586356484038,0.37834006284832006,-1.5091309860450728,-1.13328373292458,0.8995179196595856,0.32887425417671756,0.4932932512825033,0.12104365291413793,1.5638246136506673,-0.014249681348631001,-0.984231550012439,0.20486666474627424,-0.9932469426966415,-1.5121178705195035,-1.253715223945705,-1.7476988182507305,0.6121872628010291,-0.7755286950613375,0.6594154536297888,-1.2627981649394042,-1.330371143356917,0.9331544450437141,-1.7410573229589437,0.1073424248372784,-0.5453835399296836,-0.8525713167107642,-0.4365298257155919,1.1752737333439784,0.22666145071660257,-0.9384354186438397,0.9366400652545862,1.5434103709076854,-0.9154212051407664,-0.06948971687686074,0.6100847650227309,0.08084393678415083,0.4592025944867884,-0.032667912372590584,-1.5753356237157945,1.1992541434510458,-0.2802122558875926
-0.6983687774109616,-0.13042974900808424,-0.7674840592048741,0.5039419613889393,0.6318227522340163,0.5938766888216166,-0.3168667653459313,-0.8759126320285578,-1.7153376118636467,-0.9022229002608291,-1.4639766825412939,-0.22305497674837135,-0.4828678706444901,0.45019222752554,-1.085924333086959,0.4265540340662301,-1.444968376758559,-0.9497659232801176,-1.2790529994310729,-0.10490183383826915,1.0865574246965353,0.024227398731254263,-0.35642020223005744,-0.2110620183430764,-0.2935224656379563,1.0490522731055079,-0.35304447096495384,0.3326849117717058,0.9437143472034817,1.4222781638445592,-0.1862793682918871,1.2271639414524687,-0.9283449613889605,-2.6666695252072183,0.6364673047824309,1.1061711557617244,-1.3166426367344504,-0.002747044844844385,-2.676214509871574,1.9640712248902075,-2.259183887754706,0.09974907630311346,0.4866381440306646,0.9054553826721644,0.6991800809128803,-2.1740076924248526
1.0035011936564033,0.9174270614327656,-0.0008450417427007037,0.4211889255080558,1.7713959008165001,-0.36360415588845796,1.5478767392116581,-0.12781927282150946,1.178593386134857,0.33471312594159525,-1.1755329390581488,-0.08171399103262855,-0.3018417355229871,-0.026560013317742624,0.11237509190794637,-0.7819060959901725,1.1445627957122133,-0.11567602300090672,-0.2536100797860134,-1.5090037148592583,0.46205483474630815,-0.8084379924178184,0.3618172092837901,-0.3269013092613544,0.38781698623194216,-0.6087410571823106,-0.33335352128681106,-0.41534812352619016,0.10100188091381859,0.7820636690921909,-1.2664766247005248,-0.7277251480653207,0.8901665530722355,-0.613934773861099,-0.35999165727003507,-0.16843632119056454,-1.9778636217383265,-0.13715842156045335,0.3841016142004096,2.68822688957224,-0.6987153898627386,-0.6642874922660771,0.7490461073022113,-0.3899433676104834,0.1497757930825165,2.933666600895381
0.3985644929628617,1.878271675898646,0.19599340056467762,1.0664045901362729,0.7760182817142385,0.26123716044172857,0.2800499675885129,-0.33599792473536094,0.717478356494759,-0.7069228808386271,-0.5414312473630588,-1.092440523347829,1.6000572298078422,-1.66775723303943,-0.052063395450912944,-0.3815280567938126,-0.8141418230647032,-1.0309593899346003,-1.453794763352039,0.16869630101310745,0.7402701203235047,0.11244159753121258,0.9873386431739435,0.11161657117561126,-0.7240927481969616,-0.8692631408911508,-0.2812875072960084,-0.8707136324642486,1.3139749243805727,-0.5470685535224246,-0.10718137241868121,-1.5957322062758437,0.33880538499021806,1.0971794183387635,1.0789120907708887,1.3590569554504637,0.6993070215503231,-0.4370465058246439,1.0661890922694948,0.3003279311894969,-0.9974549077237141,-1.111793364051066,0.6123141992620335,-2.7371383483581853,2.10361026372731,-1.9549256540097855
-0.5624666893719308,-1.3327837967884737,0.8129533971443876,1.1036447127826305,-1.0086679966233882,0.2884627267529544,0.0014168982112558327,-0.36545680986330326,0.232569617803094,0.9547027651197132,-0.6042043241182504,1.5481421927817118,-0.8715718702466271,0.44548764794656615,-0.202814770973182,-0.5408452209769125,0.20622940329324024,-0.3749787749650386,-1.0629156663410577,0.666845630069866,1.1025148021302822,0.34607050593933925,-1.047605172373678,-0.6438574546697381,0.8148830644254951,-1.0379225352826889,-0.8578011492661161,0.14544824032841938,0.5788909578887316,1.1571884876615492,-2.3658808452336313,0.563498463931615,0.0445664760655369,-0.025481950574220917,0.6782336294710085,0.4726651888386093,-0.5862726914213283,-0.9614673797090405,-0.6196288944740277,0.14694305573454347,1.023493702335974,-0.20992711391870908,1.3573206680260055,0.22341810972772727,0.35825591847340377,3.4875241222636277
-1.0805218166726696,0.09929101122741457,-0.8419933656729448,1.2205193410107462,0.41559124365113403,-1.8438290114834819,0.16879689380523633,-0.2510570571032056,-0.11559099177553116,2.9800666660004613,0.21462227826122068,-0.7667667044212789,0.6261314824691824,0.18875271035081317,-1.0945267177184541,-0.3819948610091528,-0.8938902011324579,-1.3832387109731281,1.131401515250099,0.8131839667466753,-1.1357480036151826,0.05672053737471164,0.45843131127491565,0.577737401633456,-0.4413512995459686,-2.2613986619150084,1.6536242127472036,-0.2487184197375312,-2.443425705759048,-0.9657265497481394,-0.4967642205212604,1.230571477276339,1.4156020274102625,2.4147124703009246,0.04461752039292494,1.5339739053477672,-1.729017468046773,0.9361463830032142,1.5702410054492155,0.6968694978103986,-0.12559398275432845,-0.6941345540822449,-1.5976369229918432,0.12818494361595204,3.065410218523433,-4.067678296702168
-0.7364807521164197,0.20294725962489815,-0.23559311359948906,-1.039324627256077,-2.1830036556154333,0.7783646861608058,-0.25199546481490176,0.11001258637697815,0.1286208161227946,-0.4094321410949709,0.46458321558631405,0.9429103126011242,0.04987658070552022,-0.40204315972054966,-0.11545493402005647,-1.365238872222568,-0.7092806661349961,0.010286786001682131,0.6560586016931291,-0.561646009953358,-1.2027268899295445,0.8061958869635487,-0.4570282409479816,-0.34921023648204824,-0.17272734344158172,0.4047591189696228,0.5013864197727764,-2.0136669027629317,-0.09446320816414026,0.18978299473668073,-1.4049416597445494,0.07537353652012373,0.15313042819256104,2.2075958134484,-0.7071736625506686,0.1769220819254347,0.5506680086123953,-0.5897703516126654,-1.4470573276007805,-0.6952726782007002,-0.44085965096402563,2.1177426275340414,0.2306154329555908,1.3744727265836338,0.963443397659012,-3.679496585657662
-1.2585952556005677,-0.14258166532344277,-0.3263089258043746,0.33719826854137885,-0.0978446940028555,-0.5864782772154189,0.756002375979472,1.2425312597978573,-1.438153460624176,1.0779020144995861,0.7930485952571196,0.5901697158159617,0.6661075815114944,-0.9240226870734453,0.9964136929467425,0.6717179324976721,-0.3667436348971167,-1.024034501367248,0.13887628189128082,1.4644907937296234,-3.487003121536924,-1.0980436113140328,0.9064198938707778,0.4398701623907718,1.4875544760171728,-0.08984131149986697,-1.2232122222991864,1.8560396251379405,0.27086865941325416,-0.3035823046297702,-2.0144904176889953,1.768471086044774,1.0565572691502212,0.5890762413465084,-0.6996237472868306,0.2651945651553375,1.937069000541236,-0.36018532511475426,1.172870744320149,1.5036852470194215,0.3158442272858407,0.4770583602888106,-1.5846634005595437,-1.2046577781951537,0.2331781424635754,-3.6563487078122554
-0.001206328142583801,0.29177326362432354,-0.7683845812974347,-1.2214992886250537,0.3698612449992126,0.6024615979106549,1.0639892978805658,-0.17837387067161792,-0.6549039878484387,-0.4654496967017268,0.41206788406884987,-0.576745614680054,0.3815660545687477,-0.8859638802818088,1.1897353583421824,-1.0141294216971528,-0.3333648416412515,1.837471690271594,0.8272213804920495,0.5004383379324724,-1.3307129794307742,1.0418366466008604,-1.6434124130293812,0.9448281855686433,-0.31719393388959194,0.8901317331267837,-0.7847482600967393,-1.240720515524996,-0.5633666395353057,-2.4250229053667627,-0.24622012046237554,1.289477744644242,0.6001394034037096,-1.0099422782062948,-0.6951439554351946,0.115407063666416,1.5350441484034372,1.8119092600734346,0.41571584605798695,-1.1901976836266985,-0.038268999515252526,-0.9460143924624568,-0.457220176652836,0.36384535390868955,-0.02189502253337617,-1.7581233855625489
-1.335805470347509,0.15469075967251447,0.6533223666935599,-0.18081422511143436,-1.0996065816190017,-0.9258429275692065,-0.48918701451088564,0.7708042850080686,0.9124938341378784,-0.658891552085432,-0.7182443840820081,0.3253216077817013,-0.7935852226534282,-1.4483393483828308,-0.9735093687357366,0.7807994548989372,0.41264094072906454,-1.5811882646602027,0.38143947593496386,-1.0167927765741014,0.051298347767543925,-2.152265102614052,0.04541595072645525,1.1713350092131165,-0.8308708978568914,-1.7204869098323023,-1.2778988008558574,1.82969942304054,0.9438036379108607,1.6345791994265293,0.18764455683064463,-0.7425620237141571,-1.1906534224748024,2.2864237701830703,1.0359679371204018,-2.6134256726065273,-0.17567726417875507,-0.8526928851378324,0.8105911140390696,0.8784745855843865,-0.7481014395305532,0.9882278692979323,-0.4811771343395961,-0.11733081185008953,-0.8541100737837588,-1.9389576687782688
-0.44724727047274904,1.2706378135173313,0.5487492745632868,-1.0032402328351622,0.6444838763058413,0.08611657567012956,-1.5941140606085586,-0.26659230187178967,-0.15939388108039318,-0.22657048764239637,-0.7942460133108579,0.31809256746007625,-0.7130014175356895,0.5862631779867702,0.47516333032068175,-0.8088223678300954,0.44538219742726737,1.2908760596071984,0.35802284896542674,-1.4322122308574534,-2.0523534958535916,0.610236749980919,-1.0434526460817666,-0.2912029952095702,-0.3947302935128023,0.5185442459059245,0.10630331942666812,0.8986737794173565,1.4436764457465288,0.35115876688330355,-0.46392113393158235,-2.4800522295376566,0.6792253667682294,0.652361046972036,-2.8142134697342898,0.027940651323965143,-0.005758816994198172,0.551514836300775,-0.648343966174841,0.7083122280961527,-0.8329751799180782,0.9959506076977513,-1.09245687463262,-0.7032354200699944,0.17649010913535287,-1.3488984088222618
2.0245302754449575,0.11956611345439344,1.1525104188097222,-0.6440833404785455,-1.3161064036085879,0.1946358410907388,-0.32204443105903474,0.061784203698046596,-0.42366629511198123,1.0329469302136212,1.037604194936375,0.22862605825892973,-0.5738536573934834,-0.20130664543221566,-0.3296701301447961,0.250862248080052,0.6789222316231005,-1.1205048950976861,0.17427117859438063,1.2760606242208845,-0.6691016914887113,0.5687541034236067,0.02803131949650897,-0.19691201426978935,-1.3510143705564874,-0.680056137605849,1.5489236243433706,0.3194732587390215,-1.1772846923626035,0.7404465255097793,0.5613757497141518,-0.8540712133468563,-0.40530707477418537,-0.3686305959827104,-0.8625381156092105,0.2790923947704643,0.8153791462262205,0.03479744606008233,-1.001974958816603,-0.9902216220217748,1.8220237530056043,-0.7666090975939143,1.8925057388390198,0.4732806238965629,-0.5790049468270362,7.146770482388717
0.7755317608153254,-0.3888396762843833,1.410105878627309,-0.11408352868767725,0.67304362584331,-0.5108505220841454,-0.2859628941978052,0.886455624232994,0.8163523573535877,-1.3348672255889311,0.05952404543840374,1.8424480760431474,0.37522165479502795,0.689996967644088,0.6574350457854448,-0.7269786402720464,-1.2293901698998895,0.3316789617743635,0.6174398324314656,0.5016839556519169,1.0107838876961146,0.22231484688447065,0.4594639613638263,0.0412006724428713,-0.7892622883613394,-0.1345885668702912,1.451853325723547,-1.1880951490218175,-1.0573725400993117,-0.6688584769356983,-0.671247958386278,0.07248606162018599,-0.16377588634824738,1.1155951745257673,1.1439079237583973,1.9434516741253203,-0.5259109772743521,-0.9193377919917373,1.6389226807705375,0.48258133659179253,0.6978082867097204,0.8340867528894823,1.144375932480125,-0.5643935076655262,1.0198424167771158,3.6768389732325337
-2.304181240894076,-1.7532949218723164,0.5073390871547171,2.6063830465677924,0.08218645954103684,0.3493095758592151,-0.20502157481920735,-0.9544793010915372,-1.2490226928728456,0.20810818784860005,-0.2508797533919865,0.2534452735035704,1.3011496082331357,-0.4379715149490132,-0.7910569006415135,0.557549413185461,0.628537934574026,-1.1381293078572534,-1.1577249175120243,-2.08631891240771,-0.347032725002576,-1.301251970724785,0.7856660541774435,0.6107942221389572,-2.4089876182884256,0.8319882356640478,-0.22341250961683465,0.30931879988658134,-0.8860402901453935,0.13631542764285737,0.12439935718616864,-0.5953532512198342,1.9049027687971443,0.1946935045025762,-0.31821924310888006,-0.38952688494278115,0.13521859562051625,-0.3015216112832641,0.41202245128177867,0.5684983382045111,-0.08464511084099625,0.45018775550798473,0.5949546884475999,0.3662620500282686,0.26472903471153353,-0.7861298514178978
1.8016207473288173,1.7750902043633496,1.3392306718159162,0.04512587112670696,0.3085854146161575,-1.5477440175939532,-0.20972502952994884,1.98770215462507,-0.9323508133101829,-0.3930689912821244,0.18200349161018992,-0.3009968959371879,-0.22304094679082256,0.2784388281977781,0.7553963703471217,1.7677817999915613,-0.8833537794928036,0.16647537704107965,-0.05829838452383043,-0.49306100312549905,0.9992468850557731,-1.0167235904780745,-3.3893068940935165,1.4743050321674995,0.4228265003207673,-0.22299745753326128,0.06701660821740843,-1.4480152539202928,-0.5692032373575652,0.126146643708577,0.05561108604192385,-0.4921570668276978,0.32337314908492076,-0.7812021394790125,-0.28321169015772824,-1.1715119745255773,-1.0846399327824752,-0.14949813588055713,-1.0116204138990987,0.15164026002186803,0.2739003017109644,-0.5271629273549137,-1.6047872315549871,0.2516643678891357,-0.5458511739873647,4.1949028105472195
-0.2347587500339707,-1.997758331994581,-1.1487649366157135,-0.30917269230938976,0.21896255305363704,0.793207574609193,0.6858309004344426,-0.27421588614291825,-0.7032771263912782,-1.7055137086982552,-0.5689623666692033,0.07534623925115698,0.5464829046318703,0.9583090720807672,-1.1062844451315978,0.5818452780929873,-0.6816837226322373,-1.9112367778928858,0.4459912447411047,0.66000316941685,-1.5032661094153874,0.4856174214369364,0.1782186022335031,-3.2288141079104804,-1.7950185327293489,-0.9652477832117391,-0.171654083719503,0.7600381672227507,-0.09026622547601296,0.7231410574931114,-1.3340142253730103,-0.8315103880687068,-1.3837618807533167,-1.73942882674804,-0.23783716590282922,0.12417037486804423,-0.009602376774650602,-1.0914020333835717,-0.5011430284974074,0.8931354564737866,2.164143532541949,-0.04771161424724992,-0.09719563793687878,1.1226608157766107,1.1132925747586406,2.5609999462314965
0.8307876179304357,-0.8455414608614236,-0.855136241914946,-0.13108816463295184,0.29373712697965215,0.9474090040907767,1.6605871785456425,-1.1473356371606944,-0.11475263496170246,-1.03097684482358,-2.2458176071934246,3.2306543482292795,0.20486256493003038,0.03783279490485648,0.792199349864746,-0.7090072398304531,-0.6068678206171758,-1.7431388579039855,1.92062541606225,-0.7577872082590915,-0.1059148010792595,0.6092165857745303,0.5127464866630679,0.4186399761377234,1.5290388483639177,0.7268442552392421,0.1660622463149333,1.0628619316595789,0.6240752760839351,0.020537586191134525,0.15248246042550875,-0.2542388634359957,1.4571468661368396,-0.30136811658066615,2.632864687016372,1.1769200549407415,0.3596066390123291,-0.3175275169893667,0.7161419321754313,1.0633833758150562,-0.5822612977404504,-0.8997482334174174,-1.036652212074054,-0.6907819284114813,-1.4118108117127635,2.9007190583868327
2.3518445398364736,-1.5299203232917604,-1.5020902295001595,-1.1111074604196722,0.842894053053592,0.744674349014989,-0.10831864094731801,-0.2148477013209991,0.3895624162793955,1.4447370808684068,-1.1417367892525567,-0.5634177364419778,-0.46828953897628933,-0.7958216037703515,0.15172285293361226,-0.20095484017212698,0.976992316399192,1.3231331687657046,-0.9970666489546978,-2.105321576474413,1.504333203485472,-0.6837480288067764,-1.0305995339890364,2.0071110386161775,2.237534108220457,-0.9602477032614857,-0.4159760547187114,1.0855366420907817,-1.7836060000464942,0.58943706393357,1.2953540912167771,-0.07541175272932672,-0.0130975232807046,0.49220752922210864,-1.4672856008462738,0.15642602380180284,1.3841873028817648,1.666354409523967,-0.7330589596110361,0.8454074597461866,0.8924244508935985,0.023181542880886145,-0.18926570605436493,0.28924148508636244,1.364677329234979,9.455908231402008
0.2259461292254733,-0.4463307496338369,1.382556582899957,-0.4997232721452117,-0.6535405908653387,0.465893984771658,0.13110436815686646,-0.4249690340838547,0.9634587284139049,0.5715922497592285,-0.45731118516076624,-0.6939431669440744,-0.8166225994326278,2.3020800573782356,-0.3276978965393044,-2.5754608735993423,0.8630063534113143,-0.17193523131146668,0.28790459543102814,0.8295506790866297,-0.10545015267995923,-0.2559704782872477,-0.1707577398907304,0.09366041489919194,0.23444974460319948,-1.0096542522053136,-0.15107128444167653,1.106201685602338,-1.8603892407185616,0.5116088396886397,0.5663640446762596,0.6124632605793829,-0.5381337905370981,0.30231925797662773,-0.4529884342020099,-0.8915610319730193,-0.654801963977935,0.18303523468641292,-0.6953284127793946,0.01475497567051891,0.8928388062904286,-1.033930732427074,0.7815698180078983,-0.8486170828567436,-0.6886449580427574,2.5368326727922335
-0.04551164268987471,0.4814526953975024,0.1356797866881591,1.201166352641071,0.16490079066226784,-0.28810467157462255,-0.18064029407047352,-0.011632090353414828,-0.6089695137432354,-0.012145840214126439,2.1481804200753065,1.3125549918065709,0.3131713207881384,-0.5031909686173169,1.521958882964251,-1.2154864064134674,2.3659177687102124,2.1869177021645028,0.5177984473345394,0.29953752074667545,-1.4051717606966787,-0.590579423721435,0.7753852437970663,-2.0117793469543384,0.45084068111068615,-0.4814489596137014,-0.8067862256627746,1.0070329166139005,-0.6827262564848345,0.32779813089534815,0.8250987155896096,-0.22588206385687704,0.4034684355805081,0.21630504327038086,-0.6074604970421019,-0.32223622290188825,-0.42907402830998126,-1.4012359346744885,-0.4003360662575792,-0.38553658294827925,-0.16085926880701246,0.2180637673332249,0.35754660112826664,-0.8959619534119038,0.2918536674290085,0.03425640343415909
-0.37140918070581763,0.41270824448455834,-0.361017907531591,-0.988739352763441,-0.38424802426852867,0.053171185476867035,0.6751586161998968,-0.024685365923158877,-2.238669578551736,-1.3359943533009377,1.2094685000425438,-1.9125776249329969,0.09693874774423951,0.2818576191953956,0.7240548664754803,0.866030494601209,-0.18032019927777695,1.606361329451211,0.47161209835570905,0.2511018617599249,-1.0169810051869144,0.325765942913215,-1.5368535905673493,0.003196316468411493,1.4616539841370328,-0.169236011628597,-1.5337990420700174,-1.2988787999401592,-0.591199433919796,0.772581342796522,0.8061298719675111,1.9135980754575574,-0.1666011269399989,-0.5535408717686194,-0.48706902250703876,-0.016746485884793626,-2.4674614540845003,-0.5483036174660352,-0.8897006647904566,-1.1391611872555325,0.6089809591772343,-0.2210593826332991,-0.357458348241741,0.02038849877925034,-1.3336262644823893,-3.4646698921784833
1.2854929726804667,-1.1080159689528322,2.1397661781166213,-0.17184918379618677,0.8576105585617946,0.4840382360538831,-0.7425138838468877,0.0028174861548388953,-0.6427930899823215,-1.1588021401752573,-2.061485393870904,0.7180749095233212,0.5860295067355435,0.06384306086544153,-0.14273811416390852,1.2395433545413326,-0.5099082842749524,-1.1785802709114508,1.5591110241493902,-1.052231371066931,-0.31606308472421596,-0.9973935626889826,-1.203207905697809,-0.44070013671023184,0.48360945066345834,0.18431478962074993,1.6578925393909356,0.29098499949028306,-1.5488354385234604,0.8430476041643876,-0.20697380439048318,-0.48543692777441355,1.096065566614185,-0.28826758479273507,-0.37947330827267045,0.556356743455506,1.1607033789107153,1.1399042444424836,0.2105239944700458,0.4219155542146831,-1.0416768061518222,0.07065278251439015,-1.833230933953694,-0.7114901455889922,1.804628384861776,4.889434146536559
-0.23385391213577647,-0.15369505750231258,2.4619212028247914,-0.30294932896109367,-1.4225943298491628,-0.5906191052696478,-0.4165501616810489,0.004110844343196817,-0.37167492648940076,1.1636791092654608,-1.2753715444857388,0.45083796020072503,2.377606139391593,0.6764515170882919,1.897159208556417,-0.8945697991555793,0.13979817502389133,1.578244428010551,1.4838989041213384,-2.163909409773811,1.3643118856027359,1.0023445431457367,1.7151780004072739,0.2038546441474025,-0.6456219190383011,0.75419032578332,0.26462244702364923,-0.1461057351002022,-0.6977064907646606,-0.8289501597579556,-0.24049129301751865,1.0255685180666128,0.2113675237550361,-0.5158203892115002,0.3802520433658602,-1.5678797441800347,0.10694485198391339,1.20743193629882,-0.7525657888720024,-0.18961790894508856,-0.7992617774849705,-0.48511130859659407,-1.073605436191875,1.70109565622116,-0.7879432733522339,-1.2919838078570276
0.6237185591410143,-1.1530760516338026,0.6969058917263885,1.368306994961178,-1.3412303334272373,-0.9575265625777937,0.3653155873797158,-0.9663485059328365,-2.4400197625590425,0.9695975306468537,0.7768492995007208,-0.12852290448094753,-0.0757973604694487,1.061023422030684,1.1288572104758106,-0.791095127664263,0.9767017616599686,0.11872916243182143,0.7703227820355862,-0.3771822763718586,0.038288863250359045,1.3087243063481384,-0.08132144214313469,1.389787885191559,0.4831512880857342,-0.6244458593444301,-0.21094768070857237,1.364787997638586,-1.7236079923121943,-1.2090866969748895,0.844832537307654,0.002959290029216751,-1.2147815217769082,1.696710936498202,0.7301052173749731,-1.5756795432877702,-0.8735787316444079,-0.21358269631749188,0.9982944252145157,-0.5094031832234472,-0.6437980910293943,-0.762066552906949,-0.6490208949445292,0.6093574192129417,-0.18027842525029666,6.656760728146645
-0.2733289662497692,0.4831499411062294,1.4730601275433894,0.5418139966277206,-0.8868066670434572,0.859071014883361,-0.6455902039454355,0.206849716909325,0.029250725396859325,0.404348041100234,-0.5209473431270847,0.9315547767634924,1.063287562001934,-0.031863258449280965,0.7754024494934392,-0.6885539112430528,-1.4561268680755173,1.2345616988688017,-0.3133985354571976,0.8481363169636454,-0.6408533273607473,-0.1927748012700283,1.4481006295490662,0.8710206465707266,-1.1683789745452295,-0.023818920179840948,0.2229221781582604,-0.1933735965425895,0.9749622900836644,0.31776169862382897,0.15050503684746552,-0.6397214239168697,0.056639562257841454,0.9098849842841538,0.16078168909308194,-0.8855219681049237,1.8466590648156598,1.4020404863940668,-2.0752725086212296,-0.35845314942691037,-0.3774448845689742,-0.39698772714397657,-0.3111161215367599,-1.3544764902950817,-0.2935499492040154,-0.044219620992411834
1.1929052432645846,-0.3547339089843158,1.3555441233964913,-0.1118542499712417,0.5936801078762918,0.035080245203183015,-0.3619296077828926,0.24387853781876445,0.23278313775325638,0.6233810817148033,-1.6393213244644862,1.125816382133329,0.17978221518989784,0.28312790540011235,-0.775061673874738,-0.004066053772489475,0.282075913897252,1.2300706432427833,-0.5652612348693122,0.05376374262080551,1.7430406476752927,-0.34062980570791385,0.018658851028270473,0.7138797571862987,-1.3058388569882449,0.24544931438047587,-0.1408817758616096,-0.6490261356411279,1.0563871013619897,-1.5663279029451318,0.40700644642290507,0.61626406948907,1.8777112905618996,0.8598121807074853,-0.9222392007151219,-1.170696171877893,-1.230624202445263,0.23642883903083853,-2.305280183180488,-1.8973070454039003,-0.4764280602229079,1.0962601180209042,-0.8507676123380703,0.9034620772969706,-0.751477487270773,5.167362339412343
-0.0907811519126692,-1.2463814260150723,0.3190497248824363,0.1434022994666992,0.12572774072273601,0.2693001029376296,-1.036388995747805,0.43525447516840304,-0.6746524440305733,0.0930404897019338,0.33696030566564267,2.2148022265187315,1.2156268012807407,-0.015592558056779952,0.39019599115341513,-0.9984463287028088,0.7383897481781438,-0.37003216812414064,-1.4175181299798278,-1.015474130265334,0.5695550129718969,0.5265732631677241,-0.8498286626828057,1.8300595481805262,0.5653034742305847,0.2114827024025888,-0.7042738291849601,1.8335876260331616,0.17270315651007764,-0.4489778024827884,-2.118432829817591,-1.1675657561550192,0.8247822566533141,-0.48703914266649956,0.9297454327053686,0.767472412398435,-0.4895514905291183,-0.44260857724396274,-0.09383877209657832,0.8810753122315992,-0.07485669981695231,-2.097078822249416,-0.10317320065764704,-0.8020526344594986,0.5376641564061098,3.746743420855957
-2.219017651802579,-0.11159309335561472,1.1804311303801778,-0.42004555668137017,-1.0028284304411055,0.5324314209447351,-0.4582393127368316,1.0387630228641098,-0.25103637412187696,0.07906084021446846,-0.4960145126082547,-0.19835584293683253,-0.42568989738765867,-1.0016654937546088,0.967204440640708,-0.22854405734144967,-0.6497162910577186,-0.02170854231978748,-0.5342222438992611,-1.7179808403396009,-0.07196009202925943,-0.9058251105753743,-0.9259885311392059,-0.7277328898127299,-1.1288962111641725,-0.8314013531726168,-0.1690631693372871,-0.8812878420418754,0.41223188002155403,-0.05339923567310656,0.2373671276413989,0.5277290666455492,0.8531013733906819,-1.767182486817623,-0.5017924286293644,0.29165613834938287,-0.6425834243080807,-1.1123310411884173,-0.30090339884337414,-1.0826395049841742,0.26892191826357675,0.9405851068641937,0.2268824628641999,-0.29626082687226873,0.3857773101798693,-5.05301578112133
-0.04289215553122434,-0.7420467470849039,-0.7519198075154758,-1.4301018624811725,-0.11300258195223936,2.9599965096644865,2.035180068839997,0.6680209044427619,1.0592570267265247,0.7384845492386114,-0.006744052090295135,0.6719895710808946,-0.06375301642046391,1.5221002153757024,-0.9278453573525555,0.8294040974127541,0.7844906684788691,0.384811318567368,0.01369321431461744,-1.8744193756410539,0.20727901009330585,1.2054850178660352,-0.22815063991810608,-0.7900906032697549,-0.7891931665213734,-1.181719058344465,1.6254959680409853,0.3671886356617401,-0.3435039488336561,0.7479101036951901,0.16632082241390495,1.3303871665376947,-0.6505401240934403,-0.6063223673385693,1.910031320312466,-0.8400771574237866,-2.2037037689389654,0.6474445755752879,0.7033476618554643,-1.7997737152857851,0.7778854888539812,-0.16403401779186041,-0.2767133086339062,-0.1322106695764921,-0.47154609585707535,0.1484375302145558
0.2122269721321988,-0.07825575924623229,-1.2150956646185087,0.9726883745070418,-0.7233345962607644,-0.31206129759736967,-0.731430074922268,-0.850944906696406,0.3170092939244682,0.1341000032666463,-0.4980434091300909,0.5323765339264652,0.8008073245924041,-2.115033440841301,0.34032108268432326,-0.49066632666165616,0.5758291129190956,-0.5943633546968705,0.8802784234225848,0.0749220556466007,-0.013287998740163226,-0.3807116466570606,-0.7359803686056468,0.7728801137560278,-0.6908185536310032,1.1870863392252216,-0.29740605639895135,-0.006335328662747451,-1.8542993313946616,-2.275633522779335,0.4230262107463399,-1.0131160474380299,-0.046448895437406365,-0.0858714074086617,-0.9231350621634381,-0.6023322384254811,0.9148419487156896,1.3189881546819342,0.3713464471338504,0.2847637808517236,0.5443143004595423,0.5831238817353788,-2.3370153303897876,-0.713074591134546,-1.4425416060525558,0.3492575252626284
0.8629865677084695,0.5218635429106558,-0.4089809124567212,1.2540687236501273,-0.6587267979145139,0.5236099633468188,-1.3930906513039614,-0.08579003260124127,-1.356205836475958,1.591387225390659,-1.0146688475541332,1.2619865440330422,-0.48996311159546935,0.7808864879904426,-0.7526565196251812,0.5914751808890872,0.49365255441427813,0.7549030863668448,1.0312025627001318,0.010467747169498566,0.18511782429597398,-0.09309930665365565,0.9003954480732006,-0.30763385547919486,0.3555143042299315,-1.1423910430907755,-0.08069454959870755,-2.132842299208282,-0.7311638660333175,-0.9085307342990037,1.792509132579765,-1.8656763728932322,1.7364019005371838,-1.3613987253482296,0.7580189348433061,-0.6418681456027389,-0.6283206329942406,-1.3949578172732773,1.5657737786583712,1.5742837857303247,-0.5937739475032273,1.1913851973507839,0.44146247492717394,0.326245925358109,-2.6786344761299343,1.1052929399014042
-0.3509534833724693,-0.43079866116944704,0.5016062328870654,-1.2197565314611218,-0.548052812360441,0.4144709727502612,-0.36796252948975394,-1.6518712004438014,-1.570910642278256,-1.0499539956889792,-0.4575944054249114,0.3906324366562782,-0.6971469790819074,-0.5964039440329711,0.6140550152612175,1.0632596129982939,-1.122112723513681,0.5424186288053348,0.8246568779913341,-0.4499341701035422,0.5680976092804135,0.7150954196289877,0.07055202939081172,0.7541532490162726,-0.039932444948554295,1.4722539007552156,0.041281674259586384,1.1935255030243255,0.5457181768454633,-1.1624926694328646,-2.1840538576788413,-0.0514859256872464,0.45314312736680595,0.20736764807916164,-0.050373677520557145,-0.33342336677390094,0.21597427586597281,0.30199582730846924,1.0966249489011246,0.5038640686658592,0.8702856220392645,0.1690458198832084,0.795704945085827,0.543471246087949,1.2148928514140496,0.7450550582309305
-1.490260480390482,0.9631684348161595,0.23419688830144975,0.8992293957109211,-0.8951738488924053,0.6440353660947243,-0.5381698107072453,1.4146637884098012,-0.1701219507574173,0.6147955343400153,-1.2877357482321603,-0.13033466077100614,-1.8569438970422922,0.6900780962820582,-1.8540307588361333,-0.8993613044791466,0.9469246382664016,-0.7450802872942283,-0.8758143168514915,-0.4013623745914994,-2.3240286556644327,1.1652628299231542,0.002543437067002958,0.2531695455263788,-0.8688305789618158,0.3786280437436538,-0.9592558781095767,-0.9575107696423052,0.01509376539535866,-0.17306677710234408,0.022190902961893896,1.534144415162797,1.487801281402386,-0.9584385823912809,1.5318283128077286,0.06458361491727077,-0.5875560526160648,-0.21554954020376768,-0.45717417494365503,-0.3883317428160835,0.668701956404191,-0.5191828482178686,1.274683189691224,-0.7238655358524362,-0.716757739956261,-4.4688981068877425
0.07100847045510149,2.1525361524929285,-0.08081341787616865,2.31207498502816,-1.3280481750229558,0.6638963364517116,0.15733870895604612,-0.44372621294490705,-0.4845820207716151,-0.7630021111301206,0.33894527903614174,0.30675995376124177,-1.3610514010364998,-0.20240211859967278,0.8642804951158864,0.568628162972521,0.4005212240369837,0.702018926051581,-1.118321510857091,-1.0072834078877255,-1.7679336117893454,-0.839693887919949,-0.9637197778964829,0.705503663566183,0.18034171139051178,1.7903032246198693,-0.039065156087943295,0.03812854938588524,-0.5582682198198969,0.13073473469387784,-0.786741927924105,-0.3607106109223832,-0.7292377900977592,-0.7938217797873202,-1.1049996367256743,-0.6753461898465513,2.2866504086675956,1.7346916088872704,-0.5028380728083885,-0.11661870073920784,-0.8803151555835456,-0.5061443664380909,0.23267710643559122,-2.3893453502120447,0.5716365891899019,-3.297077359955341
-0.804205104855279,1.0229958201223137,-0.7745149392339444,-0.3444986526995441,0.19904711049141152,-0.9911693686360216,0.6226770182308436,0.7608138346867512,0.08750341842572344,0.5551742439672522,0.08631356116180468,0.5553575530491974,-1.1177265916830192,1.1907670273131337,-0.03542706417461281,-1.148913169495825,-0.5438940724414876,-1.249788278266491,-0.029369308578652307,-0.731558507621892,0.9083340092380837,1.6905424257501567,0.12541895380001689,-2.6637726462679,-0.9114398014344594,-0.14753807639102326,-0.3141213102402748,-0.08139037903160846,-0.13840431801627087,0.424379940866708,0.19013301171930247,-0.03864850617071683,-1.3495279757227774,-0.610244196164206,0.591413548348086,0.9432098975945281,-0.06720519410654734,-1.1395809802919423,0.7072698992086016,0.9355637047963912,-0.5986367574132496,0.7355616581141412,-0.34887571142416957,1.1844509567246597,0.6222619592666789,-5.751778285944512
-1.5128815731271752,0.7618578590441469,-0.08606227150206966,1.5825208054280788,1.217443834568246,-1.5342291951381293,1.4369672235794695,0.13239845008243453,-1.362236546104756,0.5878230807157723,-0.31074281575420276,-0.0256779517089408,-1.2467316161013622,0.7562441039824324,1.5090844036468847,1.6790164605998015,0.5377087710550517,0.24100194561046856,-0.5909307586898532,0.8356289472762876,-1.245222953995216,0.6901716632813052,1.3739671645369225,0.19229627391793272,-0.9023976694970391,0.34231079006760806,0.7914785656473494,-0.5279215849924329,0.16441313544484867,1.1261575841275295,-0.3261591236584247,0.8366075170830914,0.6822791558252379,-0.830615298623118,-0.4448314857465807,-0.3575148838047046,1.3236084620177335,-1.85273845558271,0.7227489320583331,0.2809508522618673,1.0143816496540958,1.132783165298312,0.6913332054937872,0.6941503555678407,-1.0933923103640955,-4.33135384225669
-1.6905967464447886,-0.3734928964131309,1.0564332682648683,0.2986864644969844,1.0774732750109455,-0.5167408956712956,-0.21812866559005883,-0.5597428806797246,-0.6566569101657184,0.4724164242936841,-0.5047067001735516,0.7563499151887245,0.47472169604912695,2.3126279313085534,-0.56773812965516,1.6189300348680902,0.704616007625218,-0.8024104620650097,-0.06443305312317098,0.11987451253945829,0.46434101405729866,1.1804796564791489,-1.58592881961291,-0.30547374162494456,-1.7122147955520945,-0.6807007020053901,-0.8318426981844687,0.37036436121672134,0.21774668836391345,1.062999505758849,-0.2338688617388467,0.3474880142780214,1.0417526948238764,0.9417666445269618,-1.237414113719603,0.25326260434082143,-0.956973053161585,0.12171800141475925,-2.182399223631311,1.4647067108864975,-0.8170248253638632,-0.5872444638531984,1.8973412556846994,0.7538783749682043,1.4067523978575098,-2.702153783982446
0.8030837671558354,0.9883453464640746,-0.025430001534267447,0.5953638808888744,1.7588530598961947,0.193709655518423,-0.9123874043897553,-0.204018496675377,-1.3477124516349046,0.04984293216181112,0.691327158630587,-0.25389521574385315,-1.1305955111219745,2.701470526596227,1.2706720019106952,1.4887681899950351,-0.9468104314855681,-1.7083936020925519,-0.37755951033870677,-1.0286430776609259,0.36062782055565734,-0.800874239040114,0.43760596259953227,-0.19975316613566624,-2.0453486056151804,1.5573217583393104,-0.4906518490173269,0.7312408001316547,0.6633973292354723,0.7894518831380236,0.8302650636119985,-0.010116117362498477,2.090896376859824,1.3663927522757515,0.24114894495655084,0.408014827684727,-0.010729311915573553,-2.3157788283880127,-0.08127218028528706,-1.1973547445514334,-0.12095809139669163,0.36211146728530613,0.4845400875525948,0.2786172378404564,-0.054607143397401504,1.5461589404412348
-0.5239088998676732,0.5528313376799945,-0.489176636464017,0.30344764466915386,-0.057488358402602226,-0.6842487283147406,1.2192364266076992,-0.9418199406163725,-1.4581489653504305,-2.0846244982165425,-2.621725856371421,-0.10928656723981338,-0.23839398440899268,-0.3414407987123293,0.7467522833522638,0.22641119486275132,-0.27314241915491605,-1.0235640060038498,0.47683886304892037,1.0580332952236515,0.6326160184488147,0.1442718734533156,0.3096326005743936,0.6290873568834281,-0.9993568748322531,-1.4117753514136875,0.5345306168417346,0.1496857909352935,-0.7305358115535573,-0.8260282754881004,-0.5945819818338887,-0.8787086659407966,1.2531695779492755,-0.668185644233698,0.9812228696476971,0.7243513335337877,-1.0731177800702723,1.38204788874862,0.5649978681096487,-0.2006814536818615,0.5469269480012404,1.3497160992106512,-0.7557744881455664,-1.1833220085430152,0.7971343532596659,-3.166753824351484
0.29829330569993284,-0.7229468065905271,-1.5586270706814547,-2.483267740247117,2.0641761479486243,-0.334611936944432,2.4941020226962136,0.15517098079298272,2.559242558975859,-1.140285030910668,-1.3813250020452212,-0.4263063054597702,-0.8772063900385805,-0.8602058441839062,-1.0972173678241979,1.1042858714154908,-1.0306825097283663,-1.1129727044757727,1.5237466069893137,1.1458944322483537,0.07012269340957579,1.5819762925245995,0.29765177681673244,-0.2957155875710267,0.27579840528109223,-0.7218309516946313,-0.6420834303136395,0.9590875169137119,-0.9079920836508728,0.33311970701807186,1.6610708364622955,-0.09219603511951882,0.6217819959691205,2.1900357448611247,-0.24086644477009167,-0.7188035882765271,-1.1512977039992593,-0.534795591633736,0.43851451229189337,-1.4510388515978658,-0.7635366181755368,-0.9882487831328816,0.2307965252384095,-0.13742735227924482,0.3027666945268685,2.279982878413255
0.5973993230456729,1.4274026818101642,-0.5710241537538723,-0.018033452264514686,0.9120802888678913,0.4685461504790278,-0.1220568483316665,-0.9590368692693546,1.6157337536988166,-1.095385011642362,-1.0076332287239576,0.34432225335693223,-1.3353713434723795,0.8650644344365142,-0.18774766497552786,0.30597079103438246,-0.33390185642829867,0.4084721832614649,0.35723677373100815,-0.4072574660787462,0.05993699986201971,1.2614811293539778,-1.0312930677297343,-0.6702134841113564,1.4082362116997131,1.2063250518095905,-0.3524476674122214,-1.2816136470492796,0.6966325039874429,-0.9787524148220974,-0.18781742877058683,-1.156160239011229,-1.5037735806423613,0.32429569812832015,-1.5519706986059207,-0.41205097247584754,1.474954264616018,-0.1358408305074579,1.1952091985305884,-1.5937245725614304,0.01163057230903044,-0.3145725605481587,0.4438268613841739,0.19002221910287675,1.0953001969417318,-2.522826558872289
-2.078896251988354,-0.21788247517652942,0.90901466475083,-0.66490201861019,-0.13255617828450056,0.8138839487888302,0.24711480339610198,-0.2983847933132087,-0.12407032265496923,-0.7787223013018278,-1.710111618236555,0.8341498384282453,0.15524129010046794,1.2281464353613958,-0.28627032976094435,0.35177232915196915,-1.11460854580343,-1.459491766351213,0.18504722818214306,-2.2798261533151027,-1.0449648898543955,-0.29193388736870785,1.3576588078582954,-1.1228788707773867,-0.17963715749553988,-1.040868831148547,-0.6119481884703709,1.1957884763508493,0.2541312585643162,-0.7053091086516038,1.0564713019953254,-1.3735683442545925,2.0077364977474073,-0.37516097751512173,-0.6129204253016787,0.5132878110371555,0.030051951063114868,0.29868934438927985,-1.0727247458220985,0.31389882872941716,0.9815799990818558,-1.458134648860157,-0.9592863892634486,0.05651696040975018,-0.4208262347777386,-4.264619309516094
0.20749594920749104,-0.6060841652549429,-0.7664525072511351,0.03197402299773044,-1.2790434909272972,-1.692278795061247,1.1574277584680743,-0.9060185275017641,1.2513297884179775,0.3186714441198491,-0.6015009574613349,1.1338907400055838,-0.5627000959104937,1.6230559917332406,-1.4046234417980434,0.9797934954834812,-1.0896466464005146,-1.6577645250044486,0.09865047082263324,-0.6713143575702943,2.320611537287143,0.870285996732345,0.7440318753129128,0.05792662140675927,-0.67203032631243,0.11586327856955016,-0.27865213558058455,-0.6851336842220579,-0.14609571127467116,0.6289232347389992,-0.3324446338610781,0.04339487696185204,-0.4459849736056255,0.6926053518191114,0.4050642326894793,-0.2420659190643665,-0.48551643257569077,-0.9754016878940834,0.9121386088578669,-1.1930877679125418,1.0792808466604362,0.5772229856049488,-1.7931978113241378,-1.4442499568914648,-1.1995927840927934,1.070596187361128
0.42114394136551303,1.4017813395231162,-0.5682702256376367,-0.367672762265954,0.043359362045905236,-1.714962898152276,-1.1177303028368533,-1.819801541235461,-0.6925429107307818,-0.8137724033324023,-1.2372831858036888,0.6129415970644203,0.8986922807997354,0.5316956551164522,2.2121611624832895,-1.594255804429459,-0.49010945267965,-1.5583375451421817,0.32799535025949766,0.2973650952988129,0.3379177800569124,0.28390739266458986,1.2015051025517347,-1.1935948302266202,0.3870287480236069,0.004756910480297022,-0.5037979595296277,-0.9220961147025646,-0.95944129354459,-0.04449397141357915,-0.6410591203843485,0.44550095722144,-0.34246912218338815,0.38827202631675994,0.1302633830924938,0.29866555346743395,0.06057357017838003,-0.23605760224156305,0.5557325367247539,0.032119080159980454,0.20467373860319454,-0.19257673643136278,0.3574158059325179,1.3278706517712138,0.40413604936828584,-2.9362415650272506
0.35152985583617896,-2.2488305097223114,0.5499867504171259,-0.7457162612972617,1.3888331825470945,0.9107337883259717,-0.022960404237466047,1.3784765441111482,-0.8013300316073897,0.1449037834422193,1.1601739606362391,1.8144689470081694,-0.10153127956226068,2.1280919809171905,0.317373633875412,-1.3097596369198927,0.0069242218406362415,0.5478199650835329,-0.6819084977941106,0.3275467491133694,1.0396819411858058,-0.3852923534526892,-1.4132961470713468,-1.3234587784840295,-0.853534075606775,2.5875532949991857,-0.8181926365574501,1.6859700243501432,-2.494214513376335,0.1990919651728871,1.4397541339748237,-0.6866814466505422,-1.822742668190552,0.6348262832880571,0.913984330767925,-3.2093321009061304,0.28647712195539066,0.9805256599878156,-0.9325376120378658,1.226210243721711,-1.0102714754809572,-0.6947088375832092,-0.43733914604736096,-1.6635721937028558,0.8615004104278791,6.659447209560966
-0.9243067467513315,1.144814190614262,-0.06370328967005486,-1.1915674298647783,-0.9084569124812926,-0.2325114858980854,0.5990364258965217,0.310152512802332,-0.785786493122313,0.32036636053378176,1.3198466284289847,1.9689194032429675,0.28418456456266517,-1.0398325866423705,0.3093083374858652,0.049943457048393404,0.9582425837828897,0.2798746260624167,-0.729816868836982,-0.9427978530636921,-1.1137161623827194,1.214546962066929,0.9714609281705934,-1.5999764730561663,-0.5479283814233291,-0.5496857323737564,-0.315347471057718,1.0461777483509516,1.6355030455263655,1.198150806707525,0.7431895428757899,0.32649281356771254,-1.5232317365524561,0.5418155629253482,0.3089820838744332,-0.017956739484813702,-1.0685863572789318,0.7983124179192267,1.1792039394030105,-1.4672758636136822,-0.5219913902607953,1.481246805564962,-0.7315116865784945,0.9346171972672519,1.0948551957410182,-4.417322118764554
-0.9633570505428123,-0.14614400184058615,-0.20131278964495983,1.248710127378401,0.20188962712665165,-0.5784835942176904,0.20410593220011025,0.7306026824458278,-2.5803534122925647,0.3871712752037027,0.9373718224334708,0.3587766384151025,0.10119330159507366,1.4457545107944378,-0.9211368302936502,0.6504984846800742,0.5650104907131935,-1.1335170871668951,-0.3471711954759289,-1.5667026074948833,-0.1718970125158571,-0.22516498265322432,0.9974008177965193,0.3411787034800869,1.8466264839789706,-0.4447082369548098,-1.0158154244425364,1.0771855258968301,-1.2515171553463065,0.09297616411758425,0.8098102332934344,-0.31088721192808827,0.9298446405713138,-0.9256098421635854,0.4868384095652803,0.5389743386046129,-0.4424990981000431,-0.11371838658121297,1.3999895043877455,1.0107216572071118,0.36577192638952677,0.8567372338890297,0.21021227577870572,1.9815674127486151,-1.417345562997141,-2.6982783935236085
-0.3580988879739441,-1.5588210017597512,0.026797630179213282,-0.578235689437383,1.183071919172311,-0.5212052816286357,1.7566720597970373,0.0005511199163863506,-1.1239220274774508,-0.5117955198680519,1.010783045406864,0.30393657616456327,0.8833546567972689,-0.2608073311771656,-0.32659009692793406,-1.088793490636148,-0.3969939159152905,-0.8328959285562727,1.7378959278455413,-1.2908143687788787,-0.5568430919366654,1.5667288281453966,-0.08457551658490126,0.01796814293025201,-0.9390444228544901,1.264716731515628,-0.14368326640658377,0.3522154771273333,0.21281474334634218,-0.32427942449435154,-0.005359904251683451,-0.724985327455679,-0.8027470938947818,2.126618501206014,-0.11588618764964508,-0.004854648274154271,-0.47338257159663266,-1.0353883771590275,0.1371962152131234,-0.5363019719023188,1.2147210817385923,-1.309684031967233,0.37095149260883925,0.10663941592954726,1.1576087122405454,0.8124125209757176
0.7900304429828708,0.5054146699415215,0.2843374091428562,0.1729314216952307,1.7746118975913887,0.22362710373290307,2.1553655104881186,2.617210930590645,-0.6741752222529895,2.849812857797906,-0.42218989857417083,0.30145756768953524,-1.3694388066804375,1.2465304725644177,-0.7490562831318184,0.2751558417965822,-1.220873624932338,-1.1769630724561329,-1.0633697310395547,1.670021947160741,0.6942813937847727,-1.658069570180064,-0.25354006407834595,-1.4049377634704567,-0.8136158805422405,-0.9645422674410592,-0.0720325772445781,-0.7277903684103462,-1.122513269333681,-0.19762339264809597,0.9193862950840546,0.27734795322450984,-0.3766907413743955,-1.4976847173028531,-0.6760630460712188,1.3263457727185166,0.4480399920615873,0.17538214366767557,0.7807923933496501,0.3078189694028566,1.2346843027348402,-0.32521139198673865,-1.4868429097474545,-2.403535100277111,1.8618106641956336,2.8567931002014753
0.8429622698051783,0.078558907734662,-0.19820283346710643,-0.4548592157091205,-1.364551618315022,0.7155982261361632,0.11154912702833295,-2.3374286893020755,1.225075660699957,-0.5273455506059131,-0.7014641217960405,1.0497466558474553,1.4051813972374516,-1.234659015933585,1.3988207686482692,-0.6460190214096503,-1.2206724167368175,-0.41077911022964636,-0.2154965040250952,-0.8090267548749057,1.1637105744967904,0.49305919179033386,0.9051169130116621,1.2123603587013816,-1.6147664627781613,0.9956299195532404,-1.0928354086575685,0.4373239639368188,-1.942484705914432,0.02082700949843862,1.4360178289465657,1.2202522579627983,0.975579831058989,0.217490878644154,0.7080778417014806,-0.5199528729222409,-0.7071273441796735,-0.13902251421765224,-0.19329669768541907,0.00898941102845733,-0.3171909289996936,0.18548502188694008,1.1324128056120621,-0.22341949890788235,-1.3678437702227317,1.1131644104165463
-1.6857168648361938,-0.7599976187070263,3.1055015265922012,0.6132323486664738,-0.19167016282668303,2.432480682107107,1.2953206726303887,-1.0144960040884636,0.307996686492457,-1.1602831824873918,-0.4529868251359648,-0.8501242951003081,-0.32392553987000955,1.313538328937148,-0.4941892894912321,-1.5810296149914047,-0.1304906367957384,0.3566596175795829,-1.1162555159199101,1.4857004825945703,-1.0100672805467303,-0.8964451080370779,0.34109373355537764,0.5398609961179509,-0.21304132090973577,0.6559653394833236,-0.052743012475021424,-0.9610575911842717,0.6226178879861558,0.3617138775295137,0.5863500726472498,-0.7896874911718608,1.2189319071406144,-0.2875686779010683,-0.5008674292117348,1.1515211233719942,-1.1237430969870175,-0.21196369032715898,0.352344182388258,0.631608529729646,-0.09602431439798473,-0.956972102764517,1.659304178254044,-0.6308721759077242,-0.19823470142504948,-3.923629097517712
1.7570461787973215,0.9582084295326407,0.8806593725383982,1.8012111477026027,-1.0903440939068614,0.308756875867063,-1.3946270497750781,1.8549931415995564,0.475698138236173,-0.5091193055046214,0.4568845705690781,0.5708160057893846,0.30279547517020194,0.4384044645732503,1.077889708277046,-0.044223032784166,-0.5243567763401256,-0.9987318332481223,0.01211322985430444,0.871092651731886,0.28898992783684974,-1.6052180888250358,-0.6583535137992392,-0.01094870944956525,0.6320131017532828,2.4333075763067904,0.22281954995121006,0.8395845624550659,-0.6163935510974612,0.06707925594221682,-1.5907752060738465,1.8468850540780732,0.5352932249373211,-0.7929394787874416,-1.354432061813569,-0.006987934204053365,-0.3886176665024854,1.1586638511982037,0.2074650754470638,-1.8690991192193438,-0.9280862267726189,0.9214819848054079,0.9045035083625491,0.6188094603318621,-0.6300305528278266,5.967445404638582
-0.17795675491222068,0.5890547113714708,-0.7737962184536277,0.6200207490581129,0.5954303657587593,-0.5779934054528256,-0.0030228590279906225,0.6733184061318016,-0.9619639535758283,1.1967479098755274,0.10858120519089141,-0.1028249963280536,-0.2958588599911031,-0.22298005519243194,-0.04538049578138194,-1.4248047475451033,-0.17751731732834264,0.29960957090773804,-0.40939399995548736,-0.9716429622888151,0.7823784175102058,0.1742752109639662,2.0190530907504365,-0.6106582550834533,0.6716519521894784,2.684264520629486,0.7388567438424919,-1.1253600588890895,1.5454937506103763,-0.6197165945438455,0.7144172914141815,0.28746630914902566,-0.14217926471305692,0.1402140411752864,-0.006416560123944709,-0.5632647825722384,-0.31252026203939837,-1.2099004962926068,1.5398644808877053,2.1344056719347226,-0.27588799670809827,-0.9581365854668268,-1.62278395061745,0.17975212238207536,0.7800139660513121,-2.0285692264741084
1.2485584367730547,-0.4954739282008467,1.9733760384780286,-1.4289180421167371,0.8415813558426262,-0.8144337458043717,1.1005148561880287,-1.3578098815619095,-0.032970633730322704,1.9969002882328657,-0.3621034198473188,1.2466271664873938,0.4993882950154409,-0.7644558120863025,-1.9933153602661413,0.9900082669727827,0.6295751533074184,0.26776925763415416,0.5882846327675342,0.6732763116053976,0.37079979549055053,-0.9308297787034575,0.7531766397713563,-1.0818123489518587,0.35765000946582487,0.6251008263838331,0.9128763667786917,-0.4702748258905732,-0.8510372828915248,0.4736622941642692,-0.3561360810580306,-0.8155828904361316,-1.1277518791759549,0.49845549199796774,0.19210162256441696,0.38488082126993145,0.4883500541682575,-0.2314748049588518,1.2608254170122644,-0.6987561583417085,-0.719059315889434,-0.15245660301440475,-0.5066123632290164,0.5739609497709214,-0.03660933049127304,3.2130021207260677
0.34698284943971697,1.6301941524018564,0.1701045115327088,-0.5546895470491718,0.25505464327853616,1.9254426310732222,0.11592762355711017,-1.5983532821853426,0.06942195505314362,1.9539185560235546,-0.1522763866548102,0.2650730066533935,0.7082537891285209,0.13422132018942434,-0.5294653597591127,-0.6867751310113281,-0.7091634776482305,-1.7263012949628733,0.801733599879797,0.028528672781865022,0.7645657299831305,-0.0013318035557710953,0.3651549632994,0.643660074366999,-0.45339368026060256,0.34382711744396494,-0.39388376454950613,1.5961922718601795,-1.4227113778824672,0.974848351683755,-0.9523536504989579,-0.30154659451235355,0.47682272067149906,-0.4853746818191419,1.7957306943759974,1.873844905536742,-0.06833883091497757,-1.0441123930989138,1.182467239064474,-1.121879087139678,1.7473339979447224,1.3855079097516327,0.9345203735105929,-0.04870406652141689,0.20209780736246097,-1.9279226673723815
1.343218876927581,0.6273100691899022,1.3389013700223382,-0.7562519576146217,0.9642065638323182,0.6050885506018492,-0.8497293890166819,-0.48451865894248797,-0.5991281266135139,-0.7429603844782868,0.16133806710920356,1.1759785621658347,-0.8567807069146933,1.081476486309459,-0.5549125083803846,0.25857684909825646,0.11265634050916502,0.8856335305841918,-0.3434371495818699,0.7642080092948381,-0.7827263790739865,-0.9151223229842456,-1.5179312441917798,-1.3586514941112247,1.4529038624272461,-0.5207933224355162,-0.33313186057768096,-0.20114302535595202,0.8996741422641128,0.8318885774007955,0.4917514227109847,0.5278634097350734,1.0613987626209103,0.06230418839513214,-1.7068636925328007,-0.5813582950784267,-0.2525709932135283,-0.24624634000610246,0.6254928512469438,-0.36292817193638516,-0.41364506971755427,-0.4160504933787456,-1.0397737711167783,-0.34220047886164134,0.05725793821730869,3.56927591358986
-0.037955816598049794,-0.4404420911514742,-2.263416650752967,1.055624913508699,0.3343713613781587,0.6600365865140906,-0.7889782877998129,0.3195703771152893,0.12356839196439415,0.025875348207548166,0.4581631452132628,-0.058880649124480294,0.0797097315562178,1.5799302682136471,0.11311487194098717,0.38844612994804195,1.2085976387089434,-1.0486597583794126,0.067924959579198,2.106371924521209,-0.07489121787214012,1.551838796677122,-1.5715480849940622,0.21913273869593813,-0.6460820453345246,-0.20777104313528016,0.27635395529772594,0.42635165637683625,0.32327092826033976,0.9969900682491404,-2.567570138308166,1.332217292607263,0.4573071613298773,-2.206834232034178,0.3572132954262154,-0.7211078926180712,-0.44373938701688026,0.14246755653132256,1.9203452834212287,-0.24594274728820786,-0.5607868136997307,0.6720736861274021,-0.02719827899938333,0.21292179855906324,2.506282991435565,3.0249073855065647
0.3249877451912076,-1.3501831323990876,-0.6196214683476997,-0.5531376708198411,0.7289635598106076,1.1474225041723733,-1.0205497472956682,0.4316499800690856,0.20381337573986416,-0.6655813488668828,0.9075199798134306,0.11966425527579853,1.1454527299668693,0.004408319849387043,1.452515941584376,0.2879923015426901,2.1148699104783106,-0.5620708475171765,1.1585672090823194,-1.3537224139502266,0.7291442330296738,1.0704175233566824,0.2599717519813152,0.6388545700379186,-0.3916899338193207,0.5274578265207076,-0.6984634796426216,1.5097675120821574,0.38078081720684864,0.2501794761228935,-1.5183518733927883,1.0225886264737314,0.3723208243107507,-0.5937147910976784,0.37766279985188456,1.5955216815191329,-1.2840561213645196,0.14038129192617138,-0.053948043244268926,-0.2424506994532697,-1.339131855551565,-0.4057044462868462,-0.6368991908423973,-1.2940674975644455,0.42981500065510797,1.8987938946824046
-0.4225701298074674,0.7133359443518665,-0.6177833297096783,-0.2177981363939506,-1.1932864152676972,-1.4989808013845807,-0.2864052336784893,-0.9254596294600135,-0.050091098223553676,1.2152089652973819,1.1088340316218805,-1.0562628578873752,-0.11951194540252971,-0.4345593392523488,-1.2163534398284264,1.1244399409842332,-0.4627273191775007,-0.057383578253352906,-3.036508527601092,-1.6134822001735567,1.468475650048058,-0.7695353054131323,0.8129409845180691,0.23881700961301724,0.09686319223238112,-0.6865058435328881,0.5046075790793952,-0.23941653347105504,1.533052777858678,1.03382940078442,1.5261395903700334,-0.8800163814748231,0.8161705723943754,-0.9273237783666565,0.09713995144776237,-0.6065846955626168,0.7550234526990938,1.0429686171565975,2.3911808870219664,1.8974718102630286,0.8021721780238632,-0.5231588051151166,-0.3942326456134295,-0.4384722820162651,0.11754974035797656,-3.9850193908539557
1.2199312238872906,1.1907714129269145,-1.9769590327893143,0.43381880274805945,2.514461652270862,0.3208888137043191,0.0475823302948338,1.4641158843719062,-1.7554343357618725,-0.8406799069878953,1.8177044722136282,0.8833611023398009,0.011183664424369048,-0.12801888837494838,0.5771496350464771,-0.7881650417970002,0.535562719490476,-0.6436543871633648,1.0649073101665811,0.38990249156157336,-1.173977211577274,1.8653026772228516,-1.36966200378279,-1.0772419519306502,-1.4672693960484446,-0.016546994984619118,0.6463368304976966,1.417160809182307,-0.28840820014669116,-0.23543848629778386,0.07998151026594694,-0.7441103015365347,0.005036829448325424,-0.4125801998149399,1.7100424347463048,0.768805038322056,0.6263888396493555,0.22402965392880034,-0.050434674868065056,0.6423616914872781,-0.16279514571891676,0.22164991487243152,-0.7544197757948367,2.5210191721193307,0.9634904053607752,4.5568177163826356
-0.28285557267695804,-0.4641809271955165,-1.089646905781945,-0.3671803384924907,0.6747477879575106,0.47471300977515435,1.8259234966590658,-1.3095397422055532,0.8928051831761677,-1.082523485029391,-1.5433272499925845,-0.8846215319450301,1.2973305609322356,0.980961208631781,-0.7798851352554002,0.43043273435259205,-1.56830361154225,-0.3485263177552373,-1.324644961543889,-0.054566867032743625,1.5513533538217739,1.5516955848960765,0.4097744751750557,-0.33526824271095296,0.9343869567345049,-0.9281414010229623,0.28257222847616226,0.9836651266295291,1.035016258832889,0.6445337770594366,0.5545635009366983,1.1726728494638907,1.3407191239013807,-0.7009046435645957,-1.4321478712090854,1.530418411955553,0.20358588471586406,0.4303612583845078,-0.27771859415676386,0.04130983820687644,-0.06452055556429315,1.0673691352038854,2.098701693192715,0.32217309465482263,-0.763645625749323,-1.0235813772073903
0.1732751647268288,-1.2964006177181198,0.6319761879242881,0.2564617376799426,0.9659004236736959,0.5284828363003458,-0.29399527408768344,0.0921014858698737,-1.4561241025673546,-0.3381288927379449,-2.641938986201249,0.019370009008342563,0.3702943766672927,1.0858701220001359,1.7849569100552203,0.5906430384720778,-1.1103213499603697,-0.42370284026562754,-1.2420117840641747,-1.6804658842717572,-0.571337052884143,0.22782006627315676,0.9450822535929578,-1.7966023411935534,-0.2769103570783666,0.3672723358146062,0.4231198720331435,-0.24610245456183855,1.1074361832101185,-0.6736837500758659,-0.6411140652466074,1.2114095084237335,-0.6875401588554974,1.0169497558214198,-0.47540421569880636,0.3014088416971653,1.506489858448665,0.11014239721822894,0.5491655162295918,0.2988763844687966,-1.9980917910368008,0.49739372701387663,0.24174990070537258,-0.882208952821007,1.3213243419884904,5.50017571977602
0.36306949932894794,-0.7931043017687452,0.6965817678207373,1.2047498255337197,0.19305334318622103,1.1286630598779466,-0.6226617318252362,-0.860423520802018,-1.2242919848079756,-1.8968932242469572,-0.7262737225282603,-0.8856088376978795,0.31249429599401285,-0.881137176633424,0.7176511731031123,-0.5362590669074806,0.8118991926780448,-0.6691628414937821,0.01876335853952966,0.34771328938516305,1.1618852073788677,-1.0014449212354308,0.05131138480441647,-0.4618305848346627,-1.2166152849277243,0.04447900440494084,-1.7172695835718297,-0.3913998952765718,-1.0695674339316699,-0.3279599012686651,-2.822383172130671,-1.0840457538660384,0.39606603417357344,0.2747803109894639,0.4356072390697758,-0.6080029265430043,-0.654362923575136,1.1884736900432653,1.293726762140108,-1.6417761061955742,1.2416270181368176,-1.3884204353569733,-0.0462741875827523,0.5925535273754525,1.0323573612551142,4.952662306186934
1.8271454064535144,0.8550593717188408,-0.49497363335086064,0.674159061648671,0.7082942568499139,-0.7704777049980949,0.7721743356527156,0.17626637876463425,-0.030844231188558793,-0.35712075698300927,0.017651594028402218,0.7151092304814666,1.564205226484279,-0.5949427268991367,0.783026040889687,0.5273162204324343,-0.04287498611507654,0.6348770058299016,0.2783725727376108,0.5561471165951242,-0.7832241515737393,-0.8241730377679533,2.3365160028017864,-0.413803652617777,-0.31209408222169754,-0.4261333291918236,0.25262770612314983,2.040043839796033,-0.11155439319489593,-0.15570733475364787,0.8032509521125749,-1.0959132899545185,-0.9011693703743655,-1.046425571353304,-0.9894077264013897,0.6612035113131735,0.8702945625494283,0.37694076355892975,1.0714026509099783,-0.22707434103823873,-1.5257659401881176,-1.0491927616129186,0.5637800876372441,0.5116396880575733,1.651139749939778,2.8715944695164994
-0.5851452106451606,-1.0717223790706185,2.155830036301057,1.2667761926616634,-0.137291343383574,0.8585386978198466,0.06441949037989274,-0.5592800645897856,-0.14352738519296315,1.5629601217770344,0.7495828741684548,0.021740222066805738,-1.317540890563501,0.584014749305704,0.23572693104296275,-0.49341954777583574,-0.11163172656265445,0.9514197707204433,-0.4135675464284211,1.4081243164616577,-0.7737129530410086,-0.6296687863211319,0.4674272118222591,0.6511183715021867,-0.24451159585946397,1.3778574362635454,1.1571181491925346,0.612845162223678,-0.969075526984963,0.9916788878925629,0.6213548807425486,0.00901435989547054,1.8845003028974416,0.05131048994085104,0.22770237507181945,-1.3548395590840274,0.2978951656177169,0.43185552530652327,1.2277241127405796,-1.221983372432666,0.37764917684006044,-0.6819863258820252,0.09156013204064438,1.437701076774997,-0.8720618418037701,1.1654189577576912
-1.3124836924759637,0.944191723605412,1.7321334057972653,-0.10803939954858904,-0.051451884139422636,0.29486234553052765,-1.9166506998848583,-0.523616540090315,-0.440036904170933,0.21760492044663823,-0.621934367396563,-0.21297190647531408,-1.8277169061329066,0.6313830343577997,-0.1318009545443183,-0.49063187771251254,-0.7141647197490585,-1.42560656976407,-0.6982941414185945,-0.5783716261646905,0.8544455036966169,-1.7498024171767885,0.031696423864638626,-0.2428823845934183,0.4613055600264577,0.0026379963218805063,-1.2129363648947944,-0.3603960528881405,-1.2022655991886548,1.4844805610140706,-0.8779691556244944,1.5504203297551657,0.7572039807306744,-1.257463893264217,-0.46730984237884465,-0.12108148526933127,-2.176034418540463,0.40992984925898235,0.39514479015641757,1.2435745652449886,-0.8931640775298972,-0.02494951255378264,0.8845636180329848,0.04106115319718884,-0.46518996008615965,-6.146743339900497
-0.5794797016091676,-0.3880075008389601,1.1031106705546352,-1.4765963905702766,1.8354319919320514,0.14241379459085804,-1.5318096311521763,-0.8367221446129278,-1.3192781221841323,1.6870131177713652,0.5808462421170705,-0.3336702296131312,0.2779892548546375,0.8024633858557746,0.7957075674632972,-0.8658731927708682,1.0342194184728546,0.6720090874633755,0.0628483246292863,0.5948763876188267,2.04428365543905,0.7406814676620305,0.5024842309864186,1.5554845105773942,-1.373785830103539,-1.6500506497223255,0.4776071961082965,-0.5270836298622147,-2.475461192762499,-0.5818735581662229,-1.3863412022448907,1.415728701376524,0.3113446937801712,0.7348234399007126,-0.06858504148270392,-1.1474213050167272,0.13194890466560197,-1.0824326565854545,1.5912601954653824,0.042099366672859496,1.0401930199889367,-0.050833613622883245,1.0833036370349807,-0.3388044434365454,-0.6850241313741277,0.3453325695959705
0.2061686269194455,-1.265074456827538,2.4617885779538367,-0.62247065925323,1.6060266602599367,-0.2778446760200748,1.1803225393883348,1.0649571896169494,-0.3805319224468415,-0.18852046715982498,0.008494470301017321,-1.8451592150001388,0.8265392519839944,-2.0871039559505706,-0.1100666349670429,-0.5946252814561117,-1.4491878978827,-1.3382848140168218,0.3103654719804352,1.5433977324153978,0.10223801000014124,1.5012358917931325,1.0115741853538625,-2.5155379034730974,0.26667717488091236,-1.1371973963026276,0.8366859612200335,2.0009855543922517,-0.43937771894257877,-0.10211698448286978,-1.1584516988783031,0.6562924191675463,-0.635876162142697,-0.5696995596531119,-1.1574536736945886,-0.43283227294505594,-1.0214620508649703,-0.05198635102687919,-0.3860332265926795,-0.36467890997401364,0.5530158622589914,0.26053095564221046,1.490987259501192,0.25777551723105707,0.5596376593986927,1.1506223023514726
2.2422399513046853,-1.1527476698337236,-0.6848709520980889,0.773008540913259,-0.38559324569801723,-0.24938642564036337,-0.5318920187915259,0.1385333795079532,0.6060960397886748,0.25803112610269846,-0.6746204329668595,-0.09461047992611413,0.5051175063968429,0.37017589093023057,-1.313339598099347,-0.7164092092139175,-1.3656737782561728,-1.4356200097413052,-0.308937865273642,-2.275708165620362,-0.20913821041271793,-0.9995285846075515,0.3633261630682545,-0.2820284924034887,-0.2903959691853366,-0.10951592751299291,0.08570833260560674,1.40931854867623,1.8015778921878445,0.2012913166052081,-1.042392873462289,-0.8418690165935803,0.27225725507308957,-1.358120911769786,0.9072799530744509,-0.41247215206040877,-0.4124147061672873,2.3345639641655946,-0.08211474840356715,-1.4786256848755657,0.5472536637417448,0.041217702880752015,-0.03354528953338677,-0.1389155900829073,-0.8063721028437646,8.581218879029853
0.900863648100675,3.135044183466091,-1.8467443388876026,0.27765293193700663,1.4419634379370883,0.1723673457972848,1.4887509082499282,0.8086554250240225,1.9067509866360908,-0.2206046932588566,0.1925576516914951,0.7017836201882733,-0.4662177605949353,-0.549148064413629,-0.3356303854368083,-2.0051562132852805,0.6840270073722658,1.8552504526042723,0.5852884942765645,-1.3392803884360012,0.8611683586331732,1.7305692842899452,0.3514409525677001,-1.6505970664153815,0.49825897233742783,0.10085044347649073,0.10339177948721077,-0.8845866738437619,-2.666203946918159,2.4012773254033997,-0.4205418667061732,0.9580270967163099,-0.8648110924269314,1.1080675432120517,0.5049297619584597,-0.27362527327790404,-0.04308605364920725,1.0340719144536064,0.20785796625537273,-1.013625730232326,-0.1530420501494921,1.0838582037531947,-0.8208915067396165,1.2128181423573126,0.02426821518132969,-2.070900904225058
0.34639269167161957,1.1080747106817175,-0.34047637836532485,-0.6858829009375567,0.6694540592189783,-0.4689466922241949,-1.3649110926861734,1.5887347045897744,1.145598944170522,2.6709619364312798,-0.0516361347173927,-0.15926523428482459,-1.016244442070156,0.08698680273640008,0.009993256245880874,-0.10409957659164532,0.1561426275955001,-0.8037760288031509,1.9495455538458923,-0.02766659666731438,0.10990564664152667,1.5991688404850675,-0.12291591228578416,-0.7910945161938248,-0.013222355020223935,0.19275093524695605,-1.1072393437692707,1.1981305457987232,-1.1240151325349137,0.1718689524633405,0.39237818739525543,-0.0584921633362856,-0.7768207344767848,0.7828674394789106,-1.7906594267592635,1.3497494725482893,-0.4162815448142949,1.1350940842710173,-0.23814586043652147,0.7655150051147187,-0.3581146423836398,1.2275032342512076,1.2971500089326902,-0.15847488337190002,0.14676329531516938,-1.563497703845694
0.11307310599569251,-1.0350349520471271,1.6938976430028043,0.04316908685064741,0.13358641007546052,0.09735651707605036,0.4616157832151012,-0.22525855432429742,-0.36269611508182753,0.6604590295133355,-0.6496219694625094,-0.696908626830224,0.46659786251767715,-0.7042482032729626,0.18229568874090848,-0.5729926684116015,-0.9786153364158655,1.063988448224184,-0.1797875630583787,-0.6389747143638586,1.0116552030158708,-1.0298480273727897,0.33628483690138095,-0.2650423732815394,-1.167264090643887,-1.2426591740324553,-0.4287443437463724,0.42876686614657766,-0.24175612831580903,0.4162653759614353,0.15867256075364605,0.1861815224222601,-0.42241892491128963,-1.4995955440561626,-0.3133456158733823,-0.520564161356146,-0.2797257774599323,1.6193351900837103,1.640803741814542,0.649274967637444,-1.222780686080124,0.3247496526434059,-0.44707261125100944,0.6495597051170279,0.03321162651132275,3.621619607543523
0.5539781842451456,-1.6293249710187812,-1.392092261284638,0.3338160950821635,0.19897195905816406,0.319233969370606,0.8992420118510946,0.6198707839195111,2.3749421976060563,0.6899191472125522,-0.12821555039859447,0.19486909408247682,0.14986948161081362,0.7708833267550287,0.8913969354304738,0.07530419326246052,0.04247374215664788,0.6038738416880596,1.3210722579202434,0.18951824653177057,-0.02412166259645274,-0.8334856735520714,-0.37755013868614945,-1.4203923090326567,-0.14129460212781092,0.2026726528450564,-0.0696347079795607,1.0259365988221654,-0.14075470481588323,0.5376526614160001,-1.0986277520375205,-0.5252818196335723,-2.3938651042772547,1.1305502622703483,1.676764669486331,0.5072446444646176,0.9862747735315205,-0.6922871077540943,-1.5002354924528398,-0.8557863473820938,0.12501802240100926,-0.32261134066905794,-2.434890561736761,-0.3534366686512967,-0.15303677223494508,5.424120970898333
-1.2547961061484565,-1.3343237080390675,-1.4177013690679527,-0.35901512049452483,0.2615394407635719,-0.9988989914910362,-0.5219399335221525,0.12834591421563007,1.3482196734105931,-0.3529747061133536,1.0612520374474699,-0.8007877783724411,0.5750910697340619,1.4734446576135278,-0.7086758889638589,-0.7269484571715547,-0.06617818968344688,0.33374201549239974,0.1893424808890227,2.5208591172516464,-0.4120103207373311,0.25246839780747776,2.1815085536267613,-0.19479890255848045,-1.483051888472413,-0.8500521446423847,-0.13342491104497473,1.5771383057305979,0.03345602711822606,-1.5948818331293475,-0.270743402779016,1.7506238002423433,1.5074328068055733,1.1700809616453163,-0.7839344733688206,-0.7209791114668942,-0.02237461796253347,0.47146076447771557,-1.6781957749577732,-0.6850785702290858,1.0105132710972158,-0.7896226882943236,0.615078716302718,1.285133813404759,1.064631018250676,-2.1007998201244384
1.29499795830529,-0.8553265826088207,0.1631303862345964,-1.2670968160784812,-0.5432983740555417,-0.1301179941993145,-1.9063123071371764,0.8265960573479836,-0.32341216919911436,1.8678221369266739,-0.4826023165588128,0.16105477075012925,-1.0000952677880204,-0.38403308880493453,-1.8507183365225208,-0.04600719986193506,1.107617322280341,-0.0685158197126216,-1.3962819302302107,0.4260418529995221,-0.6576377755741347,1.2668089337851873,-1.7890307689101488,0.029382170734297854,-0.40654369678581775,-0.222510445220696,-0.919874908569329,1.2952555948317102,0.6714441703984436,1.1128897711621595,0.07545563001428778,-0.1680470438486173,-0.8021996627651592,1.0654382734398156,-1.009606505722831,1.1493925384903976,-0.9389169401909727,1.5262913146792028,0.9086965516607657,1.0043829360531307,1.1257306041269484,0.23949895754465397,0.18365331900322115,0.16739053785869876,-0.08227175921084086,4.857555496766344
1.5581264109977577,-0.5464908676905146,0.6970304472397834,-1.024698342426814,0.21162261791761852,0.7372852368845273,-0.20036735799315267,-0.447529513891087,-0.6961548332232212,-0.4017944816463929,-0.1664763115979313,-0.3037667743867669,-0.23466724236832617,-0.7498916080789224,-0.3183672403086902,-0.5065800337274091,-0.7847721883347772,0.7833658324863075,-0.0951375047312591,0.25510439481816666,-1.2605095348719804,-1.253164287020557,1.6371986295105787,-1.2537231671166775,-0.36953350754774483,-0.013223253844581583,0.08225087877765076,-0.14534807096071709,-0.9854966330209762,-0.6344824992433101,-2.1222755927030703,0.08291974295248387,-1.3273428327022656,1.4647649419521087,0.33818062862934506,-1.2750622621548102,1.1181672435213466,-0.7311689403891769,-0.3292824582430447,0.8391512253481731,-0.6440286449068876,-0.3298766650657831,1.5474931116068655,-0.17227825766552257,-0.4801768367159802,7.175101189722127
-0.046766627282778965,1.0661799707900046,0.9318780610237897,-0.4428025314724705,-1.19297283730574,-0.6866342289388936,0.31184309357184054,-0.14546453891476746,-0.24981498713930833,0.5356728034963459,-1.6984301712590202,-1.2425586313606682,0.012416327857089487,0.500362257748562,-1.0815279800151196,0.03575963232414967,1.7066335690416792,1.7080632954162174,-0.672179817489487,0.152833372344129,0.4899300531056198,-0.16688750781761327,0.45394532011252975,0.8237960684111982,0.01752564516288356,-0.7232637400747267,0.970606666035452,-1.0484071768268806,-0.2207795317724394,1.8051144507326276,1.0007603700966485,0.28988325186662356,-0.09326667721688327,-1.0302326455358255,0.6647206861061083,0.35104507437874427,1.5241657521222476,1.5357267470387923,1.0559896710669114,-0.5635423573227014,1.5542916595423262,0.00942142027333204,0.14025666894983305,-0.11710706686841861,0.18251660410302398,-0.5103412348349528
-0.42688357040623315,-0.27204938832880915,-0.04756352236471361,-1.0858158578475683,-1.7352294945673878,-0.2491298338798061,-0.3602465952504249,0.6552867976303738,-0.12791500935534014,-0.48332005906779785,-0.03771296727211808,1.199058131701448,-0.6827990593988333,-0.8658332733954308,1.6068059814417184,-0.4334866572243544,-1.2444090768850562,0.5614248568087079,0.8801323501372368,-0.23763672693307464,-0.41474488817386557,-1.1070687885553105,0.8377095604048631,-2.1337514682832803,-0.9565861794575632,-0.007472012389412335,-0.0787672076642702,1.013619144690216,-0.06529037255991639,-0.32440839873213795,0.8326256519284613,0.9759407756627085,-0.7763673133548077,0.12032620467293456,0.4226173702942522,-0.9399902216047424,-0.10886296595208408,0.7851495674550488,0.37965746230588976,-1.915788718392948,2.307469881197156,-0.5839849328872547,-0.16375912026215644,0.977540103935534,-1.877275158276704,-0.923391501768583
-1.0650127936533453,0.3248180864939728,-0.48162245126620196,0.7736269657423653,1.280420572042831,-1.7267497325436243,-1.0524169248768938,-0.1039682321864196,-0.14210541581141165,1.8396225980552376,0.07017804019075759,0.9232079260100324,0.7292636985317175,1.5568137959099386,2.161876188102348,1.894706761160409,1.3029731987473832,-0.08507749800590576,-0.9787760553087852,-0.43547586578894765,1.569494390618426,0.39803189981365034,-0.006351366971332495,0.037598399790808694,1.838705327092626,-0.8703947669800577,1.2915320080476227,-0.43917179043826154,-1.755467465769135,-0.15350364377737727,0.9174022082986739,0.6730116541341314,-1.0915860010831933,0.7830861925856807,-1.2953846602767776,0.7356844647254474,-0.1507241570473078,-0.06193680459475977,-0.776800264221297,-0.22207670151272105,2.42818173346499,-1.188490038064802,0.33577750412385166,0.37911811426476855,1.7795037904807176,-3.905544773938324
0.3686150049401424,-0.8004711768833894,-1.9843198084782145,-1.0444126366415483,0.3104666243106731,-0.5190863068128653,0.020494634942034608,0.38503390148422995,-0.6951026634778851,-0.8529640018382674,-2.2195059278164093,-0.07043814537933521,0.5244054599642439,-0.5092317270651662,0.0235099025220042,-1.904972433702865,-1.0980616018186786,0.34268652044933134,2.1972584349253683,-1.902020560273618,0.6373336771547914,-1.6738460574440763,-0.03171114410599431,0.25989686732505074,0.3999984359863514,-1.8940942791548165,1.0371396574578176,0.8984721223970072,0.4137410729890535,-1.8292934592328907,-0.4116366933852567,-0.2962422610324987,1.2334824661756374,-0.3864535490701395,-0.38318078687818136,0.4597172663515608,-0.590277876935871,-0.37396421809854646,0.381524694856244,-2.001878819281929,-1.271241526461521,0.4569694834087469,-1.1136178509196706,-0.4797089032581695,0.17060954227084377,4.22524631171989
-1.2357709821809613,1.3987577943346827,-0.2319833210037558,0.3642295962908271,-0.13632245258758058,-1.1084778485270532,0.11733928805657114,0.5449996598575028,0.9464589737902975,1.35116428917111,1.3126523394095961,-0.7455204439203379,-1.0316562451419546,1.0640964479870323,1.0276335698127372,-0.0572389260407981,-0.03721533916578648,1.3797521338702383,0.9800476575431607,1.0746500899797797,-0.03222165672239251,0.46258683860790323,-1.7582350829327462,-1.00088601413655,-0.3908078834709631,-0.14513072684988482,-1.214006099694993,-0.11312381905352932,-1.2761160027531278,0.6378805303442567,-1.2154393204320557,1.3090004319953537,-0.28343201266639156,0.0654591469674803,0.8550282371784609,0.8490245793876968,1.2308268736478623,-1.1881056123156999,1.1334494900730523,1.2333468968234693,-0.5694057657313797,-1.2457266978271202,0.7127968270041969,0.45303441539341927,-0.5167754274229579,-5.488684961436624
2.065558349446106,0.8717482372686424,-0.3305763352196041,-0.3940841222584618,1.160854710196599,-2.2758619557181863,1.373311465110245,1.0269379696054086,0.5014303391587799,-0.6251203136359325,0.6542594115089062,-0.47113086559376216,0.20594329582353604,0.2617543931989354,-0.6521452856154832,-1.1786331406587987,-0.7904701354809028,0.5671025616803542,1.2245995533065868,1.0858153358720288,1.2377460299309666,0.39724788011171447,-0.22838783237615354,1.1400444166850863,-0.5771497441989911,0.7407857842792099,1.166464853122209,0.3451554730780938,0.00614687826611574,-0.44930080992692195,-1.3817186497791352,0.4557929262820461,0.7871442075691123,0.36061208180710824,-0.7233368009278444,-0.4510841028833791,-0.9190516313272894,-1.6955230460096857,-0.5029564217994807,-0.1004995887226851,-1.365399612917248,1.7838561079232311,1.4152048817287493,-0.3920316764366582,-0.6753622757521298,3.1858101362978006
-0.41891769962568504,0.4094669395220972,-1.3545123866536033,2.4144878054621928,0.17513826593500506,-2.3236654711391713,0.5584721478310801,0.35734721032036454,-0.036299715945997874,0.545983318986691,2.0012639459134025,0.900448009009201,-1.1283719195785296,0.41868910160830736,-0.1530746149862402,0.7462643793592054,1.409745432933889,-1.4158328496247254,-1.0285460021152135,-1.1146217375547218,0.505677512546758,1.1231672499735335,-0.9798820410832376,-0.3568770685372111,0.8725515426981907,-0.19199749509349578,0.7838826745000986,0.991007232452136,1.3258705945537546,1.1631399885485123,0.14572460524127584,-0.24926099879090377,1.155520503223634,-1.2709755248414227,-1.0190558318159728,1.141085853417584,-0.009212292825122901,-0.004254531286986143,1.3010364274017387,1.819024783372023,0.651474801856021,1.0384660681855817,-0.12127456101210704,-0.18176677843402714,-0.752833030945355,-2.166973905468211
-2.182718914873258,-0.09435516791494009,0.41358811925597594,-0.6110206642692869,-0.2964128388181528,-0.5049486815790789,0.2487338975251743,-1.8505861241173032,1.0214365784248711,-1.2693654583729106,0.36083924654979005,-1.3067997443765427,-0.36199690625265163,-0.04038665584776175,0.09239124269291915,1.1652817872623757,-0.5125630963130327,0.04186738285499756,0.4244330590704492,-0.10321999842036089,-0.3187381454761347,0.277100781309646,-2.5668837801059303,-0.28262782994066943,-0.8035555069360837,0.573231350304995,-0.26874983266759994,-0.1675772865735149,-0.679207997506155,-1.1623245542941625,1.4768312791348888,0.5884944156597433,0.3762595088841638,-1.0240539252858778,-0.5730033963644133,-0.1231608209562003,-0.32322676871214967,-0.4357360526335934,-0.47392881367405754,-0.8819075163798727,-0.618000819611396,1.1948713723879216,0.7247604672250314,1.7215982479663225,0.5881489217889718,-5.407974464918673
-1.2641678456720487,0.6577204204830117,0.21017138350020925,-1.1784071455187708,0.7875897523525491,0.4102940055267,0.5504240891760239,-0.5570950242550247,0.2462274409835816,0.4729816426929038,0.45966896425960563,-0.7572190859359691,-0.8627037167185984,-0.49422663705208864,-0.366178421644271,0.0789193506745008,-0.189134102819238,1.4789056150585391,0.1900607283549536,-0.22869296962947847,-1.442581216992589,-1.3534522847832027,-0.32708713290790364,-0.577330462520574,0.8368843544324205,0.8381370227943024,0.842792680939787,-0.9463059567854396,0.11862831094436443,0.2693595719670919,0.524909169065433,1.350721359974639,0.20922530982065443,-1.8838559627593354,0.1231087125248665,-0.15483304689029553,-0.945684621975604,0.785281907596183,0.25321498718377977,-1.5622823521690221,-1.4499149602322832,0.8630315001970966,-0.37825740594273277,1.1961722030656639,1.9645999346735379,-4.728245618577362
0.6032073578645315,-2.5251931770907317,-0.7440666971204326,0.17585536593814738,-1.176722336680372,-0.6767245191436501,0.6691002638299177,0.17205500146591485,-0.16576618530157333,1.7944703390937258,-1.2327000080901722,1.8152529680759746,-0.46387265191264443,-0.6346415606389808,0.21754174251000552,0.16615862375609444,-1.4074145844764652,0.5443622462651514,0.6101195433254107,1.3256192293914069,1.21117006472509,0.8339233883007977,-0.7009961538851155,-0.5129962405997494,0.5539157024214644,0.056486854245357584,-0.13462648787650566,0.5842871730056433,0.12303102084970405,0.2738794824002275,0.04843172747816345,0.32571414706293467,-0.23716642853209274,-0.32168223886564073,0.7388328839665808,-2.1183459976778556,-0.16513880834995032,-1.2868073352256444,0.08872858324693052,0.48795209284292923,-0.6048612436438369,-0.45301055463221246,0.6159642237688194,-2.464288537177623,0.2013659876718536,6.470583390267968
1.6311669937233104,-0.8360764611106438,1.1874272341186012,-0.5743957009203239,0.7699675291363179,0.09264437915785663,0.03449835053404906,0.23975490270898048,-0.41786990328237783,1.0221826145777289,0.44492234735793484,0.2482780792472956,-0.22237502592731007,1.23322181176928,-0.17323048228190735,-0.09331937006323102,1.6015712151954045,0.8334174506736576,0.31229598117305785,-1.1726178052803171,0.576425776247991,0.9664169876840412,1.2047578862568051,0.6446592837454441,1.5118672296291982,1.1117506101729622,-0.5119421353935385,0.007493377277257465,0.31537015608536684,-0.23791108598033317,-1.5405974587289075,0.9895191320665595,0.6726383296003343,-0.8570856153042337,-0.059885097548189825,1.6812983220054905,-0.7073778372717467,-1.2009770517288385,0.2121668127310304,-0.14169310248834208,-0.8265780943190174,-0.2680681172855923,0.0938738376020839,1.6578995325459507,-0.40490589873477517,7.544265465486037
-0.19485223119161454,1.0357741454614606,-0.24921104077840764,1.1975654105156184,2.4011908471505357,-0.8608007585440659,0.2729672790345173,-0.11579801097571918,0.4997666454678295,-0.40382094137795826,0.5634034749193755,1.3978618907739484,-0.3885496928654692,1.0875630487278476,-0.7341546969716143,-1.2416405961503785,1.3675580344982143,0.5427348906174736,0.3576300855601795,1.2759765041894608,0.039804949199631165,1.5722786893773608,-0.4797356620096384,0.18332146257996065,-0.31517534253654733,0.8286895873960022,-0.14735113003633643,0.4063036005459571,0.36084039091291337,1.5454300218652193,0.4109103510080272,-0.27637665524865923,0.6482847472442758,-0.9227334870308612,0.2479660305698459,0.4609002619633861,-0.40372301825433987,-0.2672861305181363,1.0532971824318471,0.6036884271947222,0.8402960676946906,1.0825706879575212,-0.0673167837947558,2.6709227446935806,-0.3828308440559238,-2.1403748208484514
0.14507504636501847,0.4201328621306789,-0.3031057977403059,-0.0006746853041937865,0.08315267015387208,0.10006506312816453,0.9923409559184716,-0.8155644909488974,1.2077112515833264,1.632259488784048,0.9279416770920245,0.777828297430554,-1.0225358180624595,0.4317863606354163,0.07374394560816579,-2.323899395706785,0.8591441387066404,-0.09627726301171381,-0.14070691126391122,-1.6516172645935814,0.8725561505054429,-0.17383356746780274,0.44676856481733557,-0.44738815219852335,-1.3750647134628566,-0.5529191713299075,0.26021567681953234,0.4228559231831831,0.014708688310417373,0.3268890545833522,0.45142303240450554,-1.084295518112528,-0.8295669339597005,1.5475275371435129,-0.5326043244901111,0.3501072511665475,0.47472072505130314,-0.5745664962666612,2.3467250965533433,0.580955818971749,-0.22504234004854892,-0.36669939866801143,-0.5576234087199281,1.0581009754070496,0.690240297449097,-1.0374846617209987
1.2559037029143614,-0.43824190152145587,-0.2427162897234089,-0.3983228838819293,1.4706991427677252,0.5766039560134573,-0.334361003191018,-0.18829007866455202,0.8226564559180446,-1.82804545162647,0.3732439499000641,-0.18662254221681704,0.42189838962758053,-0.11222038154743193,0.015018621965798121,-0.05222155899353129,-0.7801004762818343,1.501638511552409,-0.09481073430080772,-0.26532014953955757,-0.3858435255345219,1.5930446409578292,1.7828684785120146,-1.0906022949740073,-0.28810466522122463,-0.8267536763107792,-1.0235874409749721,-0.27212079805380873,0.07673530789417543,0.14098739908330962,-0.9659047542966979,0.5478842093206466,1.4459855710558547,-1.3596477471716055,0.19645444896506525,-0.9465152530917426,-1.4350292803304308,-1.251913349942342,0.3172837898248326,-0.34081717562404834,0.6819365000153639,-0.9017676857566819,-1.527174322007197,1.269095441583356,-0.24294370035980328,4.3010231681240985
0.9218085725745555,0.04313496916587378,0.3017006066735145,1.5845230510502257,3.472811301034693,-0.5972022489933196,0.08198979381113244,0.40182440527947666,-1.3876309683310526,1.511039837536459,-0.514932639950813,0.271174404293723,1.6798629502207918,1.1680159891651967,-0.08455635139763479,-0.8388367928009597,1.3120000789486157,1.1263683006805743,-0.7968042158447951,0.4110361502059608,-0.46123392520762974,0.7380807510019022,0.6070809511519989,0.5819880909685317,-0.5641382608522741,-0.7295282311692868,0.13296807093641685,-0.7968607096294744,0.40026156512233274,0.0778153363197336,0.3689800678393584,-0.1556048820259233,-0.4656274155872884,-0.792483042677288,-0.8756866226163293,-1.3035972117733328,-0.801044788116642,1.2413253600797245,0.4193839342756154,-0.269926329516721,0.6945037818369918,0.08016927718637558,2.0508597570551785,-1.1607950584030433,0.6238827858549807,4.8175475173318345
1.2300007955791545,-0.23174472774644164,0.40156678063194434,-1.0789420176094346,1.2732693659585124,1.8011064875923528,0.07894278364153522,-0.8214999761771785,-0.207157605543086,1.8325851746075899,0.3094741064070269,1.686010780048596,-0.20337779010688903,0.19781003135005099,-0.2835579001062227,0.6344470525263084,-1.1707103319593075,-1.5321870027378217,0.24278463644253098,-0.12227976812575699,-0.5478860578004463,1.8869086532811978,1.268557580439604,-1.7606684375093815,0.4223742721879826,-0.7396347403122315,-0.395875055489417,-1.2054880166994482,-0.27671118591789434,-0.9041144623322488,0.06513624138114459,-0.5867852541862727,0.07253091113154495,1.0543561863501123,-0.13203512209152302,1.255871000381375,1.2393590573300017,1.5343269935424066,0.7176028434970497,-0.2217034693958494,-1.0444606850388818,-0.2879616342822555,-1.317015717491279,0.11166077240057545,-0.11643554136252748,5.404343888330892
-0.005163577867676411,0.046006188359202935,0.427820796566278,1.5236915107128233,-4.332813909838467,-1.2795999573139278,1.531218719364468,-1.5767884163349803,-0.9774552150538398,0.7236682266342153,1.3058988250613812,-1.7331147746729338,0.9812357333168208,1.0106925326976577,1.0329886186566037,1.418200520646989,-0.9687853894002485,0.10784082305906055,0.3888939600979984,0.5927177345199294,0.19115886424137235,-0.19615477064838724,-0.17556980756774124,0.9772166550904199,1.8930497399039357,0.8850469552571646,0.34215175703437817,-0.5635154139998175,0.30210652808339766,-1.2877556666029015,-0.9611433768901507,1.0881911104343713,-0.7922622461797906,0.6223418785380642,0.4709937601680626,-0.1645579357299728,0.1307014703253026,1.4617268693424144,0.42484991819606494,-0.762874507360683,-0.6323944506849164,-0.2663259708909859,1.0252629758830685,-1.116789304062332,0.5621383373826079,1.725703711079237
-0.6517806987808974,1.069986852465622,0.21339378980202509,-0.34430946550774477,0.10142238103364414,-0.5546040155636118,-0.21572348025335528,0.01668144688260909,0.026987439825024353,1.6005270938216272,0.7007600840584154,1.0358690544526814,-0.18185255239248732,-0.6947772203833881,0.5931819066048298,0.2227471748573359,0.39264769005352207,1.2068510903492802,0.9016927128216149,0.7434757916284225,-1.2046082994386647,-1.20074508556938,0.4499885330107401,-0.5441812406844231,-0.03918558245677427,-0.42351333640743927,0.07497646620422739,0.7821850053958858,-0.4684295355467991,-0.2527926158622573,-0.027136984073740603,0.4822445787356491,0.45829735568512875,-0.05027021813761807,-0.21710364308019178,0.41713628927244906,-0.09806390981725722,-0.32510883931071616,1.2830767485401773,-0.814115570149017,0.5462733079892383,-0.31169096241444266,0.040484889505889916,-0.33477495065398943,2.613410480127791,-3.3861971405954563
1.338084454010138,-0.483794049711917,0.12087011592032285,-0.06590927025382641,0.24757573628129537,0.8631704009188784,1.9646586630629979,-0.17357958722137692,-0.20375438403418616,-1.8349087866741427,-0.8133747318090516,-0.456214440167466,-0.4666751200012756,0.5828411496456897,-0.5424460064444635,-2.359676711992827,0.5659651685182036,0.46849953297023994,0.3588779011695519,-0.2553727209809046,-0.3025472677124379,-1.1563695450665241,1.2825331839692606,-0.4211893713422341,-0.6833434691652083,-0.08440598099567034,1.5777703972447397,0.273298853955101,-0.5433291865661524,-1.6614609483247436,-1.2603119347986227,0.8804309074476295,0.1030062824025553,0.37859707008275295,-0.7044630580245146,-0.31183382220522965,2.118028122165855,-0.821308393679267,-0.5498587100103275,-0.40123475091116273,-0.9003166325979535,0.6430442134745541,-1.6505126562772174,0.6955074866830209,-0.4249331917722346,3.7073112831041866
-0.9328180328955582,0.6280648988075237,0.7260080707441972,-1.1903261988125735,0.0874282078655405,-0.6844164813996544,-0.5880294975797394,0.583416421663885,-0.14071437176457077,0.5552980352922081,-1.2093555266293146,-0.36216745864782995,-0.2231935736781328,-0.17379455553829665,-0.4542374210108157,1.2711694988946698,2.3027785616626537,-0.20896184607284535,0.9922322892466153,-0.8757996640436136,1.9550246699816443,0.5300105194711127,1.5219525664406819,-0.3525937860233086,-0.3644609079882958,0.9446238193049696,0.5316494866341445,-0.6937392867149021,1.6321471949062616,-0.5204419384593153,-2.9908268168536765,1.6334025103621421,1.1297509740380478,-0.04694604321895692,-2.9388213641425467,-0.8568528574157873,0.39110688295800655,-1.3242164273052002,-0.39673715153396466,0.9851012515024196,0.723733287346572,0.9020745392639189,-1.0284131525957747,0.035434293153328425,1.1968583051644102,-3.015558571256316
0.24426652210639618,-0.08034901999600493,0.6757758092942563,-0.17761010804575583,-0.5233288947379028,0.5501339927947312,-0.24182829358015823,-0.6999820062345676,0.2329386688861289,0.079865293698334,-1.401373699858283,-1.3780332926811132,0.2959265760240223,0.2844050128260257,-0.07113979893383457,1.086197095401766,0.5244162103461452,0.3653162868463671,-1.0183905185393232,1.9877379707444185,-0.7166462724485796,0.9425761244542679,-0.46808564425668603,1.1098193800569882,-0.7885146738517316,0.40315163567686035,1.1499908249150737,0.923885529176959,0.13932210680651697,-0.2691928477136149,-0.43291685533537994,0.4351730975009175,0.19135266251538086,0.014062082213440387,-1.5626699245253093,0.2105918631793656,0.36758334678575144,-1.027765673875838,1.7132363810205542,0.47447748716467614,-0.8596607279295394,1.5668891442299748,0.3635920024193109,1.4380313720748934,1.4223120252409625,1.872855006442986
0.10155489846131505,-0.4982982627157016,-0.6625146552437929,2.4343651811649236,0.950439875534328,-1.5188739761398315,-0.726533277206201,-0.04917832610115559,0.7717929264778188,1.1010045830648798,0.5151308279442729,1.548571403449535,0.6249974221706225,-1.3287372805886721,-0.13909011135180274,0.08615486033067545,-0.22997434580661652,0.8353439555954759,0.5410640469094987,-0.16873862936276582,0.4383633827193938,-0.7769655904024638,1.062577242130823,0.7503599727739664,-0.1826893291582161,-0.2765404508109138,-0.4413990185022507,0.5011445156431529,-1.9970015482294896,-0.6147384545958969,1.5278033490098792,-3.849138594472181,-0.3537393320865671,-1.357911122986899,-1.3409481394736464,-0.7236534660843061,1.2014751431194066,-0.591431785982335,1.1273742680525214,0.7264269726424084,0.22000324165048138,-1.5751798207870933,-2.116876933165473,-0.04858625078392479,-0.33806945225025165,-0.18196257013748762
0.22904748838836533,-0.40100091103619534,0.35236834818126783,0.4577218036343935,-0.38034387411259557,-0.6867012452544184,-1.7918967948671083,1.0324734154971025,0.957498300216259,-0.22091495413017898,0.13979015673220885,-0.7523461845027012,-0.30915696956878147,0.3153742137323772,-0.3787466822145768,-0.849163938456452,0.2982497044789295,-1.1799069749652942,1.102161073305618,2.7556575971183603,0.2974419068960612,-0.8208096741545423,1.0579762245938675,-1.157496344430969,-1.9971848625110704,1.2402600548115823,-1.0393295002934486,-0.015069510193914316,-0.2763645844576318,0.06643134912555848,1.3258228913754888,1.3785054675078978,1.3429691679038327,-0.4087950716934223,-0.7511194456965368,-0.419011941738153,0.5325725468519609,0.8704951133894392,-0.05119818641144048,0.29282703350093847,0.8332851309819883,1.6648523140426055,-0.3871927758137655,0.75496434093525,1.9101578066902818,3.5216784895250215
1.3316101545851422,-1.5393632930590702,-1.1400843034151948,-1.3735337517792812,-0.5321974985782372,-0.6366642378471976,-1.0347846781412016,-0.847842594238411,-1.7696773918042108,0.7946399559773972,-0.09069533793715218,-1.549453318945369,-1.845373724404338,-0.3491081660600916,1.050935313299099,-2.458886681413,-1.017539830344069,-1.5376552854583423,0.4168740368489266,-0.3928451439284324,-0.7112400879425435,-0.17219931882164588,0.6858539887160823,-1.0984381402979717,0.060795447007681934,-0.4712724688693102,0.24510063069086535,-1.1802509779150512,0.3048966258265825,-0.665595915887565,-2.4925910205273656,-0.9027132331291993,1.21202524680455,-0.9554040678804687,0.03359632828276972,-0.19310091337625726,-1.286735782191786,0.8238156435290156,0.20546615280735625,-1.8345985066260282,0.36042723433601837,-1.427038029721697,-0.14435206892181543,0.7044023208799204,0.4427646070203591,4.8466377943808485
-0.6349231033334217,0.3020594581659756,0.7585433999382831,-1.778496009635181,-0.1678993049078392,-0.3183323640231034,0.89902197426363,0.5185115786145296,0.46704899145179496,1.8918265924365099,0.6097221764641697,-0.9202724656571868,-0.8154052064235098,2.2076449769050153,-0.7554285628543719,-0.35926592331043594,-0.49804552099025057,-1.4097585751159092,1.872822881434884,2.0810377229792887,1.1072716316673676,0.026008368235553015,2.373678662797274,0.26283399725526096,1.6970901437162234,-0.2744545719541706,-0.8318167184874007,0.4200723483382413,0.6174294518683535,-1.3041456437992958,1.4107695455490288,1.3065313002404655,-1.5368316519301035,1.94692730165234,1.032049984794438,-0.23990816050852884,-0.8610766574406823,-0.043346908749228155,0.11424527377467542,-0.6458681673609916,-0.8880971706334196,1.9510421949534147,-0.247798836631719,-1.614916127383647,-1.6478472103698605,-0.7282249783028485
0.3395333011615425,0.573998771233144,-1.1605274281854827,-0.39600440905065426,-0.5030720136715219,-0.5184057093095596,-1.1679121198202806,0.07675496316843208,-0.20090737918623466,-0.07748293275453225,-0.09403225718357118,0.2109243464867439,-0.7552367131591596,0.0992121207328812,0.4827049666305039,-0.0025391640203720465,-0.7818713231403899,1.4087410124453015,-0.12845556502088487,0.05469443317538585,0.9256830482431089,-0.08436095970053124,-1.4633335077821747,2.1744013484165845,-1.1403607531839222,-0.32333517725972166,1.2007805307418806,-1.377581420127101,0.3275602966188577,-0.6487207957198741,0.4823783854087233,-0.6532126608218436,-0.9581396287185866,-0.3052293505351586,-1.7888177994220786,-0.8752498758170747,-0.6557766533926678,0.8318471434097449,-0.29304979028776423,-0.7765679807711025,-0.6117964345232323,0.17857211572885479,1.0995131780140193,-0.8316483625715478,1.4036390912057088,-0.9259349944552691
0.70243261880343,-0.9569298353893355,0.8162741319779238,0.5343143804688791,-0.7923312538370452,0.3546814793950248,0.5398337297299418,-1.9292794733216794,-1.4611511195367186,0.5894611755979724,0.43433228851046946,0.2965217403434036,-0.39658448573122523,-0.5600936602812578,-1.0432780266241721,0.8957664725049918,-1.1742404847160204,0.15205115777186176,0.6766508322061974,0.3647698497683888,1.9454815482735153,-0.030062958817584133,-1.4335897366074204,1.005521759972176,-0.8951245326105951,-1.8074098277397233,0.1852169166848764,-0.2152128856469118,-0.18431893623482756,-0.4365507390653913,0.885461826450035,0.7992745578438384,-1.3754154307999298,-2.9832249612405195,0.8350034635860171,-0.6522324499571553,-0.4448688685103936,-1.0856179307176343,0.8644507592865219,-0.3275567118521041,-0.9307064390978709,-0.7651755394457789,-0.7725701686199471,-0.06370745766111666,0.2863472356528968,6.466711676357508
0.7540636095229135,-1.3298719235603675,0.6158749562501781,0.4928844464977945,-0.8482388532549607,0.3556532125871279,-1.1440572712044619,-0.1633084041000675,-0.42004575609706435,-0.1173816071490604,0.6372262411316446,0.36000828101173876,1.1509777032271524,0.17640639542674763,0.6023484231049756,-1.0367377357141965,-0.3921548011768922,0.5399980034062889,-1.3474301294005206,1.002634145137535,-1.6450760143261254,0.9285758266515459,-0.5518331799842159,2.0515171744785095,-0.0681625761960718,0.09245606853786782,-1.100901684826786,0.1936995491940789,1.1628198850167104,0.2003231998907021,-1.2409585739627509,-0.29227360998842034,3.7771653519008654,-0.27975585846606865,-0.5111914636920087,1.0441641696513908,-0.4793373850032047,-0.5965588473493011,0.29802894998412516,0.06876028247847203,-2.107951715881338,-0.6446285994840014,-0.2875672162827871,-0.012190512236785857,0.772966573847923,7.020432328033309
1.1772573569561093,0.7968575290551128,-0.18772542896508518,0.25986518415915705,0.42967263818758955,-0.375635886101019,-0.46996991401004024,0.3614631245065949,-0.04450928442804904,-0.618976307574951,-0.9303439222209849,-0.07497592826909845,1.1808094379017156,0.9672412100531639,-2.220411650974379,-0.5208086478853423,-1.059093793015535,-0.506372098048389,-0.3387425786451173,2.154740912904914,-1.813116490427589,0.041432536093715874,0.19675190480972088,-0.43898472104871966,0.09261915437918818,-0.2126365006891987,-0.14738326493674803,0.07993571206670949,0.45255331777499525,-0.8708383465649987,-0.6772029529111073,-1.1336986424407776,-0.45193746822775044,-0.8081700999316954,-0.35293899774943066,0.40171600768918403,0.7079297903445175,1.4355512520134022,0.5124376538892123,-0.3586924556466897,-0.5218608096349915,-1.15934185844256,0.12448805977918312,1.6429338519785182,-1.0923520321527522,2.538555590818398
1.2244440573660071,0.7324186450810671,-2.015108838818731,0.7230734632882416,-1.307059203658388,-0.16490777153937783,-0.1250033568723846,-0.7631528255701743,0.4193405921030069,0.4989877941058384,-0.5528622803837682,1.5164101818072027,2.0602422628582024,-2.072185534817544,-2.1828052881211515,1.5698341210990965,0.23696880059670045,-0.37382288274666614,-0.8431908468636823,-3.4054549993583687,-1.0967875400232967,-1.0029843035229333,2.8171345299680777,-0.34580247107727,-0.869611812597522,-0.6057535793945711,1.5712582399745323,-1.073150416117549,0.68392643016535,0.08586458585428235,0.86243078549752,1.941570647996352,0.23309408788740704,-1.9378387327530573,0.33881363147911503,1.9398739743445008,0.7405687742695677,0.849636194591056,-0.6000966003339469,1.1773870817720133,1.617552039449714,1.7639532032515022,0.41978522311019906,-0.26610693861260015,0.208554605781904,4.695627027652642
-0.4076469960456795,0.0858813681334132,0.264665787165885,-0.01489594235736923,-0.08205036963273608,1.5286079001542592,-0.3924794351367631,-0.1659487629249147,-0.7129625196399365,-0.01581881860336395,0.46472056788546673,-0.7978548843744586,-0.4514242668047912,0.3106423031907228,-1.0167707041743994,0.4898719889065399,0.25886860886785296,-0.767711942642067,-0.16600623786533994,0.03593420234607441,1.2542918050592577,0.8897179448446995,-0.04056945489790753,0.4873255193028925,0.7306016794700574,0.5494875144697902,0.27651955574788384,0.8683505686511043,-0.07536907738371085,0.7786551489998863,0.050782325605392024,-1.5708370475797233,0.03165879159502467,-0.7787195317978152,0.8997313408552939,0.08765416320652397,-0.6113469845494575,-0.7336361656582785,0.4294951793860397,2.483407665968568,1.1765056248409087,-0.09821446206533906,-1.5212481317541953,0.492768434553674,-0.6125135136591577,-0.05755522469340346
-0.8243966992332226,0.8739566147988208,-1.8006664811979594,1.8581090090885632,1.3541534962551987,0.5546563979948405,0.3095434464026627,-0.2750765012795626,0.03961632734572232,-0.9143522905528035,0.696156671427921,1.5075969148878796,-1.579648588677268,0.8001625214625929,0.13898772191299927,-0.5851863207237923,-0.44529111561034657,-1.375389512304325,-0.9307556293664444,-0.3456257972532803,-1.5999020404843987,-1.7941330371631925,-0.48388784859528705,1.2085169735643144,-1.289140126719792,-1.5745418043669264,0.6723033097940511,1.1281398704552736,-0.2001888349917427,0.9248692727018174,-0.37291327745657576,0.5767267608160624,0.21841139847488483,0.8185673009578703,0.6398183736358714,-0.4611937184696643,-1.2394565757861111,0.9269171973358097,1.4012497795009822,1.1457851474430973,-0.5070437892392999,0.3753345614788827,-0.7038501086067374,0.1015923543725912,0.6724888544361594,-2.954383071729099
0.5978430693279714,-0.09064574381601868,-0.162066300251263,-0.635713201110648,-0.6939945744863927,-0.2785529852112157,-0.7303560403430774,0.34378506481401067,-0.9693547297020784,0.0683542948545885,0.1265574988032054,1.0219873617348547,0.6882059195143186,-0.2757799308071662,-0.4287334359082154,0.8893074873900155,0.27958850789842027,-1.1719759117629678,-0.10185705679276764,0.9375823365345168,-1.0246888167896473,0.7629397610941447,-0.5145671174530679,1.6715278595744307,0.7829562522579487,2.578775584988744,0.6248534329819865,0.22375284578773214,0.4756177867304486,-2.2841610028424784,-1.7433964048451094,-0.5334798061832168,-0.039658515351764484,1.058067959505329,-1.2993662694554902,0.7094911031269604,-0.5266350077683293,-0.14381976169963098,0.0374727149743393,0.1667090564825314,-0.16835805795204187,1.232126086019599,-0.3116957764235271,-0.6202189515059079,-1.6391073005196657,2.196150841403903
0.45940517995097074,-0.8261667198346511,-1.1761073937524622,0.18541688301021064,-0.23922770115346093,-2.186088752890892,0.11996624740547719,-0.43843333823859204,1.237204992014064,-0.5707067707172803,0.24618192342759265,-0.06888483470224707,-0.8338925750520552,-1.0988896310296952,-0.4908692510677279,0.3764847587703917,0.9067814963775727,-0.22502027867672056,-0.8077267433737583,-0.7044393797581813,-1.7748807892067013,0.2899068504008346,-0.14414236982526635,-0.5774254650128228,1.726931558935788,0.6270951561855413,-0.5557881431520137,0.14065726426291875,0.343027744813173,-0.15331919511574654,1.7546423538948093,0.24029060610350053,-1.1593965270030948,-1.1115302918569494,1.1534157741808295,0.5152539880031701,0.10833857659175254,1.1954656745549317,-2.6169464924258627,0.0744530263550367,0.9189506709796085,-1.7741623458140596,-1.1882490232361074,-1.486288510774698,-1.0111572188599032,3.3219750973875413
-1.228760086617203,-0.4046875296152363,-0.8141233419408501,-1.2634992398343647,0.587434650814576,1.5086788278580043,-0.7578105281150069,-0.4357271952135196,-2.1584479720185787,-0.5310600963194452,-0.2729006000063675,0.7006355263741068,2.485239973083047,-1.3787858866080245,0.3074036696247993,-1.645803969640423,-0.47419461287757836,0.22882459112630552,0.8388778488347428,0.8262318987114238,-0.5070881337513611,0.11844257813014733,-0.25916353666425684,1.6329026945053562,0.13255287483675388,-1.7466315350688917,-1.4962238428217554,0.6996534044319912,0.8667342359928444,3.2422851332798963,0.06369434408175279,-0.7188021364052729,-0.2584499791727659,-1.3389639320214193,1.3217999911212945,2.309880697217514,-0.03529322611138449,-0.22251873651294393,0.7426288563552477,-0.9253935247167626,-0.1588149710569961,0.4273098641672459,1.1093464660152528,0.2817658532715699,-0.39119142082662056,-3.2854243523900504
-0.6118092451606727,1.120987809664158,-0.3749468801774104,-1.6216412619189744,-1.1926413210148734,-0.8752660093063034,-1.0517625720442265,-0.947830639442763,-0.9334225841316313,0.1857375477182116,-0.5882618064389571,0.461583731453295,0.8382961131683808,-0.14513834281805174,-0.6510652507606414,-1.562523918020797,0.1558179869609715,0.27961950012199616,-0.9502773850455926,-0.4590863496660348,-0.7046714569450645,0.9604509337828677,-0.674126398174993,-0.3340438934652968,-0.33021952483340755,0.050417106925523245,-0.8682998112979406,-0.5679456584980751,0.3347631946017629,0.02441089899676613,1.3775511825701976,-1.2862559565180924,0.04067406033330635,1.0975579119874315,0.27529437946271856,0.27454802017477126,-1.635607973178787,-0.50043899317833,-0.4721021133300866,0.053340047660864455,-0.7981252079085105,-0.8820866761642093,-0.758277766258247,-1.7152740142966392,-0.8560564907643249,-5.155957282716494
0.6092132546122213,0.8401364338050308,-1.0355145607798013,-0.9356578254571443,-1.1822034715428344,-0.2632111278250036,-0.4935211066266266,0.2034228879793171,-0.7805104867647441,0.8392600152738467,0.004677985668173531,-0.9597329151939363,-1.0366709343487412,-2.321798441811194,0.7643638752481773,0.11722564806090251,0.9345667649762525,0.45959135269957135,0.9320496466233403,0.8117002993694333,0.4501061260605743,0.15102694484393517,-0.7699942706527823,-0.5456403187298263,0.5414996327615907,0.17990484985801256,-0.39622447713581893,2.0471344030187213,-0.23432738237755774,-0.5869488711803461,-0.5072925283754774,-0.5526089611165095,1.8006774124873162,-0.9135909892678356,0.15426391754499916,1.4332990623651294,-0.9862020597798316,-1.5070008883715547,-1.578280124768529,0.4055508323201337,0.45465018160016807,0.17606349565083299,-0.8157786636841807,1.2945132590519506,-1.04790958135679,-0.6380490685300123
0.004894749950506138,0.5937523990879479,-1.1758807873022772,0.9062959299101534,0.5625748506985264,-0.9346077475983339,0.6162236305028692,0.40462130607448443,2.2891047344957727,1.0763640543105029,-1.3537926466912829,0.5518533830350979,-0.782945334605494,0.09477850613096872,-0.33412285811527875,-0.4236834443962493,-1.5182303834310766,0.517721777558976,-0.7176274513363905,0.2378789518699827,-0.20317547461520633,0.11017851354573165,-0.40173420839296803,-1.0523262196564647,-1.3629222377049206,-0.4724598309581479,1.8623441057662056,0.832081352569531,2.2310908039657495,-0.9717787158509382,-0.2975858265697428,-0.05546882045394313,1.6950145768537976,0.09245239324253356,0.05047059321263661,0.5732694586852273,-0.6435166711105061,1.2247303375680256,-0.37149468633584243,1.0641103005634371,0.8951983148938885,-0.9503173707462502,-0.20474447888587918,-0.07364715147812417,-0.5134383579887908,-1.1172444027616812
-1.2190311543060939,0.24932894483814502,-1.5277563264252472,0.846247143819576,0.21577647288408167,0.36451535880950414,1.1490046737739716,-0.4291639260972638,-0.4083358696420938,-0.989703944843998,-1.3247266346039455,0.646618253803533,0.2988405388270615,-0.47327087952471786,-1.0610627076301176,0.9799125587830448,-0.678518206445999,-0.021723175028552096,1.966715082109773,0.6265679226808591,-0.7516290764521308,1.2120703224060974,0.14886106995952186,0.31179214009236933,0.11930083904394438,0.8904360158713045,-0.056298344902905736,-0.9626239524113123,-2.4825578579430267,0.15392579528298672,0.3760376473075847,-1.5467632611940827,0.3185629786290226,1.2362999057972897,-0.88823452812417,-2.2247763606129967,0.5326566305995244,-2.6652773243442383,0.9662540801245348,-1.6724743282413501,0.18507357136640484,0.5400411525173644,-0.8070534878029139,-0.04141034315517005,0.21520070584032577,-3.6054945693529428
0.39730548855461356,1.0169486830649725,-1.2970525363507182,0.8025642201454696,-2.170130232528065,1.4462365741116203,-2.1870247053126826,-0.22431967014410706,-0.7140053133411299,-0.7327454711835804,-0.6644892997872773,-0.4158312990557011,-1.231998810368434,-1.3167757926158734,-0.5573480335945955,0.8238016023861277,0.5461202230093989,0.7853017635985156,1.0972006620507002,0.8400411199533631,1.0764493559351436,1.306266350526919,-0.037654296310236014,0.6590089396717767,0.3351054125950819,-0.14591576895253294,-0.6311153255308487,-2.0031645125292856,-0.03357893860874007,0.028957184058740124,-0.31747879112844885,0.14807113686027087,0.26560570634262537,-0.8693319496263335,-0.8033109672224856,-0.2816964799294295,-0.1287686375551408,1.4378734724565054,0.633622784629937,-0.8195205518364811,0.04109185327197135,1.114501947573659,0.4014287532649932,-1.2151203813179776,-0.31004051817685524,-0.7380160937804007
-1.131521576212257,1.677505256052437,-0.7092544043003832,-0.1688192995347399,0.022801271354704795,0.0676297229542811,0.122315901965213,0.10468113982401084,0.6330064024052823,-0.38927390018903424,0.6295774286199887,0.7435990506225382,-0.940931252230939,0.3542078997926356,1.332956423508221,-0.1270831243192363,-0.012679403470788228,1.89840186684863,0.18787446223252974,-2.1837718790145715,-2.048913041810225,0.279571064761059,0.4611915514817875,1.3217761582720746,-1.696707535087829,0.6072166369350029,-0.9368917662521029,0.7148414204485861,1.4825924958552625,0.8790036816754847,0.35229308377018875,-0.23645589905638623,1.4256040638614278,-1.0352769143022202,-1.2149557089825007,-0.3438312180977378,-0.7758334475080113,-0.18501412569874082,-0.15902401741285455,0.02642752159274402,0.2878277220942877,-0.06539098993799705,-0.6741448460660613,1.3223226407719404,1.2872233627478447,-7.702430562555462
-0.32111046261066534,-0.4261300529776228,2.498619688758297,-1.032318022527029,-1.5306542801226208,0.9947223107173587,-0.29475794642360614,-1.6339280868565729,1.1904560974491534,-1.0491438589229012,-0.08703567050278234,1.4798371734809044,0.9892414656903816,-0.7405208679697501,1.5618183806148451,-1.343174112286145,1.542241702380475,-0.5087776619718527,-1.3030127139618919,1.9924392717438852,-0.9349009602593529,0.01846825205133761,0.5815237865055262,0.03727064239365634,0.8576590102259,1.4042980030663796,-1.0178684176303852,-0.9739328338489665,0.8342215278946599,1.031238726124383,1.570987577432766,-0.8011689766037682,-1.5912045464235052,-0.6903308418645667,-0.4482277491755562,-0.9219840257132256,-0.46238123741539733,-0.17116498123809606,-0.03754443512792954,0.46951484561524165,-0.8021782148893193,0.03241246947267349,-1.0560036023500665,0.08215806929957209,0.9324022302222111,-1.9842833612661672
0.46088418087569255,-0.03414426448395085,0.8019936041210619,0.054906397532113724,1.1612460180264514,1.8596203257951516,-0.6576024380630363,-0.016638485601473393,-2.2811287772442066,-1.3427216294357518,0.7074315258263373,-0.26080066637171373,-2.8226656085947157,0.15636280803888142,0.5971530496747903,-0.4784233217769729,0.8044731362537186,-0.9072327350451453,-0.8501523641928741,-0.7640826181411218,1.0390988560143346,0.5021302060229387,0.6473381415350071,0.8571181403668894,0.27120127432137886,-0.6704372936922259,-1.1116620866177964,-1.7914266991418875,0.6468783322216176,0.7883061935065653,-1.74249529841408,1.494673156065695,0.34438596990638687,2.164006127677463,-0.40716550457376377,0.06622364167855777,-2.627415654471148,-0.21883448823468613,0.06346019637776476,-0.5873800639901595,0.09400921718562816,0.6144745856103803,-0.10015324475743574,0.26867107437855053,0.7923041540422601,4.30802812737509
1.5184291063963864,1.956110267258145,-1.6776110119903103,-0.40288471475435184,-0.8029382249053303,-1.9320923559512344,1.8805369620124615,-1.0800725207075945,0.5095496411524165,-1.0066957257327298,0.4841944165690833,0.27221036441636814,-0.2303179455614731,0.38437000303517466,1.094836416801976,0.7615539828032628,-0.008925242821112213,0.9456059958581045,-1.7968075392171092,0.7231342102471654,-0.32277669001964204,-0.709698744262831,-0.7632851963351853,-0.2683288687769018,1.5444753740425023,0.2501044272854379,0.2130335755044962,0.47021554289208056,-0.5970067107380309,0.8671190912600235,-2.2100897960828636,0.33099606520656116,-0.7708522219312467,0.4163550658644993,0.5868763300031614,1.4103465928341514,-0.7178613554644702,1.0650776223797265,0.0020644290091060245,1.1675945160007148,-0.9925300959474356,0.8761323415739706,-0.9769799644876196,-0.3821280371897505,1.5846678713970133,0.5918185073620479
0.19343088532615998,1.3017267205837764,0.5062043076830175,1.2538450255137206,0.550380839935904,0.6993187651003275,0.47158583134046234,0.569356237475068,0.7917960845141828,0.37831257956555486,-0.25539800246463384,-0.7538164586802614,-0.5939256631355563,-0.8773328752304284,1.1503942211767038,-1.220917015095323,2.0632842248549936,0.15981262090431156,-0.6380953516047531,-1.4626687596028511,-3.0699014445370723,0.3122875657292641,-0.6550052326429573,-0.07189115765645888,0.6887895615129453,0.09336802573292954,-1.139763531817429,1.0836562867984743,-0.1350270651498021,0.09376936756621862,0.07703229966734207,0.18907409126307684,-1.3562787138697439,0.5018712066999351,-0.1279932534165777,0.17336773159883156,0.03679659247593572,-2.674786289528827,-1.1681344474422883,0.39355265611714646,-0.7918392225286661,0.048386791647037755,0.278015415052554,-1.34553392426584,2.3483870882817244,0.7671339724032011
1.2558798970699632,-1.580413577995701,-0.5480771600709051,-1.501677824175615,-0.9842253641077455,1.4812285859249212,1.0584860687789897,-0.5971819518206387,-0.571735191049939,0.007921537421164906,0.962539694149647,2.127841819708463,0.8216873060896633,1.0839456566112806,-1.8015510775827934,0.1609128244267468,0.603107938642884,-1.6525154504522348,-0.38683383799782073,-1.375845694364204,0.1673431383646857,-0.5994867573962682,0.7423400554565126,-0.3796404944867058,-0.4920570830074921,1.2565499711536572,0.4957960179519567,-1.584863996089018,-1.7459245927506881,0.1645521170749016,-0.2266451120343832,-0.645909026022259,1.628147831370072,-0.6414003457509525,0.23557991019593286,-0.0821377349756869,1.047946893755245,-0.41215469574904645,-0.4203582047782651,0.4580244976655824,0.3293271207385582,2.154786512927182,-2.1556891541699734,-0.02239535206951761,0.4850658822483646,5.486867300824664
-0.8443454567577473,-1.1214393307108574,0.2933906369946675,0.2913616802609777,2.2351724111882265,0.6049011021671917,0.37629343763738066,-0.4728915722497865,0.4588500423215205,-0.5705637574343639,0.4669001172786164,-0.8693633006295094,0.6232448402472388,-0.35235134042656885,0.6980984818034981,-0.6670337767824266,0.9941058512801006,0.008428396609840877,0.002884012282222374,-1.3225698391388407,-0.20724304963392332,-1.304775070763148,2.1283558594240706,0.9609340047140053,-0.40580520238177575,-0.41242639323233604,-0.8372245636886041,1.2066392041756981,-0.8513567568825454,-0.7837243255170229,-0.24349453765006454,0.5612997904320756,-0.5359026629659873,-0.5108154135644261,-0.14106608200428053,1.3208291753964587,-0.5183451195642359,-0.7391234783542066,-0.3677241649534953,-0.8585015220035794,-0.7856579071170624,-1.3716922570877308,0.8149936378763699,-1.7569302917834972,-0.6133317467500777,0.7584496278622693
-0.05423361711406368,-0.09607286356616171,-0.0010466346972268295,-0.9245055642138378,-1.0873354838538312,-1.1288640774132492,0.7917649599571606,-0.6120228028672844,1.0629586527673818,-2.237946964310106,-1.1118622745710707,1.1649042860821188,0.7569248836543387,-0.6746673932644837,2.3656381739288372,-0.3329011474613941,-1.847931398523241,0.06686870460093737,-1.3390359593990615,1.450834080911,0.22117182183845566,1.2593925416029612,0.25609664096989454,0.3914507674172013,0.002171958558573107,0.7293187073227386,1.1748702230600852,-0.660578342456985,0.6799327896060863,0.17154628203330605,0.15393993646084542,-2.211321659971018,0.03562686858294982,0.4531572994810456,-0.4745100950903427,0.0029931154457247824,-1.2871690995244907,-0.4402877071667047,1.8360304160587866,-1.0110405442641406,1.018302331444641,1.200319441723246,0.07125469974189508,-0.11306124816475639,1.505709386113991,0.21662098669227142
0.3924320669283578,0.21104468398163453,-0.7601997361463506,-1.6547197217927356,-0.7176471423441373,0.02187845225570329,1.2880664200192335,-0.16690689146131024,-1.3395389408581877,0.9183108329668069,1.0635950252473625,0.5042786035391892,0.98821436256815,-0.16773213628959405,0.059098183878525695,2.1877102170563556,-0.12675408698390628,-0.16784607652415912,-0.06648215457321867,-0.3600844836041212,1.6216032254029114,0.7331966433045762,0.35176346744879855,0.28909440647571766,1.0481981463876984,-1.6181757174691813,0.04188638352869371,-0.4373022070191737,0.3157277075329325,0.14237281722155395,0.14162305901914396,0.177645517078365,1.150568374097911,0.6971008949756043,0.15232787529272704,-1.7472848980051052,-0.3850198270168685,-0.5313716466573378,-1.0635572336183765,0.5477695699957911,-1.125591046084747,-0.5796191232089218,0.8866795412322621,1.4977783932958237,0.3190579021735363,-0.5183504232787486
-1.7804202008048242,1.2923829231495512,-0.23877976202577353,1.1909621895376366,0.22121746976335746,-1.2883249965019905,0.31949744025289434,1.13688805270226,0.6214179888551634,0.1799008898020667,0.08847306815271987,1.6938848615631619,0.8345759834767904,-0.16861692813008058,0.39468912138372286,0.7126661752082769,1.1772159543115182,1.2420433240772784,0.7080880555799247,0.5265031350242015,-1.179251448648813,0.39263925127769805,-1.2010678139109248,-1.414890347421886,-2.4755335587024945,-0.7364551209437538,1.8032364174968316,-0.2692729749745889,-0.06321082150014187,0.8098220895501245,-0.013002223927255432,0.0856708715548711,-0.722893440841093,-0.046055692610860566,1.1287145743951739,0.8433346673215962,0.9888952021673089,0.6827574546872727,1.1370198531751718,0.9364923332043323,-0.5233956431596245,1.1713999690290082,-0.5229117338194343,1.0362019692826852,0.7739019105320036,-6.7631367669946325
-0.12456846678116362,-0.20450666135362663,1.383542946394644,-1.361517465356053,-1.547672173006044,-0.3589161843365682,-0.9745961627183752,-0.6948582210035785,-0.5858337204212757,-0.86016860672409,-0.4496386450460653,0.03345565023840384,-1.8309650766749825,-0.6754600903062138,0.17573266804131224,-0.6142007532858692,-2.274569286956846,-0.5558056482152767,-1.525696000806656,-0.002565971743321545,-0.31453552430618537,0.235737809971052,1.3009753769493753,-0.9542359909756611,0.1614814431607058,-0.06348334396263182,-0.3652592470552853,-2.1752524615075473,1.6215431758975611,-0.12924982356595027,0.42305749994066427,0.8954393866663931,-1.3359443520292396,-0.7635867652374596,-0.6653885386110129,-1.3410536806587567,0.5400356723873522,0.278638317341406,-0.904056630916468,-0.41794909625832927,0.34555103618678773,-0.38531367906742997,0.9189715432903662,0.3153338181868506,-0.6306721858998697,0.7451697884354911
-0.6055707173707486,0.31590757763112187,-1.0614303320862353,-0.44895376223376166,0.38602801588598135,0.17073939397149338,1.3670653272132767,-0.7947225827383443,0.35137751204869117,1.355499195330336,-1.3838470322939562,-0.41187995035379604,0.3570083947337709,0.6428064683916341,0.9414311019134572,-0.3138665821135328,-0.6949296483109022,-0.7055132689328268,-0.27966977055122977,-0.034029073516251444,-0.3891017483933721,-0.13201275065521212,0.13686970954407995,-0.9781834906755894,1.3472298065346582,-0.834431816174894,0.5826599462343361,-0.793086523691077,0.1862619415591084,1.707219489644406,0.5468012608274547,0.6442230826345415,-2.1356642543998685,-1.4692346314090483,2.1683103349367143,-0.8781141601348909,1.1703724601064092,0.4511001589719866,-0.6611339373997412,-0.9365465820862103,0.8611326549441125,-1.480440293698217,-2.6780336245464134,1.164267200091911,-1.0060160100602629,-3.8461865953665746
-0.13571449207440106,0.5939238397827835,0.8590667761001813,1.8192731589940574,-1.0599594610874759,1.8831731449733986,-0.670807142594036,0.41939063248176994,0.523419359773872,0.2772591699347209,-1.1490609552781386,0.8341755579751944,1.4168435125443493,0.39082415448273455,0.822303327951599,-0.9623798207623258,1.1218606787921832,0.07171762930280176,1.9922488949045776,-1.3541684165917225,-0.09434803984303004,0.9094887242402209,-0.12148717126435406,-0.011163340460813975,-0.9318525557263171,-0.04971360520306194,-0.5170500751455573,-1.0769383747462813,0.018118019728464434,-1.7143737814471904,-0.04103500254183342,-0.7163603685751694,0.839335418904157,-1.1211342979471328,-0.6104885204229767,0.036621047255061476,0.7142432124964242,0.28574796837293925,-0.6527542213193107,-0.2532681162415772,-0.06819678317725562,0.6677027676886325,0.3868579508895511,-1.3776064708319593,0.10504312396667712,1.5626635572170264
-0.7309834863224288,-0.5526436449716084,1.095872030958891,-0.22073042970255272,-0.42868507570989284,0.33523818477811773,-0.6323837479790366,1.2140098624273414,-0.01405930159970508,-0.6713785697195679,-0.36812939370965486,1.00024373944846,0.47878932757002207,1.0251940978249516,0.5596644399313208,0.8164649706448025,-1.1584142860037985,0.32074995553182484,-0.40025365951115316,0.6870762874960216,-0.4662102244283268,1.7451180451056352,1.1168184032147066,0.3222953591251782,0.6894484087735875,0.3007166344720175,0.7592868195622422,-1.8826306110337412,-0.8575899052135783,-2.501674433545833,0.09041766425789816,-1.0357145130282015,-1.312053131153889,0.6322772828479911,0.3993784714012365,-1.3042084346336873,0.724848033262253,0.9959856510289357,-0.7261470196818098,-0.14181759829270962,1.320311652390069,-0.4939778923776646,-0.9299306250446171,0.9185659174938454,-0.4129052666015869,-0.37133160789899455
-1.3810941284790477,0.6601978152309486,-0.8429847381062578,-0.22787469135173855,0.825826014086291,0.6387656137752304,-0.062083939805570136,0.8372585797364459,-0.06559972812470657,1.4107166386519294,0.7641247235100478,0.002604184584584846,-0.6431251360769918,-1.2151609140845965,2.378267688509427,-0.05244880566657016,-1.0490837643792696,-1.3723989075185163,0.7967503474942664,0.038341389176662716,-0.5273591503344663,1.0678298998367128,-0.8372654082487667,-0.5296812510982564,-0.8124593571148366,-0.28285664625867163,0.7012078246517524,-0.4893983635752283,-0.16030554870309927,1.2246846553811173,0.3668074461719151,0.07303548312231577,-1.2712873845253136,-0.9275487031485365,0.15903061169290955,1.1081464023720928,-0.16849389466477882,-1.7681255675638639,-0.19315887599178086,-0.6139483788229143,-0.5936270607343346,0.21801195045714794,0.7900426425836525,2.4737495076991847,0.777944349273124,-7.096401357654238
2.915717359192181,-1.324041400751029,0.5733257938835681,-1.181328926077539,0.754980470010573,0.06142537553862618,0.04053662761655171,0.8535534255201903,2.034760785744765,-0.14061017345769733,0.017938521740893523,0.8272029062001648,-1.2631959304842657,-1.6460457257389307,0.4276854739487239,-0.5535806901158677,-0.4888371565182592,2.781614800866821,0.08719307384871261,0.20944404318666704,-0.7030974344452035,-0.8377852502534295,-1.250487712253844,1.6145401938745436,-0.6930390467651925,-1.8310377060564327,0.18881512461670494,0.6167955633514703,-1.831642299993453,0.4257651493783321,-1.4423089029300395,-1.7704322045491603,-0.7756600894972562,-1.5327303965615513,-0.5084319343268972,-0.44114577842640246,-0.865758532338769,0.5920012340004521,-0.574258838451527,0.12748847957347884,0.7247925698933658,-1.15410952971686,-1.7421860166364755,0.3142654295013481,-0.5781968580873026,13.310047891558137
-1.2631741810013402,-0.9074548622510196,-0.537244537670593,-1.440705892843655,-0.39528672819840815,0.9226123496185384,-1.2291782160467317,0.26571130383998937,1.125436603099754,2.183473668310942,-0.5880727887043044,0.8227418761286005,-0.7246914650549944,-0.3066124149334764,0.37139904499110954,1.2546801820424605,-0.3838108460416535,-1.2553798083630212,-2.2411345870121844,-1.9229173813028735,1.09981481067754,-0.21266449552558095,-1.7654133670122274,-0.01563761856489347,-2.4383205645122605,0.20209400368806574,-0.5928118621717782,0.4769824277680857,-0.9384868274687114,-1.36289141767988,0.08021605703119236,-0.0259912367506896,0.7258316941471058,1.206504100958263,0.8076849370908626,0.2155180785244727,0.5328496054748734,-0.2734933739044606,0.9390935959847875,0.0009329336341603293,-0.8761569341387618,1.245523542355158,-0.10511396795653072,-1.1950890829378735,0.16142582198828756,-3.1545904428990914
0.5286516469015625,-0.09543394208597807,2.8407371374695174,-0.08086852980111328,-0.7873318076976072,-1.7348152189518782,-1.6505487277871815,-1.328768675167377,0.7641442521081464,0.015691922386770304,-0.15280253841762337,2.0630796885511926,-1.2513398065341341,0.8863547342343925,-0.250641549207175,2.2179895534558223,1.780072839504625,-0.7354587650118897,-1.4803306582008064,0.49884879628216194,0.44120469455895805,0.9246305007456336,-1.4296451691143761,0.9077215868889102,-1.8674947003141942,-0.8730991308389551,1.0666550162128625,-0.4838556070245858,-0.005839342153442208,0.8123037347671912,-2.20747381108209,-0.2464511247767444,0.3388259863459545,-0.09282211423702319,0.6464351909266038,2.327450700984247,-0.2667333422287982,1.6902354760239315,0.9718748914034592,0.6214522258212887,-1.3512085620804855,1.4561679429646481,-0.06606891019694554,1.5656552258727297,-1.0303183143361623,1.6980178241534527
-0.09594441541300941,-0.04707101505026981,-0.8352405166415069,-0.2690735644839857,0.6739131082340734,1.5527901314652974,0.2323968402314604,-1.236694888624432,0.27143126413739954,-0.340307835110829,0.3092296854299333,-2.0541341182524975,1.2411844927436808,0.8563579118334528,-2.247274003623048,0.5389707568744487,-0.4554103233664616,-0.40130815612834697,0.10572238457691992,-0.3568137086077859,-1.2976849642452233,-0.2235911611373847,-0.0058005817881096695,-0.5750882879107966,-0.2078063167719911,1.5192003741581237,-0.22899571444828484,0.47840738148519485,0.25575856376311434,0.11587388463411749,-0.24317214238232962,-0.7486344812593648,-1.0416312052716417,-0.8369869752960158,-0.5127009086958341,-2.5262278684211443,0.3280056733146191,0.9737874195108428,1.377161452581572,-0.5266632907546163,-1.2021061163891784,0.4586017950556617,-0.4490742663920365,-0.28198434012708234,-0.039530118657802545,-1.3657864767867167
1.291365031537897,0.6763881430181602,0.8355620257410555,-0.5933887846012087,-0.7635121655150803,-0.7656051751257524,-0.04883245577282858,1.2079862833118473,0.3121560887595179,-0.868493224008158,2.0222690493855957,0.6188293297804336,-0.5722817194535037,-0.38202288705130494,-0.20090575849249187,-0.5383688439503184,0.09755581626270092,-0.38405740939681204,0.12972032834130368,-0.8888271518993474,0.8006032363874034,0.5362220044135861,0.09056630497379141,-0.8424670096622628,0.5383034624870806,-1.2872677971638753,-0.31941978598036047,0.9636246914693134,1.7874667563033464,0.5904286566695256,1.9415517274247065,0.10155070371379042,-1.895287676658795,0.450612516925944,0.714125438224796,-0.6772235618018532,-0.037539435269952764,0.4105289620551073,-0.6336295671474607,-0.8664180045326352,-0.05086545616641817,-0.15426379055397912,0.09473627084004485,0.23139845273640502,0.06234455571701705,4.3974040754574935
0.45079507132642094,0.5901751946134464,0.7101787031866317,1.2738094861303273,0.8190520895769748,-0.6247017415682189,-0.7884556772593954,-0.11727550740483973,-0.30709081611170985,2.388048201704237,-2.256864584160434,-1.274754120920443,0.5932237721834512,-1.0008293930103815,0.3675547767671823,-0.5165138849215467,0.7248184906754498,-0.5478465141605772,1.0325139011335132,-0.18744768520133692,0.9777661113220231,1.275564768404188,-0.5415671513294841,0.7957519646529876,0.1532892319476993,-1.6760462222895594,-0.725551641014997,1.0775846667698517,0.47853118508713605,0.32888847983617836,-0.6006636992642621,-0.5798388006368509,-1.324383649976347,0.8054246821076688,0.9211763199931693,-0.48955871922150107,0.020743518521956956,0.9994428237864444,0.7098582737854319,-0.572872476647243,-1.351648611265469,-1.1062523366406574,0.13409939194152554,0.7458103002519847,0.6604037024149805,3.1157725861726493
-0.8069327638763296,0.06579878634597114,-0.39476474696680625,-1.2877395654494201,0.2511204437855505,0.3550137873759372,-0.2707906244318856,-1.6925102814391708,-0.8158057656793255,-1.2150445506559093,-0.9146183038914248,0.21057774685393885,-1.7048620676530903,0.609325136915568,0.2009888195996194,1.9583456293217967,1.675283667731695,-0.037659675506741805,-0.3962396862347147,0.6470313172075653,0.9413059340163289,0.9937610329638958,-1.7408730025648662,0.894082521853265,-0.6864188886254972,0.004333200808240829,0.5473502902773727,0.6088503723806904,0.2671769561938951,0.8949306598662219,0.5422725872474119,-0.6103760517394904,-0.703204269084956,-0.9977008377114474,-2.737955013192686,0.3824525996098734,1.617471691340975,-0.17060598254147435,-0.2529975567816229,-0.2372750195566339,-0.41993882414058975,-1.6163057152533165,1.1569545269537318,0.5538771537349142,0.4817601628807163,-2.761318675122596
1.0359273457199485,-1.6430762548483355,-1.1733928429158325,1.336622173589204,-0.3812602115064746,0.9267792375762103,-0.5424601277689299,-0.06584262118652982,-0.3386606526396958,-1.6229833146708845,0.36860378246401965,-0.6467275392229531,-0.4431857968499204,-0.595659293923302,-0.3011647630327914,0.6068852028608841,3.0279037486563753,-0.9171618626473323,0.24791629904676343,-0.2931609858129729,0.7879104599488933,0.3909120509691844,0.6834257953889306,0.5777661647675754,-0.1799969132947873,-1.8358471142661295,0.17403813210613162,1.7632345347404927,0.4157108147252977,0.5638693643235942,0.015754289700854757,0.6746543593014176,1.7901456615826765,0.6373146393887935,1.3549868658690132,-1.1807653886508016,0.3475005246007757,-0.486865799951481,-0.7660809911152262,0.4586707580659103,-0.5755200302048427,0.8001979086976926,0.6782180695954512,-0.27272716707922456,-1.069812846113922,7.348098132601573
-1.3076884442620123,1.293906425848344,-1.152153182758792,-0.7316224881498954,0.5445141629307476,0.6485060207253793,1.2714606170800016,-0.8102997519509083,-0.3509523313364127,0.29056696882111566,-0.24277205979166716,0.6482347665274787,-0.30229281446026857,-0.20583566470110942,-0.10639153631638584,0.29958967521039037,0.3087166938180461,-1.0800305832986203,-1.3532235257404657,-0.9007901921722302,-0.41496403906799373,-1.0254374319877821,0.519822902826799,0.14367559858960177,-0.16509543638420585,-1.406780399317336,1.0315762880365318,-1.0958939977251811,-0.7205656108019459,0.24972623814262726,-1.320745913807,-0.38128639405727555,-0.6210896768811877,0.04797009807989938,-0.12846865904762758,1.323657252266433,-0.8079284649000217,0.3016063997230262,-0.9794418247528974,0.3500253664200337,-0.3855111438055082,0.9047078733426949,0.4589455854352952,0.8570990808027117,1.393515649782367,-6.994978267383285
0.1331815617701666,0.09002131553514651,-0.4497316557388751,-0.940390789436707,0.016607633195158907,-0.18538851477431018,-1.8345967279529818,-1.2582179736763217,-0.6581963184899453,1.2311628950398366,-0.22279503919151064,-0.8802420109341922,1.1258918712917831,-0.2583358413947529,1.1622112876297641,-0.3997875398894044,-0.7406000772117478,0.06541855697125692,-0.8680261588667509,-0.45970270792456785,-0.7826812700640668,-1.1034329979536517,-0.44902874880205773,-0.4453718065053904,1.0819109331381507,1.2599596841513159,-0.673801575325404,0.6523885515282418,0.44888486071905165,-1.4695017914566906,-0.6309106790591379,-1.101201009476914,1.2445512140270854,-1.1403611368338546,1.4012688844532715,0.24409814090012907,-0.17008311122993608,0.7516519422318224,0.7178505549204959,-0.8977821472430235,-0.45172012674431267,-0.7619542798565379,-1.734978413896031,-0.04039045805298757,1.5178548793808466,-1.0816683500219806
-0.07289548574187094,-0.44093437652926576,0.6341587414715886,-0.6100696660384103,-0.09711455315744541,1.1988555587751122,-0.7073737866022962,1.9214957525128278,1.3717195975901346,0.950521936849807,0.12220031182056064,0.7259136331461353,0.004187644012698311,-0.07412950873427541,-1.3880720466047551,1.231284144461348,0.6629746230233149,0.26761167597845364,-1.4460169021909217,1.0290353425710634,-0.21376802132181655,1.6384946107884568,0.9573304853727481,-0.6654996248399376,1.9884935335234395,-0.5510078823037619,-0.5939157548741197,-0.7112291985587179,-0.3368874990766147,-0.9040399154126647,0.855138163099427,-0.9307354015662789,1.2162106223595368,-0.8984732766306116,1.019334541152048,0.8825804010752519,0.5826721277899478,0.5592628007766313,1.5629357153094503,1.6278770325092926,-0.5551145081744903,-0.9157619527964768,-0.7102928885732094,-1.3762758381420317,0.1565897759676336,1.8865358445938003
0.006356395222020599,-1.4825784662200592,0.217652571456989,0.551549479529931,-2.06723464304289,0.27169296348877103,1.131192100040215,-0.5133841320461349,0.7674339489905431,-2.195127094143198,-0.2818968062411333,0.3746103843884522,0.8164564380250853,-1.495452601201298,0.5080705389960865,0.9586271513997254,-1.4177689138749352,0.2658233314310956,1.3157281224737076,-1.1376554813980704,0.6209353104161405,-1.4688473059183236,-0.427806857822675,0.18231777412280475,1.6955302784474857,0.60824237737711,-0.1920875240445984,0.1587943376321514,-2.346746578984685,0.6486186268790897,-0.38616159593884825,-1.0665795533453872,-0.21533293882993332,1.189279289880709,1.1826580410857999,-0.8807976126859826,-0.09105066024898074,0.7599729211407553,0.4422477779512552,-1.2059617009101702,-1.437783697384202,-2.1523333601658043,0.8924053614196633,-0.05485841598634748,0.11254720950496279,4.772779386359418
0.06774233026752922,-1.022335783203326,-1.7428267250894574,-0.10671821777938123,0.06110666552633315,0.004977324146071368,-0.5441005218055674,1.4984894898737455,-0.1454329428619449,-1.356224806127717,0.1571860723270517,-0.4805316431832147,0.044225237818030144,0.6361850283422327,0.8778324490811877,1.5978308869978017,-0.08226256764104033,-1.5559967759518292,1.503769674346432,1.1078657325683605,-0.16921839187068774,-0.19763068375103662,1.2547371064366823,-0.2103558264209306,0.8760540871395092,-1.9913088109935493,0.6262062434031593,-0.2212568807442632,-1.4236145697539233,0.18838944692642762,0.5408719782502279,-0.4347090355380776,-0.9808908462053272,0.21820287847458578,0.007607079241578638,-0.7375410343893036,0.001328357733611078,-0.2100583233690663,-2.501692435773541,1.2370861497519146,-0.3860768865159296,0.6953872201908089,-0.49194925685707686,-1.3861453761151061,0.04315587956085237,3.1062893726111342
-0.20161239995992294,-0.5492739649032321,-0.2594541060930178,1.8215932278930886,2.0482603204840415,-0.3218567423672719,0.30769024104593024,-0.2636736268376268,1.397482195788413,1.6127088925869346,-0.29544304951325695,1.6890964304796372,0.5618169797959937,-0.6302653816465378,-0.2707137262267293,-0.06791511080399906,-0.8986770309355504,1.015779222935607,0.028474578426052,1.3996070187020389,0.19922655931520972,-0.5718466677582995,-1.3465445150566822,0.8673070170740823,0.07231803849164142,1.0714445440428668,1.980127929354277,0.5353554639015458,1.2996640429728623,1.0488509161199406,1.0448921942464717,0.6964221549515016,-0.3630527708246894,-0.34870215932774834,-0.12090909620699686,-0.1014277729438667,-0.07927245317887266,1.3118941014368095,-0.938275904011299,1.1544179141404596,1.8971236557506475,1.0520422504845017,-0.6052159360581932,-1.3847260059934854,-1.1738719882168818,0.39559050759633163
1.414360196438154,0.037047174888308,0.6442149005613266,2.123898011080641,-0.6004305650104146,-1.3963173237320816,0.36456588017773406,-1.806865260809394,1.0878319721184404,0.2958494021317646,0.9104699414420594,-0.10546695443099863,0.44638472041165367,0.9470402832603034,-1.4720297197444623,-1.327305869909767,1.2565129674128623,0.21864328704438943,0.13822778293317076,0.6728781096567661,1.6420915013805806,-1.0818117104713805,-0.45748739707888864,0.39512293503935525,-0.9224951031421,0.7947493576480368,-0.9093508077362071,-1.504156622904781,0.08077645242938851,1.4463400111594227,-1.1472189880053474,0.36570947659731146,-0.8759280192727493,1.1512751596264392,-1.1866560841433256,1.2209761048162913,-1.8927161630764577,-1.5324599157075172,-0.0834063039439593,0.7561114581000713,0.24739432536595576,0.16888526179425992,1.1661360650271195,-2.0708854621384276,-0.3717590475397987,6.916255689248831
0.131358023295159,1.263619995704723,0.7053472563296329,-0.0193152922200255,-0.4896367626163724,-0.40394684345579873,-0.5426968862181946,-0.20869651346110354,-0.336489294019379,0.2917271061163519,-1.1875033260676628,-1.3164925176378655,0.6767114445604652,-0.2709222545922884,-2.772868817459037,0.11097644294510323,0.5042307236717664,-0.046937562159273034,0.7899768836604706,-1.7605170180966894,-0.6897351033416649,0.7979747650959895,-1.6415892010138609,-0.17330714149865425,-1.1371583284418931,-1.540522034626963,0.28097607349861375,-0.8542998925113483,1.0510937917078549,0.8126450265388873,0.016898958085478567,-0.10094064170559454,-1.667460159180553,0.9301493632898445,1.1897152662231592,-0.3446605360725239,-0.7688031438252416,0.006659972704606254,-0.28438322180252956,-1.6187261740554832,0.5798617407264108,1.0172545457013193,0.6535027140998775,0.39881280975079164,-0.5971672758876491,-0.3206307621587761
0.13587396811561647,1.9395766681586506,-0.5950722879856023,0.8496228628751765,0.853029524960689,-0.19006342850589003,-2.177825490915618,-1.4643365953390444,-1.24702502927053,0.7925886251940839,1.5962680454321465,1.193022318468074,-1.1557947163093276,1.3722041521231685,-0.9842532073815552,0.4342244888287867,-0.4790356692629637,-0.10473318884479542,-0.33043101904483096,1.0712031087593252,-0.730280512840043,-0.3431159190531137,-1.4829296609410891,0.30892600850903146,1.480610160911114,-0.9368768570862267,-0.4113075242262325,0.6700654996472003,-2.9858352565239907,1.069932365875534,-0.8397422926418128,0.8226766899001524,2.8838752031469186,1.2711679741552484,-0.27438886757538433,0.16452938623733873,-0.06218515432039238,1.238306928757659,0.38726912552918724,-0.051605554601115294,-0.9748913783121728,-0.029677526378776454,1.2940082755415432,-1.1699633230595496,0.1752988318531488,-4.466126133540625
0.08975033697356301,0.3278303203212239,0.5337378435321417,-0.11681104488840303,0.7891126593777809,-1.9990697572393283,0.9698627826909266,1.4158032298349361,1.0269966164227768,0.42073059523272305,-0.2559889295154264,0.03645519932821098,0.6842942859397764,1.5615266623067523,1.4466144217067365,-1.2900186463525627,0.1465627456578692,1.1990446327228952,0.8612558609334913,0.2647507499977646,-0.5482902352859378,0.5716894672125501,0.5045690414779254,2.2117924713997392,-0.16690886123741167,0.5595709187403713,0.07597450895901522,-1.663746653818847,0.4384787569514612,-0.12598905947789465,-0.6128721342519908,-0.4894628007808968,0.09092642682943164,0.9203714168677151,1.6870884720532378,-0.9240442980285528,-1.2844039128138216,-0.9039758063438741,0.033070845576403225,-0.7693864755586306,1.6305294248188271,0.3191767317630665,-0.6954730118613994,0.9177363425449545,0.2510449735194291,2.2234360798027346
-0.2928210727297827,1.8146914240837775,0.794172956514148,0.3889355817568909,0.31388917599680705,0.07210267308295058,-0.8323987352647663,0.773256250300296,0.6778700730025774,0.5019348218785673,-1.3576034141525375,-0.0547293573934095,0.3103662385943222,1.0609403828146893,1.9928943633007792,0.2437527663647983,0.19076017266457332,0.31233535990850997,0.979022633046891,0.43596034861847244,0.19527846098878507,0.01957140986539278,-0.26516969719153827,0.8892976043595078,-1.5314853750045512,-1.7238049074036936,-1.0524579368457787,0.3153941734002235,0.5964576487391428,-0.1433777303438027,-1.3561703280389126,-0.6711355874387566,-0.10636397412581085,-1.0296596968696274,1.3115099904987824,-1.4242761006209939,-0.6099863766535025,-0.2053517625850063,-0.5733504752205922,-0.4899856872159343,0.8601265833688285,1.0432291301081837,0.16488449782546918,1.058108967417549,0.1852182027029481,-1.3269187015237405
0.05404231037708646,0.865644795306621,0.6560311398072523,-1.6693319094101222,0.11961283640100201,-0.7973974032277568,-0.3009074623914997,-0.836016896393971,-1.3618590917924722,1.0583235710279466,0.013213418818896752,0.8759994932995159,-0.3225225514494362,1.2048065828220076,-1.0534964591083307,-2.094064552401186,1.0510548528670194,-1.5142104366139713,0.048027503388477444,0.444940506213987,0.11792335058514503,0.9203757277323703,-0.3968349323255751,-0.53467828794916,0.43688529883637484,-0.11144590261155447,-0.2050376907055352,-1.4420024537067218,-1.8114785482708498,0.5418895640546695,-0.34454888645705206,2.5718908918351824,0.158810323685565,0.6365435923604782,0.9040012793611946,0.062304456136550695,0.21755514568357104,0.23949093761733395,-1.0181645484153357,0.11937635689314956,-2.152794136675907,-0.4194742289172714,0.36944880143706316,0.11587225414402179,0.4035728574305391,-0.4024643654646244
0.8179489904882957,-0.8402751407921809,-0.22853453962506548,1.1191360715694225,-0.052376618319805855,-0.2845669297021236,0.9274349756913118,0.5554509447471403,1.0847220853221293,1.1570174810646212,-1.1812320620128618,-0.1356071354612874,-1.742873824402446,-0.7396212959634911,1.1627987468662735,0.632959104624437,-0.5176435992822899,-0.6361628162046387,-0.9831613303767843,-0.296524577931887,1.8834496979430115,-0.09491378227724971,-0.04243967398922516,-1.2915272303881216,-0.2906869124354687,-0.6744275591901305,-0.7214216503944019,0.10978003027639917,0.7706950716642221,0.2816464247429239,0.4547336832615293,0.8569820134320274,-1.5450481582176683,0.1799275312483081,0.3636271847637662,-0.035817101263880456,-0.07377046395332286,-0.5374182883234392,0.7761556702329842,-0.43138562405502145,-0.7869275816052961,-0.9221050383285686,-0.6283050198757919,0.5330672612208078,-1.1244971761817597,3.7523842024926934
-0.29506001015250155,-1.27936129556703,0.5694087133902802,-0.41366368050365526,0.5252085739672917,-1.8634213612754351,0.462901265197277,-0.4342421202615032,-0.5914712277848441,1.1656871975663736,-0.31417552999736276,0.4505380646625372,-0.25439610733029516,0.9455520682205697,0.8091067130495007,0.626986665593519,-1.0610637097484423,0.7127829313934742,-0.6418612640898058,0.012169287082334028,1.0009056603303206,-0.9598276066176329,-0.8349243420548764,0.4388881258889427,-0.40756457823687764,-1.117795120549355,-0.2839451941585714,0.3042962753383835,1.2636813912067963,0.9563540926110967,0.6449241931980315,0.9791028371034715,-0.3675518713579055,-0.5602741408261624,0.44667320619302214,-1.4946105368746772,2.31245494786628,-0.9571444808580067,-0.7745218280906234,0.21685122745950197,-0.43974006207541533,0.21532107314210508,0.24301245361479382,-0.9347570499859,-0.3715981569730614,2.250192504575202
-0.9624119424886849,0.5762442303519439,-0.30240002046600234,-0.25056507204725104,-1.1452465103134422,-0.36169473548513714,1.7591948731369218,1.1335903436008232,-0.41407981870066457,0.29934141260514985,-0.2755049822025789,0.5679092304196046,-2.449038113128052,-0.4162235490542243,1.5986473821965368,0.9510181018840043,0.26590421089926475,0.7794268113089642,-0.46762613285599874,0.3289409196713379,-1.003697997988241,1.119778862212482,0.22296223640324667,-1.509272759839457,1.1714966092187757,-0.1465013526020529,-0.8684942499503214,0.4995695672133572,2.7892584734421244,-0.6762504728352378,-1.7093796777393266,0.2742865632978135,-0.13752466711797845,1.704803972169237,0.8988823461128135,1.7080586102932556,-0.4450336893952053,-0.54624053107932,1.5225501718747907,-0.19279157326999533,1.0694981496087606,0.2092353986189569,-1.8618238639868383,0.07849294716087883,-0.727765399151245,-4.750954342196026
0.28661488502020444,0.15808426300325953,-1.2740400282092943,-0.49360763358438575,-0.7474576311725445,0.5521818286882273,-2.920076409886677,-0.07808320472116835,-0.2848887631441057,-1.2364149727159108,-0.4501117756096931,0.9327318193435006,-1.1144360570742373,-0.34783492900740853,0.7127795121108856,1.2583257579303868,0.8412949627307077,0.4109491437869784,-0.9003314204979268,-0.8521790335032603,-2.3003077424775658,-0.07821530536402808,-0.417879527380082,-1.0744652044769885,0.034335591225663334,-1.3612709927308335,0.5061925110197283,-1.0340437108723781,-0.48886744240780555,0.1636190112998239,-0.8661862135259921,-0.3830172446493713,2.3544218354397524,-1.2683763040381992,0.8725237673017774,-0.6531942807775017,0.693369232886294,1.546016874084825,0.18394593699070505,0.16508621509763366,0.5391830986117913,-0.1160798999556047,-0.467735014283283,-1.0611066790070423,-0.9043219977475498,0.23333502942954576
1.8239578430336711,-0.320112259842787,-0.7549412615174429,-0.9706493239237344,-0.5890248469224769,-1.8364701923832034,-0.9557642979862201,-0.5707674704965701,-0.7276691792958053,0.5985985790405686,-1.4002634558136606,-0.3989045101173071,-1.3808900213439315,1.082951801765077,-0.25773347073475333,-0.10145291232798657,-1.2382939418661683,-0.7460023066707883,-1.039905241179195,0.6139261714705104,-0.2762548567817642,0.8349668475557304,0.47130632203692646,1.1528648216279518,0.3115790408184792,-0.5593127148680812,1.2463047168141168,-0.3514533051289765,1.0785598475315026,1.79856993605251,1.0591765851899648,0.5670622447709526,-0.1206548783954347,0.9443470512444192,0.6060395853809898,0.5481367942834048,0.7737581776146142,-0.2859436859342064,-1.8519195157656203,-0.623122699869587,1.2765946635440466,0.6722838948749587,-0.6536792407861661,0.013419668988038426,-0.44460051442008197,5.213524592134358
-1.744841451238316,-0.5333150950260208,-1.3109451911799037,-1.7291771101939457,1.2415363279703342,-0.85944168747962,-0.27599848543986405,-0.43809703422413265,0.2589718861073152,1.4155593467346228,0.9913334825390954,-0.5810242001662974,1.3541616838278254,-0.06809249938074133,-2.4700915726899573,0.6995800044704463,-0.4886137077978844,-1.8747954712841886,2.3636080416874097,0.07508667761600352,-1.2895345218000431,0.5072401676312402,-0.3995938805985469,-0.7003963841672858,-0.9796500582285199,0.8051318371043339,-0.26762200092453,-0.29791306223683545,-0.5072719046129506,1.0304495387723847,0.4564065456378963,0.4680244421889237,-1.0465917542769285,-0.8936589558058345,-0.6479118999637834,1.3717043002377276,-1.1822848523061809,-0.4616870685019968,0.5986006705361263,0.1880178083453152,0.4427153830858751,1.4556204059278144,-2.2795403688663103,0.16803408228447428,0.660589142968133,-4.32854179068767
0.861332680610303,1.3682550202057464,-1.0780630763578456,1.0330841259242387,-1.2981265221581726,0.025843541257760998,-0.16828508518050372,0.21813176486193325,0.9843761344633776,-0.22684381456716507,-1.80904123375409,0.9908897239645068,0.643285717429256,-1.1346732057319664,0.30977959763961116,-0.8385213800077473,-2.305296174601954,1.3952876224584623,0.45466673696517645,-2.0096826367670713,0.9960222038620783,-0.15084917706101295,2.8626100354343387,-0.14696753008483363,-0.7386592308530753,1.0751606985744717,0.5613473024706218,-1.2130360086707965,-0.8441774899461736,-2.0255198201339577,-1.2344363625955903,0.51732007144975,1.2684875541476595,-0.25918545861111064,0.07987225993560555,0.1848169392888422,-1.4678596849543655,-1.4731772301324395,-1.0700421958114577,1.5195019577042777,2.0929112391331692,-1.3585506318578886,0.3276686582568629,0.08824939868520824,0.35367219176689924,0.7925284398749588
-2.0299187133311163,0.6965048823462634,-0.20042980538998115,0.8326590256972751,0.08527694176406468,-0.392260421032351,-0.6032819422889035,0.8792361005677305,-1.025193227756624,-0.627570916003067,0.3594604251350167,-1.7930807851510768,0.3895756455538071,-2.1787124915300886,0.6769868923666279,-1.1847223481227225,0.1726712611059024,1.516603516093399,-1.3609049829844666,-0.061901961384010724,1.366401997578839,-0.23554775301554517,-1.8332130242968343,1.6787642926151403,-0.8001962801306258,-0.9716896115925452,-0.13642658309638594,-0.5790689704632906,0.6078753604900353,-1.1402162563433174,1.8263969371809685,0.5260800534457198,-0.6203364382873064,0.20071702721200735,-0.9130709624586091,-0.9261640723101042,-0.17767177785372204,-1.2249435892684253,0.5452381218065055,-0.9569039056725107,1.4593928116827488,0.002180871271129985,1.037987432289601,-1.370344079970562,-1.4278960662460969,-7.626911180600368
-0.19835919751449765,1.223613770252918,-1.8406338605445443,-0.6294370283725462,-0.6824974226192291,-0.239715649061506,-0.3530718062728891,-0.288074654901224,0.4412020820466852,-0.8335628091889105,-1.0603529624428503,-0.18169038283864805,-1.2131446196670994,0.7971527531585912,-1.7352148194901234,0.3568146890254919,0.6821008858448014,0.501947032663668,-2.243186667481587,-1.8870360042236916,1.5965113337456536,-0.4278785412036028,0.04217032580020743,0.575589184788598,1.5802290293824,-0.342755143063964,0.030762948477262846,1.590370579876896,0.43815053328781295,-0.8847381936455502,-1.2604148139276834,0.15399871442169602,0.16306244401081238,-0.3955360325687133,0.0032693450451965985,-0.5980538020385017,-0.3989425048863245,0.0824998519274641,-0.23548154683359562,-0.9025742921748976,-0.4487741000081759,-0.3879697425885893,0.6215626276463885,-0.14397521700925234,-0.9601010642976919,-2.341761276528499
0.885718761955071,0.5844596325039741,1.3123910486326782,-1.4330865543847318,0.713353479198193,1.0752531177419504,-0.9890721554129449,2.0254930816026424,-1.745873157254774,-2.1742007778085823,-0.6732952202619117,0.2297582523096349,0.18296142131892631,0.6644040267184019,-2.303262098072202,2.194527911533061,2.992484675735332,0.7494443437826888,0.11700734144051038,1.3304998261502194,-0.5016894706768648,0.8706943368509248,0.9933293969999645,0.5003885435386932,-0.7653360851451116,0.06744713853377626,1.4696238687638248,1.3258207874164718,0.0710858559283984,-0.823391148276079,-0.023424717557614966,0.11045090130886742,0.6508954807834902,-0.6488268755422588,-1.124780742859543,0.05253313108257676,-2.0337874317807474,-1.3587827533002814,2.897560980544003,-1.9071031147402722,-2.4366033453059304,0.5700069417135991,-0.8454516964527207,0.0029298353789813116,-0.3919693800028983,3.1409588225454854
0.1380950033543202,1.160741642071028,-1.0443989132421012,-1.623713932583698,-0.8339522675925642,-1.4681730594391684,-1.3879662541991071,-0.10874115653788417,1.4915034750061547,1.0798906444055218,0.6360635717684863,0.3300466999056652,1.2526325524050101,1.3853553803495127,0.06045553142591276,0.5854285985025076,0.17492220155466046,-0.06995882849270674,3.670553323875219,-0.3894323954436802,-0.0012329449267691802,0.254588139316398,0.017953718776985286,0.15392528335711977,0.7649713547599738,-0.5151365675413931,-1.70278662623155,0.1717711934057864,-0.41804934717837,2.36114915427766,-0.6333632606936462,1.915420492377511,1.7706130717416786,-0.8405125928955826,-0.059056140848642975,0.5989841176793222,0.8641746515143882,-0.24736988927706569,-0.41104894059411234,-0.9542828235274655,0.03918348722915028,0.5501449717076713,1.5647978892702568,-0.674268168344393,-0.17218061524391534,-2.437871121683161
1.1107256310572557,0.9716994685999988,2.1474473776214116,-0.9023392532181325,0.019943230205573988,-1.1758026072723557,1.5048549601077732,1.0033074956312757,0.29919275858038763,0.17109858066136052,0.0019433207624535314,-1.2008585453020502,-1.2623742444895667,1.8885416734621698,-0.4556927987700426,0.6003815916979436,0.693339264184508,-0.7265279177300936,-3.1005262047939635,-0.4836058229424735,0.4574294017512621,-1.3578572090019578,0.06599415093617293,-0.1990946554304047,0.692680721601483,-0.12591067903736677,-0.34655082868919135,1.7482907825173188,0.4519589517320304,0.6198673990540184,-0.5886512565316805,-0.734342213326948,-2.547839387610902,0.4377709073151476,-0.5562997004443689,-0.2650044349694792,0.2733206551812442,1.4357685447895607,0.5411908716882115,-0.9465467678269773,-0.5678247661088398,-1.1258704912435,-0.26654844584385706,1.7187682540591014,-1.6537342584664796,-0.6441944937534327
-0.12472287499848692,1.1905961779895744,0.29678504264606026,1.502281341637873,-0.47093350678544277,-1.1890548238987784,-0.3761824901722198,-1.5428373436647043,0.9357516870850521,1.1071146105419916,2.017742000361674,0.661778769682746,-0.815701165358282,0.2538326934289674,-0.3948057404821536,-0.24934173223737566,-0.20468848480355917,0.02792812519859782,-0.6043255555342933,-0.42682985095297343,0.23587684273687143,0.0884998229871728,0.4415510124821609,0.5190659826588018,-0.5451284158606022,-1.0187574693965682,-0.37967450283558907,0.7185852332419138,-0.2516267977711399,-0.2843651996626259,-1.3761446147849767,-1.2059668137878983,0.11392114871083066,-0.3960981001251817,1.1084170762453076,-0.4605894566740946,-0.4405363246297669,-0.09641796944383503,-0.18784222813535062,1.1037444195075854,-0.7369801590559333,-0.11094342132912995,0.2726227184832823,0.5611750394977749,-0.9076909994472054,-0.5027989320433505
0.8104760120051437,-0.5026469800265637,0.2623591083990971,-0.21180790277201186,0.6261278858990941,-0.7947114800636309,0.242658041432953,-1.5348938494986382,1.2095243741300188,-1.1691154664842611,0.08869153484014954,-0.24389960907558003,-0.5667269165546064,-0.8046456000712929,0.9604113001502308,-0.40365794935901805,-1.0765945361735745,1.2506532646693367,1.9728981118513114,0.5620865133735297,-0.7738472182525703,-0.34217152454526206,-2.3135867506166115,-1.5265286438132581,1.093404143765041,-1.8721271051560633,-0.46398460161434285,0.65728228746677,0.7770799048538277,1.27584095396311,-0.3311764963916907,0.009886174870954143,-1.1367522155281333,-1.0223831804507413,-1.2811479018563205,0.4345160210280676,-1.411265720010246,-0.2149910044748765,0.7150953539711842,0.7365746027622857,-0.16087915746884024,-0.2978975475465697,-0.5819590052309856,0.5426443401970753,-1.2046714293366187,3.659332850870096
0.8684447231727173,0.32438871920654,-0.175455435339335,0.38420078372409594,1.1084303200154983,1.1537508577842515,1.2642036160465442,1.0007484189615308,0.46066352535258515,0.10792898019138618,-1.3697386161914726,-0.8875035211437918,-0.37244186493857934,1.3324921184885545,-0.1647666848389858,-0.8018619446039104,-0.45257883989183095,0.9089970306539926,0.09667426166864022,-0.05895358572015538,2.092632109850922,0.46327730308854537,-0.545994951549975,1.5505698580437328,-0.5269510023404966,-0.4081867220330588,0.7215388762880626,-0.18641828291046464,1.5267033565848496,0.12353114048831713,0.5622984540123233,0.7736594024553104,-1.5349708908308295,-0.30646816111301795,-0.8865626104169964,-0.9896238371442878,1.9439382671031002,1.211007066233454,-0.9778279107739134,0.3946972180491834,-0.8501992434007767,0.20358450797254118,-1.433710628543761,1.2354574593874694,-1.3922501200482793,3.1993479155616416
0.8217299743911852,1.9843779714178957,0.5427258567323519,-0.08792565742221126,0.008687064751565375,0.6986589140110452,-1.3264359170816002,-0.5891655472194565,2.898693282603142,-0.9609606132410076,-0.4948931775152528,0.3944465986311765,0.2559870941427986,-1.327642694028058,-1.4099291232034292,0.3795575834709455,-1.8665135856031825,1.8479245782185079,0.5812295543727027,0.8997122025921604,-0.3223898267881861,-1.5477382745105634,-0.7455761463685507,-1.4623707994283182,0.6067111355211392,-0.6357557927986959,-1.3510767831574406,0.2644065392363782,-0.2399578511492627,0.9357997792127619,-0.9345893659326553,-1.2218364589316655,-1.1134189691279373,0.13461871634962644,-1.8641468223582873,-0.7583836212309617,-0.18628552807904258,1.3487662967118623,-0.4794616087352868,0.26365938833094565,1.1855938308655285,2.1301583580303616,0.7370811251597524,1.5733788018909873,0.3004679451599398,-0.09888407017994155
-0.784787263015297,0.5092153231975001,0.686851530203082,-0.48266575325996114,0.8155701264078337,1.0765882929994186,0.04035151606145491,1.221484855627105,1.1594807767673456,1.4797595579326286,-0.3999046418115406,0.21062567465220547,-0.5459093206536914,0.12103882380542724,-0.14457377080048087,0.3309403061668087,-0.7300741898181097,-0.4877805549886567,0.5384005974594317,0.8316257949071325,-1.106714896196252,1.4483520611088323,1.8850351384827013,1.712866064427535,-0.2675266331196119,1.2503383923079279,-0.4531832798319388,-1.449258344037595,0.13463213976640498,-0.2031467675960517,1.014520863075673,-0.5030740318809542,-0.057690043857253466,-0.12310356751227897,1.6205436797601138,0.5671959132355466,0.5661577369681059,0.9511871694292381,-0.5910941529847119,-0.08210641154326569,0.9486913404938438,-0.7125894973899033,-0.5804016723400841,-0.9570599474798134,-0.37367439557457693,-2.0438866020303608
-0.5666193482480792,1.1630354587214662,0.2608298157961119,-1.2674226664031853,1.7660307329142904,-1.0464078171735638,-0.8575340195666794,-0.9379114066903029,-0.20562629684775643,1.6112291067305822,0.22050518425505636,-0.4812195215748291,1.428527917209132,-0.9113504945545177,-0.030584505593161237,-0.7869070158350513,0.8911484164668805,-0.7484972301876989,-0.23002927995960995,0.19951025222642232,-2.3446281820741386,-0.7644402199355507,1.0500000171528419,0.2545543365347731,-0.7970776280908276,-1.5113087394669076,-0.39528361189467554,1.4945096521041825,-0.14902060449256066,-1.0151686187797149,-0.38209178994755066,-0.04292980038967002,-0.7587056809682237,0.85821170751479,-0.6910984458047493,1.263474451371733,0.09521590324833949,0.23420510084722435,-0.6395083628394395,1.1749063263831265,2.4075491569127117,0.07727601969649349,0.14747831109384207,-0.41268931254254,-0.5488639859357007,-3.441438661599623
0.33984805943164453,0.14526348757368876,0.46197289607929237,-0.9908921554336029,-1.4275519912933785,2.522817714803513,-0.9799535342993114,0.16801967936345802,0.6521772618932017,0.44523653967908444,0.12801846136409958,1.2581070826267577,-0.009456398297658089,0.05081645772783673,0.12690257219856024,1.459411805243891,-1.159821358768224,-1.090098831103771,-1.105351628808814,-0.7033473233179679,1.0120543509169688,-0.3650655736368687,1.2948241490175303,-0.2597083218057708,-2.007770841581106,0.2156925804037062,0.7166109542710551,1.4834531489234457,0.8001130957153791,0.19364019030392904,-1.2090336979913299,-0.7239901956000562,0.6111192052989095,-0.8617280156240752,2.7726509090032803,-0.7177435049623846,-0.0955065262874221,0.2632555249070139,-0.05853525077118298,0.5794250364451615,-1.685309152681795,0.03827062436575645,-0.10762728260590115,-0.9735598635135806,2.3915506907678634,2.5296539735835326
0.7325950174102172,-1.4332522014403268,0.21351939102869041,-0.9303590393805833,-1.5225653496091633,1.5616842588368287,-0.4349834648040639,0.7967355410962862,0.6787419556554246,-0.257586257070124,-0.39951961551824217,-0.8473305158186394,-0.4507135528724349,1.136722417082722,0.6955895135247291,-0.45217182536133943,0.7905024305103182,0.6302009246059609,0.2538268567576261,0.3909973484922971,1.5220182160464408,-0.12579562059205016,-0.10569952246102403,0.5583853274059459,-0.2735207962017448,-1.2608880935023072,-0.03332465181366782,-0.2280001615617837,0.16329004147940804,0.19101870846546337,-0.24643279006965876,-1.544336834214703,-1.4388935916209875,0.5535841161757455,-0.15841525916617816,1.3571863778465938,1.387332022229223,-0.7865559590785681,0.43064541210601737,-0.27593969911610877,1.170368657567942,-2.0960829467428064,1.9049601358653967,-0.40426156606388625,1.152869151423166,5.73347316463701
-0.6079349142114963,1.6642184986376547,0.7196681077479149,-0.736066599698017,1.0607278806364613,1.9608218023009067,1.2124972376902527,0.4575511649356061,1.3061736482501685,-0.2487560732504928,0.10046897044089084,-1.3908446729832025,-0.6401948495641566,0.4068352890159916,-0.4922992859411093,-0.08903944168680254,0.39330837477260766,-0.6820005730789347,0.8450828672505093,-0.03295308714797263,-0.2543492561073777,-1.412428651116199,-0.40197820711920224,1.4596247362726298,-0.2688779806985767,1.5211836047674208,0.6105000784058189,-1.1524709323052382,-1.534782745457917,1.0206902537779758,1.1413331158923286,-1.2052065122745936,0.29341381419289153,0.276190448634252,-0.002712242843106534,-1.861825648590145,-0.38167444010738744,-3.248638611360402,-0.1782111444082585,0.8261749286923957,0.39907912542245216,-1.794353975772717,0.9276935686862305,-0.32239346004415836,-1.3940506172416691,-3.96685244560098
1.3322620259612912,0.1655885135431596,0.5263170002052596,1.2096107558713947,-1.7884215901366447,1.098173914026868,-0.2973355535929251,1.6689847558562996,-0.38043837149000986,0.786327379664457,0.47961431484739914,-0.785631774441197,-1.0351279247413145,0.19101097554093033,0.16173288901295474,0.40837641448755835,0.20586554235099286,1.6435022028450714,0.8157001065614001,0.9608088962617692,-0.24911406318443272,0.539402538050283,-0.2538309388155533,-0.785073089118926,0.5089708151277174,-1.3763568558404244,0.11370542425758419,0.3304944519474931,-1.198467711139347,-0.5702118551696141,-0.77556582657339,-0.22968697275998412,1.175945697559722,-1.7857383965191114,-1.4178645361981665,-0.37086208405668514,0.7677925824361818,-0.961111613950931,2.039872709428114,-0.43316496664893334,0.754599126995645,0.05782695816035329,1.349724975186549,0.5062929960955134,-0.07704477743045457,6.21070012733031
0.11211515933543187,-0.7859879661717698,-0.6682448892997357,-0.1569308232809128,0.6330187238980758,0.015051909309555167,-0.1968026300382057,-0.29211961522167135,1.1524388627575886,0.853529390192669,0.14904722755324323,-0.4424823853704112,0.15946921389019114,-1.1056826319870474,1.1920119149918997,1.0048432043793956,-2.922928339671108,-0.6583227754556095,0.8490085357767629,0.46511195556799395,0.5022531897440802,0.4004535008077306,0.38132291709880767,-1.5025864295979134,0.3512133487502629,-0.9333618484813905,0.1522271016063933,0.4339082674650594,-0.8411503755392561,0.036441298134494274,1.803217890253121,0.3744922652711875,0.35211100573967663,0.04514969552385521,-0.7969016428374901,1.1507966797976832,-0.0034729700795637385,-0.4521447544961273,0.20358038798855738,1.1392101747510668,0.5649981237958619,0.2879963261726495,-1.4948820933718845,-1.5065467211462436,0.012323272495883707,0.3361680885745034
-0.28278140182854816,0.002523134491347309,0.7611827633326338,0.3809830898953585,-1.1630281256213377,0.4570817961329086,1.4801205975273741,1.0094611714249335,0.7943498569554989,0.24543949386530267,0.9055574840694622,1.3322456501430309,-1.4408226297298463,1.4884809850101657,0.11092662062313112,0.7343753194236607,-0.45273536534355374,-0.9569816088906243,-0.6574111064823119,-0.08472650488585563,-1.3840871934526755,-0.9149352919394435,-0.19793578890912325,1.24353715093051,-0.05245838614949143,-0.3731465059948162,1.0743342906835416,0.5769860009977266,0.041594561332067265,-0.35776985877914774,-0.625793081627048,0.22874965293054517,-0.058617751810964465,-0.9698813288702152,-1.5057310883143635,-0.11707232404713873,-1.2223765140340621,-0.39115528840886077,-0.4312945272415851,-1.130460772451186,-1.8583980014753403,0.3098154035307534,1.4406820715339301,0.29706996206082864,-0.42036698055796967,1.059804747459163
1.2447556444887315,-0.2793024465193654,-0.28860023010213265,0.09068821640917242,-3.12844801162377,0.4630842475006909,1.0169561038349062,0.5354356548083564,0.7713474253245758,-0.6684968686081219,0.4633071644739744,-1.1574066994177195,-0.48446254165675684,1.5214086698672802,-0.21759559182870986,-1.2686663611922622,0.420464567887242,0.05577182680977761,-1.6250138607934623,-1.0042243057400564,-0.6188981759512855,-0.6219822169415706,-0.09994058046286601,1.2965251284876906,-0.5487250194396038,-1.598187992561314,0.21332698182191004,-0.1689324036961546,-0.13766034289679083,-0.12064018820578029,0.5085909200881895,0.4173664010463571,1.9600916528373353,0.059918942271168445,-0.4681661779215103,1.0174829783123973,-0.45136666987702406,-0.9372595459897041,-1.470580945390212,0.7106624706980741,-0.7033841766788833,0.30761443177390607,0.6096759884694595,1.6472619027084308,0.04693552533253609,4.3582072418460704
-0.38987989017766644,0.32393347043304754,1.2479695249936154,-0.08700961743977809,0.44803341903891913,-0.3906537176027106,-0.8074521557547407,-0.08352248131599727,-0.32142063706671536,1.868222462863929,-0.1935089740433094,-0.7423303454781028,0.20450769085865028,-2.657720216944476,-1.7303743762861836,-0.6206238647591512,-0.6659539828972525,-0.19388565450359269,-0.6983093778518369,2.3655336112122405,1.703789553032268,-0.24226745622278748,0.4678399233143264,1.3143783750638272,-0.10676887412984533,1.0606597549862757,-1.61449335705417,-0.2313109938904552,0.04955951220569326,0.4582877170640257,-0.7938065678175611,0.680110960810903,-0.6341277308626049,-0.2632627214329243,0.6374164414295391,-0.096676152238146,1.147928292194061,-1.3435668155450249,0.060251250801508484,0.45209874765849806,-1.296898964797869,1.36285546277265,-1.273622521564091,-0.4663715722748298,0.1255146115759453,-0.7534959770609749
-0.5163711980245392,-1.0872760790634715,0.00897506270807041,-2.3227754157049088,-0.06234842719753354,2.814710911812052,1.584171354910972,0.9479611673516922,-0.3116195005371764,-0.7447876342312147,-1.1355872598856125,-1.8647540318848816,-0.001751228048216127,0.35448237635951063,1.148251765013093,-0.7040978377639868,0.017618660824121064,-0.21600307554228393,-1.443873124391802,2.042405097781204,-1.1464647472129128,-0.5635171675730583,-1.6585704102657066,1.5770007745480654,1.4891806586372285,0.363571448322896,1.4464634612356049,1.1719809516166864,-0.9789983233760013,0.5494955030795975,-0.7519865998395248,-0.25948716848283215,-1.8394188113317835,1.1948374568339748,0.9061327624095428,1.6160547458698653,0.9484794720100479,0.7814109617911094,-0.013285612004059607,0.47426615279101575,-1.1340857061699392,-0.6758946612390462,1.181083720673196,-2.6488457082323533,0.19252040329480943,0.15222749453352336
1.2285424047397138,-0.5788058203967715,0.812155211661702,-0.08511598275921978,-0.6547356582820163,1.95143072610426,-0.7304433120081957,-0.9223195610614239,-0.2506279471790661,0.3696975663669726,0.01785053622772487,-0.18045517263337874,0.17511718424823217,-1.0085935167156028,1.9339478782698505,0.7161856663082159,-1.1560109680678965,0.42724456484223133,-0.039553463019975116,-1.256419574338386,-1.3517215025816924,0.13096947424062982,0.27328628550414646,-0.3273686033439665,1.4024439626952807,1.0572595602542398,-0.8692226959321406,0.033510200101522315,-0.45417629371993173,-1.390240212818721,0.23242627859106782,0.020841017607112537,0.8556852128054535,1.3849267017119795,1.2227416180010462,-0.8947330893226881,0.13420233478804738,-1.5930271414394612,0.6552662114409283,0.7814007716774362,0.4826466927174408,-0.997780215487881,-2.153390900110932,2.3333306498801725,0.7282897664395941,6.413369732106275
1.433021072526562,0.3346501723697682,-0.29293154948370087,-0.07845756398652996,-0.14831213680248426,-1.0760558546769072,1.442626496042144,0.2741939902235709,0.4682567083239251,2.162630407872632,1.2160958210029045,-0.004914677828057166,0.5292165712114035,-0.5877987077689459,-1.0339382503867731,-1.136683910898805,1.0470664041119475,-0.27360281103806783,0.883418227465901,1.3992678243810814,-0.7203877233029085,-0.9084737530662041,-0.8627029813563469,-0.3957318831514094,0.5573835179623358,1.3352169725179834,-0.9604476045972817,-0.38189114255368745,-0.2786689720959039,-1.3706916346180318,-0.249504648079208,0.24272212489865727,-0.29531540561661745,-1.4773981653835524,0.5500618721302004,0.754532211304156,0.08001544022770991,-0.8478777024737381,-1.4971160077122614,-1.093273074745429,-0.05490371822674045,1.714612505630081,-0.9271453744041241,-1.3901245626441905,-1.289640325475183,2.3621202221967974
-1.083684841540281,-0.3784067572982535,0.1782849881433019,-0.3275631487478569,1.2728198084300502,-1.1280970426885844,1.84133420883667,-1.0302757703432925,-2.0469167717606163,1.3852611017925884,0.8274556162345976,0.2863520372525618,-0.7623581498974941,0.13185902426731963,1.7157226414180213,1.0966052533736048,-1.0705208553258097,2.27558992452521,1.1405112488756644,2.4883492280193935,-0.8339563933255734,0.9999101656570152,-1.6055119591496303,2.713340559590042,1.2763003092796847,0.6451729562816791,-0.019606440950030675,0.3561360772001251,-1.322637990878118,0.5080236791985586,-0.6943451627051613,0.025573292774368803,1.2533531026088005,0.9363420568935095,-0.13507881192894522,-1.0251254124340572,-0.5247086192968032,0.8561336647998709,-0.8750894270756927,-1.1108210201699364,0.9889947532712869,0.9521844776215107,-0.27617647995469163,1.5621618366268262,-0.7567346576104935,-2.103613871199477
-1.5441164164635939,-0.3618509887731241,-1.3755707931296117,-0.14591992527744815,0.42209055694397996,-0.19865260662986864,2.195631233558876,-1.1233864580305872,1.4826856476465229,-0.3043291258737051,0.47156053479859944,-0.7148845237266844,0.08702508904946524,-1.530030126122863,-0.437469212806725,-0.7540367232369768,0.14659212020874984,-0.1841553809702393,0.898760795471199,0.10601689936207638,0.8744235845517383,1.1754145577651018,-0.2661255690903128,0.010449344810423207,0.23277036144134275,-0.112781228032205,0.27916130902878783,-1.432242629343915,1.3350686225207318,-1.9959914389101594,-1.075786622101623,-1.2051323443273378,0.3793419441092014,-0.6238113421190461,0.2576580140857425,-0.0388941651834938,-1.2418885303337992,-2.0170360440065647,0.48326785630238084,-0.6603741639683358,-1.1023214605951919,0.06847386661955612,0.45741720116832724,-0.7060472698541732,-1.0854052729226993,-4.056944714684506
0.8718519008621283,0.17203850469303728,1.1089579307255424,-0.7960693688326529,-1.0693215856816802,-0.5691387161509536,-1.435556219356189,-0.11015691970860222,1.4135726062690426,1.3950656585126517,0.6632621537014308,-0.260376520196422,0.4075169350646335,-1.167225213627355,0.6740709904968731,-0.2415846204449896,0.04567018403995325,1.5036988798614674,0.5225538498802339,0.2723587693281151,0.8356825261791122,-0.812522801483604,-0.9520066729529519,-0.6963051473017703,-1.0212529512363313,2.247401599059861,-0.2724160593383636,-0.7215961004732028,-0.05280149252813454,0.9764207784609048,0.0735742774673046,0.6224298506709837,1.1662689185453787,1.465364791481824,0.5357973037046619,-1.393163687735761,0.12635543964941665,-0.20605128343747856,1.256254535342257,0.7818139892773515,-1.5286747552948623,1.2471502894991735,-2.048455464925874,0.21730269591010193,0.7701975585835736,3.3881417386132466
-0.8696453141479277,0.03907275756837334,-1.0384483456951117,-0.7947049299482424,-0.2170664864775523,0.2237327142498677,0.7472114325660071,0.4955951332058424,-0.49743333981562854,0.8547697607634102,-0.5831537392361713,-0.6633624868309447,0.5255522898737621,1.8349779507443431,-0.37053971448325396,-0.8373133793611894,0.014723037700679736,0.037616712890190133,-0.7951692040504038,1.965862906240712,0.3330166472146076,0.21149109718694328,-1.1378644662154958,1.1760644364254675,-0.3748924042113617,0.20944080812604254,0.4809682063598926,-0.8786062098404473,-0.6442916081207598,-0.27817731439669807,1.180311193625648,0.0882827646224852,0.7120709586403371,1.2754217502536815,1.642185996260226,-0.06435693672977227,-1.435388217624549,-0.3950077411742621,0.5189495596964635,1.418471295957484,0.08080755639947865,0.1533264965596477,-1.9229410497261308,-0.5838266819914912,-1.6984456095611065,-4.6732308199071735
0.8475456950257163,-0.25699823430392044,0.5016096455486367,-1.3462180076584143,-0.44208919583642364,1.0380554330690082,-0.8355305472282881,1.1122501642656377,-0.003218227589996887,0.2929701456482136,-0.2848079362939837,0.06517410944927028,-0.2253190182335973,0.09239149506977276,-1.2858053172437973,0.527976475851787,1.2015507691836682,-0.31748361316307416,0.09140581466377014,0.6282493695161727,-0.6521109842051285,1.6468644927471396,0.23364657730592747,0.01979963519924254,-0.42669470760483824,-0.1785486832640974,-0.06583685411642333,-0.5051101752586853,1.1294663644776632,0.6383078193078342,0.5701191704494509,0.5473086247395008,-1.4390317277772247,-0.5546866641617904,1.1916066593204824,0.6973760533939823,0.5202335292034077,-0.6017676665708878,0.6472884760181568,0.23939065244128585,-1.7859815770794853,-1.4206077718281285,-0.9329538142424916,-1.9940190357490428,-1.0013798869984558,4.536323717631459
-0.13222064792077556,-0.35022154453292365,0.847601754662775,0.06631719238071945,0.39309202760352824,1.4080019955117615,-0.02450053696225699,-1.0904268239109334,-0.6586331004748923,-2.3378111268943003,0.43596737293802623,1.4452095490799868,-1.44701602391559,0.5098262200064076,0.19174897927114423,0.32830493071793754,1.4273095718129876,-1.3713071664698329,0.7911592659366041,-1.0111763398432276,-1.14204689816261,-1.7683309252467032,0.664845650735292,2.517870337580905,1.3798411062352707,-1.0113156089381823,1.4669985806160357,0.9393522274888649,-0.7279831916603657,-0.5446207971873072,-0.16646484450205962,0.5193538397028789,-0.06422649801242991,0.7229814838436545,0.17826595223794944,0.8889266255996069,1.0312026342726093,1.882423243114022,0.03994608044983913,-0.37833751962589557,-0.8876436395891011,2.158433378856987,-0.5365768383794115,-0.3846949375830021,0.5028169019423641,2.6369071989804196
0.5776680052273474,-0.9663907235271647,-0.42577201432471334,-1.2178952393155436,0.9279095148656457,-1.604011450952794,2.266779368400723,0.6424290016966879,0.15370040632085874,-2.073285168864566,-1.3917185549949485,-0.38564235367841415,-1.3500432098847255,0.5325910684755957,-1.347687065797601,-0.14824775780633928,0.2808173597577955,-0.6736312446374769,0.4832815238035692,0.21694115795203878,1.3530238746885948,0.28693280285956146,0.9900335597712012,0.7272063269487914,0.6136553795498995,-0.050609145511375075,0.4746566249134062,0.8584477166162768,-0.31920922055804357,0.716550488953489,-0.7452414941133237,0.5857149272650356,0.11084230978950908,-2.001236995120075,-0.8480681644346645,0.6667062270759473,-1.251568552943487,-0.7417600769699427,0.38474232219114285,-0.33270494747779195,-0.24387428114728513,1.5944891788271323,0.231276346716241,-2.241965871381988,-0.15585344476848467,2.9015583845930255
1.3864468898799427,0.2029256491653669,-1.5223435047950837,1.0214734024035659,2.2557425679811236,0.855557003200847,1.4102715988673302,0.6070088016844328,-1.2949000323336246,-0.3952748444552898,-1.5306318218282935,1.5488995912571266,1.9360697633797612,0.5427853816007316,0.14890952030409954,-1.452271310539271,-0.6634717227474484,1.0707943657097116,-1.0451403656561418,1.2155520993548308,1.2401988333117309,-0.47396138694561707,-1.8812591875511733,-2.408986142693748,0.36187097364367693,1.257775207454072,1.04909071413128,-0.6208893459901196,-0.27359795242721485,0.7922703716996317,-1.523016459768153,-1.9264034919423831,-0.5157985514813108,1.1698431570735857,0.010348920834818767,1.3325230096822964,1.0630871558940798,-2.127689823229453,-0.41981507497023596,0.3416157489788596,0.014983965198929094,-1.056561417089475,0.9018889833705036,-1.49456061768705,-0.06555964745450493,4.034832724028628
-0.6700683401602213,0.9937730713133359,0.24143476722073867,0.933166231676304,1.957772269906034,0.9114322438498367,-0.983350247119867,1.5625658669460911,0.6072657431044164,-1.540641846128453,-0.07269561773669093,0.4243719745454888,0.5109544962903664,0.18266524645062954,-0.8331484424732518,0.000837598452518344,-1.0110217447277638,1.9943495863146072,-0.22639801981947097,-0.1796856831908887,-1.9666628883171413,0.4486885797285806,0.9356316468763959,-0.16873985830676547,0.43804340518698787,-0.918837860325027,0.23220512111553643,0.17559579301005787,0.466451415423218,-0.7476535138623107,-0.04220520934972908,-1.4957469316237235,0.8266251721979805,-1.1991610622263573,-0.12434319543219313,0.743424165643431,-1.7367395094805638,-0.06183187678906742,1.068035186810246,-2.1298284302089474,0.6424599635449565,0.7297058528920799,0.014494000157298778,-1.1803994111459157,2.072997749416693,-1.9925407814553013
-0.4083901062275349,-0.19527588546929062,0.01568727242389442,0.606842824881254,-1.2717754606362397,0.17779808381875115,0.8279683630574746,-0.06877544192297468,-0.9510431369248974,0.9373858913626023,-0.7998787029312475,1.3152537189528055,0.03702365341680351,-3.342639358074917,2.0537611684091455,0.4128801393984957,-1.0792313414777122,0.6990676072040733,1.4434340138960111,0.15461809216995304,0.4530551037027046,-1.087732984218664,1.4273750746761797,-0.931493634504911,-0.5344479511697069,1.068750460299311,-1.2527931036615672,2.194926251358738,0.0692180328195955,0.20139580555367745,-0.7566940352978933,-0.5150996487425924,-0.5368906240776375,1.4885801115153998,-0.5065513446809256,-0.605583002358736,0.199542392752892,1.3068742336802575,-0.34947962080980693,-0.7521997317516241,0.2662315292945348,-0.2598390658657022,0.03089939165437589,-0.19455568090401382,-0.928630566121074,0.5984109138849367
0.5528236508388235,-0.32430744291801755,0.32060071981195315,0.8975895763151512,0.41554797936654725,-0.994113119351934,-0.47251626647261225,-0.46913455420509315,0.6391094235282251,-1.0282421934921673,-0.03952060249771277,-0.05758561356246605,0.4735885427232985,1.1757299807705979,0.35710733182961185,0.8074616689819767,0.03220761923185476,-2.398436021241851,2.0030217362690057,-0.24453763794684993,-1.017188050071271,-0.7081625732190353,0.48181715903677513,-1.4649918762550591,-0.5031957183459386,1.435135075634995,0.5151694918095623,1.4000471585514742,0.47787496107219063,0.8095940970453087,-0.22907827688303065,1.2112870271833165,0.07900720871452366,0.23104015725901456,-0.9299368081147645,1.1563295573571826,0.14031820539340162,-0.8043684917994024,-1.4093065534436038,0.6678572190247097,-0.29598826634594355,0.18024046713012426,-0.6857308381545818,0.8697244901126823,-0.46640759325700015,4.359970486047564
-2.001342080049476,-0.05082304376679877,1.2966938794946068,-0.8581833231778571,0.5980411360208691,0.23578354262129889,0.6520037543334135,0.8521407083744844,-0.5222845726881771,0.07577152653748633,0.1331339147683552,0.28340512846279464,0.9682974125406475,-1.3452342992845077,-1.0390914162809373,1.8917393228166939,1.5870238585832477,0.22914002456393476,1.288025869881909,0.047294194439656795,-0.5773705624610596,-0.9348914728874442,-1.537351554755481,-1.2001136757046578,1.5006976679918975,1.1234438896718575,-0.3404166375705857,-0.8037416705537913,0.32383048660763286,0.9134590194670598,-0.6180851582455122,1.1758749669903032,0.4994134734721109,2.092246882644068,1.1386335335524225,0.5528831308091569,-1.0333056629570458,0.4316173777399825,0.14649540972175565,0.2147753628348271,0.6668204483761002,0.6038009777175318,-0.5958577859570023,-0.24542979444931817,-0.9016872222647769,-4.789355762376478
-1.0471025947500578,-0.16825213860882468,1.3699139397600242,0.1484125853249325,-2.000179750236327,-0.8369181223974624,-0.9361625827317199,-1.4524100613696787,1.5261123637508553,0.8710161911823178,-1.1345829723645848,0.2392710230393638,0.190396969890578,0.28642244243638115,1.3951868820079456,0.05477553612862343,-0.5758197304242318,-1.0265176034485746,-0.04148940303160279,1.4375621616917198,1.110820732814135,-0.8993683160943077,-0.28511301021423646,-1.1990223905368285,-0.9947760951932229,0.3141539404107585,-0.15076648997564618,0.8358655883162055,1.8456845044905104,0.43490830281987664,0.4712660485225895,1.1248174603381327,-0.44468679767372654,0.34856352527647466,-0.14376129825223788,-0.5455327889819609,1.217812351668229,0.8690044152496041,0.0474250605557069,0.003063037736888948,-1.306257958292729,-1.4806109001694998,-1.079601534124299,0.17168868644910515,-1.03158536237562,-1.1796169730901023
-1.0912259697168853,-0.8084553370123475,-0.44208399613916793,0.5720302056456682,-0.49841420912814016,1.294362180674653,-0.7380536240408765,-0.39950058962007995,-0.41815689851945625,0.8397263433608742,-0.687326186830495,-0.9324123184467837,-0.006332386651644988,0.7713407975576311,-0.2614532388303555,0.08855194673990047,1.7444404437809975,-0.8971031983317472,0.8322837148926772,0.706281799416262,0.4910072078326053,0.8195410925664288,-0.3017211126596666,-0.8440283971244293,0.6371369025503826,-0.9387651353146549,-0.45998606622895644,0.20395178576983072,0.11524152715040309,-0.42538027107741083,-1.510640849961567,-0.7554449939302685,-0.38360834279699607,0.8904297358300954,1.1054013800073774,0.5065042311734677,1.6368827262069368,-0.04078866779736012,0.6981134967241625,-2.0987771468908636,-0.3483694301723763,-0.027051497711611902,-0.6077975837668734,-0.19658123359137392,0.8317317507955668,-1.6639277932956285
-0.6402093017447905,1.3924265095129769,-1.311081896704327,-0.26809269759370447,0.6977595116341203,-1.566026317217535,0.5575901902411512,0.18629096895420044,0.5907898291832457,-1.5707144674582094,-1.203328822592131,1.0987564308552489,1.0249735449454151,1.552408710581995,0.2582212126588365,1.040267197338009,-2.0037443143239466,0.6067082568768329,-1.1778555887107534,-1.7626843424861514,-2.8413350404256508,-0.37686165693867263,1.7593007694119758,2.0005512168150577,-0.41864872529088765,-2.560343898238934,0.22806019969645638,0.7586980614999099,1.1326552728755812,-1.3233656842430541,0.2149440177314927,-0.06459046764828202,2.1104508805586657,-1.1140543435608798,0.7961022336183642,0.014761198888066328,-0.28567581398975583,-0.6895630971877241,-0.18153138524159482,0.2145081179291111,0.2870288762680013,0.45915707810326645,-0.2654481190597902,-0.1463645766602025,-0.48435379973925763,-5.66628909228998
0.5020182940559629,0.009945819276805505,-2.5916754044041723,1.0437839974652883,0.3735807118088892,1.3957662671747066,-0.18127048528500386,0.6626348301997502,1.3767388636870572,0.48619615394893556,-1.2103448798937133,1.1337134903177237,-1.5607824411052125,-0.10291534827116716,-0.06557143688130113,-0.9283424796900853,0.5378688288162421,-1.1522679726037368,-0.907957331317805,0.01829415649113818,0.5253250584884097,-0.16516397547165076,0.4845126433098581,-0.23939957319148852,-1.7135247982707489,0.4130622051785643,0.5352220438492491,-0.6420165118787567,-0.06265319959545945,0.18131657562975403,-1.8263059183227521,0.8688699909742317,-1.203960075735946,-1.6734274124394555,0.613389471473978,-0.8898386947464005,-0.30148364928024973,0.031729370553188,0.5205609030404035,-0.7897736634682643,0.4142933803283123,0.7451658332792351,0.08208531725582972,-1.5111662832394557,-0.8652176928847594,3.9637766090082676
-0.5234419504541971,2.3905955116176445,1.3880376610022982,0.07882695426385572,0.5791468198980644,1.1940606142776256,-0.8683673803277738,0.6109865278197704,-0.048913588298006155,-0.1106346842871416,0.8576878349621639,-1.1832628057552654,-1.2166967022253419,0.5642934884741161,2.808727051363185,0.18139027130478272,0.9731327438026095,0.1755413359379858,-1.7741221936701324,-0.19887618937953577,0.33820063187324634,-1.1135566305177163,-0.16272437358161249,-1.9823381702378944,0.06106314222146046,-1.6778174188143302,-0.2886586969522897,-0.9318536635030136,1.8828786916324427,0.9222348121272026,-0.16487781387891065,0.015842758710520245,-0.9676964739248893,-0.08713163360684194,-0.9404948928812056,-0.8537129108879709,0.01943281188417794,-0.5556232176258513,0.4928703895774035,1.1012021349264922,-0.0781043376885885,0.06840356136065091,0.26612239932425913,-0.6110785140222587,-1.6343569739504562,-5.092301417113611
0.2519075693370726,0.5672327890420311,-0.4178013996743252,0.31165032845634294,-1.3573135187655825,0.4670900605510049,0.7406388381542676,-0.1309050957363789,-0.23352011002183956,-0.6207744323565896,0.3012979125878726,-0.026227213189690405,0.8275688324150551,-0.09901200257696617,0.0363579685026061,0.989089984483122,-1.0477921145502258,-0.5532339118086248,-0.5589639307125218,-0.1339125902285644,-1.178900076262355,0.37250648975789946,0.26194152605542775,0.25136751788292705,-0.35760117505004985,1.2320843146348546,-1.2241486823398955,-0.5055972157765611,0.01794564361670181,-0.1455839654990483,-2.959240650613083,-0.5507499827938914,-0.01388777679155549,-0.8759084411548037,-1.0809651606583943,0.19309594061641439,0.7595781547370202,0.10719158422623264,0.7299327741889104,-2.4959931823618535,0.7273173035726664,1.3913927692720018,0.6676233047086,0.43549303409926365,0.733279199587109,0.006201328754503688
0.20646458608173218,0.04096557243854955,-0.22524745873676422,0.6283783649486334,-1.728600231777608,-0.20161679626675813,-1.080159985702523,0.01723524533542575,-0.6191497701938466,0.306631481557436,0.17138270506814893,0.3973404479868931,-1.126904935743776,-0.9386740845924878,1.2549193456011696,2.0126600635990712,-0.5197529464813477,-1.0812083892895255,-0.9975706579803728,-1.564513453487721,-0.54502918125561,-0.4052462232880595,-0.004541109041644304,-0.1956390303197112,1.2617083609171633,0.4816717697162321,-0.8711658350605195,-0.1046660422684249,-0.40953785855587727,0.3108739916416729,1.8563681263582537,-1.1176699208506664,-0.9393038382996939,0.6547528010478423,1.070478176705322,0.45649090596036057,0.09111113112637999,0.323774899880834,0.07717950339695243,-1.5259396869421549,0.9207961072795666,0.01660477724292293,-0.3382516596284256,-0.09470289643537438,-0.7174690640055926,1.9930641532301285
0.8745440903013658,-0.013670111468973333,-0.7055449587800401,-1.5850796954077964,-0.6278900193631062,-0.9254028017102074,0.1339988912642102,0.4593461124379858,1.1385802900095614,0.38900247878029826,-0.3712908551509501,-1.721964164035734,-0.13628027838358295,-0.15648619039025433,1.2021771837832234,-0.39867938824952065,-1.371376243790403,-0.2744749214306169,1.1877164631140935,1.1554706690028866,1.3947743504895291,0.5854317414390374,-0.0647497477280637,0.2066624646508853,0.1403537333957964,0.8218175889114416,-0.7475229549264796,-1.4392653168011793,0.141987689271929,0.7682801411118152,-2.1038619882331564,0.7869805170152188,-1.3361290729262518,0.203583653149632,-0.9324631059124037,-0.7864045948101215,0.10489510819185761,-0.03371156560625755,-0.5457453022085555,-1.1334583581745992,0.3003795018370786,1.234864171198433,0.6186956723684295,-0.14616645548073387,-0.07123787566371821,1.024298841546045
-0.5627259000261619,-1.0977233456912832,1.2561719100183908,-0.19896337644123907,-0.2631305952231221,0.2257425082064163,0.2723745297875612,-0.38251700660535537,0.7728530224903897,-1.4122501696986942,-0.07091151868887136,-0.862860806903638,-0.3362067777926367,0.8692094816826357,1.2951863863093473,0.45481848812026227,0.8344120254841225,-0.34603153475773885,-1.1910823882018946,-0.2504452349690029,0.8293865578498587,-0.4854948888024366,-0.39442331878565867,1.0352301949694716,-0.5725902500005468,-1.9222732499482598,-2.0040149896643236,-0.6954473029325465,-0.43784524013996096,1.3068097893156667,1.6670585539483636,0.43372205960178856,0.30293613957875437,-0.8344130521057627,0.03506669772301947,0.6773282203172113,-0.2845540349322327,0.7913602294758293,-1.606181502259702,0.7030316392165067,0.17559249974988358,-0.8781859871311809,-0.06146533163815362,-0.7172900042642848,-2.3714884814156494,1.2911613219428721
-0.15240376938661898,-1.2452634000907796,-2.6268532146364474,0.10289190968784048,0.09417385483895019,-1.8824074957911507,1.115178621584221,-0.9068809460019887,0.7884650704649472,0.334133066327117,0.6301652199976735,1.987672735044148,-2.6981417797364573,-1.2365862758061537,0.37978789969222965,-0.3351694434248845,-0.45425681293742964,0.23898374635599173,0.8016280924205457,-0.12078178977990889,0.229448661380203,0.6043792305870981,-0.5624328324474912,1.5620114343820672,0.9396248168758263,-0.24852748595073804,-1.2673268223196335,0.4406356700577364,1.151443402548523,1.3797381822147725,0.6254778931712766,-0.26769802821531347,-0.700654940060387,0.36202531202700294,-0.03358238243791911,-0.7901100443997425,0.9823500558522864,-0.8102874213773525,-0.05263776145557687,-0.26931361256733133,-1.0649955603887384,-0.24358890136181033,1.3986142383383007,0.05266568823437163,-0.4631714106843287,4.581906596983804
-0.35102495138563766,-0.10784992029768543,-0.7800798857027756,-0.8949343873299841,1.1027612871558272,0.3302510906765635,1.979117266500669,1.0284518476714015,1.0741582787566817,-0.0682128160392942,-1.208569886996647,0.8792069162170261,-0.8457185840686217,0.35785467925893344,0.5090223020658674,-0.8467486210428588,-0.26513942997659473,-0.5159944771514057,-0.47320442764316284,1.0581593127868452,0.11485075240501923,1.2719316372997567,-0.3538942893169921,1.453529872247335,-1.539378393994311,1.0140700154858497,-0.4323869184367387,-0.9606736546048931,-0.8196710818100307,1.2479475737563965,-0.6435330410086431,-0.11945347779773856,-1.0407279838892862,0.06909244139507302,0.449991500238197,0.950366391275133,0.17086720497879582,0.25685780058464286,-0.721935751657856,2.224562921803977,-1.9126016112475837,1.3197452944927508,-0.2078996172946688,0.7174296058516612,0.1387734579008267,-2.3953805275331477
0.2176871364679973,0.7954820991980748,-0.06293916182430118,-2.010245334706049,-0.5633435529360924,1.0577927674611844,-0.709130917453668,0.4499088780682963,1.3530019839419702,1.5422936349341532,-1.1848765277170297,-0.603858362024215,-0.010993639033148341,-0.9949657497627079,0.07647210706418449,0.16619192197273538,0.7966000904994074,-1.368988474602649,0.4076827936824056,-0.7352108412005055,-0.028424712909699643,0.9422067095695024,1.2452911895428727,-0.3931547172366845,-0.8449665641591859,0.8705930186937341,0.11840094516097287,1.434335914780823,-1.0956629117475356,-0.37537422873636045,0.0379324526512968,1.5843307944884588,-1.5144743620699612,0.5363928251320594,-0.9278365097288664,0.5556398279453163,0.504951215756018,0.653089372238355,0.25270230564439156,1.7013457116551052,0.8910065218620737,1.2509361262947303,-0.3326415191012258,0.6620771485464955,0.09110247609752516,-1.3288718863320363
0.024295666788273856,-1.0366074911220367,0.7496827684329443,-0.3159372822342925,-1.2988364227442921,0.8747643996233746,-0.3061440645718768,0.05342048934812402,0.18228577478369695,-0.07854251928360326,-1.5111692792762086,0.8398177427941765,1.391942357282239,-0.8890835317759082,-0.09300331223727847,-0.30752005893463336,-0.3607026410954437,0.8442367253543751,0.5318982537198954,-0.09677327658382626,-0.35292530453678356,0.05670800983473572,1.6248527033667552,1.1984335905399484,-0.4446142988767499,1.869679721052285,-1.569966657586191,0.751502810751199,0.27107440511418845,0.3642876615201163,0.9298853525138899,-1.126454577665785,1.3689046325834229,-1.4050943491501606,0.631925772278721,1.574384180670955,-0.3248759201163706,-0.534297162233801,0.46536942566237727,0.7232133613681123,1.2017143827635415,-1.2860751165132367,-1.616754715153816,-1.5908087464342142,1.592321354261141,2.886041573099008
0.7910193564944782,0.09148715061223127,-0.1682644796629741,1.3248865480830254,-0.03366782949559863,-0.0055539481834650075,-0.15457960218655886,1.6303968288262665,0.11594585712928845,-0.4602190743882182,0.5601302083338725,0.33946037116768285,-0.48536035406060213,-1.1414852778608533,-1.1228261060012454,-0.9194618373877425,-0.9501045162071065,-0.4937084231959249,-0.22346591416020223,0.22244402501202587,-2.648682829993452,-0.10801529036708805,-0.5725942466864784,0.23034342363837537,-0.5600187219639463,-0.9751693727819263,1.0209038232234295,0.9125922395967782,1.0365983869070585,0.4697681972241083,-0.08615023350144979,0.5180252025171366,-0.8118187975537196,0.7091526051927247,-0.2531712330547139,-0.21042169642111555,0.2880319854047892,-0.4241405478332946,-0.7204597336798301,1.3085973945177822,0.44405864168859494,-0.8716750910988517,1.2541710539466848,0.5689830469742349,-0.11165521943799361,2.331710467652202
-0.46853623019278035,2.8296372573894724,-0.7345628429093047,-0.16448902341615296,-1.2109234302198904,0.08329938173370427,0.23809370546074826,-1.4245413121988695,0.6619742780274617,-0.9182745389502764,0.14397615885081513,0.6788397820553149,-1.2294662910045877,-0.9542014719324259,0.13073504274241168,-0.8904653089576693,0.4443208332748472,0.5650927785349826,-3.0107112333688795,-1.1552218760582966,-3.0614934284277067,0.914500952341163,0.10568123872428084,-0.20341931308770006,-0.2033286160871238,-1.4155542182575809,0.21915503081922574,-1.460707254675545,0.041196943901557585,1.0312734897327358,-0.7634316569592832,0.4523927515538786,-0.12959344191564082,0.29266045319623757,0.9741576511278788,-0.8704947478355402,0.7718819065472629,-0.3706103623915332,1.260568515784757,1.2905928389285586,0.9843669397217103,-1.7789049595513837,-1.587727996714236,-2.066914114014235,-0.28053761018683543,-9.927242765781259
-1.8891434460527223,0.9108287104485492,0.1275798591357284,-1.2032732611828598,1.6687694858204625,-0.8905756834633197,0.024234133898416933,1.2150186066281439,-1.1309583181627292,-0.8827863641389806,-0.15827961983013855,-1.2619310638123247,-0.40874042067498473,-2.183409855915436,-1.0353315082105783,0.5658027059697299,0.5394618943819147,0.556714199852373,-0.9974047272150932,-0.09612179386786342,0.0778933177617607,2.142746177138855,-2.1588372061298124,-2.052040302389358,0.269806986848314,0.34766946799112114,1.3195790955819935,-0.8209467874598316,0.5966150179721875,-0.964009263241342,-1.4299690471614195,-0.8017208599760567,0.17544379776417432,-1.1776508041888245,-0.438761295204046,-0.9442478427237078,1.4732997325136528,-0.7445685614972228,-1.2912746508929167,-0.10672197044999836,0.5603124415795521,-0.6869918891350528,1.0723349540341969,1.441637832375883,-0.22166088478935234,-6.746847038506269
0.8301064547365412,-0.852336412625237,-1.6695930220299064,-0.469402722527863,0.6134727712368796,-0.20960183054705978,0.8354087893334996,0.6339563928691352,0.502683588228389,1.1194030030173372,0.2419087021469583,-0.9809917755485039,-0.3747549789308639,0.24357716734703055,0.11432079316261197,0.3550857216884688,0.0016626205835530532,-1.2255999001230835,-0.8247392255678971,2.0670377147957004,0.583224451186518,-0.03317408372604708,-0.34473463833170653,0.7486750164727733,-0.03524479606466531,0.7526183360931774,-0.1670755308511788,0.38958710622531134,-1.7681388198351708,-1.7286442730328964,0.13409130640423464,-0.6484318322252908,-0.8991384921128494,-1.0669988939436832,-1.009977160353925,0.025672851516563087,-1.067425314524211,2.3092750965370654,0.6248182922215478,0.40774383195753483,-0.015474953402520373,0.13171238542920402,-0.5339893880472291,0.012874654984380814,0.06384550335080232,5.28473720268892
-0.1794575901216497,-0.7389809589944484,-0.011943969074716053,1.4494296254365728,-2.3036069390967167,0.2739480672053249,-0.6945252574066164,0.6529482553770848,1.906956900080062,1.1249164049782345,-0.22728318459802135,1.1982238004048582,1.0850084007272045,-1.0159779098837678,0.9448701963080944,-0.8296343344355287,-0.5407059233494034,-1.7067965756421786,0.5768749935418591,-0.1281651328843025,1.18779192064138,-0.433542624513492,-0.6374010208659083,-0.013637053969157271,0.39948401028717634,-1.218640929952502,0.5160928858456149,0.48772628670153373,0.9184553555820607,0.24073175144542636,0.8006010393484057,-0.9527298852904601,-0.5483409735360613,0.15108971086880083,-0.3661333795303696,0.3381326022161244,-0.1674956485401492,-1.7357873334455434,-1.0172127715128538,1.7983405705127042,-0.7092025390667244,0.5868884915733851,0.03698153707194769,-0.6314429523521268,-0.30160142361792236,2.2101403674423725
-0.08917920700294514,-1.0327926795829387,-2.523393617003334,-0.01110923127060857,-0.49506307800388283,1.9097314262489025,-0.24444275288154568,-2.4540423773108206,-0.7504258796744757,-1.9500185164388442,0.16476039987441551,1.0156666764386757,-0.5077106572141548,-2.306356044032426,0.17370978740640206,-1.478142486198995,-1.0162298738092475,-0.2511307048102644,-0.47930305294716535,-1.0124023577496726,1.9343049510384314,0.28409021805750045,0.17646213837149455,-0.9765419612550622,3.082931325801468,0.4148629489597534,0.10547979580204679,0.2365859301317914,1.124533979364766,-1.6852390126542445,0.2121293220357335,0.4135014033369809,1.1176401368366464,-1.0245605920235346,-0.3890537717264079,-1.190656976591435,-0.3503056722107901,-0.323507924214975,0.8948084033858457,-2.5806761289067053,-0.07404838841260532,0.49108701204800237,-0.7917060224975985,-0.5839039064909436,-1.3977782300321469,3.573476239209504
0.9125993065727975,-0.7503050260082201,0.9020617698504122,-1.3777908712833158,0.8024856305217727,0.5688838492599938,-2.2059731087335175,-0.6070265057878714,-1.3374635379873272,1.3282761008394426,-0.8348226379922014,-0.4543202598564323,0.3216033767157455,1.462155181412259,-1.6431107559285727,0.17502994374513328,1.0228211792710502,-0.9836820604118262,1.0814040361720234,-0.5267375745333054,0.6998659243259425,1.0209343562667748,0.09003302848888231,1.3212993918984954,-0.6476146221659979,0.8151278440474874,-0.4721859424185258,-0.43075946431307294,1.159883440526298,-0.2126445712520247,0.05343754039824274,-0.6240470969451641,-0.7396165020073948,-1.028319168579465,0.8932377199115453,1.2966011032065774,0.9012583861351884,-0.43281987388758053,1.4108330867618672,0.6060429156276154,-2.900820944803515,-0.566948714881321,0.13373962969632278,0.7500820742288452,-0.5734983013378699,5.719140002125514
-0.21337775072925388,-0.05713037130856006,0.08434738431212589,-0.1398645499205659,0.6818015080464421,-0.5525806777716974,-0.6466635171801147,1.8461852571039843,1.7809369993387376,-0.5667312205851978,0.04110690679265699,1.4163024684754408,-0.18431439820159928,1.7134618527466854,0.432325326729086,-0.3995693069843559,0.9335186063812121,-1.211508986954445,-0.8919628155834564,-0.42729454557115565,-0.4980062898522698,0.6582180902427556,1.9150267584124903,0.005630697639192943,0.22385364477437103,0.3145817922926145,-0.8411501161513304,0.14451222422775387,0.3759158576965798,0.6884788176361366,0.2549955611465416,0.11467836178353984,-0.7602782597212778,0.4443055086781454,0.3418579047174076,1.7107576820311838,-0.5868059180082098,0.6765527787261861,0.13615803357128128,0.8025834977184394,-1.4501846298405718,1.6460208850086062,1.4408174124801711,0.2471693180619786,0.3009594878760873,-1.629895645809441
0.5269331091678153,0.058061327717988644,0.8861326569461895,0.16586998715682497,1.3863040764262171,-0.026149300591998693,0.12404655557783219,0.5269695100323504,-0.8627324179729594,-0.4603784446013162,0.14853471309556138,0.6367618676113456,-0.4808627228752182,0.024699171313209714,-0.7414972450962352,0.44221913475668345,-0.08302243805377778,0.9802976330139591,-0.38894469301881857,1.2061465135543286,1.7887758670259066,0.4900926028452002,-0.025670960152393965,-0.2422275188458893,-0.9481969051707362,-1.3085723081860137,1.462485351956321,-0.07698046503429654,0.8451966650595907,0.5041940587019119,-0.07294671039318953,0.21622151931684558,-0.05905367130613795,0.44385136320317864,-0.5525607790528458,-0.9074257347502381,0.9127478034443456,0.37867438113856705,1.2932088196612739,0.7673350665891802,-0.2908008001552403,-0.05622551333277878,0.7127708597543163,-0.4012315011945388,1.1387534975823492,3.340148730473908
0.8590403906362502,0.04251589670982495,-1.4455346093772539,1.2023173477659392,0.09376011817519055,-0.2990373713471256,-1.3757071066398725,-1.2733680755252261,-1.4600272232219056,-1.6303952226516119,0.07134318094505981,-0.7752012445673088,0.8247585294293758,0.8049614910478746,1.5941469469202068,0.669855063815015,0.6710032340060254,1.3077813901229742,-0.8369287686366521,0.47473100711354305,2.082880594362749,-1.1186816751035527,-1.1380554116083172,-0.2821167840228753,-0.07815063981483998,1.0361388247745658,-0.3168357336222128,0.25497366921209735,1.7878886238337157,0.4209945494587406,-1.1974319397545095,0.09186340537147254,0.32472218901061906,-0.48895052824239926,-1.571974069510381,-0.23352674361367948,-0.021649209163601336,-1.0490801728292878,0.2133410620892576,0.7422801554133421,0.340896567290408,-2.421685410375106,-0.9102030230770569,0.8721669162884523,1.4954306299236917,2.772245340853212
0.7024551709499225,1.8424353179542972,-1.7074621515763189,0.8282738446047001,0.732460770546558,-0.45874724882719986,-0.6166882803081025,-0.6655532091957753,-2.493319075830625,-2.016620898879822,-1.4387221367652059,-1.551249644543193,-0.6241382107314719,-0.2635337526089061,0.6453238977625833,1.5529765930853046,0.7631371805352293,0.9485297089372693,1.0383919763569107,-0.10198731169075151,0.49361110214343995,-0.27269786644833716,0.3325595802128388,-0.5027457420327364,0.5930400477115471,0.12555561239663626,0.092272888856844,0.344739545017912,-0.7003158276687141,0.09141443298345475,-0.7367795931522352,0.7299995101403507,-0.8720787206340472,-1.3854347203392336,-1.4666031810773632,0.013758958190598098,-0.2484980570527701,-0.34054162976621666,-0.5517636732019834,-0.052790041798557,1.348622728806321,-0.6210261292899407,0.9603900860881628,1.5551512246301618,-0.277881415093725,-0.4452044408545057
1.9643966194904774,-1.507522704040874,0.48227348824254695,1.1751967363517668,-0.7165814519278224,1.1476345163013795,0.05656217328957133,0.3239193226371052,1.1828454315903258,0.5639349786428376,-1.203659111182368,-0.2898751236889008,1.977903239517618,0.7408031004623065,-0.820856974648227,1.0409304360279932,-0.1665709998255711,0.715020715617983,-1.3296382803711195,-1.2638441408666652,0.6818744310006688,-0.13084837394938095,-0.43948171167952593,-1.0261036641097308,-0.024707854789652785,0.22201120951971706,-0.8661991221409235,1.0820892651903886,-0.28645631809819216,1.6281366178123318,0.1330520331827319,0.5257807340627736,1.2027880494636365,-0.49063348371111687,-1.5988392725698255,0.5930655249027864,0.35625290570889134,-2.4639475689544796,2.0385974516102086,0.41192463681888064,0.7523583995743225,0.30817858325364417,-1.3709811005765695,0.7636057165152533,-0.20908923418297287,11.283526015667455
0.17734325610321722,-0.9155818409189324,0.7958424842318371,-1.4460030099488101,0.027552711890581855,-2.1556534400276384,0.22837225991222235,1.0914230101740388,1.535731342124986,1.4075401170261002,0.5556653602405739,0.2983374371001248,1.1244104811525601,2.3511265677085698,-2.195550648988146,-0.6866911897174736,-2.8930254082093807,-1.1032614691400238,0.09060944546953824,-1.5750103119548526,1.5767601331568777,-0.317078206575497,0.4258214435910526,0.13086708406084155,-1.6512956457395154,-0.9106931112865863,-0.3627739385436527,1.3604117553305555,0.3935549984803495,-1.3072595898183745,0.008131199519513344,-0.42952288817529943,-0.7649210999516274,0.030438176330690868,0.9109027498623158,0.7233597313089544,-0.967250770682343,-0.173147036548711,0.7368576780218602,-0.9891212499074984,0.8160292769662969,1.9872484481534938,1.4553253584310588,0.8869645847743027,-0.5263500532017771,4.917193333727614
-0.20053396138805527,-0.6475089771226399,0.1369128489107149,0.20530796849345082,0.6378630659710774,1.1226772914681407,-1.087610520459924,0.12459062912285114,-0.29163341835390977,1.0703231864464657,-0.22187629684449792,0.7810988313824309,-0.3248421852301128,-0.8458849007336192,-0.7685411944285411,-1.2180201604899643,-0.4845968471388857,-0.49115942449980776,-0.09636486570024201,-2.166605986885086,-0.21287762804427002,0.9935083643719445,1.050803216130529,0.3237884847853771,-0.11829271480215042,0.7462784565596889,1.3693811311943058,0.6932682535305197,-0.7760651522039671,0.29046815841903106,0.1437499274328424,1.4038022794332008,-2.1166661318809408,-0.30060230971304774,-0.6814167403610546,-0.9597461758213538,1.3934357418968166,-1.3517812489814707,0.031263612013246775,-0.6237054107737801,-0.09974416209738432,0.2462843198964609,-0.5051500173355578,0.10957968042781287,-2.1807005588013815,2.3250738542652845
0.8422851178189371,0.2853988390235166,-0.49211616342988734,-1.4645217401744723,-0.7321211203905176,2.9613153621898984,0.6036559564954233,0.08596148287245775,-0.8573744280063977,1.1111163365719794,-0.11399576754881649,-0.33813383588454604,-0.8394565589335115,1.2872456753156198,0.8635484781841569,0.2684965410322551,0.5368169489784143,-0.6347262656639695,-0.6111607269108781,-0.9198558973706459,1.2179662387565802,1.3730374496882973,0.6737160592367204,-1.0210204680730566,0.058268746555152795,-0.15828811388437036,2.5397760569168786,0.7056466995912902,0.10075605452900528,2.190260766037992,-0.9454222407480632,0.28998870819143474,-0.5540284311350958,-1.9314117585075294,-1.424218851576739,0.7005097093636719,-0.9937428254895118,0.07234089701207157,-0.5637687835859827,-1.340938791236609,-1.0338186641323517,0.568666906717618,0.5633192876168347,-1.7071293459454562,0.5068711529120307,1.1539165873619417
-0.5657205582105033,-2.6052302857860012,-0.9291533028321315,0.5620242877124587,0.5518986525883441,0.5644060566345567,-1.1259181745238698,1.2156524014600019,1.0811875845253958,-1.4437854531077519,0.8092299460414896,0.06444408544428949,0.31025291546006895,-0.5494429929247829,-0.7294440186745631,-0.10634960974326814,-0.2473607495690395,-0.1946926281761897,0.9068105862703247,-1.0213651621574973,1.0121570653298995,1.7131790396135969,0.4187368134736802,-0.8691881919459647,1.037899803714048,-0.5607078810235224,-0.07886906914186333,-0.7300130974653539,-0.12539144598658575,0.7987350427603449,-0.4617248011294396,-0.21815104556549722,-2.516722992173875,-0.21888375152463557,-0.4992254648677174,1.361944158505381,0.08377381377068016,0.3438852369199366,0.7801482279214127,0.3719292399961729,1.4754238456411066,-0.061255501460589626,-2.7502939546195777,-1.9481122176257595,0.6968580714685788,2.496868090509938
-1.917620662668396,-0.904710269903647,-0.14635294927524461,-0.09373921875841357,1.6666168090526163,0.11846154020077512,-2.0400002806442616,-0.6548445060126635,-0.2579488736268573,0.834609691366814,0.0004042374882300863,1.3679212108040817,-1.7815225943705404,0.9067951095556736,0.0711124660391764,-0.8384758809739942,0.36107538690548596,-1.1950789455405757,-1.1056016783163831,-0.16887154415024624,0.051649183524865895,-0.7231343925395338,0.1222126806374685,-1.7320053303037881,-0.9805837090145664,-0.6161997769581639,1.2218771111692173,1.6806767515512495,0.45332199009591895,0.3877465025174675,-1.5893591303010557,0.5777469701718924,0.773578265547365,-0.8552554100312473,0.30472791666233306,1.119172734860863,0.7511457195452476,0.1849404156184949,-0.4937554021954027,0.38957075228041277,2.161478835244372,-1.7508445627817106,0.7114136671998257,1.217112966981611,0.28596037519760686,-3.7329155927528976
-1.9321865205215567,0.3459664273966142,-0.7569037996603155,1.8055050723958606,0.01431761450140762,-0.4253904949969735,1.2193075368325423,-0.29610952473244506,-0.5013380240746966,0.8387732923423927,-0.26831786160586035,-0.11563374289124619,-1.7343663770132691,1.4764617583664497,-0.43877671338258106,-1.2165330938538563,-1.4609408445514558,0.3386390399394473,0.5057245377608443,-1.9774080015679543,0.34255163074336414,-0.9007044826637151,0.8834946751756567,1.141844921784633,1.2908221821239332,-1.646727091709856,-0.8873495461300226,0.29775342250215925,0.5135419812929635,1.2952235596299568,-1.1238032126682824,-0.5151098630777612,-0.3192804711372013,0.7764611668082715,1.2680351967930787,-0.09389412563223608,-0.9611237775849137,-2.1006812800847077,0.7827115807555497,-1.575236966980349,0.7459529219770975,0.08331516959641523,0.5006429053260133,0.41136437611915255,-1.6030702639140995,-6.78076153389654
0.6038419812077476,-0.7641459811978745,-0.30133524639506765,-0.4729510418670648,0.3302622044639872,0.3207586921363334,-1.5663767961564086,-1.9386705318897022,0.0255224987093005,0.46432867265111083,0.18218509868519275,0.8504741709655819,-0.515952898447556,-1.732578489817869,0.747873545950041,-1.2264080962458541,-0.5878058596043102,0.60590265407334,0.46525263199471933,0.20168746468302026,-1.257154830766332,-0.15086420938237702,-0.015159761812084204,-0.7706543518529763,-2.439188048744587,-0.7065783736696298,-0.7896941456229298,0.25522074098535846,-1.2090504510609457,-0.08759242460355675,-0.12191021436024337,1.6344768040005477,0.27857523008316004,-0.03328111450104608,-0.0086120757664129,0.19510210238479855,0.3654947320715944,0.4038164745542426,-2.393949489066687,0.09016422286607406,-0.11966420395023765,1.6836114397036448,0.11849307050384979,0.2854219246676843,0.05725080749944755,2.269450803282882
-0.37225754582884696,0.36274980052048406,0.5854819674630849,1.3191879399188426,-1.7107956024829605,1.830718403463093,0.6383053626569644,-0.40783974072276413,0.6174329373498106,0.49897270363066837,-0.7903543715328825,-1.7022981109862023,0.5949358578012964,0.0916835302549446,0.3782898784106107,-1.2057508236094796,-0.7765909508149709,-0.10601840814297188,-1.1865646948976192,0.9814981517277712,1.0522319832731086,-1.888328935217243,-0.5902730432217231,0.018995164212396397,-0.038989349448501714,0.16376847768918565,-0.5725521151722172,1.2067209383436082,-2.1704918921380245,-2.1837976625551425,-1.4020080453695847,-1.680789143267156,2.291316356924754,-0.8006904228292078,2.51706899316032,1.894819779051105,1.967431996801965,0.009303314253306487,0.6257036893960145,1.5559367507881796,0.8845609749702567,1.455907742218815,-0.6709544479828867,-1.5497012593313677,1.501719450891646,-0.38351465444026045
1.0961138598196505,1.4044958415815734,1.9388956060657916,-0.33805266873229284,-2.029324699620836,-1.3050392779586193,-0.15328896759037774,-0.39204864758742625,2.4516227884249413,-1.362237753521722,-1.1515481206105613,-0.3168235884345349,0.37792296798459496,0.897845705522373,3.0011356744508904,0.5193172628003401,0.06000279991880227,-0.532083424948439,-2.1008175318675133,-0.9699789980122308,-1.7553591834714157,-0.21865286136746392,0.3454772295764447,0.8281541502417147,-1.269908815335268,-0.26138635468520166,2.458628052855566,0.2675946138692642,0.48984615261795833,0.8355111360970569,-0.6293911165580873,-0.46996231781668246,-0.027958326551481772,1.547271271597158,2.630460863714302,-0.4857244108829296,-0.7687097277731043,0.4640657875460604,0.4799625557567038,-0.3184618322724391,0.15116631116868842,0.6312806967773167,-1.80990339482399,-0.4025278666403291,-0.008853827556089773,0.36017764484122206
-0.54890959966864,1.2385308269056678,0.22481164732806022,0.3024799066550964,-0.4454362092984193,0.4220216247574044,-0.2743167024834519,0.23657786148842525,1.4068629657939045,1.078407078030098,1.6763729636339328,-1.0093924392764086,-0.37154504502156266,0.7822551537497476,-0.8774248590286239,-0.1787940594272962,2.0380915503246784,0.5648985947769889,0.2845126672198908,1.0934669141567581,-0.6621738619602778,-0.4706014754098569,1.3147998494306734,0.4534414186021369,2.805021470392097,-0.060995090400616285,0.9637791289662266,0.5030615106213123,-1.873577795655217,-0.19291093585216548,0.4900973245864628,-0.02399064401851238,0.9750655935461919,1.776219396846462,-0.3096345383608142,-0.28426679573826374,0.49951479018371325,-0.9134160039955566,-0.5321316382969665,1.7396264923895568,0.3155251776225575,-0.869019470630282,0.07832471615609418,-0.24587663159521786,-0.7245342588462528,-2.6686471409978165
0.2613814899121459,0.6404436070402008,-0.18139052747405196,-0.5184980786102139,0.3721747370505444,-1.240011475948392,0.12987160391769462,-0.14864014764189964,0.41539559115644564,-0.8150231618089038,0.3455712804364842,-1.0558933002024786,0.6358877418973525,-0.38970211421811873,-0.16087020259537987,-0.2314635709680733,-1.4806724352595162,-0.4291516838476296,0.2759451517690624,-0.7046031807254354,-0.4976087139891907,-0.7974613322251315,-0.34449653784419454,-0.29826152400030664,0.2545093579269175,-1.7991863872785208,0.9690144933280045,-1.3341144084061085,-1.4144393616990658,0.5257609276536112,0.25006078119871294,0.7379224511655904,0.6925993949658344,-0.7508446829710179,-1.8569560428239977,-0.4794427115649332,-1.4769948636793633,1.0188600915133932,-0.9730483731051921,0.7038228775616588,-0.17542144460499368,-0.13922607176316326,-0.9584693719170075,-1.1233106914405773,1.6033150921102062,-0.38020973858682594
-1.2780264647638575,-0.2862951501523649,0.17666829111371724,-0.6968088203741606,0.7876583128261615,1.4450596722458302,0.7934784250601445,1.5868402736874445,-0.83683930701102,0.5123480771730828,0.5508427697967697,-0.6752444696804757,0.0509711805542452,-0.19528944937913953,0.048595249225056036,-1.2251667943039208,0.9299883073891607,0.8697526904596905,-1.2678782295838824,0.8175296014508688,0.058952667159441155,-0.8958548966694977,1.107199883154801,1.6878721430406853,-0.5132207915893364,-0.9513853419370447,1.2879178195188663,-0.19666723219087012,0.43323537885263314,0.0191551683087421,-0.35687778063642267,-1.083975121721718,-0.7764718151543655,-0.19303643285681782,-1.3936601407790574,0.41278646411344294,1.5631153486533604,-0.045012360444924134,-0.41320932509784086,-0.31855355341902214,-0.6334672538076125,2.0189873509825986,-1.2113877122445276,0.17532558632221584,0.6452637272039512,-2.316323029662612
1.3136419030491466,1.3768446543490318,0.5663434465440249,0.9595909504750804,1.309732939652393,-0.24662619588270182,0.7738389235756588,0.6206745519282163,-0.16506032602613627,-0.41329136633550506,-1.404706443696036,0.722934446241102,0.3147974889219409,2.294796364793503,-1.9522145684577552,-0.36287651628543716,-0.45387764978787265,-0.2717288697017018,-0.029721880925965456,-0.550785369568227,-0.06683978281685544,-0.29434655953391925,-0.19632381256649112,-0.14685789564852028,0.14669168890276998,1.1997054861087588,-0.3607839380944138,-1.5738111966295132,-1.9779001331369577,-1.3877080770815027,0.2961747437558187,-0.6487167648107541,-1.1569977692069708,-0.739503333915346,-0.09694073057690718,1.691217196049009,0.7691542020416344,-0.19466762149216774,-0.9396665875996567,1.1692810001480167,-0.6979036639574824,-0.9620504814684622,-0.5696965643366317,2.2336998824478607,1.2821595198928804,2.982253899857915
-0.5730726854415722,-1.3028996769142387,0.0683189737047355,0.37424374119279036,-1.2009916692407252,1.1817114746111514,0.24391972445102908,0.8819848813113129,-0.42218711496231875,-0.10002353295312556,-0.5215895045570119,1.2065421449776867,-0.6490399397427457,-0.38115784665097324,1.5181700757982037,1.146370659665956,0.7939497880297555,0.8848613126655931,-1.230804152939288,1.5051554381278103,-0.027359807543287203,0.9889233869687843,-0.47222149399449653,0.6284789382143022,-0.081326862198539,-0.11110548416878212,-0.36755808389896694,-0.3287925202555871,-0.4276583401369983,-1.4961416830003826,1.2198210994138674,-1.1487654903239102,0.15210527633278947,0.20277089253702918,0.6819674563433658,-1.6780557986961397,0.8565870550520273,-2.4458510161591533,-0.8708952997501138,-1.3730802469361154,1.5123579448406268,-0.445270878091121,0.264613991597767,-0.6462408978427902,-1.024984795693882,2.010550333794252
-0.5626861606922047,-0.6320453986275716,-1.0753315539060342,-2.0245799573385286,1.2467997142558036,-0.0016123914639116675,-3.4586470980263035,-0.6076767952412768,-0.5137931970189153,-0.19426019517974702,-1.2560169567597161,-2.148187956939367,-0.4942938908455861,-0.6655877622532829,-0.20898213686853342,1.89312158162021,1.3779991266389198,-1.0395859795202298,1.0813961714569682,0.19725906689856307,-0.0839638734441184,0.5145596246478232,1.3919371689106548,0.19427244444211472,0.23514911604341315,-0.20335432102448803,-0.45680843562826223,-0.3105724917981515,-0.32516630741415903,0.2921796300422672,-0.04374755116929041,-0.5479195646837066,-0.5254328085918847,-0.08802853636927128,0.3133999659123307,0.6115353649620083,0.40350566308897157,0.936665585630428,-0.8615299519684515,-0.43511202355046347,-0.12951205844595087,-1.4941941026391008,-1.5493882328327844,-0.1108691794716864,0.6447146478787333,-2.2270269075167057
1.2161035024414877,0.039572907058203974,-1.270950452113652,-0.10300084268332092,-0.8273507305335877,1.3732993044384598,-0.4458740383500564,-1.1272588795306868,0.5896465739953394,-0.9265841848351859,-2.2879884454676236,-1.439025473910191,1.1917645257257272,-1.2834110298817338,1.803780649356717,1.039834491151819,0.6968228303760547,0.3000064940357964,0.6274010192620406,0.7141243103523125,-1.455898109539809,0.6216592247932033,-0.46355729414417235,0.9594591849197838,0.26372585074486643,-0.8649701508324805,-0.3078431615272223,0.38161742159903195,0.5343046055288544,-0.13910666886502235,-0.6039192196268118,1.5746695213377855,-0.6312949097987351,0.6020061237757337,-0.23199736842806054,1.1598575394383555,1.5856532228870146,-0.3996844869101804,0.23225066314204312,-1.066531089076248,0.49107399710816146,-0.41894255664088953,0.9568881361762676,-0.9323533053972473,-1.1771074394681884,1.8747742716801161
0.03685430502474621,-0.25092478131171203,0.5795905207102827,-0.9298570356362623,-1.255408063722142,-0.06910532942549646,-0.5338833911149914,-1.1784087896843194,-0.08239478678989835,0.6838135384389149,-0.9385806630591622,-0.17647463532480884,0.7557130672415464,-0.7979366704546709,0.3534631918036685,1.3911984328424003,-0.8730997593060287,-0.31953752446313044,1.8873335206380395,1.4081701886355917,1.1955814320444118,1.2949748431684114,-1.3870746435945778,0.45560166242940886,0.00532555750688121,-0.11196123387063672,1.2776272832436257,0.16156859213233724,-0.49091217580124374,1.3210966598452358,-1.0896875766416814,0.12193240440469927,-1.2457646294655655,1.378339273931545,-1.671556497719978,-1.3185174871999104,0.11203240455496431,-0.6106477223080283,1.1169315616671198,-0.6627414712119888,0.4122087980099817,-1.8242712472402964,0.40287366127554936,-1.0963506852513747,1.0616157442658831,1.449235137781633
-1.0726514565205452,-0.08397422802239873,1.373376861058933,-0.9676986787845062,1.3245703321449456,1.3418055459466574,-0.2259250402303262,-0.5103880795280534,0.7853478451553727,0.5609165604471819,0.3432930198730377,-1.468918752112189,-1.727991752415032,-1.6018233674384443,0.35744850836993763,0.6279926726616375,0.3503667161132808,0.7497297057166186,0.4896890862151186,1.8935134923274952,1.5548620340912724,1.3026235389120198,0.9703814807567841,-0.07835009840578253,0.5566062478405147,0.310337705179587,2.7054004101793394,2.2279641737963574,-0.573487579036737,-1.7697367810521245,-2.0289838141938388,-0.10300169867755084,1.6022562169103995,-1.0897191610883508,-0.40107652129225496,0.42680321375419666,0.3575514505626005,-0.018404549075128045,1.079002343664147,-0.7710831866120109,-1.6191207214237409,-0.1945527768669195,1.1120785638681112,-0.03314560732264913,-0.9151784788777982,-2.4683389105774416
0.7834313453959902,-0.11592633227693652,-1.057295507696838,-0.9872251094207879,3.0838455934275957,-1.3705058790988727,-1.1944466124171769,0.12706868934003834,-0.22354795133452152,0.8029678624435453,0.2687910587927993,-1.1585775155984748,-0.06134511658845757,-0.32090159822344566,-1.0580135759977496,0.2479739212039498,0.4827579279101655,-0.21423764057530895,-1.0771889572178615,-0.4003772032806427,-0.5742281409227744,-1.1948205634732,-0.6293865254909802,1.7055229629230435,0.483171645159394,-0.685846153908924,-0.5953992045903774,-0.2194588603219026,1.2556438307829851,-0.10972216591325651,-0.23367081023959435,-0.2605590547327942,0.6969577487130677,0.19933254095437777,-1.2191065936310361,0.7861093827822411,-0.6268998304124875,-0.24213491411314525,1.2753104366650614,0.7093139858123083,-0.06569783108864488,-0.05147443974458061,-0.7744313969677739,0.43881704473492816,-0.9110364626659672,2.0435068773065783
1.3023842188930197,2.0808620779969087,-0.6015059913679575,2.09580232776858,-1.9960933955579636,0.19316049050792633,-1.7356959442393505,-0.4960808068817747,0.17976252241583407,-0.24628692416721654,1.6095618421848112,0.7686277712509617,1.2871744827520417,0.9789148706452863,0.9946177166235907,-0.9919524682343711,2.3137940516363833,-0.8409656586839784,0.5677844240640552,1.3997390900756774,-1.0677118093229385,0.23084197082125008,1.6163859564764442,-2.3343386329015257,-0.5799505221709327,-1.2874326060554888,0.007862891038955624,-0.4882463863147503,1.0872533901924917,-0.18885106655667117,-1.2597136686215389,-1.5845540229597004,-0.7877616545685018,-0.33883971642348715,-0.933953298405966,1.839371807806988,-0.3352744781231286,-2.02514279346917,1.2881972004828317,-0.25168615940211847,0.6772282651423922,-0.40935125846858356,-0.6999811000164676,-0.3082286549815494,0.2735699185343325,-0.17258530938027233
0.3326016917172025,-1.8088312119287113,1.2989222159395653,1.549837961312351,-0.295240102817893,0.9914535769036673,0.9914797239676392,0.5311856863821417,1.3981516894695447,0.19333782582850592,-1.3597608893576203,0.49803252591372643,-1.1487899704447186,1.206963508361199,0.315574150792555,2.2898843869968677,-1.0606374326813361,-1.1271014158278763,-0.06281973865492532,-1.2718461176575058,1.2243322050517047,0.43387215524931033,-2.226004063813158,-0.44842401458291825,-0.4462626480638766,-0.36294163289498405,0.28079252320021525,-0.375337650281294,1.5656607721536964,0.8700028700186826,1.3225625383973028,-0.1549923467485674,0.9568217512866237,-1.3598456484283343,0.3921075168445077,-1.4812687151949455,1.0540019388104092,-0.16695045031447045,-0.8852554700654927,-1.390156061290177,-0.677890256552387,0.7361371318088642,-0.5287639435844433,0.9956712856433392,0.7495911737247541,6.3582127670919135
-1.0379883415064053,-0.059556763618783926,-0.6711201218239187,-0.6884547057556503,1.2180687348432722,-0.24098643322056781,-1.0435914341987276,-1.1342308643899108,1.3221664420354038,-1.5601509485178098,-0.1037498236260931,-1.7867709023697382,-1.2570566951530848,1.9603540540089814,-0.27398684663725587,-2.0389730636265297,1.8063727251222832,1.6828154377009426,1.9539273792194893,-0.18226092271407943,1.1884445776094767,-0.3476764743586805,-0.4086428584726936,-1.2865819388950508,1.3698134203771253,1.9537124820440412,0.6377410355235398,-0.17027384745374,0.5384478050218882,0.6012882969723521,0.261945747944165,1.9077952142071004,0.24677630444629237,-0.22553164579422916,-1.5278908021921693,0.8608967484794263,0.4666488145763276,1.1660881477859453,-1.640030871682505,-0.9151913931781098,-1.1527641619891273,0.8836880220181432,-0.1075734703458468,-0.7651228086468186,0.16228439405621042,-4.041493778548833
0.4520156199971535,0.3720376763698013,-0.28651571882192656,0.46730968880759916,-0.35037288605923206,-0.820330095242239,-0.39539219077452115,0.16493025121357097,0.24244689701635777,0.34381717927280236,2.2041814585421284,-0.45774028203697437,0.49556871243293266,-1.3258117481382847,0.06514483257624988,-0.1413243559842666,-1.8157733732784629,-0.5031476355891391,-1.3282505694699431,1.159538432031889,-0.20328255314654678,1.44438286535106,-1.5010530642088724,0.08782265891060341,0.03560956434359156,0.015314512276861517,0.13104400682446174,0.21261657603545275,-2.215583267213767,-0.10191822577895476,-1.9307515712979788,-0.6181127717598865,0.7595386993071579,-0.2575770759572903,1.3974576015615943,0.6779873611195485,-0.3750845032433229,-3.1444985304167252,-0.6204388831499513,1.3349292182173012,0.6551405729069998,-0.6066634134098158,-0.7833748355526835,-0.20042346646486628,-1.3160982714918192,0.0942722881746546
-1.2941797927856395,1.859663436879487,-1.1614655951158819,-1.552063741733536,-1.1618349741064804,0.4361331036357706,-0.2056094746546773,2.0876611155520197,-0.1549190000994965,-1.8017660919803378,-1.2276081569333577,-0.42754810721507475,2.2402176493647907,1.8010014729434918,0.25473997345528254,0.6708193062165663,-1.6517120837090828,-1.8793473641062537,0.6271197949634458,0.18527622653580106,-1.411891738773302,0.22706728459656447,-0.7880971133866924,-0.271308037413236,-0.11940551448866175,2.2234895940190667,-0.4727877989818331,1.0406024611942328,-1.0184967913785086,-1.2188052523117274,0.39109938353747375,-0.4624400313757035,0.40374804278470916,-1.1509063428702015,-0.5307548779683214,0.3594101229877283,-1.0294587603240493,-2.146971569517357,-0.9446103644981205,-0.01853635329854257,0.595343334236508,0.36129558711473997,-0.7289054314952637,-0.9233389707795321,0.20647299614281012,-7.976927042660094
-0.8412079226720612,0.3607919828108754,0.06285783849389069,0.6110693716715928,0.15531046287187278,-0.16375373394227655,1.2472839318744826,-1.4991424910975253,-1.6804889196655002,-0.30825685752691473,1.3571369336269163,-0.6289958323529834,0.4092226767766878,0.4331934008791238,1.7989444310640021,-0.848190224596684,-0.11392536534694253,1.003873326539221,0.38285580743890485,-0.47464959588331784,1.8896212047840542,-1.1670504372111206,-0.4545281786956041,-0.3188875894774428,0.9938369866298066,-0.8599973265752038,0.7251301239179706,-0.73369936110631,-0.07729082513738761,-0.7433546340759384,-1.0917653344047222,0.6408908065806577,0.1813210475380092,0.07714151735419113,-0.18661430436709447,1.5825360426080866,0.02377615199967599,1.5221270581482589,0.2112470327862265,-0.5134715670556192,0.6557150289859611,0.32138081201600865,-0.971453124490867,0.5506418092271891,0.015219946416327844,-1.867338109608606
0.944718866255625,-0.4112554765130786,0.10946127679411977,0.6468784191411078,-0.7254550312606092,-0.7163952628549586,1.8863537110499087,-0.7846998397761071,1.1099789895457035,0.09148278336160376,0.021456896771460662,0.5567367934492289,1.977542728326422,-2.0712470136908103,0.032305196302255895,-0.6295114500206855,-1.177969998215684,0.028629106534650527,-0.33770969223168074,0.6292785461259645,-1.5539986492710922,-0.583239218309467,-0.3511665152805399,-1.317076844881645,-0.04130490042004535,-1.4488330606818742,-0.33186935946954127,0.09155518282876167,1.4302915485388,1.6151104874097308,1.0067544011120761,-0.36905412606007165,-2.312128419654924,1.9340639821262895,-0.9152472687146406,-0.5543493188911036,1.232767087975118,1.6102292956476578,0.6281745042078126,1.2106708561626385,-0.03485025763294106,-0.6134517572505171,-0.13319114202056723,0.08637090789559379,0.09624577411428331,4.408338943901567
-0.11762905639111079,0.2202539396191866,0.9393157132489984,0.7782407747387485,0.2977305310515587,0.004009773583703587,0.06259142579983305,0.0043603329668091525,1.0380694647247837,-0.42492234473447127,-0.19379183825966284,0.018327318079957838,-1.1979333209712593,-0.5926135734222395,1.5690909171178846,1.5929435066672186,-0.6108258826088152,-2.304927202087573,-1.3636094179966012,-1.2572022390080224,-1.521673185390909,1.4293906406811117,-0.3018195464130123,1.274272112017305,0.40019600747580664,-1.6054224642907506,0.714151595747766,-0.7837900927652465,-0.4954053054429929,0.8769146167116676,-0.036838661393332126,0.22935842438794596,0.2595368030708946,-0.21674244109390078,-0.5899951133329577,0.623382701095413,0.98373068673374,1.496377687319857,1.1925501970442165,1.1131004887785385,1.6574545392453583,1.5061278244489722,-0.7274284925824123,-0.7770352381564204,-1.498367932650152,2.1091196462249866
0.40668774730723084,0.9568282152106117,-0.4287360344936573,-1.2550796932830137,1.1344679523951997,-0.029918960672018196,-1.25704441025773,2.3265091799749844,1.0397589889446153,0.9740678579637218,-0.5855478455673844,0.8704804374720101,0.284702556573274,0.29736046999767585,1.852909787301668,-1.3036931460844723,-1.0319574277601764,0.05262684669220149,0.5891444481636569,-2.115711424428791,0.894952194673871,0.010752751853982263,0.8640717174205993,-1.7595919140081742,1.9847430244901672,-2.0028318236985094,-0.8714632261915755,-0.4246708748318849,0.8807474847251574,-1.035057665389224,2.7191324355746294,0.9785188860878946,-0.7290923788644228,-0.11794098560278614,-1.4614457787919963,1.0900931270604035,0.9041829296144758,1.2512211491957603,0.9628631976377137,0.2977747683920269,1.2668134794546602,1.7921967682812774,-0.7321919959135722,0.6322224677385346,-0.024529515931694203,-1.572058793402355
0.8958242430839657,1.0374048392803534,-0.6617386414420064,2.4554040844950205,1.4865297121689842,0.24097463195024557,-0.8580570563895416,1.172803117979189,-1.5891672401131363,-0.20216416089854147,0.17407936963670445,-0.3957526646930121,1.817057235828759,0.22074997364814802,0.06693592298989992,0.14799012128161204,-1.4985020919150174,-0.2845562398760901,0.1352000946999176,-0.3061428181109924,-0.31214973546537483,0.23776642661233333,0.5904425348302824,0.16198574939802293,0.3364080921484975,0.494253057305768,0.8178272246746222,-0.7078597820845701,0.7593065051144503,0.9110009366916523,-0.018414681860618135,0.7380238291787037,0.08749220152949147,0.6259306008517882,-2.0133314024096696,1.6996580160816979,1.429991222501132,-0.5032225626487122,-0.09441743580895053,0.35643029582887903,-0.48752912943581217,-1.1095551492266669,-1.2386879467783691,-0.5897191394773114,0.34378915781997227,0.331938781174447
2.861580110080717,0.11499012731031395,1.7977836828295632,-0.0056848433739037675,1.9715279281031053,1.8061554927535397,-2.2620874571410083,0.3936052826311478,0.029337103525739167,0.22764793698685812,0.8812829334565262,-0.0005210035348827799,-0.27409433934009136,-0.3459494809316984,1.151756493042392,1.4361897692351275,0.2773292774336215,0.286138036275373,0.2077112680967212,-2.0687813535087685,1.3404320319253584,2.269124336288446,-0.8578203779585724,-0.6897147702167612,0.24476744356209637,-1.8310249407547208,-0.33785285557843664,1.265001778965141,1.0651319625351048,0.602062930005267,0.4367053899130399,-1.3780100837846017,0.9918950230086667,1.3465635434324648,1.7826723137620477,1.5786488136852752,3.0979922413670167,0.2639401736860451,0.8234265953529047,0.3463736105278951,-0.615142710923022,-0.8069831669585676,0.7064713567279475,-0.7772483287484185,0.6349119122681012,6.612544728386579
-1.5531679460097363,-0.008750086200012677,1.0296471011642627,0.16975440078396653,-0.7011861139618766,0.9260353155574321,1.141683737160717,-0.1504027461165532,-0.90082832101816,1.2739551671090446,-1.5404384237391977,0.20984330336324955,1.1109677435053134,0.20420115381632314,2.238535580426808,-1.74468739915172,0.13312464800211643,2.6407035646345065,1.6269020904142226,-0.13114249464344074,-0.35644783743382563,0.5959255599187591,1.3317403755648656,-0.5315138832995092,0.5483194062390836,-0.3823695886673165,-0.9695539747094711,-0.642662277650537,-0.2803797927595058,0.8972735964770462,-0.232625481086201,0.45979614482973236,0.2527779636256592,1.0659741696596625,-0.20538921365710236,-0.65556284034333,-0.7671709756232842,-1.11229948121943,0.24177327605144378,0.5880649718872405,1.339726040537779,0.07067746409999598,2.154884945038678,-1.3383608537552003,-0.31256879172067575,-1.4199765567002502
1.495408532463235,-1.0628949668054863,-0.395242833543116,0.496449717001135,0.8118038562419176,-0.5952237571015,-0.4926683704998995,0.09333931309143004,0.044662786060892364,-0.3426022949953925,2.3893653938656514,-0.31865239749844865,1.4202642684235327,1.978675496949657,-0.1633034320826232,1.5562519859398916,-0.1355065675824535,2.1844363219515355,0.43006077867222603,-0.57579745777331,-0.21193636124920137,-0.11073190452119674,1.290820531118987,-1.5011677282940599,-1.7720619692742308,-0.3907549080607016,-0.33315450785047007,0.2016595444021436,0.14885529213632664,-0.4112868090305628,-1.0393896431311345,-0.2584601614695086,0.30109294254595514,-0.601014591145251,1.1255310909357457,0.7739326310261236,0.6038545269549539,0.7195647323047053,-0.7247620327847736,0.5722861895268931,-0.5607166928406216,-0.8629311948731144,-1.203861758844614,-0.5134917101735942,1.4062161616262532,6.4195399508970485
-1.0212341160522898,-0.7431893763059225,-0.5516061475951585,-1.1248835378725677,0.6611731613674753,-1.3447242361220233,-0.12325079918384027,0.23932139589836796,-0.7557526893519835,-0.6507339823294497,-1.4890471412854815,-0.8925181504081402,-1.8864911718563564,0.14897562552763682,0.8857446965694415,-0.42147972600757944,-1.0852197984842724,-0.5465168363044006,-0.8414288722343686,-0.353338149866285,0.6687944936581226,-1.697698991275889,1.122574551485201,-0.3866013168963764,0.9676776002574055,0.9216775124774597,1.4197167779102797,-0.0343626495855128,-0.7263066479493567,0.5716030260197692,-1.0804110253381172,1.6214671436413612,-0.5666814705747766,0.3254359186470273,0.12918191536199872,-0.2913206032439475,-1.5782196484928204,-0.1395554529495166,-0.5028076863137811,-0.2477970279127073,0.22232957014220922,2.5193356074458544,-0.4609845138475079,-0.21125171529359785,-0.9633858620920956,-2.821076001880158
-1.5097721312597918,-0.4669153327233452,-1.3452173724590264,1.37001255075629,-1.0422114308772017,0.06986376618918272,1.1436384902375865,-0.7347723797388752,-0.11173199034624319,-0.292664985572888,-0.020301783661566198,0.10795825536455644,-0.2656884415332854,-1.5517637941397437,-0.44945795537903027,0.4502885346447044,0.4023961912113842,0.5967214470229179,0.496721008296271,0.7257129681985759,-0.9897736233871247,1.8191787965921218,-0.6228805149355011,-0.4107817272933415,-0.2027586519818367,0.5129894679126888,-0.37842580784043645,-0.2716015720813554,-0.10272111234718087,0.30750985960191657,1.0909229866111052,-1.1818777122920177,1.3774269537130712,-0.513066162948475,-0.07125125322191651,-1.4310123980991671,-0.7297723220255709,-1.184924030390272,0.8856971187400993,1.0538978549294593,-0.06617619971507262,0.33557285490733163,-0.5164575708537996,0.5674923296410401,0.1498712107812433,-3.6499956699511444
0.39453651924470917,-0.8478730408158638,0.6749397170829728,-1.0759724017544672,0.7163550434490814,0.6442734055936246,0.6652935701852926,0.11656657979411435,0.11061015378016055,0.694147509333447,0.9638959778842617,-0.9075431985257588,-0.447174187145128,1.4260808656576667,-0.0220920068730559,-0.7161534052865232,2.820842535105264,-1.7207558273455403,-0.4438060028261208,0.13603835188293212,0.3175674931699538,-0.1443042759224135,-0.048552737205186436,1.122043481996403,0.8146621223499102,0.8500284042793376,1.067752424763707,-0.3502885140032476,0.8449678417874766,0.7993046358772541,-0.6855294490723338,0.28066326971893746,0.5887762154364315,0.3492316960418084,0.0943817503757795,-1.1480749098492218,-0.5632599260295605,-1.0195083503096247,0.875399138359477,-0.9559356905207705,-0.7746271544530663,-0.7206988231398106,0.029776103079309762,-1.3289945061302972,1.5191676334642406,4.521246920419647
0.12865531677168635,-0.24639298409601323,0.7202338938930279,0.1427400954794058,-0.260772083806783,0.9102306100902097,-0.4334263910201567,-0.4475772461208393,0.9702369485997737,0.2669811347114478,-0.0006875074111632451,0.4794216278921308,0.89816358143572,-0.6692024341294533,0.20630959547704467,1.0646214949226018,-0.9053011127620113,-0.42076223828102827,0.9592884742378307,-0.5978991113353203,-0.41453800237546823,0.7559360080397727,1.5846122552813087,1.102783254989887,-0.3462488723704268,-0.615961502028657,-0.5237575035808825,-0.11836074352467872,0.00237931275082094,-0.43516714271758666,-1.3326490825446744,0.2077882399922885,1.0650827913300844,-1.9701060878801144,-0.2438805501373867,-0.629244905139559,1.393370168322437,-0.636913359559284,0.48582233955799864,1.0000928581741764,-0.9957105710233383,-2.187410270359697,-1.1837714595301583,-0.6427275605222318,-0.3874233042888599,4.179227379951441
-2.033497533018189,0.17637746683967004,1.3626043991388317,0.8688518205222042,-0.5677656281827874,0.2560131873248024,1.4561101263345677,-1.6418892551436435,-0.6133826399988244,1.1291201653457608,0.9781370911392261,1.1485651885089312,0.6183631596922605,-1.9498687729063928,0.3580684512921859,-1.1791560314322205,-1.0057093960345995,0.20649786788235908,0.3652346918138817,-0.04117115885337923,0.8915378997753262,0.07278012644397673,-0.6530510657534125,0.3938025255594505,0.4298615625141098,-0.000598429438639926,-0.35038578519545915,-0.6475735797753267,1.645641388796808,1.4391517096930737,-0.3387475067892792,-0.36292944892971435,-1.8886723691639018,-0.30130945267636694,-0.1596081380684988,0.40399039210590865,1.0770719708206318,1.0849060130634869,-0.12466663287209853,0.2849232958893156,-0.45675376743671114,-0.688669150184967,-0.8668773124729485,-0.6165194725778869,-0.12335263540848468,-4.588510406713768
-1.945962864652587,-0.25223277693890983,-0.4170047725783272,0.34934936501024266,-0.7734589576574489,0.8755001222987546,0.1917310023905427,0.05298306461994251,-0.63626958811122,0.2974294823326233,-1.8881174254937794,0.14156894853686006,0.8893216568443525,0.20706509716335092,1.1673803523763826,0.9037573641031067,1.89744817033329,-0.4003805043939509,-0.9620970177562029,0.45556987937680765,-0.12319046230860527,-1.2689525762376994,0.6333409368933883,0.4383300561399774,1.3734100314961248,1.1471108754498982,-0.7257838123628536,-0.314888005773524,-0.7154004144593739,-0.11595094940375725,-0.353226982831672,-1.1305990253067562,-1.0594072424189718,0.41309353441701907,0.6114219104968225,0.4755517024578347,-0.03579681052579789,-0.42735758099472787,-1.1293097661280533,0.6427424257925011,1.7994883522877372,-1.156122399762876,-0.8179841126610634,-0.1323662286002672,1.3725102475116615,-6.447755810674635
-0.8445554471725364,-0.43187920550550635,-1.634811138736356,0.4797286959268854,1.0257274139702475,-1.536727395483151,-0.6450488276510753,-0.1812334386921679,-0.4869466477759719,1.0198765520569428,-0.19534636559400362,0.01124076274401182,-2.0152315972372077,1.1173573856865473,0.43094581361726175,0.43430322970025753,1.622154270420709,1.2936634601782069,-1.7173663180444836,-1.9008958279101462,0.6391080256431123,-0.20595305988125248,0.5187307938294989,-0.5873935891565467,0.4479299108492733,-1.0426879460996108,1.0468258096277114,0.23382638084112264,1.5431966822982137,0.22711149830151628,-0.8938828629480802,-0.9077290552855847,0.5206511023419466,0.6093911493213968,-0.5870626956464507,-0.997244530898207,-0.3618557417372434,-0.12348604612687199,-1.3410418402725415,0.3436795576117694,0.15751988579653445,-0.08171380033486653,1.4638994621842636,-0.16672464857130861,1.0490457615925566,-0.9674153650189513
0.3996215111818742,0.33537700419668925,-1.2763880646336743,-0.33163069806227063,0.8903672657917435,-0.5317121533365354,0.9441551793237721,0.05278549911126832,0.9859038591373138,0.872061446376602,-1.1298220937081669,0.15246913800721903,0.31144062371023606,0.37305232018676443,-0.8749490809331071,1.4336502638659987,0.08632190816762288,0.768935361577861,0.8738669701415737,-1.0220795715592697,0.8170380876061103,0.5173453731628197,-0.08857259773517318,-1.162660348384215,-0.8347510453690142,0.9258605705838294,0.11439717587780161,0.08954605713349989,-2.4304358434677344,-0.2892052287167189,1.4555098276280345,-0.38327302784337614,0.6441321710469792,1.4901830721994151,-0.05970018275618659,0.013723925942796297,-0.48665613981645933,-0.8010001597757398,-1.5661585222021197,0.11950327353005981,-0.21196953060189927,-1.0783328208600114,0.3858083207760841,-1.1007002929942822,0.36925022619693226,-0.11569855878097904
-1.7926570654996477,-0.8350570428202889,-0.005223923748488519,0.003912812943382385,0.41345871257899214,-0.2283563993367116,2.1466581020448805,0.017204347373161576,0.2953062924267908,1.7128623033760781,0.723330176375269,1.3633561886982022,-0.5661324271932044,-0.7168216761010076,-0.729191556548395,-0.31867954598152987,0.7253416627451345,0.9176870568234471,1.2082154476520954,2.155182178909661,-0.7047859960835685,-0.4611417944258783,1.5110679476510178,-2.448998253418559,-0.9404572065687901,-0.6436990227136721,-2.0441376224624235,0.3753005902791114,-0.4422817981509021,1.7448932811968523,1.9033754576485786,0.7922065751372649,0.8765906598666067,-0.5458812459545774,-0.9977093046151351,2.001273244429822,0.29151897118015724,-1.1444786451149904,-0.7781021581326568,0.8028946947461373,0.001565136147179349,-0.1550204101440837,-0.3483890970462842,0.4352842135205601,-1.83248954502637,-2.9113843835693567
0.1981557033921001,-1.5026066835464897,-1.347826912114414,-0.9944052101003774,0.7287698500455364,1.3631604374788382,-0.17239143945743354,-1.4657691464220066,-0.6755829143079388,-0.0340006083091335,-0.31504180632558215,1.6533460609931192,-0.3918515099352307,0.864260982671351,0.23324628062141178,-0.45129669475139994,-0.5008184749021809,-0.34512062065142174,-1.2037764769786585,-1.3170450330514443,-0.3864738896392632,-1.1037825955779246,-0.4872813528940922,-0.3328557857184367,-1.4218684895619609,0.48568533201437536,-0.7964350222430323,-0.9898450627543575,0.9100990657395966,0.27315246528785825,-0.2960145574170378,-0.5269409292264602,-1.9782401261855997,-0.3081397828089697,-0.3840645047197412,-0.36663905768063415,-2.895478414387826,-0.9606251716020046,0.8490365055168542,0.9959246952213069,-0.03944988484086341,0.16914946410733495,-1.1620477338061528,0.11454362527674618,0.6570289276232074,2.834369438667773
-1.2932538462911436,0.4512883696630284,1.0697918121738994,1.4983066964028513,0.6723526410357333,-0.30097129340014006,0.35926498752542524,-2.1103023283102162,-0.4103859394404479,-0.3895210084638531,-0.4463141691379597,1.3805810286741271,-1.096778094652349,-0.3890418443471858,1.4294198652760686,-1.0829920075405777,1.799511660679437,-2.491958422331005,1.683770756800685,-0.4720721086435967,-0.894647987783217,-0.9730805866132116,1.329929793026574,0.5809480321477521,1.3637221105156903,1.2980081523242506,0.14723789424425163,-0.7902938420995098,-0.18784425511152394,1.9390719558410099,0.7264478159418498,-0.8973661403139919,2.291518191478099,-0.42367874905903735,0.10722406042452629,-0.7718257962127607,0.505651346919771,0.31866599923027594,-0.5977791837228135,0.053774424101335795,0.3409424408862351,0.16858848097054524,-0.1790426254999876,-0.337442486318707,-0.413959716632595,-2.37444713310656
0.8820617345180785,1.0302783823780235,-0.4415984231243712,-0.7045580541930586,0.27459914671494645,0.15683392291153733,-0.60907619844308,0.27924987822095393,-0.7254507293331709,-0.13828819635806544,1.5506245525293254,-1.2054159307252184,-1.5471334860240633,-1.751874129960061,0.6473890012168981,0.3274754253224499,0.664910455408018,-0.15819190528776725,0.3381198905732224,-0.5001468722867269,0.7688481403695321,-0.9727087569627959,0.12559090967645697,-0.057063092350850254,0.6414052524265174,2.2170461761829716,-0.26952553585678757,0.9609946718666437,0.7160847507917559,0.45852345599516997,1.1693451815094396,2.3800476082357,1.2125802607157516,0.1237330259669763,0.18638537859896148,2.204125902774177,-1.5032107855951788,0.5541324357111321,-1.0957280826579887,0.0562204556467551,-2.4415650578474217,-0.4095873528893921,0.02088694087308908,1.7301785458078656,0.06934496950147863,-0.9118397831211333
-0.9668855447399329,-1.3932012923482242,-1.4379479484543798,-0.28907687583377734,1.6667640373594506,-0.3462835017725462,-0.14776203910645827,0.02794622986688022,-0.11876065521485553,-0.8032427374938994,0.9121033534962179,-1.8087199909424068,0.06333242958633072,-0.07534239821271094,-0.5035397075044243,-1.0948112879891752,0.02974333329881767,-0.6962996044240812,0.3772328085588253,-1.0781627809568357,0.21051476001655448,1.0570902121632137,-1.238497812246225,0.1492960906731569,0.7680471554504559,-1.0169827160655753,1.7606061479102506,-0.07882334681542141,-0.42859950624899595,-2.3412079274933415,1.143621969617961,0.7339342125026199,-1.0869448270130713,-0.5317566845867467,-0.20201824554171993,-1.0590330197166509,0.06063758960524042,0.0794967328735576,-0.2576479329351642,0.5353109599170515,-0.8822735839934431,0.2857122977858439,-0.3223813817700149,-2.221250890439507,0.7829168135307306,-1.2629790630003852
0.6120113132881105,-0.9695171243627961,-0.1348180683613777,0.18115932970742943,-0.7313894974227089,-1.6043979235967496,-1.2541123862990544,2.0248526582885034,0.7245641986313255,-0.2419028451106724,0.4834564085867788,-1.5392651492006681,0.4000918183721053,-0.7903492632461471,-0.3535260074892357,-0.41079390247461983,1.078255225990385,-0.5638846258697527,0.5696046572286637,0.31530804791597183,-0.3113755652133126,-0.3206604030023606,0.9023361881775175,0.7010649155419137,0.7049914183079146,-1.1642934567816297,-1.0266641325270178,-0.04135270900299458,-0.887753453746754,1.0825205487244298,0.5562265129468312,-0.34132871665322645,-1.8805960905282324,0.2458584439186444,1.3577296477227512,0.4805216454847373,0.41792311246125663,-1.3581555413363624,0.2646984392100435,1.5318215481876647,0.7403350912427229,-0.710368674214887,0.3398564290486074,-1.8568187364927742,-1.5981165712418903,4.022790421921909
1.4128794373339233,0.5185936710674859,-0.9814504710852854,0.2997904814826412,-0.45681150808608856,-2.0477718271702554,-0.4109580669959091,1.6016779231290272,0.004595397717689045,1.6075273121299223,-2.2627308042562113,-0.3845020386552606,1.4037845925168437,-1.4860214294789045,1.2550394558853795,-0.07484115909324815,0.5068822021120752,0.699391013299144,1.2065968413551997,-0.9061615126652782,-1.2033515434254884,0.6395244473229191,1.6005648132898755,-1.5913389136661025,0.538393701012512,-0.2554822026328377,1.0722049616025533,-0.43824634427262305,0.0694652647710564,1.733862333373923,-0.005952583571986881,-3.372031592219597,0.10120390787071915,2.6333197271393862,0.6989252165439332,1.1717811045159257,0.0450634561344912,-0.6046566268832161,-0.5401208987127136,2.5586148167270806,-0.7651743004248234,-1.2807867279896683,0.2904484786399385,1.4462431493276589,0.19598506491650308,2.482611677224426
-1.7929348372678984,0.27203795410568565,-0.7172748653307922,-0.23334130449434037,0.007982590065981418,-0.053225385985965816,0.10792168361882151,0.20495972897485093,0.6209497484092915,1.3178209173250115,1.370069550647092,0.10112760384381073,0.6791621116917987,0.36793276575982775,1.6072816847992921,0.8081216806566088,-0.2681235505720609,-0.2806202466438473,-1.3023672141529474,-0.4327913593757932,-0.49080704997726476,-2.4572199976285254,0.3574697232917443,-1.6611655810651584,-0.17059811411112205,-0.2939352363131963,1.1639933526670014,-0.4878591497252653,1.024997718062879,-1.7946966573192447,-2.016121003124915,-0.06234092598209467,1.5529130988791142,-1.5066527014366462,0.6619939165977595,-0.7721008342236084,-0.6135008628418306,-0.249341847956933,-0.5742431285118854,-1.4271360453023163,0.9235605498265862,-0.6609975869874549,1.2333356977864245,-0.8683931930390685,-0.1782753511794398,-8.196035774944514
-0.2652469486722055,-0.6618437410159067,-0.1874808021650118,-0.1465816663191982,-0.0813672027061192,1.0859961413354204,1.8955126168280552,1.3124122684127693,-0.5420012517600736,-0.9721292913765227,0.8428960790146371,2.396875854576824,-3.137016705771377,-0.5304336442174784,-0.07557049564705724,-0.7094594843460107,0.3021472418734782,-0.8094396959301132,1.766828484848452,1.1278022079150574,0.09536413573570925,-0.32644775177291124,-0.8873507826150172,-0.12349163096885332,-0.37836493972000296,-1.8646625614778114,0.9315348715700087,-0.21594825246667262,0.21024714213289827,-0.6357696225022655,0.9742035385216117,-0.36983313309815685,0.2951598640457252,-0.051059732984175946,1.4288695396124802,2.484871179339301,-0.41451541730279007,0.5263539262654451,0.9578598517978346,0.4707026617000421,2.044700224704884,0.6501553169753086,-0.8995877581509306,-1.4046817788718582,1.199467343777986,-0.065862569899827
-0.046927655557974,0.09682424717677234,2.0517869435363654,-0.8126815207563645,2.140002811174676,0.8667290933982713,1.5835577861314472,-0.5992546840257706,-0.9380384383686711,0.5093788671437033,0.4132231263408408,0.11406516042819685,0.749310347383428,0.510823522717059,-2.1425102808845815,0.8854180344592101,0.5778155232467447,-1.0815357259873752,-1.6533618531226166,-0.7855325450562188,-0.6228114991644891,0.2226095592773026,0.28487020030971055,1.5764174155320592,-0.7269617515174526,1.4973490184885843,-0.6361605497399228,-0.120164454932192,1.736059786101718,-1.157779517234403,0.14290526040001794,1.6053348507371286,1.314257558093245,-1.1746200874839314,0.2039273008369031,1.0473137481625077,-0.4830161623403112,-2.213581536810037,1.3652460038535603,-0.8075819123880212,0.48587013337199947,-1.5017246519029255,-2.151812318055899,-0.9057632599525879,0.2711846705307902,-2.716734082600857
-0.9432077209596331,-2.6293947195439524,1.9758271325637573,1.4642622021627634,-1.572751052417698,-0.24605544895459722,-0.5148533185842397,-0.2838048240067036,0.9313495753810043,-0.04892749429637368,-0.22851509101514245,-0.4115160443774152,0.28842026913328106,0.662124140314895,0.9646625714940079,-0.10878256704335869,0.5781619287040098,-0.8611112433265151,0.3516036815304158,0.676866476968011,0.1622612598995375,0.3946692822761265,0.7948495331609431,-0.6046427248536365,0.3035516635678891,-0.5610268910054074,-0.8244848851590905,1.7939303247753984,-0.23343617449841017,-1.2526922593605654,0.013672476691217168,0.3658164574814373,1.0551762071659754,0.2867420393546869,0.9650364112929161,-0.9781224159587704,-0.9572363260537331,1.1010956754363872,0.5146537827479171,-0.11636289906860835,0.10466065664405452,-0.21416118614876836,0.009129057477661011,-0.8641677811880607,0.6983428972369901,1.8913063703824669
0.5362513321425697,0.8467267112630107,0.5144373811215419,-1.5410400822741526,-0.48757069382876655,0.47479970948929145,2.0433196268285627,-0.38677701751265303,-1.1483794790870248,-0.0989532153748783,0.012650875461146908,-1.126795591052968,0.07358594339221002,-1.1144939968304253,-0.6122854160104051,-1.4875830750869414,-1.2185778278603998,0.48677405900261933,1.7405408641590743,0.5144172269933165,-1.7801049940808242,-3.755782140340802,0.274538411570799,-0.09196970760284778,-1.4486291740336614,0.3377446866113443,1.1383405151022352,1.4815072221365708,-0.3063426536615502,0.4735893331700675,-0.7275664551746718,0.6452145860713927,-0.878401851914329,0.7306683697555392,0.6157044156662487,1.400283345335818,-1.0873868923073717,0.7585339068994463,0.04215607326382514,-1.4946450210110622,0.1935636326875012,-0.8765929149614894,-0.855079586823681,0.4676467978564106,0.5446799228862385,0.9648214476096839
-1.1136384158215196,0.16142398378607867,-0.4613558635075995,0.9676544376908239,-0.04692705440557729,-0.39043098689054323,-0.922290751184068,2.111696235084469,-0.9703723229828266,-2.137231258034561,1.4034926623521777,-0.4707296920646727,-1.2927805669721453,-1.5053613363871277,1.4678488301084178,-0.09548940648030967,0.8098619326331737,1.5232968008182401,-0.021703585910859368,0.2608480851695101,-0.34491884721360766,0.8127790845845692,0.8019773996011593,0.7716660441649915,0.803958896991369,0.5660852090963908,-0.7522960691019978,-1.5358343523437834,0.7092836365048375,2.1831074553528835,2.5411793282854855,-0.16854973263713663,-0.07803941422040545,1.519450347387761,1.3920281108138326,0.01208941617692735,-0.9754145677087733,-1.8290470202384481,-1.0737689575786753,-1.9711861002581739,2.0181180484063974,-0.9607843324567411,0.5826579644490942,-0.8301818182978916,-0.3932573267824562,-4.183384683689015
-0.4711610822637983,0.527634119151779,0.9247019161007871,0.17512041038311882,-1.760629236588211,-0.8958205438907187,1.92146026819568,0.39541365507022275,0.8632780295449298,0.8083481832682908,0.39144369477575136,-1.1555772070529884,-0.6791655283292706,-0.2615829941594098,-1.1000432868551657,-1.9214712087185497,-0.43660918521345593,-2.340849679817608,0.4531294482144424,-0.49063054675453716,-1.1246742549602349,-1.4879506380383634,-0.035778171701315836,1.9314282803451475,0.3773524756322378,-0.3719115374857737,0.13814645648255425,0.9598975918728974,-1.2419792886461256,0.5336720734888,1.3371483513609894,-0.9354224486302903,-0.12192944943507689,-0.7029650926374941,-1.0403296331457006,0.7955322872662884,0.17419294514819697,0.7352417558488424,-0.04557738768427542,1.674489695328874,0.35721776992451126,-0.7259544845358443,0.47011576849614145,0.23539679266598962,-0.8062471591679629,-0.4556982463808691
0.27064697250401865,-0.4936061757561101,0.8917779591562048,-1.5883839550924639,2.5337016362850595,-1.5398979507851516,0.7429086834389774,-0.08146157850182771,-0.29009480386196473,0.09386218980101842,0.9733178209833963,-1.5459891177926492,0.6546614573404312,-0.06669408827011254,0.25750202998105265,-0.26315394977237355,-1.039240443092713,-0.3442870366708055,-0.6688172387568398,0.30440921288827305,-1.3415895039949595,-0.5718242421927935,1.1382894792423393,0.22281895888835554,-0.3242273121774392,0.20056614227210956,0.9944404185344535,1.06536126926455,-0.3842179857087697,-0.5184286333314275,1.490407174411687,-0.3405699095013227,-0.8314635499501265,-0.13158115932750733,-0.7961709476406189,-0.36688255986552837,-0.6067226046247225,0.4533893188075947,0.6046687140275845,0.8166993512674733,0.3407662644557059,-1.3468163683878784,-0.7205024146706959,-1.0922699561199498,-0.6335747997088731,4.236179259918003
-1.2905988620643531,0.015728508816969314,-1.0300273071891595,-0.14000056873307418,-0.6827994535064552,-1.7606213315946078,-0.25897258697072284,-1.3462108203561547,0.21427814963915487,-0.8913866397922371,-0.07942841446137047,-2.0532603213876714,-1.2345646326230981,1.1188061651954255,0.21726601325030104,1.3036602388079859,0.6185937635460612,-0.8344600871831833,-1.001404828741383,-1.3169968650757051,0.5453199404437215,0.047871580425666076,-0.6241774961863276,-1.5611739242129516,0.03163172141303499,-0.9564086712302817,1.3761188235975155,-0.32741866343661274,-0.9629774293806492,-0.5907089145016519,-0.42594720471022746,-2.2026787509930856,0.7536306582508793,-0.32336346239102864,-0.5868331484152453,-0.7474048657085064,-0.1439584867849026,-0.498867762955555,-0.32266606573672907,0.0015123058665307417,0.36521426286719155,0.7971950004399476,0.213606784763674,1.062444242684104,1.9825712257864085,-5.055814443279671
-1.6368780347522147,-0.6115571660105792,-0.07786650040980818,-0.1920174339484604,-2.782130751955666,0.7960249206332025,0.1622439786141759,0.6617124076391544,0.3686327804213281,0.1755554395396156,-1.504433178592659,1.6895174215221864,2.1342187734544003,-1.1116642848755098,1.425403204248538,-0.8930270093849972,-1.9182008216932172,1.0037338180743358,0.8711411177499118,1.155810991178395,0.008758722345323084,0.3747221448423865,-0.4217433225066146,-0.2406518185900552,-0.4090612360525557,1.4992270051384828,0.45626216016462956,1.293554720340588,-0.4390477069146703,0.17621845528973176,0.7529089272157896,0.24643074229223905,1.072410124524277,-0.4290821260754034,0.9453281803408203,-0.9051270836558917,0.7766817476456341,-0.6070564456956997,-1.9717465007964448,1.955808850935099,-0.3593885470753485,-0.20882520044150635,1.4005018997530192,0.5601916762801477,0.01132669129617534,-4.593962855228787
-0.11505704771075616,1.109491908311514,-1.3968323841278811,-0.7060393403025957,0.12955326294169744,0.18966525866901165,0.3633054368639488,-0.7527710791831744,0.841700318756179,1.039636199123711,0.8783994863981264,0.6835658022230547,0.4901508073348423,1.2557547209505033,-0.022615381161944868,-0.5193929029559412,1.3538281688171798,1.494772514123082,-0.6676666371710391,-0.6181929006903363,1.0680830908436927,0.09239087792800593,0.8138299996540009,-0.5771472296778135,0.3558225740614001,1.1648789500866188,0.4972077550905917,-0.8471702841801986,0.9294556960317919,-0.592854599686515,0.3306801238435511,-0.42816483025756963,-0.3505384749972174,-0.6924314977181196,-0.2447814956760945,-0.544832608187637,-1.3232812697365857,-0.13986201144122418,-1.5171376265812277,0.5674453396002792,0.33686561150126904,-0.8914519167831624,-1.0819107412212758,-1.8054184905920951,0.7545157616276384,-2.6875868016101783
-0.6470755310142661,-0.2792736990132682,-0.29675568758575055,-0.6505112109847864,0.26334346019465693,1.4248563755249488,-0.4179497696993074,-1.4688693170666187,0.5442865847741327,-0.2578213323532125,0.5385774644644191,0.7642671581960108,0.02118743123000483,0.9555108041196806,-0.10934361186427195,-0.465728642794815,-1.544859080939339,0.6563624861686489,-1.0941987982906076,0.22705801837536174,-1.703733429944873,1.3217600056541852,-0.00872867915989576,-1.2354821570448113,1.0531211710746786,0.28073482182153026,-0.8992182438150121,0.7539958355402181,-0.6935980621100782,-1.2119991130243675,1.1472690100173415,0.27744024609273593,0.6104617671434138,-1.2616813472694475,-0.4333478498766297,0.23558109058458437,-1.0586844188205997,-0.21602591150858338,1.3645529282847226,2.2073950894090184,-0.18012358070674786,-0.1879610404767154,-0.5906577464712628,0.9005790044928743,-1.4198890875594192,-1.903307843217104
0.7457439169917125,1.0251193892147545,-1.1878662562414317,0.8535460387105815,0.17453766562747863,-0.052723051499567394,-0.1128751921756489,0.07974200021724907,1.2745805193149156,0.8437145986355893,-0.8171140325236034,-1.0283933751278131,-1.2512156766451592,-1.6612399648871008,0.031068072446795176,-0.32575324163165703,-0.3881843938484901,-0.6286967208333665,1.248185990791192,-1.2407886128569567,-0.6837919051395829,-2.7358223867132025,-0.15328951576026692,-0.9232097085311649,-0.18878440569906946,0.5729464491295456,-0.09934657126358312,-0.4053905133280369,-0.22488461462402848,-0.11882674220369006,2.138926438460479,0.8106631081516649,-0.5162681611847988,0.4215894234450763,0.2507520929033882,-0.8928447664772113,0.5323321146635652,-0.3250405645225944,0.18384372113689473,0.27833060371858204,-1.2001160006597742,-0.20844538000115592,0.42296924598564034,-0.8469528183681092,-0.6954712809564199,-0.10504911887894913
0.4455081818881693,-0.09039222135840616,0.12721486890307893,-0.6428957509388823,-0.34103528576058145,-1.029542852980509,1.5751781571583614,-1.3137442488673372,0.7692387809513349,-0.9615405670480895,-0.9222784730714833,1.5519555202445567,-0.6733710442674196,0.41302899365804213,-0.20428365378884594,-0.574718065795541,-0.21596079371366367,-0.7059767036630831,-1.2470671920407514,0.7973576334161874,-0.8082325190167055,-0.718878031977684,0.5770749835103618,-0.6326412439371288,-0.4862506412378986,0.8633706197497621,-0.1655520596883211,0.9682910553347822,0.45030256861069284,-0.11185745677203238,-0.1623985982837812,-2.666128273546982,0.2736547545323606,0.570944233042529,-0.400584294151967,-0.20544151215246337,-1.1851743792260605,-0.31060904439468917,0.9411955979238144,-2.284380943108107,0.2334006707350479,-1.042667784365833,-0.027026759700517676,-0.05991913864293503,-0.4611469697069279,1.9536140579887675
0.26910082459040874,0.7689378241452927,1.0950155556319108,1.0008003471938163,-0.13631636348180762,-1.1979310203042586,-1.3641518615271955,-2.3142508987310344,0.5917276605522288,0.07278720051630097,-0.28425232534741945,-0.15004277048846473,-0.28476739223270825,-1.4639290710664994,-1.1391677301263845,-1.7317461561611864,0.9294180839525717,-0.7856540525154363,-0.423416905557889,-0.5137561745124317,0.8627744128786881,1.7505491310499046,-1.2286958578620737,-0.11495228452374974,-0.1413479737959741,0.670689063148986,1.1779874263411485,-0.7824449656440032,-1.1124626827996453,1.0845893139778582,2.2106406980948217,-0.35241483004133994,0.7719825205638278,-0.016191661333819458,-0.5948971080179247,0.3515695064413615,0.8974243714409154,0.6934953672918881,0.7743550345945098,-0.15301327979462864,0.1369930229112505,0.9838694375752686,0.48875239586161756,-0.30284393106364993,-0.39584086271373564,2.0298479654670825
0.29150823089795375,-1.654155131824804,-1.1065094135329308,-0.3731661524312815,0.6204562594861174,0.2716500045522022,1.5335755492346985,1.4641133497740138,0.8947006002083955,0.7617379389257487,0.17570856558770287,0.1433424549515217,-0.2592523549280145,0.19450705629108075,1.907941431049329,-0.7901657932448418,2.509852878944555,0.15025227559992158,-0.3398206987412139,-0.46534067895573605,-1.5675371128190736,-2.135237674918356,-1.7697308264564247,0.37129002134012945,0.22753694500508137,0.8468204655155344,-0.29991769945384605,0.1421292199132103,-0.7558345443983377,-0.08042704618613986,0.897636580108088,0.302534414412105,-1.3669480358004187,0.35687409693428634,1.3614929472733963,-0.09666796740150871,0.8416461485551795,0.9657165304584435,-0.5720602677181419,0.44250715659595713,-0.4504853237430347,0.4743636901783421,0.2705329697920403,-2.6711000243199488,1.2373306230750853,3.1684524764848123
0.9370183109510408,-2.24476833541797,0.3054640778310453,0.19452111637145525,0.5292735669303007,0.13485466235240498,0.5120717406949248,-0.09914975609226515,0.31439197509359307,-0.7795360149912895,0.655004893686761,0.9703621346552853,0.4511894510282732,0.13921161823433448,-0.9428541518732938,-1.09721115912271,1.6997558071396572,-0.017631230730464298,0.45241255263083097,0.8093806228458199,-0.8881605550004645,-0.01172387932143286,-1.1496093841457524,0.9055685610089573,-0.6266443136493592,0.24401663146850722,-0.8924571454778998,0.5246489244235368,0.8315715674278399,-1.2803132530575256,-0.2810108597919594,-0.15689313009233619,1.0332798074897642,0.09946823326387357,0.637601104024383,0.6214648498093558,0.04960310118136421,1.2890233722299909,0.7140440429740216,0.9720899237675643,-0.6164543425250658,1.364558284514002,0.18713256781537174,0.19271586429042287,0.4940383177355033,9.17459903640032
0.585257179684172,0.6351193360009143,0.86008759973051,0.25288417855526335,-0.17935761653102306,0.6574287247193443,-1.0698847244247567,1.861640754081245,0.33806490434408387,0.9768792586275389,-1.3578906882378297,-0.3534688327428002,-0.10347325474269012,-1.7921322744642247,1.3379253408859793,-0.22719897520592378,-0.1414935316037407,1.4997640214710664,-2.221902782431902,0.7182883328369825,0.041073653516642904,1.8822931282848832,0.9416686201520265,0.18782345433520162,-1.6926909056036477,-0.3105921090104138,-0.9851223059798937,1.2648308079176491,-1.0658124543807646,-0.018585846865544955,1.2892365536241144,-2.079619203594436,-0.8013767215722402,0.7627138148968685,1.5198642721315743,-0.15952985533138556,-0.9830238384088368,0.3294796927436753,1.3293061196338858,1.2915021719985338,-0.4367982121470655,-1.2671293131932815,-1.277365564566097,0.47244311601530337,-0.06343110706642421,3.1979175217723523
0.7332389368303385,-0.42441913865376446,1.0251924946649063,2.3791871718979043,-2.1662350186543944,-0.820124789487964,-0.8374291798877231,0.7214747255531714,1.7029448697970806,0.5465234558312347,0.45353667642252105,0.8918066284837846,0.6862826291273284,-1.7689579067225285,-0.7170454176052188,0.07393313937505322,-0.12498959226182108,-0.8497649935552776,0.7581918582005509,0.9200807820234728,0.8058643104504384,-2.0888745204286274,0.5482315650778199,0.3581219528454545,-1.0869697476684705,-0.5512487963163399,-0.34286918618210305,-0.46309255582836684,-0.1440021728149277,-0.22372563658178352,0.6669903253199136,-1.1047960642343861,-0.7472335894232195,0.6471820774219696,0.4441842681497052,-0.7440487007416502,-0.6867038625249366,0.7265237307795183,-0.8787502411159118,-0.8064854569807159,-1.308524823489462,0.5500288468795158,0.26029063878760694,-0.3431746856457002,0.12586753351129923,5.531036635556112
-0.5025593847507677,-1.4809779194233252,-0.4525249195350635,0.6557209100945284,0.3692043684826498,-0.05990069147933728,-1.0407726254149026,1.2318749150438768,0.836774566645374,-0.30542655320104806,0.00273373474910181,-0.5417894930797547,1.3444581139086302,-0.44947709311204737,0.5134829462710967,-2.004240906145929,-2.3697193541652983,-0.5809773614868572,-2.0161943852728212,-0.132828110938673,-1.0153466376322398,-0.15622781474971428,-0.011494756943064318,0.42171219868662724,-0.1760395812984744,0.01988994643966486,0.9638334442952406,1.3548789518295352,1.7760337324533797,-0.07255057276101434,-1.6505038750179652,1.365328011711842,1.4114958823959902,0.15262094560772466,-0.33946366365799,-0.1324606283401294,0.4618637290135231,-1.679540864254475,1.153345764112426,0.6264817012312707,-1.1769274191410368,-1.1819805085781483,-1.28888479471033,-0.5676657838847764,0.6448223108265327,1.7122729732018676
0.38605165763973687,1.4605135358089254,-0.27725999096816467,-0.5387808754602356,-0.2962319103498765,1.2990099852592374,-0.43708286252590706,0.9416541965122363,0.2168116824453036,-0.3876860856167179,-1.2576641512199311,1.2317742158097165,1.2433670127614207,1.4362939449978473,0.5066438072939006,-0.7087158195395531,0.03367478283482074,-0.4350849864884033,-0.22219127537789835,0.8026810358602535,-1.1831566873522499,-0.48666212850041385,1.7390521203571923,-0.24658072166033004,0.06861434049284192,0.2694892683856633,-2.0373442420595045,0.30613706705795146,-0.01619171729161055,-0.8265600450593797,-0.619272961165818,1.1078195913261342,0.6637770961604645,-0.13010024868444864,-0.8994563703042108,-0.15589090107827513,-0.06480163984836684,1.173211364948494,-0.23310555462602905,0.19194512865860286,1.181118017358252,-1.804689477470491,0.0920553225510387,-0.07465836414534759,-1.4517551456638857,-2.1591276013482896
2.081679993548368,-0.057959994455605075,0.9445867704152109,0.7168705346422243,-0.650665896277914,-1.4678941739846447,-0.22627836812695626,-0.2236190567070614,-0.4240215773500351,0.6309130210376549,-0.631429283413001,-0.653678877963964,0.1886594894025175,0.024529776429220804,1.3722322896335042,2.8665866699458507,0.18755828003113303,0.5281587249343821,-0.0073934598072900965,-1.089091071524479,0.4883600885641342,0.4798603492137939,1.8169976219625779,0.29913581607341333,-0.934290392942843,-0.8896650368049981,-0.15426940627704108,0.8235740104830086,-0.9851104876465353,0.846386245767658,0.22872975390343056,0.9663004641322694,-0.5975919920390799,-0.18383900767542755,0.3488514256069666,-0.6141650287449733,-0.22379867509738133,0.23905830192115496,-0.9693715354434714,-0.8817881676346041,0.18485172076908774,0.20664238358886325,-0.9718333196748788,-1.286675997708378,2.448279945464401,8.147012414709572
-0.3950705665765685,1.0051741317316039,-0.056139619875956386,1.9673559928327233,2.644721433330199,0.9718980919871893,0.5390095256136836,-0.07125350932039587,0.2796028755204366,0.21049170371685813,-0.5252323535843656,0.1380181743058922,-0.15241140494093566,-1.2869018031837773,2.8246923720952775,0.9876677807796213,-1.2635387994487481,-0.9935494113362341,1.8676508721236578,-0.16665213176696025,-0.3404454347782408,-0.801610901228052,-1.1652421873676706,0.19362672569123388,0.5919294682676304,-0.588312429911679,-0.18815162270989239,-0.6595876152513321,-0.1494867363429021,0.9779063462808543,-1.1636649531181023,1.200747446809077,0.5810438602519611,-0.47151610256901727,0.07777922319209774,0.8799094279866193,-1.054388284655276,-1.5481521923670551,-1.1065721914303979,-0.8903475216605982,0.07982742759778473,-1.0202586432945633,1.6318772661193064,-1.5324080193425398,-1.57489942724751,-1.9062813545962665
0.7108874778104519,-0.6004463480681959,-0.438188666296607,-2.3084779584173574,0.09413202709643645,1.1802782313727318,0.5057835374717321,-0.8457207793691666,-0.011488314379064656,-0.0574068093146767,-0.9442032489130525,0.7696510042379553,-1.845022766172585,1.5622101669868478,0.29976444634781074,0.7408643994200572,-0.7552630660409536,-0.6357007647587104,0.7234209069376957,0.7979524597187633,0.9470529705522445,-0.007056604199478544,-2.239257681061251,0.5134051326823024,-0.379465574746807,0.7812386842432594,-0.01114906775136944,-0.38833696938173606,-0.0008448459243021182,-0.9202536245985887,-0.47658560058805904,-0.7528997213655613,1.7525278646559905,0.17879216908213738,-0.041251185639419374,-0.780056676742794,0.735138138288847,1.2091835977676364,-0.16968418933758647,2.1640909883454476,0.32236172130212837,-0.4206885358683551,2.1326537491022948,-0.32006153805915827,0.027505537726733104,2.0205942248928483
0.0490149749017317,-0.666934373490894,0.34346785157844556,0.1603848172070955,-0.650886622847598,-0.29651521036088785,-0.8463072361984533,0.46975882965194515,1.2809185661572098,-0.7486954720359833,0.6820778586284136,-0.7995717245283658,-1.065353459555968,0.41024113090959097,-1.6021849762855995,-0.2557391220458108,-0.7513922761974925,0.7281236798937196,-0.47923032132584864,0.42151997122479634,-1.1392096400093203,-0.7556069340469491,0.7965727147028226,-0.2736522005389554,0.6675541548001899,0.12125683655551578,-1.1913424882088852,-0.1370555971825128,-1.1320957218100214,0.30215368689998867,-1.072073807330329,1.833644846264596,0.001781665629832055,-0.08471590759932769,-1.6836626618604231,0.1547895299086151,2.4807679815987087,-1.2248935460962702,-0.1839483485670257,0.003975300577094643,0.3071434880268408,-0.25927141936451664,-0.47007132254384315,0.9280789021814753,0.6732548888023859,3.535440503498541
0.30755408515418875,1.078960457852313,0.5727239210641814,0.058669390960264065,0.25660304336117506,1.3195379029975862,0.935444096043969,-0.043128677966290024,-0.8806249382979674,0.005272610753981496,0.752025171462657,1.3655451930604978,-0.2697787208139278,-1.8421130250375108,0.3219743783192703,-0.24032023167824754,-0.36448801456662383,-2.5312844983725484,-1.4719968318491956,-0.19211143571125508,-0.034795316296266844,-0.13006267087295378,-1.7191054241754842,-0.29365809474158605,0.021497411651701537,2.1829253311704573,-0.757425530924019,0.8776713918206506,-2.698645631794463,-0.405507875897167,-1.6963095620846171,-0.056335529576114846,-1.1056177203008124,0.7858396519604269,0.3113352164774771,0.7647860614143756,-0.21366107908241136,-0.357623652052828,0.3149595349980271,0.8852360403822351,0.6854628156848803,-0.1378951384264491,-2.2803069738959283,-1.7878705215019264,-0.320605960748478,0.6777793967261334
0.4551586405249977,-0.13580598031283542,0.8243239782603103,0.712683474341355,2.163356631393679,-0.9066094723376147,-1.2207114248029924,1.2872187893305724,0.7751234939681529,0.6910487669262745,0.37738749934335497,-0.5115907956290983,-1.4501486035770612,0.22240582333138928,1.525752300772323,0.6632637936853539,0.010447744164853933,-1.1485485719190667,0.8607912211459828,-0.30970856598973906,0.6999826398418936,-1.773370059792905,2.7191210087862063,0.752049513355307,-0.05295740296108651,1.4100303092904418,-1.052783523362953,1.2667893510524122,0.3781910928205056,-1.880235738606173,0.5854868333588494,0.7462076496386536,-0.9298500041797617,-2.095620090573081,-0.9640826628257095,1.5406635812480722,1.9527660172521186,-0.4735259881832151,-0.9022418588263492,0.7352484253490301,0.5234019669854088,1.2693729947340409,-1.2183747892571894,-0.5247874438969973,-0.04406533471886471,4.553439463484264
-0.9211689888480205,-0.17305312644518397,0.6914787314518771,-0.853993882182514,1.252070295241228,-0.03778424041414866,0.4469713282083946,-0.23125322967853207,1.2309823264767714,0.7749624379104991,0.9140126617573386,-1.6132168919495744,-0.5937525073114279,-0.381976917022009,-0.6107869750300271,-0.43494645641708457,1.2868643275596823,-1.0642297429130279,1.8364104153534426,-0.5314254588297911,-0.935324939971961,-0.201712820883253,-1.2527228351371278,-0.31072346773839316,-0.7109746310091185,1.169182741756328,-2.0552933683751067,1.6127909789716786,-0.10649557767134024,0.5489205943115026,-1.5787553907119725,0.15478390225969443,-0.12893437223488657,0.5197285832532766,-1.385002730543511,-1.460750065227451,-0.20352371346027606,-0.06514824798246369,-0.5344549056083118,-1.3644526454342385,-0.022319199089365537,-0.2527615282112964,-0.6421956440897928,1.2165176309584786,-1.0878233887854785,-1.3320859522847244
-0.02431976686641742,1.5646962149515373,0.45558100962043335,0.47311070576389,-1.5417539359591166,-0.569460224067199,-0.06981385574698427,-0.15077938895432186,-0.9111579044202599,1.5725300758408773,0.7584192405925771,0.64237303118244,0.12502024761983443,-1.8426960660180791,1.133467314063589,0.5723765526685772,-0.41804351880433543,1.895404055983171,-1.0896690178120807,-1.632219471528595,1.198888355002703,-0.008914747087460055,-0.4324878849625947,0.04141679935154354,1.2836230818994254,-0.5530226679115445,-0.6564945568772761,-0.5092741526626285,-1.5371041454841388,-1.145106091660133,0.5024889191533187,0.8603185166465347,0.497474939851927,0.007999757281649544,1.2257200938732193,1.421789267362945,-0.9271760383137664,-0.7805614929282312,0.5948490494486155,-0.20698223133812851,-0.9711384618887019,0.16457690366600916,-0.966747161167627,0.7525856861784451,1.207088843617986,-0.49223585648349166
1.6465592840755716,-1.4409851893543766,-0.7855749032240795,-0.13861821753465256,0.8134751025715121,0.7058003226339558,0.22143510346444084,0.6859491362151499,0.31701241818830966,1.4019298873738757,-1.730831645712092,-0.5060909642082398,-0.4585597687462127,0.4052314028574913,-0.48277876553537374,-0.9094893446694436,0.9584207071910428,2.2042770843790707,0.24191899130688552,-1.3894937734002446,0.47789807103277254,1.2642072350596745,-1.0573311414025977,1.5237356446897095,0.0078036885828976395,-0.9723656040864497,1.8222414508599594,-1.0753721012865851,1.5356735227685625,0.0476756002969667,0.49195153402498426,-0.24558534139204197,1.380564476105004,-0.28794362606267143,-1.7951046801234611,-0.2629221980368183,-0.08795877070943987,0.7073338008725831,0.24987080191165661,-0.6761758335917168,-1.6999098493687124,0.3849878933628553,-1.0783717509544943,0.27886612378788816,-0.5764983865968503,6.123076112726028
0.15478447473707693,0.3689202139920455,1.2625615916194626,0.10670046383991717,-0.32499835228863955,0.6257954327286491,0.35433254753692406,0.05054464187986403,-0.4770621506084109,-1.6214665924222058,0.05503705347646536,-0.778367694030018,-1.435015866691046,-2.2448551023367753,0.7186534344144759,0.2058414361372161,2.1553044806543618,-1.9477559590570865,0.9246226767271547,1.0419598939472279,-0.5743784298753793,0.47108790256017374,-0.21601583208359942,0.5911374361802744,-1.0936311057191395,0.32622881992955866,-0.8012162962725912,0.8747044825871311,-0.21533673657894406,1.367673643006507,1.0048087692673155,0.36149948996522824,-0.12121987907381893,-0.17115300578691775,-1.355548578064191,0.3343594702229746,0.23840713076747133,1.5720549389304657,1.3560798102625704,1.6793114221563539,0.09326358939124621,-0.2786154011707202,1.3776392169893965,0.1479005362718981,0.11192244761660045,1.2676387774845403
-0.2765485555915879,0.08956775400742123,1.1653817834480604,-0.1473032626899544,0.5705757841091794,0.9865676020616337,0.7862381675624379,-1.0787676665031443,-0.0635494839405006,-1.1680775242584673,-0.12723338945284068,0.007637577545636534,-0.916865362881353,1.5333880120659453,-0.46024569285966443,-0.4993304286742147,-1.9785470832881176,1.767972990222609,-0.5031552042905463,-0.08387665835801009,-1.5414037756939323,-0.462057499007684,0.8527730382747621,-1.0334488277052545,2.5058590835811927,0.9845448493832277,1.079731655585257,0.8652144915075118,-1.1333976705856035,-0.398887168297594,1.1382682057791587,1.3079722694012024,-0.3990178083596007,2.035596784567635,-0.42512976073049785,0.0725652677937057,0.13864624778586515,-0.7625695766347715,-1.9145507552938044,0.7436443335079868,-0.6415392907842049,0.6474769727544576,0.688626244205248,-0.13641728629943337,-0.5385343241452945,-0.5393570494846306
2.0973614365880047,-0.4816586223208279,-1.7077161851023763,1.4708739093368435,1.183208889099933,0.41392565810347304,-0.032512733183730026,0.675064963712807,-0.23050474438141189,0.4125172118940899,-0.8046861205866284,-0.6040070459311929,-0.8330457870341531,0.6804162252404231,-0.35113121582702267,-0.9583564278978743,0.5154451570474303,-0.3268365779366049,-1.3785330648762049,0.8240915040127531,0.29642324699841155,-1.5240928955646078,0.7965414400927919,-1.178781837570785,-0.5999336112206582,-0.7007087964765054,-1.0297603373210247,-1.0712375698309147,-0.4123837468889785,-0.5426822148643523,-0.7468929437154297,-1.482831434532041,1.2101993979716268,0.19261198997299508,0.7965444664995086,-0.17225956023966904,0.48984085324622895,0.6991573811717846,-1.320072099948174,0.3973491353059424,-0.12361287304672623,1.3136829101666885,0.3286527975038295,-1.8290654798939348,1.6271115452168199,8.19926797543935
-0.024000235090354132,2.377579815998712,0.6401479251298382,1.9641343134330624,-1.6184693560375532,0.2973361479122661,-2.1978759391817464,0.27198845901124263,-0.609957228548738,-0.6091123145332407,-0.5311618777087813,-0.049784942197118716,1.0629528184561596,0.7846401424367414,0.914068786918444,-0.43111974717153934,-0.8630399414564156,-0.7531064171291647,1.7991215757950776,0.6069682475853275,0.7758899689427331,-0.9821597333902037,-0.15092876060357274,0.936725881871799,0.34165661758569066,0.5928191698086458,-0.48124467309319235,-1.7607070644437302,0.4189143088930065,-0.9165194430595774,0.7271488938219642,1.0087169802183946,1.1711221990408915,0.7295505679133852,0.8055526927779836,2.0147936777528686,0.125436702207661,-0.7162739853696837,0.14321695355192038,-0.19595889815796158,0.14648942047287694,0.9687407818077988,0.597207273865121,-0.43333190330076593,-0.9233551931588143,-2.2739186477922444
0.7842320184300676,0.8885062663302594,0.39957861846269205,-0.04771252535308893,-0.36704496995500707,0.8153665776681893,0.28487074154822195,-0.4583587555405883,0.6864032713844801,-0.858133478178614,-1.5931687850360523,1.5240892157453096,1.2343931368950234,-0.4181890015659274,-0.5492806687591484,-0.4257529234225208,-0.6665882483920266,1.438640592941165,0.9775308803395919,1.2639334159905307,0.3194522490658503,0.23280567464353077,0.3766832217616027,-1.062265146485529,0.9493760487157158,-0.3778590649859171,-1.318396863049521,0.6064714225066928,-0.2391412259472497,-0.717781466516104,0.5505361528954815,0.7002587117118626,-1.287942868400867,-0.018882671516598594,-1.7313648589937745,0.3271032900256666,2.450441263083182,0.9746682338538109,0.07085124813468616,-0.7145940678919881,-0.4475022465959218,1.3640845077386485,0.3971050346293656,0.25833368496071935,1.1801124402548333,0.5070133498657956
-0.8499165143583847,-2.531861831215575,-0.3793361263103922,-1.7499192029548538,0.9665666336373541,0.10261578490541895,-0.32166744261412467,0.8899764506144552,1.1816707060911282,-1.228152456745839,0.9207021322531577,0.9315206985174197,-0.7502435407852598,-1.6153700955979986,-0.20441818096758874,0.4790335642623212,0.056814946321704085,0.8619035858507729,0.444554891671593,-1.1574919335686957,0.6390099731406899,-0.45462344666782367,-1.7508927014866273,-0.961350289328029,0.27880498705465684,-0.04697221542943568,0.5191314205778311,0.4709099847852343,2.6065968133876978,-1.6034027614001987,1.0420501575967949,0.6237036042526583,0.022479412891608597,-0.5972910233826716,-0.3554444155307752,-0.44597503488903173,1.160498906955323,1.5568566110072195,0.5785574612555432,0.10692425799442687,0.19783442160070436,2.1886719095041025,-0.14105936730930005,0.4192319326536772,1.1541378817525831,1.2376102910802613
0.8869332285345247,-0.6117779294836051,0.5572758637280719,0.5459898555600701,0.42387562775393867,0.9522085279880489,-1.157446066897713,-1.0583718263339337,-0.14498928262675775,1.1801997890225362,-1.1793366103210938,-0.10374754880601902,1.5749193546944973,-0.16298014665712504,-0.31470430362559276,-0.8243168589002187,0.6652903743385696,-0.21942864850596563,-0.9204902324421806,-0.40030836335649644,1.0526226808205807,-0.05898832535520254,-1.0471911933006008,-1.7110124208264612,-0.9768510544747512,2.393591221615134,1.4135143515852358,0.5456545132861848,0.8543561622338736,0.030044191013794862,0.21768701895231227,1.4607963963035917,0.9295862843130402,-0.08393157692238347,-1.640611351446279,0.799172481492614,-1.6365671748447073,1.236569919716219,-0.8881514870119599,-0.5600153495093654,0.2564088013601219,-0.714623381364309,-0.7497179274807926,-0.22681373446148703,-0.41777302950933987,5.060862723764222
0.1324748465750701,0.46837604378043324,-0.9790657232903577,0.3255199756269524,-0.4312474925950171,0.5303455245581327,0.5952951453410905,1.5549910205615864,0.35729549389086424,-0.554678204708419,-1.6885607496157518,-0.653174614360486,-0.20817686622000436,-1.1732839431593787,-0.6786194550678025,-0.989867557381917,-0.851349377312012,0.0121638802786787,0.35862113762211417,2.488215546841701,0.423068414616154,-0.3302106296415513,-0.10768153125334873,-0.8790701042082912,0.48563771341093415,0.07610684663095048,-0.18875025341214127,0.6114657626028113,-0.15289462162026424,-0.24005106357235464,0.05301848148625575,-0.8451289470500991,1.0729996606229086,-1.6044330274192915,0.360998442021705,0.5183550831254637,-0.41359324844851186,0.05071963516336894,-0.7337248343861615,-0.7361482874243943,0.42849610159998763,-1.6249008965213776,1.249418909515224,0.08100548419620365,0.20182253351247487,-1.1423408642017285
-0.09296772901072245,-0.8516127721081697,0.4061300016515455,0.5577057972225906,0.6346359442021673,1.0145981539144415,0.5932009375654823,0.19474570365000207,0.6862251001985598,0.32333387593102975,-0.5244362697979773,1.846488549473878,-0.46970520960307505,1.0989872776347933,-0.7335312552948333,-0.4368160011548385,-0.12191495595952277,-1.482326881254998,0.2804507097725174,1.244880942697925,1.5353513812729112,0.09213546429846292,-1.0256565542007912,-1.1307443941476045,-0.13724527974164336,-0.10553704839940861,0.22606007297085623,-2.6232101083391375,-0.32073357985807194,-1.2984672292180566,-1.0222250811777087,-0.19667359348520635,-2.2029218261525307,0.29802269981495055,-0.9930942154079835,-0.3634135929571255,2.5376412636789967,1.4210415089245283,-1.4163390771395452,-0.2564411523663983,0.06342599708225666,-1.082823090046682,-0.8151543923298522,-1.0697269169811536,-1.1768231071995388,3.1997551097714267
1.3113683150671622,-1.4128891764230331,1.171676010141744,-0.24334291547869547,-0.48500759866429505,2.3101799032378563,-0.6087546056181804,0.5436780467618576,-1.111434722961065,0.29367316537836075,1.4245754585938615,1.426471184618196,-1.770628780089621,-1.0003307121531213,1.3217046975510416,-0.5295785394557658,0.8559812961934702,-0.4464201589095076,-0.4235992905912426,2.3318671505603703,-0.9584841266659018,2.734055207630702,3.3885220730918597,-0.06394944163831784,0.49243570996856334,-1.0604385802968295,-0.0012674362361957485,0.6278842610227576,-0.9934777961742637,-0.8293709216441789,1.4181526357876242,-1.6330995994368158,-0.32352805267399526,0.18402248237328825,0.1474732356577723,-1.0599289371646015,-0.03944505467286019,-0.8491184781273032,-0.6014947816593504,-0.6755156373059992,-0.078655484398145,0.07393177346678338,0.9437839516117879,1.6393044505908085,-0.16875570116233254,7.476940436152702
-0.03153572757730722,-1.870733464242307,1.2193335037112407,-0.12098326875820199,-0.7563681345954957,-0.040037780052575106,1.6241773978276135,-1.2207020920978469,0.8081246721089449,-2.1476187450606985,0.8926592520763885,1.1749075315582298,2.481262502274438,0.2895343269060523,-0.14050407477173957,1.3254435243483804,0.8598694342277031,-1.3878458753588465,0.6646737798641899,1.2748816039648754,-1.086092049569161,0.999376195053515,-0.8552199746714207,0.9072788182320068,-0.015514292797980484,-1.0796682561431332,-0.3358007847898659,-0.021825108404824347,-1.474234191881853,-1.3317540823535639,-1.8692417553303236,0.22402810844416884,-0.383747191493457,1.1139903580421584,-1.4300004503070136,0.5145316723581985,-0.19769867147154938,0.7610433733571805,-0.4977729687405663,1.1180345757792034,0.17261589745359612,0.9946939354292555,-0.8816947107540658,1.006352281193378,-0.7749869801024243,5.1839420275202155
-1.2996150605867922,0.46663951351651506,-1.112199329560655,-0.2017524213117641,1.089417969223561,-0.8349243846930731,-0.3627379830733834,-2.0899756867394563,0.15502808864885825,-1.4659167193014615,1.116193159233511,1.2801717603580194,0.02138526957600782,-0.10838690517958302,-1.8107156103703852,0.196120321054167,-1.7837404489866584,-1.9872007054916583,0.0919321836461554,-0.08030146101467278,0.31778578581367967,1.2128325572428396,0.5764441913215108,-1.3882607706559515,-0.3879280857313408,1.1376359981339599,-0.7817740989573174,0.7343151440712712,0.05490585010477724,-0.3923963394603059,0.04989814854545533,1.6947377600402742,0.20627693395213229,-2.1669476128299188,-0.18488499009453388,-0.2571190977621789,0.4615692770645712,-1.0834671086173806,1.0381825815831884,-0.4686125970979265,1.6522874857804817,0.0077359558371583965,0.523326114177092,-1.7474083716541269,1.0251651231509182,-6.489796139598351
2.682670264240252,0.7097121687802752,0.6158783962232816,-0.06387481011412394,-0.38066809481332864,-0.4989213379672688,1.3631491470060182,-0.28519902649669543,1.5022504692761303,0.44711348388243677,-1.751566964656251,-0.3781756764068391,0.5382714112297596,-0.37229397410426185,0.6214695378620411,-0.46196253288095407,1.7248102937942642,0.07438517326124981,0.02738055544923078,0.4199775016157708,0.5096426802358693,-2.48838678372223,-0.2987283761880349,0.7268939285725815,0.47880228408723124,1.3574534401473972,0.13774056650618538,-0.8405514612778034,1.145473630050764,1.7580362338233304,-0.09028716473771782,-1.0911029766268132,0.6807448053987158,-0.47754198723234687,-0.17198103340853946,0.262850259307293,-0.914127056175843,0.9941115495312547,0.7613033952918037,0.1818035508758231,0.6524604971581289,0.2334706688820622,-1.9572878143980394,0.9904555205031389,0.8987754157972729,7.88429078109344
1.5055092017143819,1.6274507612902402,1.9240267356961254,-0.11564751410320812,0.1686807614689679,0.1342486227213088,-0.23985050741744854,0.5207497710692941,0.03287175673165571,0.22845149309466228,-0.97503383785084,0.1836128831680142,0.1387510630948016,0.849146809723068,-0.8389190006404674,-0.5982483914952381,0.07937057588204458,0.8462206172753611,1.81106203736539,0.8405516318809947,-0.19495453312113462,0.11436805004671706,-0.11989904955117683,-0.798307055786363,0.10210576744392852,0.11272182943120813,1.1450026868806242,-1.5837520153171012,0.7358231057737487,0.22371184308846884,-0.060331517562770026,-0.11205425062022675,0.8300718637909541,-0.7534666652695353,-1.4319116267870988,0.10693399998849071,-1.393657480600535,0.3754172927816368,0.7088949343142881,0.49787927647909436,0.29976974438303566,-2.316756395228624,0.47357587847556043,-0.45003627164893595,-0.08909043427608006,1.2130901095955822
-0.8562846912925585,-0.4868365807314651,-0.30757310018679157,-0.3049571582357498,-0.9596143463005953,1.995164410748095,-0.28756805627789894,-0.035686019703690224,0.09043079295602961,-0.8663288148043987,-0.9461529342987809,0.6750576332908776,2.3165184327614203,-0.5659280980033417,0.19967680351603645,0.6216742093830812,-0.07084191850358498,1.4037519973472827,0.6388050608630537,1.1388612869291794,0.6621416974765464,-1.1534802716639645,2.136524522757199,-0.26423008114841573,-0.02578964960055368,-0.06428523503757912,0.8100250987992231,0.8386517410075823,0.029207206041293697,-0.9367726392562697,-0.4198306366433063,-0.4684940552309712,1.2034718027967701,-0.27620386011960524,0.42967127702289243,-0.01823124577280757,2.0868113050943955,-0.7526666745688585,1.2530258115095367,1.920569321596763,3.243303383654408,-0.9486644328185396,-0.7353961182655546,-0.22020144391808621,0.8546058821061712,-2.0512051402341043
-0.37398201887557353,-1.1140770497925627,-1.224340243499696,-0.6400242569882489,1.5149635935382622,-0.40150906352889937,-0.313665387519769,0.5005948184993516,-0.4444794278201042,-0.5963803060160823,2.0061004867397525,-1.2319696613995545,2.1682484460055247,0.05495741368108825,-0.9457080180635019,0.8190241213234198,1.1793216953533616,0.504874710703864,0.1297719743965452,-1.587251809673922,-1.1065880565858959,-1.886289767980397,1.5502448315250592,-1.03901234965819,0.8023053731244313,-0.27877455395877826,-1.5072077378817228,-0.1684072215356803,-0.13560251701329534,-1.7793098778258758,-1.974460185953985,1.336685138836579,1.2865125648012636,0.708581259439408,1.2971743046893567,-3.0265847535440096,-0.7313273863287371,-0.025421459654701918,1.3601058442369087,0.08158070857511611,0.5674260374368403,-0.0689031023189067,0.5148745493538868,-1.729831787032252,0.4875251312532908,0.17464486558961068
-0.0036763698191690066,1.1871756045912376,-1.0784306997239825,0.5664770874640799,0.5334503551281107,0.5852195959890178,-0.5876402748255924,0.03282532433447914,1.2867014287239391,0.08562040177918473,-1.0189024900439907,-0.7692326941658506,1.708702333503607,1.4432558639363335,0.8330161693967317,0.9050492851782596,0.612456120439599,1.4855766231992626,0.8152154652204963,-0.05260066317659529,0.49773206873318115,-0.8604179749111244,-0.31054273415431516,-1.7717855972103467,-0.38981934665098517,-0.32725776529149575,2.39268484584521,-1.4308085532095696,0.25828036364475704,0.34209502081073667,0.4834484119647114,0.5523400731858563,-0.41018775016730025,-0.2868170441115122,0.38212523172565754,-0.6296177725387063,-3.373077241681855,-1.036541017086297,-2.0014540333098387,-0.1993088510636101,-0.84402287977892,-0.1041323890776954,-0.6405779695165246,0.7962271950458091,-0.9117695738410093,-1.8089031508478661
0.2787357495782944,2.0740285430656646,-1.0414122883286387,-0.14296105914835386,0.029808093650129208,0.003292085837099471,0.01946909412207971,-0.4452700199514895,1.210188743728339,0.21297007321287437,-0.06687143776588256,-0.7206599977296972,0.7570305019391237,1.2451882407796584,0.2700667844293406,0.012295958402809445,0.2647078834096599,-0.0010753108798393783,0.8954662045109545,-0.8321527573512242,1.1922768270066981,-2.324009929065411,-2.842518752898926,-0.8929448319120323,-0.8876647567313075,0.8706221099037328,1.798815096937857,0.5770907610290814,0.4257221797073379,1.180867112139227,-1.6599066280366412,-0.9679105771655659,1.9520952864900518,0.011779311639926267,1.4912148892108328,-0.47286511213430066,-1.6517660941826953,-3.1923077768630272,1.4150671438365312,-0.06600481462104679,1.6484409256561032,-1.1323675923865166,0.7857032582443135,0.624877989974521,-0.42475627384187087,-4.305458567850246
-2.3430484731121264,-0.3152956337731959,0.8472532189063043,-0.5764477736673936,-0.63025271526928,-0.11763862239728694,-0.6008432603604076,0.04282511876167749,0.6605003432084594,0.03369746162889743,-0.6623279960461564,1.9370273303156043,0.5796197093449872,-0.55096952679472,1.5485564031048704,-1.9509357854997142,-1.794267310147324,0.36877637058162804,0.5701328050956891,1.034567582840928,0.015345560809089663,-1.1355110007169609,-0.43241864953559767,-0.580967911495225,-0.4440289725574461,0.8925137322531339,-0.6663329597455135,-0.34223524148603013,1.1933964886359991,-1.06522070074483,1.0996114123912923,-0.49162776850830936,-0.7316744235539134,-1.0555569233710096,0.17904175283555007,0.5523506402219344,1.3418007918980974,-0.042203671240480016,0.6586500305457315,-0.06560744995127912,1.649318518664206,-1.3262516715338133,0.9145546041922337,0.664627046103359,-0.3152049541306671,-5.235987965521284
1.5807764315126567,0.1315855617901694,0.30611411992319054,-0.04422190048003637,0.4986082688207307,-0.8192927960110008,0.9298494661147885,0.5834060926680283,-0.3094950100837805,0.678468634880437,0.1881201716598807,-0.9380342729212658,-0.06537896911337317,1.0396000254630644,0.8474822818401991,-0.2092881428062994,-1.0424626197488776,-2.4715792704057025,0.5409622017266607,-0.5547838811823411,-0.20582036468698303,-0.06584514160422565,-1.9911528010157844,0.8658932443446601,-0.006920439322380292,0.3139878177273291,-0.6585040895435902,-0.7861519863514128,2.9075200975602704,0.2500978564776456,-0.9342770429369635,-1.3783328680523748,0.3484870249167451,-0.1493684316047901,0.09036469916284451,1.5340869519708646,0.4927681330716908,-2.3178171952174296,0.8227687899444546,-0.53527389157984,0.35851801369544606,-0.6451909531329234,-0.07222386406760999,-0.6697758312424656,-0.39437192440564206,4.105773492670155
0.1489390172039986,-0.4351435957738089,1.0742362994407897,-2.1619834324815237,-0.6623765373367285,1.0861639189267311,-0.6932021480944728,-0.7403929693649843,-0.71465206531422,-0.14308447469313917,-0.7107843353321478,0.22298722025781095,-1.5179598550030133,-0.16892722110583078,-0.6499447990356056,0.2016855216097816,-1.3810659054672674,0.39638696486805974,0.15898831336994926,-0.4399191427158442,0.910135395620147,-0.868239552407681,0.5858074824750272,2.3303698186364015,-1.365014328428222,-1.8270005802862601,0.5885711388318371,-0.35375905657381207,-1.0366676208675996,-0.09006403668262283,0.43731859890431257,-2.040844476362363,0.11837357386174842,-0.4487422644654897,-1.025941316803667,-0.016388558787164675,-0.7541870420449809,0.59069494024418,0.8131757061489674,0.7098709862734217,-0.9524887045221481,-0.6943368219925373,-0.16208053565226518,0.9060376359741444,0.10070368087447186,2.170328858507585
-0.4154561139880753,0.5916692361865131,1.3353565380710102,-0.21409131904680828,1.8373268723660026,-0.14562382214027544,0.1933716021783508,-0.010616731589422905,0.43973873986160866,1.1268645850871108,-1.4304259472674192,-1.1677072717836297,-0.1979988050897702,-0.5383104761264386,-1.5202977647117217,1.41666292090523,1.9835670321288794,0.804616615737811,-1.822413394858636,-0.4089590997546861,-0.3090284364650079,-0.834408171664095,0.1053843459480195,0.524990227948467,0.8703737114279433,-1.2941073666946643,-1.2993224575737696,-0.29510504921725533,-1.3641748099023885,-1.5743843213484419,-1.6068161118102327,0.6829588849187271,-1.2529815460354925,-0.5301817575431078,-0.6618474607888216,-0.7381673684832488,-1.0875806820936942,-0.664925730048699,1.8120254298017262,0.13176536083708704,0.7355748566147902,0.7338575398232154,0.3118492121550786,0.2763773671874556,1.272131280209026,-1.610037171071719
0.7315503022910927,0.37701633008672464,-0.2504796126817868,1.7363061138725708,1.0717524486360996,-0.18985158855443562,1.2420391462329594,-1.1380856071925574,-0.9341844279574695,1.1938387096684913,-2.0031742164050783,1.1498989821342458,-0.19614132615911514,-1.2782168636773392,-0.08066485942743329,-0.2324819279651913,-0.05679350543316225,-0.23861744491642684,-0.3905829307599309,-0.3587315614174047,-0.5374503108815907,2.829408573738439,-0.6797687045489877,-0.9451585310853273,-0.3137109331357909,-0.17035297262119464,-0.8375525804134217,0.618150050401867,-1.5802368171628547,1.6659842311288517,0.8664257981728058,-0.1675292385668232,0.012204245871727243,-0.38395361504057907,0.628724127987199,-1.7715332505779156,0.05211031497453931,0.3645947120285272,0.6682615536586236,1.0643657622235905,-1.1032915206979115,-1.097241896375901,0.350392572797766,-0.32913405097236187,-0.7609783290171311,1.7503760674375202
-2.1112401721676544,1.693436362923099,0.8505717370061934,-0.5703280342169674,1.1786778003386984,1.2750515154623119,-0.38242998214190027,-0.4281152376474635,0.14319587589372146,0.3302173320049754,-0.8450220538450033,0.11480411259559055,0.8591794623901968,-0.9312757433804022,-0.4257205799034681,0.8088591357083313,1.838955347141834,0.34467095369345213,-0.5675449734471978,0.25607870722722215,-0.4053224458056137,0.44871991914584963,0.7954994819542627,0.7133218826741111,0.358824428477627,-0.6208124203720098,-0.5573099682055537,-0.681680494127339,0.5926680521005663,-1.0484272249394155,0.4922073458325853,-1.4789649894412746,-0.6577443148192166,-0.15936207065338737,2.560185257320489,0.6722606769073826,1.3836202805624942,-1.73123186230338,-1.316354980877127,-1.042932872619142,0.6619808429300376,0.47840605054465307,0.26930872035995734,1.1117177916447465,-0.1365864847670862,-7.875641573406523
-1.6405130008746267,0.5173215382195513,-0.17806360680674807,-0.2599872824952708,-0.5695612355549563,-0.02622527747165408,-0.42436823215291014,-0.6868716962045137,1.153548706571924,0.18239833163951014,-0.12859132666294532,0.6318854443096226,1.2040852147905239,-0.4019818786232169,0.15418493583741819,0.3534772400315142,1.1277687903951485,0.037988760334772415,0.03419643346905235,-0.70908573335728,0.9187074995505025,-0.44689858879304667,0.04586334974736102,-0.8162302335002437,0.8048418263107735,-1.0405724729554717,0.9908662756431028,0.014677248016307409,-1.0582727269683119,1.214874773925908,2.0597042544500357,0.4234157105581776,1.096915634136259,1.3246759930397,0.38843468184343716,0.9273881200624766,0.37552478807181977,-2.077272630752469,-2.1400468332300218,0.31084950420759055,0.004711281170574342,-0.1952735451259112,-0.7000340434978245,0.8573327541633354,0.08967582421673788,-5.650545705372932
0.3508980059101022,-0.09925112226681951,-0.2353066968898647,1.0982688600673876,1.6198360652205261,-0.06798165462612507,-1.086245083745758,-0.7232223894342809,-1.285381358330432,-1.678859348432765,0.19359342777911207,-0.7438687950379576,0.6209989477141311,0.7832193838009108,1.371524298080521,-0.18639240190472026,-0.17433099144410433,-0.07293856457091205,0.20254231607687792,-0.46469501487649606,-1.9469198121261055,1.325160802544855,1.0336522638899024,-0.716192912087525,-0.9580208977415091,-0.07225387698716798,0.5743964924917344,-0.38175050064775856,0.6334833041549626,0.7007229169978676,0.9703951254673839,-0.9512571683719614,-1.4620676410552909,-0.452245490591448,-2.2846127097228366,1.327191651151544,0.4383292430234229,-1.4069460646106153,-0.08582429085996768,1.7963508108553574,-1.1647244561180927,0.2942762274952263,-0.45647242579905606,-1.1480475772141945,-1.4179157895677093,0.7559372233680632
0.6235398268620258,0.4019154437557051,0.7182776167605169,-1.1711025739443222,0.18515819439771264,0.6220655614102488,-0.6504776045493574,0.22203864961436298,0.6062254932202621,-1.0560273871319377,-0.757118425851705,0.5080351378150307,1.6059850122921384,0.8321594524508115,-0.331374040114235,0.8230850750260607,-1.5157972903835921,0.4864026531151266,0.3639286686059099,-0.5452725866915081,0.504641824267469,-0.4812201976222735,-1.2452363463791207,0.3465054737053455,-0.9369151497080143,-0.18437258076909346,-1.6688333859908535,0.37781314461123094,-0.6013568193052743,1.5422606869326503,1.2160357105394468,0.7149841756307885,0.5024689532602561,-0.9856724771450367,1.2745956292673701,1.3712243144813805,-0.4651738212369779,-0.5629729563279147,0.43130265640907484,-0.9427146619894619,-1.9632527489263143,1.5936582644535926,-0.3046592226409332,0.46561313333467524,-0.7294759704643194,2.4283686747804123
-1.1000416092422236,1.2630544830479324,-0.5912783713985473,-0.6598913835035946,1.3139259072083496,-0.102536300396827,-0.994431565339477,-1.3228030341174086,1.078372044000148,0.07210585874961661,1.5359724011908427,2.591526455472753,0.010321866510107303,1.1335750798706925,0.1534888930136496,0.6007968588233411,1.0194443521362508,-0.5086341339028322,0.2336044197741512,0.16095776714175788,-2.232953110686307,0.943113595218165,-0.6856124749611816,1.7145606542095517,1.1285726112275178,0.5542228504673994,0.7061667447931951,-0.7437570298902132,-0.423677859323714,0.38687412107881525,-1.2533295202275445,0.5073275297075706,0.19791022637616693,1.964676852870851,-0.46211625164527503,-0.16279300795426604,1.1646284837940595,0.3724704778135206,-0.3269567607538502,-1.4274461636803142,0.5607195102498665,2.6468160306032593,-1.0289721296844914,-1.8036410365471354,0.012904241976236139,-6.752962064217412
0.34409882171949174,1.1305893139011591,0.8507600100507879,-0.02549774825987222,-0.4381561190766491,-0.7420205838349482,0.21327177010641682,1.8557242114802104,1.054025932979634,-0.4777544387953925,-0.9703617728801041,-0.5407087329064174,0.8245951711557383,-0.852358785171859,1.2290941165415774,-0.38481977599405726,2.2476932291611207,-0.4700974283702914,1.2834338316179517,-0.9334234904380379,0.5947747133221083,0.04466611573579676,-0.5425912482457601,-0.868418581994753,-1.5093472331799638,0.3218644148824643,1.3308862712218255,0.5370456094161375,0.9754906299091671,0.46740880256407685,0.7430013876690634,-0.5612811555706104,0.3420916426267882,1.324407717807002,-1.009596722855755,0.08781852725989873,-0.71293893792001,-0.5623149313490057,0.318056899300841,1.6098522592331397,1.0430181463163601,-0.26191269159452174,-0.3016762421484033,-0.6748784124938164,-1.1821679565343644,-0.12794022925918197
0.2622462683702129,1.752706381539067,-0.9287510395739152,0.5006882476404575,-0.8830056012574946,-0.3020166271229806,1.4830752057561547,2.7691941969098544,0.29245654723152265,-1.5647907390645257,-0.7390047429921496,-0.951735539894762,0.9434188397303982,-0.050536709985793356,-0.5729068437600946,0.6519439544422291,-0.16896686418980048,-1.1729066101491736,0.5790407237673091,0.8171383773647373,0.34037231740613977,-1.1331875156549673,0.3711211273800011,1.4478337291210555,-0.7402599165628752,0.7036171482891881,-0.12143722067356794,-1.085186694152116,-1.4257878764312995,0.2120036547441286,1.3352350686424836,-0.1886270187147919,0.12633077266138387,1.0247972110517547,-0.3901922817282993,-0.8477676193236078,1.0105518925598278,1.410339252950674,-0.13643677511072339,0.6357155938837697,0.9752751863739394,0.8985506521030774,-0.05059506124360448,0.3508720987008014,0.10371084617230857,-3.4547177343734976
1.5650445752627058,0.32259565884694763,0.19301729660569455,0.30324507360210257,0.028270435900057903,0.22073703614296597,0.41757234728636217,1.0118231044191581,0.3372679363738248,0.28337131366249524,0.5425125347655168,0.45863346673724914,1.4115115282151034,0.11720480700781268,-0.7577630324430952,0.18269040070977927,0.5399707364138158,0.7342625752910124,-1.3684719578618416,-0.06713967795709343,0.7001031964777082,0.9204460896161336,-1.9207355433611983,-2.5175764224804436,-0.47968482625187153,0.5729257593289269,-0.9249837061755579,-0.8157086209160546,1.045355932366729,-0.7130237279545952,0.06507958891383246,-1.564509603404227,0.28714284949377766,0.27363848270269675,0.6047580832700827,0.10483806098367868,0.73996879340593,2.079353568321794,-0.018461266436409562,-2.7866380360080263,-1.3262442866029265,-1.3766161248599855,0.268604664128044,-1.4151691225131773,1.2109274674258734,6.164310166409479
1.1999672816028484,0.45608094827754697,-0.965700686047819,-0.279965438756622,-0.8339549868390721,-0.6169433316879701,-0.6506148780221443,0.5682126003609848,-0.040388759572274835,0.3490122920616656,-0.08168808525798382,0.20462794238132972,-0.8052127832138607,0.9459363662167958,-0.9557053211802106,1.459046803179528,0.2583450696573988,1.6485093146304024,-1.6307238369207575,-0.6643674448746058,0.39577255387513954,-1.3752140899768546,-0.3893069767611574,-0.11156451276627975,-0.7075693472965379,-0.9605846932646016,-0.04474692004336707,-1.7693448193964512,1.2951293460156512,0.3473282709427,-0.06835522398849177,-0.5751881509086855,-1.0477407699906174,-1.265619114801981,-0.2802058293127399,-1.7398168884156964,-1.1086504490190203,0.5144698524308007,0.5437073653641311,-1.049026789375225,-0.2176211003197925,-0.3068677158317342,-0.2681645193073452,-0.9379415737014671,-0.12675721243297755,0.7004611982457809
-0.5792097033572545,-1.3910396191545797,-0.19647784775957616,-1.3455105873852182,-0.08308197031790682,0.5254435960726349,0.5899522424602087,0.7432884290217857,0.4305271613184092,-1.280793646221676,-1.114843683901699,0.22525859324708236,-0.182334939820894,0.09255355727478172,0.28321436310200493,-2.535465009695971,0.746554886276611,0.8200779774765256,1.407196188015315,0.17400272377281326,-1.1229102270623212,-0.5770243243591097,-0.3291008595755125,-0.5685908032328179,-2.019903952857333,-1.4885401917772116,0.5223695529552302,-0.6226449898473915,-0.17487607384963552,1.668124203039794,-1.0290022857758134,0.8556712270802898,-1.0301017998287652,0.49766996986831485,0.3911187483054383,-0.0422366876697932,0.7163636540739354,-0.20127306046758964,-1.3835479018351562,0.01114635112623767,2.1482429400204817,-1.5110439112331215,-0.1176193469163791,0.7170258325517102,-1.049735593257351,0.9235412521688839
0.12202967017605147,-0.13097108497412122,-0.531258524864699,-1.2813152621576478,1.048050129243506,-1.3204292552169512,0.11210094713831353,-0.5485309748172995,0.8261935399941338,-1.5523418119142047,0.8971791756740676,-0.5720167395229502,-0.6143789892815112,1.6729698502888328,-0.06735822509243494,-0.32257652017282584,1.9562708143087284,0.47661731103818017,-2.124213321341035,-1.462920032651634,1.9493317471175902,-0.643721046513897,0.7648987781131247,0.027191636648233018,0.22518841446561122,-1.6746809984264737,0.18064004206389908,0.040597390253827303,0.1405861481806231,-1.2051777788829428,-0.12419987848460735,0.4574690684129683,-0.16602446102681317,-0.9855075071410355,-0.24686956097254947,2.5442299817002776,0.15049345641003523,-0.4673476186230807,0.43504331338612195,0.6027775999074441,0.26547580659613046,0.25706460271078724,-0.26290520911890713,0.4370636571737433,-0.025625446348041942,-0.3727689476156119
-2.087118204540081,-0.6394747335051979,2.0258711050430045,1.8852418448447334,-0.9501055098713036,0.7123530407167606,-0.3636806926803561,-0.6338512970344128,-0.6239008731581734,1.1135006882088703,-0.5182663138449402,1.2453171658783788,0.574378508347739,0.9447598689696299,-0.267024596212773,0.9257678950673455,1.2309983021611912,-0.5675414495210866,-0.09869591750089021,0.6859705602583249,0.12225425213484149,3.047818175279397,-0.45524251956407724,0.16811599174867906,-0.5185283876613207,-0.18835745730817413,-1.8555170276763089,-0.08117560445605367,1.0516674103775046,-0.4740193498596657,0.12410201124080594,0.18379253083443037,-2.060577621496075,-0.9080339599097971,0.5642812341491975,0.8163370664300633,0.4551173711149272,1.4858082443166618,0.0023796172253110716,-0.01488493246870869,0.3880374366692834,0.2716465023982993,-1.9958525219771184,0.3744174286269373,2.2607754482517826,-6.129578430596951
-0.8259596721315852,0.02752691094288856,-0.4564900771496728,-2.062859096877094,-1.423357180942149,-1.0870987543961006,-0.2839609506535878,-0.15282615298996807,-0.4155843613968805,-0.6020255241788415,0.438578689506055,-0.06806788072744999,0.0021233447278289994,0.5574824873591392,0.7114605494059699,2.1530958276760175,0.8282793997313288,1.105698417752741,0.6936507644640234,1.7836661097380988,-1.1843825628139248,-0.6743299593434456,-0.7305292225966126,-1.191852487750439,-0.272932722950774,0.8246610649032119,0.1274077777234821,1.1541199331369312,1.5544335149436113,-1.3376230663454847,1.4556774707925346,-1.4859726181408777,0.20377234562976296,0.42371150248681533,0.5940880482062484,1.2706562680731432,0.24219602818126038,0.8945685275324708,-0.31159878758494797,-1.5356735524751093,0.22542236222064596,0.7166955963137851,-0.6998141011064837,-1.4542646735288858,0.28579351011849363,-3.8593145773080773
1.8786491483943648,0.07606912417084738,-0.10509136753797538,0.919996230923442,0.31142229299385177,0.0181357187851918,-1.9316615634111975,0.35653928271678237,0.5108440699378397,-0.7708171128666995,-0.6714770591100584,0.3387254493370817,-1.1816428409756072,-0.39317501767190066,0.11606638093565995,2.0766573162699307,0.8102065382697362,0.1824807409637256,0.15799211310482142,-0.2986626135840099,0.02162638951299742,-0.3485665884756144,0.2716590560369321,0.2519622484179268,0.27218470707193015,0.47780046108631963,-0.25528486872659395,1.0684185090915572,0.3163767915870589,-0.01827969044077056,0.3136721441189543,-1.200075049322386,1.375557156596132,-0.3846066488768802,1.2601785824531715,0.03784128799205537,0.4752529861616656,1.2662462380157626,1.0184092070306887,0.37736911880275986,1.4842634203474767,-0.1755432519261861,-1.7004526050597957,0.7862876429593479,0.03380654434183141,6.060835892170751
0.33631741721167846,-0.25824803377948796,-0.7790485351805603,-1.593883422053699,0.31593097022665645,1.1965124999216437,0.33130063631848616,1.0007814671200714,-0.12270045653328181,1.2903148613557083,0.10657136467550073,-0.730853850467754,0.28877241527137976,-0.8560802443728537,0.6665698960586302,2.0435982371444332,-1.6898578577963115,-0.9716893501047273,-2.194300067573592,0.5558975372720437,0.044807204371836905,0.6850276601047982,-0.43301138600299727,-0.43939224685859474,-1.747380809062715,-0.4592628652278601,-1.2904470283420804,0.6967142157547398,-1.6017328830140778,0.3338042849852469,-3.1143876055902053,-0.8372702175300191,-0.013184149128213567,-0.8132925544732756,-1.3205397843722795,-0.8199392435902862,1.1646446816092322,-1.5940456845500255,-0.27318474489103417,-0.045665817769531415,-0.619617316852808,-1.5303865576898106,0.22768260401460835,-2.0556206735033573,-1.3837251011083778,-0.10039452080597056
-0.8747693589474874,-0.6304772268990909,-1.2379550717324463,-1.0451266767213427,-0.5649903353432532,-0.0011572379789711016,-0.5622450142290871,-0.2060219433951186,-1.178317822574245,0.9928284868858089,-0.8766319880715251,-0.12037540775444672,-0.5920574413914085,-0.40131360925792864,0.12604118122599275,0.3048779969349753,-0.9445886737795661,0.794413358203082,0.04326275598342173,1.356304798648838,-1.4030652462819966,-0.900590744094251,-1.2639220099403226,-0.3853602463375719,-0.5561432110322362,-0.8825419204996301,-0.1937133613575145,0.9893919742677035,-0.8361455728344942,0.13878348338578933,0.9668131889794676,-0.22405700754177105,0.012895273776567458,-0.02750734403341603,0.26151403311575994,0.8909505042970274,0.006045528220892307,-0.7901469759541492,-0.20125348647536567,0.5944060072107431,-0.9382360964291918,1.8365798642492857,0.7056603667375682,1.8354388528625436,-0.16115526624410512,-2.491097862859904
-0.5127572041247414,-0.16706118693548014,0.921414668335355,-0.6362690731311036,-0.08033288913368392,-0.740988210767415,-0.9304999630409148,-1.0839089672464832,1.1076136263136382,-0.3769681874751899,0.2545018416762842,-0.11984143830690622,-1.0786698099192216,0.30760507655720365,1.2626711732032,-1.2220371062392426,-0.8971234546141142,0.7233391718339851,-1.2128192157034543,-0.7934186857768812,1.227728771279217,0.9821237834417488,0.16177800215954055,-1.3191244033690217,1.1632814352243703,-1.9167262540008096,0.4366593749280256,-0.3932994370109082,-0.3633780629957223,-0.3902692156685791,1.6827597392212292,0.9597167132680446,-0.02175866929819935,0.7592408577171209,-1.2301462637439236,0.5873419378487021,-0.5927139743645915,-1.8963467677699146,-0.4095507555717908,-0.12844653608678822,1.8433214711009351,0.6747579312693208,-0.4926283886362196,-0.31796736276857324,-0.1286347556523549,-0.0895839919649033
0.21867622318725144,-0.9519539204831767,0.008993580251441436,1.636886358122773,0.5382859641578778,0.6397214641535272,-1.3093036727172216,-1.1542826848410273,-0.3630280476764624,-0.5309069007858452,-1.167318537075115,0.7933210633831843,-0.43695816879956095,-0.050596192736205685,1.6092442435965568,0.23079105094924376,0.9347297388735842,1.4494229991080916,-0.8186701548234753,-1.0659745117257307,1.410041833225719,0.3823266171300807,0.7378571608269084,1.6351575768479145,0.48767772931329173,0.7379423217447716,-0.9312937065181822,0.7469098860948576,1.906560279752086,1.1204495258716447,1.2290494685002447,0.6676029017979725,-0.09182613534405086,0.5799346904058647,-0.8871429710563025,0.33963729349169813,0.38970883439032344,0.7065791863960686,0.368990301274712,-0.745952019961354,-1.4859376693185775,-1.5713762435270076,0.694981510328836,0.8915820290394676,0.20800188570943043,3.8650226044633182
0.44371033247927055,1.4966408174896741,-1.36238110301409,-1.1395884091228026,0.03956363740928673,0.7242763207979379,0.4986213754835801,-0.9578089860692722,0.07159733942181573,0.11401032858842329,0.7510032342515178,-1.1070038535265068,-0.9135334383139841,0.11155619230410267,0.2780206884747588,-1.4869934706675396,0.9956475766270503,1.0043236863625196,-1.4275576561837229,-0.04672609892552309,1.1318481817648167,0.6235112928603616,-0.6601734952992439,0.5296404216750946,1.5184492589403111,1.0481810302727421,-1.0042495375529104,1.5964851620512972,2.0978284769179627,0.49561964646229095,1.6450293660274196,-0.33406814566987614,-0.2258470302631808,-1.6236782083283836,-0.9498797694340418,-0.9614251781466414,-0.17605497742701975,0.9781597036971794,0.7903863815258612,1.4490223798053101,-0.20759967014785277,-2.6709945511536524,-0.04010453684039261,-0.783509910904432,0.9535706273882872,-2.5134500266924196
-1.9127797052455247,-0.04178893116755907,-0.057118758871847454,-1.1349806176334625,0.6728182510370564,-0.21097041140439982,0.09308889909334188,-1.1201000851859049,-0.2644653280956184,-0.5288145231328845,-1.4282601814732856,0.6254351058576744,0.7166589534355087,-1.352171373300663,2.022514708904556,-0.5795541354177521,-1.6036639986273022,2.0314076745373124,-0.20847949492672468,-0.23436327120707118,-0.2370757858178845,-0.983013792454057,0.7070303101933757,-0.4807439713233311,-0.5218943090198386,0.9733996560520414,-2.1407279976459694,2.1498272781764247,-0.6368198638001156,0.39589234324626316,-0.6229921155060125,-1.2932013594810088,0.24165187847847533,-0.3416127195054987,1.6512831411397346,-0.6517363933627313,-2.0605287413352613,1.1844691855214686,-0.009333796432510868,1.2759451212359478,0.7466928323023971,1.0989233065298782,0.3965060656827041,0.17314880965978982,-0.2728467929853145,-6.275936915049874
-2.0713729355607353,0.05050412198036567,-0.6200184924547006,0.9927599919671388,-1.9483153991799507,-0.29575696723147515,0.5657461665166917,-1.750151551046987,-0.4203901295841149,-0.6490640857889334,-1.191191025607953,-0.2055844412276804,0.8919598971057828,-0.3728411177503916,-0.5340340805067393,-0.080774138995825,0.11115485479965823,2.551737786795197,2.4233819195435498,1.2281617760261825,0.1029442892106496,0.19189164908678263,0.2217919207498394,1.018126094824485,0.6134057605429619,-1.5191623807459569,1.2408976457565857,0.345571459007686,-0.7888607345695159,-0.5077844496877351,0.14370805981092433,1.098494792972362,-1.5875727872778127,0.6265329970441506,-0.8665178829062886,-0.3336722475200637,-1.2934465503655495,-2.093990779543905,-0.15918162783984835,0.02605762643837353,0.5008122246559739,-0.8175158062235874,-0.4482717196301714,-3.129178134548201,-0.6303976360539598,-6.354914304161781
-0.6409095717626033,0.16206922570463503,0.10755244913540747,0.31634016715231333,-1.2934695727426477,1.8197007875043836,-1.4610629403602557,0.20189540152328936,0.493864044872239,0.41167062549599925,-2.0767004734846024,-0.013994761285948721,-0.20440646886830824,-1.2620071407028612,1.3851110474003023,-0.14618051978625185,-0.9609242170689334,0.529455933406429,-0.7810491742192018,0.04800788389074808,-0.5730363396772563,0.4426290181891392,-0.6314932048124577,-0.5579329540435409,1.3949439263516186,-0.5399355373288098,0.2678857602017063,0.02468567402940155,-0.3370544168321484,-0.4873792381198761,0.02406359793381522,-0.11113694260421646,-1.522486956334754,-0.9794158285244746,0.11067107580819636,-0.4361321852920537,-0.8115546539141514,0.4011283770160238,1.1131351225616337,-0.02031662841952557,2.568329379196147,2.9728177869375223,-0.32171738310960657,0.685083222343241,0.46680317808731114,-0.9949743567008495
-0.3555146722559796,0.071168297395183,1.2081871324518618,-1.6113691971465007,-0.7087118704381451,0.5704127502753459,-0.22653502322329852,0.6398409045094994,0.5460540637109201,1.0707867095391257,-0.8077220278190312,0.8128726956797429,1.615413130736958,1.60025511124545,0.4924510576659351,-0.2319004126711858,0.01653689783424331,0.07137735635481947,-0.2346993315031911,-0.5258719071583859,0.43486576417590567,0.8523675760626627,-1.4129108115476732,-0.8671540413705001,-0.2766505774552463,0.16717784162823485,0.3319372281468335,-1.3206331420926751,0.5509422509049572,0.40284579989229546,0.8020502846960629,0.05319664044426767,3.1166601422595,-0.750938018809143,0.93480647575745,-0.426676495612866,1.5535413050261186,-0.8105370999252456,-0.03794912308285699,-0.4750771353668092,0.8592071419165804,0.26998994939471155,-1.621908149803452,0.25800860785980934,0.1066836408596059,0.14829939172221063
-1.2924622298641493,-2.480788815269355,0.2854883679876999,0.5382212972795448,-0.3566421373977112,-1.1056746595284734,-2.4048574648388183,1.633025726972142,-0.11417345549608478,0.377123389383195,0.48413757364110965,0.6431059499902834,-0.8036103147234446,0.5989091435615456,-0.8826434200958507,0.8270641116586019,0.8648641749881034,-0.6091797000886545,0.9519746557018236,-1.1367414171489485,1.5583203833524772,-0.34378210746658805,0.2587732166329551,-0.21786525709717203,-0.1890267618574188,-0.3858997740762014,1.5421644450139347,-0.7881669057569671,-0.34247242658629923,1.2514383630704213,0.28856420142219913,0.029695867348359703,-0.4843079013452927,-0.42015366875457216,-0.3496809014259918,-0.5688322253424763,-0.4415352307582565,-0.621910916960347,-1.0951432092260915,-0.6462398562034429,-0.707885290919476,2.0335897411261623,-0.5686009447904207,-0.6418328312057459,-0.3621229066452192,3.3697595102271167
-0.6036825474692987,-1.9242660386418757,0.07083110058513901,0.816337269992785,0.05633379367969857,-0.9191732416000341,0.5691289856624322,1.1329230120530918,-1.0144217759888992,-0.636927788962102,0.9891399545674251,-0.8681678768735677,0.9336253082187288,-0.21350361045176297,0.09104686186545417,0.44511591683611307,-1.3327232465336953,-0.2602546611056618,-1.1124535893314256,1.1445244259897716,-1.3166490778028677,-0.005235814044279757,0.8328863295106168,0.005828073916482263,-0.11160108369427513,-1.3665431239457662,0.24920033523606805,-0.9745578834110544,1.3387365365178674,0.5332224807912319,0.24349787844082627,-0.028928704556784327,0.9930222583258288,-1.324558692823589,-0.18979164513936705,-1.2124649873643851,-0.7623440358557574,0.2803990688205,1.516414080653577,-0.22102212184774273,-0.302724134267566,-0.011563282299375,0.4490399224493525,0.3413442691348985,0.03688722941568135,4.370460563163315
-0.04297422518963886,0.36851130242048635,-1.5262665663233823,0.7231234764674613,0.3746978606294619,-0.8611647864534913,-0.2801297934365768,1.079118783327355,0.0646317422802752,-1.2433455164378897,0.1602238084361479,0.1813346369460205,0.11520311298496784,-0.42338993609490794,-0.5662922435130194,1.5386488975286121,-3.605554772319822,1.160897120157782,-0.4924030244375806,-0.5044287558515492,0.7113736671047733,-2.421085296277048,0.7798609434273522,-0.48118361207137805,-0.4086726227663953,0.7143859124021735,0.9204228042420362,-0.3693314378485833,0.2002787151517531,-1.226538482543664,0.3747296160214238,-0.5212953235165919,-0.15616988028815837,-1.1510761368836606,-0.728821710710991,-0.6636712733660197,0.8183416748437494,0.7956562489409391,0.06794112017667343,-0.7843441552478626,-1.1852854502176593,0.692652922750439,0.491275280611041,-2.468681028990932,0.2623757307019934,-0.05953655519252201
-0.09644920730146056,-0.3807936955442579,-0.32514568263890664,0.31913847942837775,1.318123055264492,0.6657790706217971,0.6649264983805684,0.13251987837652998,-0.31594894848523275,-0.29972767973821585,-1.9836017027692103,1.0122271725233711,1.058146512161432,-0.09454702159236567,0.063227767473907,0.6438233056232878,0.7640657964059706,1.679539750551786,0.274829375935308,0.2940815163310225,1.0777341843469606,-1.9078548522253123,0.10995218759278343,-0.15191586467551138,-0.03053554182525908,-2.626593238992121,0.5901467837136324,0.4237212467843316,-0.9381189975818819,-0.6786793147744082,-0.5984840610644336,-0.5395017969164405,0.166105417253512,-0.36160136705391954,0.7627617957078842,-0.5132809653645082,0.020379776652146905,-0.20199563462355927,-0.4351807021523365,-1.2780059062548321,-0.2701688015797948,0.5666758085725347,0.08646309880549406,-0.6303032207409595,0.7937468558063866,1.2134082909795003
-1.6310990474784208,0.6092231058561617,2.006274647694365,0.6418742547771127,-1.0188309169790322,0.14348763362012018,-0.6362621072172795,1.3230394793979723,0.845008879802214,-0.03735154292469738,0.3441470344106074,-0.12325794611078197,-2.1190915501342853,0.7222853257021864,-0.626608582396564,2.56061641176311,-0.16352012577159142,-0.56631113720666,0.38557301620255097,0.7577585225349733,-2.408322669319794,1.6627100715269465,1.9333654726250817,-0.15771203735208456,-0.8078901999252658,2.5740508300899205,-1.0601972471943726,0.8868794019738288,-1.5732519665922018,-0.6596242550699476,1.845200802424051,-0.8679876230275572,-0.18568490137884355,0.43684829451406604,-0.21838289613411616,0.3229672700500049,-0.6441674143667695,-2.1062107032441957,-0.27717257519478583,-0.587070712831026,1.293277036510727,-0.384012240907292,0.2689721249241534,1.1804336499725487,1.0569584867752655,-6.190006384377796
0.3084820177129603,0.3361672740626509,1.2430592304847434,-0.9117848571267996,-1.6998495615387468,-0.5392512885646963,1.946871451038133,2.01734368929961,-0.19454072777722456,0.1806275968575971,-1.1886418886651995,-0.46970680588750646,0.3924703697803275,-0.2579296594434543,-0.7853609321927902,-0.8499016581478251,-0.0639343898984692,-1.1455571877977515,0.5624390255722066,-0.10547314648888863,-1.1028387050903639,0.3226269361183504,-0.29119539699017627,0.47576572607939543,-0.4365366299899758,1.6414579327021435,-0.6330097301706431,1.3116350586991985,-0.4687333038753676,-0.22817015061144016,-0.6279380703152054,-0.36115380721299173,1.3958106533427481,1.0748086242164523,0.09549067774776691,0.9472868166597419,0.2627050628237511,-0.12571192713128831,0.9558828506785697,-0.8786338444244717,-0.4386426710494617,-1.6213616508067952,0.9695893896455665,-0.16858706140199622,-0.3354859940376305,1.2472194606861875
-0.5363638679300927,0.5118998158491216,-1.221181662663773,2.1699176902934205,-2.7531009017590415,0.7866904706449117,-1.2660234361475842,-0.3873152239756876,0.005614813833818064,-0.05406780561561927,0.2865518143157607,-0.8460108061236605,-0.16968890498846112,1.215285844812848,1.1108687544327922,0.47381657388524345,-0.004073073422965177,-1.4783271321121143,-1.6490313937641798,0.9636792703119774,-0.8211724329571999,0.4892680408902579,-0.9709948468541783,0.8303546356199392,0.920924806126622,0.12727751484235053,0.2853010502105789,1.5741763605282395,0.6677454283982376,0.6248293560205181,-2.514972673094347,1.4771717379026408,-0.22129836173705786,2.6341227820806687,0.5180133078678326,0.6162311233160239,-0.6544166433720234,-0.3357626470050522,1.43754494087609,0.405161410672029,-1.1172794465026776,-0.6985434311443793,-1.6490384572303594,0.11567947452978818,-0.8710202504079283,-3.035105479315388
1.9112203574845492,-1.2465642249820827,1.5353385721415023,0.585708441437901,1.3249707798024155,-0.5792062872466086,1.1641385468558707,-1.2273981575019155,-0.4607071823440391,0.985338449162653,-0.9096127274180668,-2.076512250574735,-0.30976494435741153,0.3949843026020504,1.3174331528172336,-0.06430187980697849,0.3422290393335149,-1.5849999489875128,0.05480326356858677,-1.0434267365750005,-1.7697055463704692,-1.4506281553618512,-1.290301669307907,-0.37253061849054553,1.5550797807396293,0.31085272890204657,0.07181163090269857,0.4930561224396653,-0.90798237628384,0.2836130848546395,-2.982159886510495,-0.3574197558414607,0.3318150123854426,-0.8822875911541559,-1.1157028986963744,-2.0361556193010317,-0.029033182673773823,2.4336462560175716,2.007927831238697,1.5780492506332373,1.242311421461942,0.7129762215284327,0.7989643393186014,1.6282259774247472,-0.8777879543873319,9.469744463733218
0.5069120275053547,-0.33471776156653643,-1.088920562791061,0.8375598507951905,0.6033552463875536,-1.614950703602157,-2.705241668886865,-1.826961499176708,0.10631635543478093,0.9662696721054684,-0.7593360686339793,-0.49313294349519404,-0.7336472621989704,0.16013951690030925,0.006533585705054403,-1.5872816681239665,-0.7583031715390681,-0.5111370264182858,1.32202116866436,-1.530429694120005,0.988935864422561,0.20059888545992416,0.7313005083232584,-0.3599594028681481,-0.958150199480371,0.0641586856124277,2.096406629408118,1.0414908713562099,0.28499827684002094,0.7065625008067463,1.785660786041295,0.6224665393619185,-0.5792081927703387,-2.3770674914608785,-1.3988846539776718,1.0050138747539286,1.283479887370848,-0.1675019227318248,-2.4131857523309446,-0.11152309742612643,0.80361425532113,0.2094327353835905,-0.5543400135385013,-0.01240130314335669,1.3714743436217016,2.523404106241644
0.7741798458733488,0.5498530875884907,-0.3140276881550836,0.06270325840840468,-0.020937328365187025,-1.1303979169659977,-0.26264262321978266,-0.8446481929682984,-0.35297755562952304,-0.5579117473471218,-0.7346545912013538,-2.114404046928747,-0.9014138494683898,0.19480282365152327,0.4014132410649833,-1.5109341174726176,-0.19083191945180555,-1.0276772821467446,-2.7516331694570146,0.7991656158052814,0.10912732012081854,-1.347291024345109,0.2517505394350309,0.047192941109505594,0.4198790796140458,2.5773578784502305,-0.3547871391049507,-1.5213783551714022,-0.36701602911291853,-1.1056488732352932,-0.06617933026133169,-0.14158469681257718,1.420331723445302,-0.18180611430569724,-0.167959764604888,0.46014785597633534,0.9674572510213826,2.584353612774535,0.1848965479954617,-1.160854605728002,0.7737546552757366,0.6935393280742811,0.5508478676391525,0.5182108914945209,0.13235700598307334,1.5776039899091767
0.47077835213553465,-2.0468672798829477,-0.6961301589622323,-1.0651435268558536,0.6704947491212229,-0.04796133025917925,-0.9124068010960255,-1.0605517034845529,0.835415219586123,-0.048626256989626096,0.4631105930166171,-2.0042071278596816,-1.238323845080062,-0.2073661715304294,-1.625931298354487,-0.8549539184326794,2.6756831563145766,0.38030632096967165,-0.23540481612191302,0.9289931431622036,-0.1568354438558984,-2.86355966376099,0.4689656309195051,0.2471451072781082,-1.223404455240377,1.7183828750427268,-0.6019083621716337,-2.1404601742227576,0.5714831561565881,0.762078213427548,0.5578317941010346,-0.12980567399382692,-0.14730439515317081,0.06612427908476169,-0.28960681120457676,0.2615985770933666,-1.1544005037711673,1.27030694101553,-1.126791227404731,-1.4942256179904458,-0.4523799566646039,0.5477024002200955,0.8000699180684091,0.20640414238647814,1.6246772811334238,3.6400213086317796
-0.13752711098484857,-1.2682467421695751,0.13286315673249716,-0.35069025124110187,0.3896999777846201,-0.27411270078823163,0.29825539305189286,-1.0933390577293,0.46622815696139275,-0.03742137869268374,2.3305128997434745,0.3961288061054354,-1.3711548716835424,1.708756651734509,0.49626113078701833,-0.019715667283230202,-0.15653318292867333,0.29839798340613555,1.240382235920531,-0.21618364480124996,-0.16123885770994956,-0.17014953614663686,-1.4940633297797925,-2.211360092815206,-0.33179656991378786,-2.9515820726028816,-0.3453086044323967,-0.5441231261538012,-1.3313034764407774,-0.3918426432120709,0.22061050895108414,1.6102929388183949,-0.8343879852382647,-1.9345442124086432,0.5918276028976659,-0.098491180731551,0.6416088556087964,-0.991242629699438,-1.9776867339673754,0.9884538195548457,-1.0825263776970098,0.9833951949360918,-0.08911669131799338,-0.554213738590892,-0.13942152055728027,3.3560396685433753
-0.18983635890952416,-0.1680833502969524,-0.29129193510577506,0.2109549454000623,-1.4723377138800329,-0.3603693729052162,2.424597122018436,2.7284045281245177,-0.3758595414191722,-0.32000599579691935,-0.19434305784310055,0.4145381891428026,0.591210425102047,0.31132982086091543,-1.119636951633444,-0.4973399608023709,-0.07047975386142237,-0.18556402545692943,0.4069433492455171,-0.7537474242294588,0.5433931911955958,-0.8491718207025384,1.7147052045390077,0.3786585452087458,-1.0621662390428044,-0.5199412846207213,0.6080098524192633,-0.4667646210947093,0.593997058474227,0.6755755355737516,-0.0932302076902125,-1.3292310408337793,-1.2758968264615502,-0.4867078689335328,-0.6504901241547493,0.21617088580311747,1.9375712984108562,-0.43349061930990074,-0.0035066544923312588,-0.6776837450210984,0.8236984260043314,-0.8950738866589178,-1.7924491388455865,0.03970956679888434,-1.9412865171437672,-0.46600634972428107
-0.8305337989354047,0.3376945359619435,1.7021614761532793,-0.2776301347462041,-1.4756597716929423,-0.6619730152412621,0.8344426866291899,-0.7664998080601464,0.2396401867348441,-0.4665399803799983,-0.8851266907861819,-0.7678753850311258,-0.5018409684507017,0.9933020140532558,0.3145455276276006,0.5658772546773204,0.6233737304842061,-0.07765928247833262,1.640695565023855,-0.7657544066998927,3.5387787225109686,0.40195039049124676,-1.023712123388652,-1.7912043632844818,-0.4800738817178128,-1.1954446117273059,0.21650042616316978,-0.4976319912194414,0.04489578205668417,0.05301213789346977,1.02539318247402,-0.591814162124643,1.2878116572883418,-0.19116552810795942,-1.4987558069245277,-0.08817419402688714,0.295359797066022,-0.03361060060702649,0.057609018394865555,1.0700852739405762,-0.4736665573211692,1.174417893362137,-0.3960458473238144,1.2715893448757152,-0.6283685710176924,-3.180168342834766
-1.5324601087464496,0.15201951811244527,-0.8467468903567195,-0.9605161401060154,1.3560166381341516,0.9155383956310332,0.33069303322044136,-0.11228018221131848,-0.14159670638384456,1.0099317536994123,0.2483721300233501,1.0612567401468054,0.06659093146896045,-0.4223900730985371,-1.5533118569635609,-0.28681791411627994,1.5257028684265062,0.1209494890327523,1.7810140726323107,-0.12153016743772235,1.6643615523198274,-0.65736516880044,-0.8800573771823199,0.5104643074609749,-0.6270736994853033,-0.24968338772938434,-0.25736393034282196,0.7502925179999755,0.6039514907194723,-0.17578928020134352,0.05990844072266822,1.259305584791235,-0.004884332281346633,-0.36899324276006057,-0.9169095170279518,0.18030372913946716,-0.9232578455203583,0.09476013338774342,-0.872071027658781,0.22818485609039205,0.5488805823801396,-0.8548072000784179,-0.42183210789959324,-0.8721769508075133,0.3927044397542436,-6.573698525491179
0.35674871775641276,0.26392960284285033,1.1564177867688668,-0.44203702274602236,-0.8356876325018048,1.6057445750522832,0.9249247091150186,0.4282068758558749,0.5426256518495538,1.0346059719437266,-0.19315300433378915,-1.0893200781672112,0.17633293339115164,0.44123249656847985,-0.3960693908651276,-0.20600603144736487,0.10558985132046765,0.3543220375088508,-0.029891407224774538,-0.747498908939592,-1.672175468472864,1.024252221325822,0.11381354393235621,-1.9472736988475394,0.42495066087875794,0.9754597801939061,2.8274595591103093,-1.5885903338373688,0.4354754146211444,-1.6280738815702327,-1.2342079662068401,-0.22299125247584944,0.43593345930708677,-1.2995237025723279,-1.126149696429552,-0.6333258152032176,-0.23277116272793658,-0.4238553485975396,0.01105105871787526,-0.43373776019970534,-0.2916981706703309,-0.5422076113448827,-0.3313128531729626,-0.40452675254295695,-0.5768405653808915,1.5618363501157995
0.1652659914871966,0.6260580424308421,1.36737138230096,0.16477393978872595,-2.632587891294281,-0.7208865404121325,0.9448835836316516,0.13837949112795575,0.31654405620400455,-0.14682949253132277,1.1546309514395343,0.29548167751099,-0.8911287249616012,0.08828957189784967,0.7146517978609555,-1.4021882573095854,-0.09441344784957806,0.896636516599324,0.296373654332572,-1.6083789313675751,1.0764541247058435,1.8692883217518481,-0.7363600517827206,-1.2470941497360257,-0.6237525805393236,0.7918201088307187,-1.1721419784386264,-1.2207308620576518,-0.7570781964240846,-1.1299508210589797,-0.22261334978593272,-0.9958692964314755,0.07806012726109075,-0.355282922329667,1.4635200773537305,-0.3781696797432134,-1.414177705073989,0.12260079289505856,-0.8080411773592352,-0.48402589673111435,-1.1072817683590022,-1.0403918758649364,-0.6147617331897345,-1.0491996366560579,-1.6687735344903243,0.14954550282304668
-0.7069366168160413,0.38630013376162603,-0.34779546779891113,0.9413305248232915,-0.19413327130490962,0.06883722408158031,-0.36318930153080825,-0.8264059665026458,-0.9722638362913234,0.4094966070445393,1.1533422666030484,2.8811063144833318,-1.2798082098701324,-0.3539030988441056,-0.911260079208078,-0.6764369310222397,-2.8118606600789042,-0.13069971353645507,-1.2641913435755976,-1.0222896547028004,-0.5910181124618974,-0.041644766824286264,1.7028471562105068,-0.8382574770425234,1.50071602377633,-0.40979578333366945,-0.07483779642237355,-1.0463248871771977,-0.13603687363881578,0.17320483223473035,-0.3881424412404543,-1.1950859787129358,0.7055971599488886,0.2551335147409556,-0.003570410974897936,-1.034644625637481,0.9270213638057376,-1.3493398350778023,1.6023786836553353,0.3758894097735705,-0.6402335518458369,-0.680189863036008,-0.30395222578711495,-0.8529723025552245,2.3157781639901005,-3.2030925546671045
-1.2530440677169012,1.2455075718075967,-0.36207121868787395,-0.27346380598948655,0.677565529686001,0.22975937827157486,-0.8678136670024329,1.665859045108193,1.0546736065116247,1.2554728090086522,-0.11331547538734255,-0.3422639182691599,0.07310654672997904,-2.1896885682946636,0.08587446127792488,-0.5731029702282846,-0.09930672558950342,0.6089852688900714,1.0086016851970692,0.03359828344257587,0.31449139304136325,-0.5484974207845991,-0.7144296465592226,-0.4132164350478194,1.9401862832040035,1.008404460578507,-0.9564091089109468,0.018977983161126824,-0.736367124700575,-0.31058062064691944,0.8590765580629529,-0.022520610109146737,-0.7517368619572492,0.4935269403426631,-0.019012991353561756,0.45623361600534296,-1.0026010657715811,-0.34502465092963364,0.4639382492665293,-0.07820075772715541,-0.28760935280704397,0.8596050511002885,0.28355384697687275,0.9129769927473854,-0.6922633030476151,-7.185286291420064
0.35723200141569433,0.26912505282867444,-0.6621027863917878,-0.462262876002779,0.8154730527808478,0.22731595347348754,0.1287481456305666,0.6598569463843499,1.289151129353694,-1.4323351578012367,1.3484219985381813,-0.7383730629707917,0.11858059871647215,-0.1425873937816888,0.6467183384105609,2.367889490430088,-0.8761803290793218,-0.344889506668187,1.9312872743818974,-0.41555949638826634,-1.158836799320179,0.2938560450398514,0.4092325293631135,-0.07311942659709093,-0.23774097728301416,2.9017070848938373,0.21718069970763587,-0.7565757721098654,-0.5182814036629182,-1.3119774997529186,-0.654983157736831,-2.0472045824732343,0.6736769284779417,-0.8405650805226716,0.016860485210538317,-0.5607519581356752,1.162091959982332,1.0256814060483392,-0.4239971157589827,-0.9606886141974625,0.12744476641614447,-0.3822566352914408,-0.33149693598601804,-0.4477937004026666,-0.26471691444093776,-0.3848207429637116
-0.28693561991420713,-0.9010086844433941,-0.9835181386611466,0.8714628642408477,-0.8939715470724141,0.864730785083207,0.19108635526801612,-0.09346389747470454,0.624630942680648,-1.0065986770469137,0.8539840072695059,-0.752462881588058,0.5038200269941762,-0.23349162458786923,-0.07413388727302782,2.0497355573712297,0.053958143568735344,0.6906743103090499,-0.6324098584608854,-0.32328799169611666,1.1119950348836019,-0.7285718677849249,-0.3540349243557843,1.8591999708367788,-0.8981252894816305,0.21534546959511958,-0.21065001007004025,-0.027941038728453656,0.4480634899487623,0.24396713235469702,-0.07678731237015408,-0.4996877744985696,-0.6834427964238694,0.40854113629621325,0.7871762214390121,0.28134312208082696,0.3129607584024766,2.2304426281485665,-0.06187994057786034,1.3892027113269638,0.43641272195052494,1.6920863561786639,-2.0085792799218263,1.0634080378233566,-1.234294027897853,0.7486770168339651
-0.7231886644832435,-0.3313197361830832,0.45644591371399684,-1.1619476613147124,0.06381831077848209,-0.6640883528866949,-2.3995334967886053,-1.04020160921939,-0.05525247433071783,-0.21957060163147293,0.28611026442989834,-2.250511829210448,1.0294651385661064,0.4992085173955922,-0.17181575351787104,0.4642404850168594,-0.9493908727514911,2.008078060105316,2.160834250027783,-0.6764061134823746,-0.9904919431055127,-0.7860205080153719,1.1385404990325299,0.7500185282362688,0.044940393142197374,-0.3474969070223013,-0.010022666690118876,-0.8495187449583775,0.910501472005795,-0.31499497542815247,-0.3271303312606392,1.0363537049817164,0.6297591552329632,0.9767061626306957,-0.9774874169065904,1.8728597893776489,-2.2536446765739826,0.9280697250879685,0.5382038953765718,1.0009907260853157,0.3351850085335542,-1.7903337076723638,0.41154691331880294,-0.12680176552845568,1.4558495635902968,-0.250533239284665
-0.3814881946741179,-1.8676947291526256,-0.698402113412695,0.4537200615958127,-0.8019984397131023,0.9669412966487756,-0.7449588650273491,-0.36064411724402756,-0.25863243622625764,0.31721449487093,1.059699648041666,-0.5577430772500122,0.40509264886960356,-0.37089978275760677,0.2994465637875629,1.1086029266708228,0.8043000659886077,-0.4375053574719517,2.141095069652445,-0.7761296933317566,0.16466292419533443,0.24627745516114705,-0.8825292657851324,0.6221729757787452,0.12296937284679386,-0.051604938282770026,-0.4251326728064381,0.09079555157894988,-0.4938881082742728,1.2036360639467578,-1.6211032243890289,0.057790442064297586,-0.5260558679539822,-0.06536841830795148,1.0627193637893881,-1.7089726651414736,-0.8272920816103038,0.4044887466083964,2.8251962491410314,0.8824773327070492,-1.3024320703747676,-1.0731993422215091,1.6712075279825245,-1.4613982811624324,1.7964654334952361,2.766213689600473
1.614226501763771,0.32928067386498466,-0.15481353183638155,-0.33865995231415597,-0.040305438931823305,0.6875034034977635,0.1679545683815636,0.19462497012488125,1.895082702573508,2.9786200753281222,0.8329273029559262,0.8939578716354757,0.7274549868276511,-0.14887969152596708,0.1990919342374659,1.546014965086256,-1.9324792729953117,-0.4065204211314819,-1.362564842096523,0.7641114199802921,0.715668198910134,-0.48961576503682347,-0.5940832865112321,0.6533157266119548,-0.2101301558282329,-0.7572587804976199,-0.21596363592076992,1.6727741529199727,0.6743536671220928,-0.09905860423769099,-0.3902456507576358,1.4233129614919031,1.0036191988662144,0.07510800613512955,0.7109861279165544,0.2613424453666923,-0.2081072184633526,0.3943936273363854,1.3979054390928165,-0.1171413439268594,0.5983216410031599,0.004813730171341395,1.6959495154274622,-0.13033648774096757,0.24603247225668773,3.8577601640897514
0.45662008917582636,-0.7906864184902608,-2.1636385903069923,1.2461955510526046,-0.4800985702150437,0.07224801353179197,0.21256689587859617,-1.1493286497732809,0.29271809878731386,-0.6174747369996891,0.7241096706032101,0.04807587948263288,-0.07704273004664083,0.7191614912780495,0.8567624718215089,-0.1879945838488677,1.250457146693771,-0.6996534680016641,-0.7090457381455765,1.521738029741178,-0.052174503524651646,0.7981199098873739,0.35038325621325117,0.9676788596229517,-0.8325362144797062,-0.17724389323263073,-1.1266657909732964,-0.8908085943750367,-1.1391413904942194,-1.1156925923377516,-2.506375940568351,0.08196644431910777,0.48296386991664236,0.0055749451795508815,-0.17166627377285554,-0.6161453167218897,-0.46204716497873954,1.5226967457315874,-0.4750556155746681,0.10515930892043755,-0.7852570123488203,0.8236123699417517,0.40451118252927504,0.9614978399014502,0.38849799108010435,5.275424403296728
-1.0451020317834048,-0.04621147749836307,-0.6492432322541603,0.03025687846466545,-0.6446837193922965,2.2263581680776383,-0.10711360094646374,0.5609618577354148,-2.7828405167092094,-1.384181751488229,-0.24197915092040384,-1.7710640659814356,-0.9010346706674247,-0.6931117751170117,-0.33670697715589293,0.21341785887744735,0.32092702143209484,2.6614971610040197,0.4836992388460614,1.5715326499780244,-1.2037885864516025,0.15163973345366724,0.7946354459088305,1.090272748131172,2.7022170127529233,0.05321023261108919,-0.5532273814465015,-1.7713447825776125,0.13731719165735362,-0.17597331108393577,1.8204192642108439,-0.14861786006333075,-0.9597706857088126,-0.5971009954377576,0.6656017469307345,1.646280934757319,-0.45450610545727277,-2.3976859516162907,1.1889925852525765,-0.4529718304263867,-0.11166594155825767,-0.44933516877792234,-2.4840566875586334,0.5970078937440032,-0.20560168075288193,-3.6626969539836325
0.19334818523404196,-1.0255124183864543,1.5530616029877138,-0.21817104529422646,-0.9205454012622418,0.35160078713442655,0.1533249786699882,-1.402488477889715,-1.6602185840552748,0.9757031528434946,1.07705891354075,-1.1760796852855764,-0.5710652933986803,-0.6534175341556003,-0.02127541600623324,0.45731373944280174,0.12685399122060487,-0.02877414636950443,-0.3680418094545622,1.1968451423160225,0.11688310422273768,0.15123659561940656,-1.2895119006528621,-1.7824358425517342,1.0709427352019267,0.8834897828533479,-0.15163428218322791,0.16958723031710551,0.4608879259867136,2.597706296800526,1.1393203692581284,1.5357930333284922,-0.44794999717720785,0.22938907812051723,-0.11201308218784042,0.2628020819954826,-1.5471189104589573,1.0416157175054308,-1.277905735303969,0.04693719123310069,1.4065565593895952,0.3339515270264673,-1.2946526676608319,-1.8599091477009548,-1.0786846571215307,2.627027236561109
-0.9476623589323298,-1.2514378253503116,1.0347247779863153,0.5694701310139246,0.008286764607322548,-0.5139261428583567,-0.3984235960966632,0.28819652171932314,-0.45345376682942135,-0.1033407032480923,0.3642003232486474,0.023904959452700648,-0.19634320306318553,0.011973234366572019,-0.08662344968440677,-1.1226615689569253,1.7411151696801812,-0.7851652079848687,-1.435851797032517,-0.18998492777224815,0.24896040641443773,1.2214810357430417,-0.07853816493041489,-0.29701019238424653,1.251015465284358,0.46917462303779967,-0.4478152113379363,-1.74147532122762,-0.17927249053490446,0.030461146848201847,-0.27279830896176205,-1.3582089951496226,-0.8975301469502458,-1.4159189286189722,1.1847776034959845,1.1961246757381006,-1.2494425958955067,-0.47939154555010727,1.2877820071380626,-0.9266626945011144,-0.6750254454748562,1.122913397631864,0.712060603787846,-0.2579507877173829,-1.4856945763375597,1.9974292837682297
-0.40004947183839024,0.906212521660701,0.6513023405036492,1.131795573869155,-1.537643899180292,-1.285247001871967,-1.5266519416248108,1.6914858382782625,0.24588869200988045,0.3834259775927263,0.02807123737854701,-0.6001862915142626,0.4401657104860928,-1.1633552984276312,0.7067793082047263,0.8051980334535563,0.581096009504012,-0.25767386631309475,-0.5360726915439988,-0.1292813835839594,0.68483969932244,1.0049123153819868,-0.38259056935955055,-0.12672160676715677,-0.1948112138913744,0.16928092093029204,-0.8080982656990597,-0.5414926126233416,-1.5024814248668033,-0.15054890576633925,-0.11490398049929346,-1.3900779997161794,-1.1012499266243485,-1.5984410182682516,1.3601239233526694,-0.6531039828879351,-0.25715961938290416,0.5214435904882203,-0.47895838246438827,0.4331154425174885,0.5806790962704362,1.340649313132029,1.1750342564259408,-0.2675815100502942,0.17521466357953472,-0.6100953574561704
-0.2916283348365247,-2.0925474852407433,0.9148017589310141,-0.4108588458474213,-0.7870092899041782,0.3175709452509781,-0.30922047711384854,1.0394476098404544,-0.4089690124044058,-1.2040622998175625,-0.3734756600193526,0.7393215114102999,-0.7985778562687025,-0.5782285937592408,0.3321348813616194,0.03881906148608582,-0.38227316032365455,2.0010071577381754,0.8991260278963041,0.5474906716443951,0.7111213073587394,-1.8916080445077954,-0.4739326254320037,1.3165444437244913,0.13786368251527115,-0.41110723639591595,-0.8052366938009871,-0.24861021843262723,-2.4972252699813686,-0.739073889060588,-0.04161821362211557,1.232674498467963,-1.3252456289828998,-0.4874520891234332,-1.1872521979347805,0.025021975425850437,0.4903564165103176,0.24735271252327828,-0.3282677154403323,-0.264841877686653,-0.389170206074733,0.3983564000886153,-2.522401792195761,2.616822725436114,-0.08561016855871524,4.388717543667011
0.05064710588899021,1.0353663179704553,-0.4631906745761873,-0.2634031795501148,1.3040873977528022,-0.18198709614668745,1.4261982134087952,-0.0628228979098323,0.8307375723788736,-0.640898490371437,-1.1341393891538074,0.7027315396842723,-0.0007787840693780427,1.0950527035658042,-0.3362904347652043,0.18988312376663793,0.6548698067519104,-0.2944297340502921,0.18560160401797302,0.6035740579892109,0.8114831112863989,0.5918783660523278,1.6791274853190024,-0.33912288067557417,-0.8257651118200323,-0.09244176603573928,-0.09787212643806692,0.7267687208055705,-0.7368611427102432,0.37462487753038215,0.5739560403905954,-0.24494901398528338,0.4147120105432835,-1.4641899961825577,-0.7144438982611296,0.8450605602829424,-0.8723326129218639,0.03775114600172385,-0.31290238371573675,-0.36624100316374675,0.004392432135939104,-0.39258226506075006,-0.07747681794858384,0.7510043507257085,1.2322564317260112,-2.8998060735600895
0.10386446606324923,-0.1409576929081765,0.34246091964391084,1.069880782457193,0.12569399755703708,0.20644244030201767,-0.9098889686246949,0.4063303440318246,-0.8451224396347352,0.2016521015997294,2.01217707417498,0.8070465295100273,0.03612736889819569,-0.572142956729574,-1.2496838483908075,-1.0833291308279258,0.7340674789800261,-1.037414774653561,-0.23936124856759228,0.6788922460033348,2.1907578492609785,-1.699016638994875,-0.38755341758090095,-0.5766160350133508,-0.2567615679456685,1.2947074984073816,1.035191732784819,0.38475511730967094,1.5787442625812773,2.5136801427178956,1.138966303282938,2.494643802340496,0.9618983721866946,-0.24270316112089801,0.14960048603366902,-0.20902935179063975,-1.899152814189957,0.6941774925742222,-0.2635619842487273,0.2199701497010404,-0.31230241425803495,-0.634993832534432,-0.7047327139278889,1.6684844149907634,0.0318267580912591,3.3711552073344793
-0.3809083771349494,2.2438537846983073,-0.10474994330729172,2.3991941328883932,0.9342457339270449,-0.6842153224113073,-1.332366467787644,0.4069818682215369,-0.0789067864236347,-0.5592711019021003,-0.21627904109464732,0.20399434712279388,-1.141998082492575,-1.3243882679983547,0.48511721134810476,-0.595998815237644,0.8156303799472256,0.1254747473427433,-1.508945470977391,0.7905544183521467,-0.7188117434609927,-0.23969765075472743,-2.0744708207085956,1.1855841619277132,0.17766316301545118,1.161989380238513,7.92498248068749e-05,-0.7140766215394652,-0.6519313703621598,-0.713937327000876,1.2564910576650448,0.6491945837278082,-0.002795048280421252,1.0014358014646352,0.6341685458680074,-0.37389256761084344,-0.11054017567089047,0.20805304217530068,1.2667754520423633,-1.0227522889839693,-1.1526191182010654,-0.036025197249946905,-0.35730441289985493,0.8461608792921496,1.0627913067866768,-4.904669132702908
-1.0528095989900301,0.6999432131989062,-0.04429077269419171,-0.5510839982354047,-0.7320694935384451,-0.05155807208302858,-0.8331930908571655,0.33647732727979074,-1.4004462442445338,-0.5793117799181168,0.11079810435081215,-0.45996567979689246,0.19472042877257856,-0.2367521548843749,0.012485088971031913,0.23827331821657965,1.2350937540203697,-0.7110061890187368,0.06572553323503343,-0.5803785035408608,-0.7856310368797814,0.9054333081547818,1.4494743263773024,-0.36219989948691156,1.1840919424480059,-0.263972103805648,1.8205421892269362,1.3193674200329424,-0.04314545097285749,0.5517438368335542,-1.1700954398806973,0.8951654987770995,0.5558492093974681,0.2315075702871503,0.07067997390737771,-0.004386381761986186,0.09553741699282337,-0.4912483417079707,-0.2846030915147457,-0.3705040254391257,-0.9634347848938353,0.5864191928183938,-0.9009580446153731,-0.20728507341089777,-0.7989462179947263,-4.553652382076442
2.5303077150158098,-0.1358994531768433,1.1529120669127961,-0.38892435148272647,-0.6895809194678503,0.9419279555141444,-0.031924431418306226,-2.3489159292215978,0.3242386695290618,0.5363394362320465,-1.184526698329112,-0.5576590285132988,-0.6580595970276438,1.541719188737361,1.400785581502642,1.6064647306162498,-0.9131033583703092,-1.0540000534225624,0.08245381643372342,0.42371486730420704,1.5201617080936216,-0.17932761476726275,-0.08011192147558761,-1.7101799573470937,-0.5903457452781606,-1.3946165758922398,-0.9117214242731898,0.8331580004341437,1.34858332384545,0.5958886923638284,-0.18052115839392768,1.0075054723263515,-0.6477949331826651,-2.077774910161037,-0.6473828396932931,-0.9917454849433887,-0.3580001093508235,-0.3722888217976288,-0.41941254162170166,-1.64585110346254,1.3689886328923153,2.3716711963499364,0.3762585009063361,-0.2487935159141801,-0.032449308159834565,9.627496734902957
2.1309800154776335,0.6049342470568371,1.9919515993082904,0.47291045402587106,1.87011685124522,1.432717027826852,0.03307339333522619,0.8490672809040443,-0.40474367913542303,0.08273721336821466,-0.3065285393721371,-1.1036123097827872,-0.272007421317921,-0.3930759837418413,0.18909786050821933,-0.8658445539690752,0.441285541565892,1.173544470798472,0.7268531488617688,-0.17266073913193164,-0.3820839558054508,0.31914691712190013,1.955718811734142,0.7039876079038302,-0.9599476163754112,-0.38982083453014704,0.9828904845999642,1.903237050198508,2.1972943537160816,-0.6179343311950369,0.879799747066277,-0.20005673884898,0.15450679312435334,0.09380666347785091,-1.6252229878121551,1.755035782950331,-0.051678725190803576,-0.8783151949489733,0.8036743607813736,1.8588638037544432,-1.7064783522080555,0.5860287867289594,-1.929306647102953,-0.37531934733170935,-1.8805305591625718,5.214085244195937
-0.8526477554733726,0.4397473786991244,-1.0424866883987198,0.3522488132926921,1.9531614266698316,1.3949333155558479,2.286411726306238,0.306206318408526,0.424093427480314,0.11049028727231322,1.2237265740384748,1.3676726713189669,-0.059757062511706406,-0.5744438631272195,-0.9793537168683822,0.5800617268863739,0.5680918589842241,2.0171456368064713,-0.4634381646916295,-0.5835613365552279,1.0236401538219841,0.5772668996762857,-0.29081420715768896,0.16418681220363981,-3.48708108847643,1.0600900601767962,-1.6160103430653678,-1.1901083646861426,-0.2820805880161915,1.3189791233468777,-0.5302002719652943,0.22073160231765246,0.6432739778601937,-1.1446713245023137,1.6771991007167333,0.8598964178225887,0.3611749123044461,0.5570216848967517,-1.1896498408704816,-0.6479777454987632,0.11799224179108118,0.3683263194285483,0.8138101529835406,0.6575315384796301,0.3252909590249195,-3.90529771152707
-0.5948779357529201,-0.30051124262885054,0.32526009307218223,-0.5767487355915253,0.4278270175313394,-0.42098780224274956,-0.2875785063612798,1.4525546786455859,0.9417242726759814,-0.10174226443510265,-0.33254876969315644,-1.8406731136876056,-0.5664329268498735,-0.1501566201526707,-1.486156281623312,-0.07100975690874743,-0.6430851872425468,-0.12805399383235322,-0.358113472888095,-0.42175168891832265,-0.4107163868269081,-1.8066916227788274,-0.7013625679687093,-0.1901766354063346,-0.4358308741714618,1.1307012691740854,0.7894347600162682,1.029255521352413,-0.34693043157631315,-0.7274346742713368,-0.13272651768185484,-1.4403890236884198,-0.5126336991867372,0.6082848134375352,-0.6453178824836697,-0.42318389663185524,0.8135253733980659,2.208450827212793,0.4153005520076583,-0.42744217730996326,0.9553723650929673,0.30220681075919686,0.9609348320870732,0.03683811746708083,0.7636032090323306,-0.45484359201749613
-1.224141941896156,0.5217027450444646,0.19060249859019532,0.1662477788499645,0.9218876745036182,0.9512643275791083,-0.248504337987173,-1.1854690083254242,1.2023666702852458,-1.4074539552691814,-0.21785769277001346,0.03789577676008508,0.3375072745001735,-1.322581451389941,0.2572068968257816,-0.485391077399234,-0.5383030755986553,1.2672126354885977,-0.9203002136153783,1.5875038777914212,-0.9368811212482905,-0.8610761273589923,1.1867448544589139,-0.6974916430395733,1.1201521971269799,0.14754799789481987,0.8037579220431275,-0.13197186942425576,-0.7542836631587184,-0.9712808797698878,-0.05611031339876575,-1.4819145874179205,-0.09160198782676712,0.6572920540476432,-0.9899410476603862,0.9322616397128769,0.020503650559328544,1.7215220421633521,0.7723514883066654,-0.3669496436186342,0.25553230637117685,-0.24621644957510389,-0.9678098556298352,-1.3428326420505343,-0.2075371886939886,-2.8899257569546863
-0.6026661900738624,0.8388479291807484,0.05913766661221646,1.533509559660333,1.6443094537486602,-0.8961872252381657,1.736489152768901,-0.4852484075654779,0.3777583846135301,-1.8829967147063351,1.122743054465277,0.38422691350385346,-0.5273386655803112,1.2594934657966304,-0.42548580250964907,-0.6718826712157555,1.4304411843035296,-0.2556407821925254,-0.054534915132745346,-0.25391687412457725,-0.9207852459963429,0.5559620748975745,-1.5972507841894503,-1.6937651217421452,1.1410034577746366,0.14759617382230014,-0.5363252909384609,0.8950849405176454,-0.9927419904713118,2.1671908260958714,2.0495314218405394,1.5901474144752892,0.24099575985811594,0.19394952145668834,-0.4174813448671532,-0.38260007353951453,0.38236561935846014,-1.397757863903281,-0.5611942057580496,0.3825430476621342,-0.9230180087470757,0.22928201572049559,0.38445212678527746,-0.1657227294671334,2.135511842528753,-1.947456385594553
-0.5456426870763297,-0.644954493899189,0.06692322950051925,-1.2999972666729536,0.8615693881080638,2.060236115655237,0.12408485072295852,0.5638859800799418,-1.6470160343020073,-0.3444251898523902,-1.2887214206113597,1.3633303009264341,0.04836487069889494,0.18221672916320056,0.051891169341485695,-0.6731929612076671,0.7542591711883131,-1.801352264587234,-1.1986443824103195,-0.9812834049570868,-1.8194288345927072,-1.1271347847201953,-0.44641092327162896,0.14245804585961205,-1.434655602422614,-0.8056044146547576,0.12899884672768233,-0.8100021871526032,-1.619196756002853,-0.6362725219755783,-0.502132585263645,-0.005586761312347644,-0.8483677428871914,0.3612980616389091,0.48787943247624366,-0.16767694107252434,0.9237193625189967,-0.7329556158956556,-0.5508517991290122,0.5768728382122299,-0.2928101030168214,-0.34568786331412105,-0.34541538255971177,0.21999040525225771,-0.5713830513501233,-0.6372942173010494
-1.7820315746121278,-0.7443518585309621,0.7250259611633239,-1.4077805971664212,0.9370406932967609,-0.012619788679114612,-0.11776701267471047,0.5010297868368505,-0.10234188714607842,0.8186603261331943,0.6487675219126977,0.4971325103184823,-1.1376776857274113,1.1380089593864329,-0.7834464803764575,0.5220809400082611,0.9795963857481089,-0.9295684494184487,1.1136245712274366,0.40651599466470173,-0.6601943341909452,0.10331042071949872,1.4323296755705452,1.324845391420708,0.893750723880174,1.3184983089079856,-0.7232420339708677,1.9856119385807895,0.41695537688217066,0.08857485483623265,-0.43250692892542314,-0.4038030291550443,-1.8007443076607184,-0.9542272592750682,0.4036737845502343,-0.3648820259692825,-0.6603605586557358,0.7052499256467912,-2.1209479841433216,1.9290758279359206,2.6053423885006075,0.3026573886755323,0.6198557585296899,-0.8592996245412412,2.228707266127906,-1.8415351309908745
0.5626694915132247,-1.1557495229389092,0.49120134035853763,1.5611262160050392,-0.7442819399758158,-0.020664039257246823,0.731413988610327,-0.08680988196217791,-0.8922405156527085,-0.9092632089373419,0.31608342984473187,-0.6567808628455714,-0.8212517981897752,-0.9070724645532645,0.514140686017002,0.18765594244994405,1.0907951094675485,-1.0187274412924323,1.0754146718444246,-0.4852957666872037,1.3201701500286387,2.017955384095037,0.7047585006181427,1.5129562141745319,-0.7201376913336412,-0.12425026089137266,0.30307179017922076,-1.4779101093646514,-0.45127187384661543,0.4609783767263087,0.18187992672772924,-0.42120094224208887,1.696593567475083,-1.8328397166562724,-0.37998488069181263,-0.868513799997054,-0.9878940576028199,-0.28403433619703516,2.4756799426978846,0.7997470986215276,0.7794135653452315,1.1980246159573171,0.5227794590260357,0.44975812558905537,0.49986331100189707,7.702829038392842
-0.6558617059763479,0.0795722713096429,0.45569157045525605,-0.24716083428389604,-0.6581119408074125,1.293266888651695,-1.105600984150985,-0.29630782388981974,0.6168278001261701,1.6621078265183242,-0.08496320215183774,-0.620801527994074,1.3003244002827838,-1.1665222983167818,1.6730719144146182,-0.9191629149960672,-1.7476398276900682,0.5849361696224727,-0.9429109136074915,-0.09687631680012067,-0.7829643119879305,-0.4140245465389639,1.1117254515168888,-1.7710283085772605,-0.20907915766329044,0.8526058719479219,0.03469588190754459,0.36996761643733245,0.1559544714913461,0.5924468511848102,0.19603176860091368,-0.44296696544053554,0.908455797874848,-0.09894992426318631,0.9147896185371563,0.43212404107134056,-0.5319469487155556,0.37581101966796737,0.170122930656522,0.3014180485349045,-0.5139938992018389,-0.5359289689950896,-0.9013764433977299,0.7622408637986636,0.3575573490446902,-0.3166490226312223
1.6698839398930474,0.31946986310711845,0.42848261940083576,2.1223399814941137,0.07733247623132194,-1.5814681702773343,-0.13748560790983025,1.133526393920546,-1.1484328423856311,-1.856463468707228,-1.1147614210299848,-0.2322262599048441,1.8121615263533015,0.4173886272129887,1.0599598597379467,-1.4125570330475627,2.053290763708824,0.7190151960500067,-0.6309345127649608,-0.3176403232409248,0.9638312170882614,-1.4427429851717308,1.1550657845084988,1.270283868917477,-0.7454737638056876,1.1430179945627756,1.3478023043791278,1.0292002422176159,-0.8967301334311644,-0.11849481351092596,0.3190522493014015,1.5200541170774438,-1.268444057307646,0.4806511458844978,1.1566607615810605,-0.3333028758660589,0.22210692910021876,0.7218343799885955,0.003017949124062045,-0.11289498995316445,1.1604797116597416,-1.2836097829589115,-2.213022081256497,-0.2237095003904097,0.6749843106189615,6.785774194632643
-0.7394075292145176,-0.8903343389328787,-0.16649657829102746,-0.5689101177287704,0.04947432555280927,-0.15724765535200877,-0.9152127224119999,0.9399300709171025,-1.5507429470267835,0.027591429115695894,0.06490185341878676,1.1692716615348557,-1.0455774761219,-1.586149760408341,-0.20401835394640663,-0.9770620698933693,1.5532963100333348,0.2504135431028089,1.1053286347508595,0.4656928659929439,-0.03454022045185191,0.7898268695020638,1.0575305931278784,0.40758062329306993,0.19281521588289974,-0.6680384753248825,-0.5153711958546242,-0.3325741823626029,0.5197588125318434,-0.5818078095100985,1.3120054563844343,0.5828191969277382,-1.351654835743719,0.24347478300245137,-0.469005916100555,-0.9825891352390311,2.099101971813206,1.4101517514622026,-0.2805309381156413,2.2086499192512004,-0.05677535436665974,-0.401016546720578,0.46144935623107364,-1.0793185163179677,-0.10560073377224101,-0.9294432769345393
-1.0046517469549705,0.12436816461886245,1.1949160857743018,0.27661098840163734,-1.1163231837289433,1.5506849003463787,1.2462428567739712,-0.5690513148926949,-0.570165707647083,-0.25246148536285984,0.7659819527121867,0.9619182985844195,0.775237402269669,-0.8455557725504442,-0.5391072716252588,0.19642467477711828,0.2658291184251014,-0.6098063030433302,-1.4058033306056228,0.5127823629622957,-0.8182913070586986,2.244640727120895,0.570840809200423,0.6383407071116274,0.9341941942243615,-0.5569334064131767,1.4515619214668898,-1.9053620327986056,-0.07201566917647687,-0.3194074353324391,-2.0490762437637016,0.6243700187639774,0.19625024482871206,1.48246151375784,1.2743406711736252,0.34235834217868605,0.24415467312261221,-1.0144259071018202,-1.1832918245620043,1.2915659929153274,-0.753641866474248,-0.9944074432706097,1.3475074973543457,0.26854359289394686,1.1491653659330021,-0.3258357655757741
0.21924948589473972,0.10590958199146436,-0.4007248401179599,-1.2979623035135244,0.9786661825816612,0.370798698988225,0.501644072645509,-0.389274538880994,0.6215775134670165,1.2288031038081206,0.10665859286833501,0.7627671524182232,-1.1637877709122626,-0.020277318963349,-1.5764025413643423,-0.2862400484977103,0.597067103108349,0.9190568742108585,0.9803846845648246,2.8765687533551634,-1.2854375829684748,-1.3709033307025538,0.40915036551608197,0.1373578759815621,0.6788735807409496,-0.6687272785902418,0.894253748105963,-0.3344572634349411,-1.2397318579916812,0.6669782114811625,0.10661046140793942,0.7005141559208914,0.5462799160157875,1.6516655354372423,1.1819763933673633,-0.8660426073595946,-0.49971777267808437,0.2649685477717258,0.009982452218899386,0.9071506137354619,-0.3901054527963771,0.04548294672915814,0.3421057146259943,0.15561500387842228,-0.7539853110731245,-0.7827129706772471
0.24892183633395423,1.2932299741714048,1.2033877253426946,-0.1815430012372739,0.19373703998791925,0.8054164374014127,-0.534375005966613,0.20823256696344725,0.2997824047842465,0.5693954051138551,-0.696292508357697,1.2525312576246128,-0.6405722892596486,1.94776635060092,-1.3066156999658305,1.3577034861438713,-0.9255818478673568,-0.3064266012757767,2.436177103497725,-1.0824008352003014,-0.047867486684016254,-0.7700089326099225,-1.7860519348993258,-0.7132788349214566,-0.27420221464178957,-1.004171937467762,1.934872693844288,-0.10260273269168763,1.288236705079521,-0.8955627749730112,0.42317779650430115,1.3318023578147142,-0.6012016044025239,-0.5708764588500512,-0.1462944904128738,0.023023267977285853,0.4957136323541859,0.962247135543975,-0.046680184112087186,-0.42022560395311215,-0.8016500997106277,-1.5808538841583735,-0.7446856140080769,-0.762679380544965,-0.6590819153827412,-0.42816600174336533
-0.6553833419678878,2.0509684658183844,0.21648534083004303,-1.052919092657625,-0.6389294801749729,-1.5412659589936102,-1.2490177239212783,0.6401549347687,-0.7755814377089839,1.7536100277235267,-0.28092190707211406,1.1277834209064108,-0.09247736007590494,0.7497022192404772,-0.011610794050462402,1.0238121499915414,0.987297808000227,0.5441966832122396,-0.385331779928887,0.5875043869569018,-0.35989984114844414,-1.7459841012339778,0.46145284515403673,0.798224750358098,-1.2241572767408986,-0.4043274523173601,-1.9788458625281755,-0.7451730340703528,-0.05370120721849524,1.5428373009227931,-0.9360914404003533,0.27939797448626186,-0.31942842286241574,-0.3938186917759748,-1.243944232131657,0.738723397445494,-0.2799173949689017,-0.6255960768545179,-1.6094950007976538,0.15873676605425277,0.279797703008547,0.4557381743204749,-1.1669510771272427,0.016243424300134476,-0.2737033821125988,-5.586180144966335
-0.8484331190692247,-0.12401293297951432,-1.8229698667697054,1.0585278297338354,-1.6497831724662504,-0.9582947371147786,-0.3393258930528096,-1.8779600127013136,-0.4954843042819094,-0.29981014562851455,0.6315010629646829,-0.420279211443852,-0.038967002960547295,-0.3626055680825092,0.4005056616636174,-1.6351651930347837,1.1666519327647416,-1.033768263162777,-0.46577613649269584,0.6618611348599459,1.0171492147004548,1.9321368387548918,0.6324061583575251,-0.5315426668267297,0.2701753168163017,1.89326565300268,-0.18125225527581867,-0.13047980344489304,-0.7222027788877933,1.3138447330289875,1.2121154932349536,1.3193770400604024,-0.09398306982941719,1.550445560801891,0.9327689928592681,1.2128688396499687,0.2486343583694518,-0.5619516359031359,0.02978190887028168,-0.9997194503187982,0.10795735161882934,1.4144475195744042,-0.8080351482398681,0.09914479255621558,0.47474569420418544,-0.623199952752327
-0.25941936845569885,-0.5649246970011172,0.8724905799784243,-0.029190947045458725,-0.1895711265653363,-0.48215154069086386,-0.968063524890574,-0.46168384527963163,0.5561328892673624,-0.6254624505246762,-1.3311841947759442,0.7035825520840764,0.032691632043206825,0.3063001902175191,0.5681370646604333,-0.8633260616776985,0.5328005285551093,-1.6602805110770829,1.466895504318654,0.5275191750493774,-0.7788646972866009,-0.9973508198533896,-0.8063100312054764,-1.631891622888169,1.2327517200777816,0.9093058225143941,-0.4425726518212412,-1.2491692582946514,0.23925388173040477,0.7879780417056195,-0.5261025772803747,2.143337983696446,-0.5469197113811788,-0.30494947470356865,-0.563951604607532,0.6004221575549914,0.8752020470678544,0.6501067812337182,-0.7193684666041192,1.680423187469088,-0.193370793591561,-0.2044992306876948,0.2992810986880847,3.059291136484678,-0.7633118879578046,2.08923891159797
0.7191016701119494,0.4805429505045966,-1.6765985466203217,0.16861104518631403,-0.8284572508707571,1.981271667599104,-1.2139028667765346,-0.26739561883949725,0.31707691992587944,-0.3010021210617689,0.8646614072485267,-1.5867890500914352,-1.6985502743921608,0.621335980171706,0.3615413756584382,0.05073556532169236,0.8031746267485605,1.188117131393174,-0.1794025507508657,-2.445609578913596,0.47476190430970944,0.09770031674028827,-0.5861792367567423,-0.390194802287608,-0.8771499841209204,0.1321097347217158,-1.1473086969598443,-0.6956713011076686,-0.37743420823192225,-0.14367440252481603,-1.0602646973827143,0.3579115815659754,0.7952613196897457,1.281911413607273,1.5709309386735968,-0.5946250068594643,-0.7139995785749036,0.8961382426950673,1.6055798617075283,-1.1489445249801238,0.6810545198671922,-1.1249205316255408,-1.9922356352646893,-0.6183540718504034,-1.0402540199882506,2.770993111840484
-0.1092920861243314,1.013518165945829,2.0313726172332305,-0.8605747187222431,-0.3719157768915504,0.3087612949165846,0.6963008555203921,-0.45878407248296527,-0.14323599959817487,0.8418868210394933,0.6669856921934165,2.8955424343187457,-0.4775151254155019,1.4409498155854443,-1.4078589931905339,0.716832677876621,0.6060076384261727,0.41223433475709215,1.5638004578860998,0.5207873106056119,-0.12383956240944552,-0.7009603911902228,-0.4312686534246373,-1.4850912217803642,-0.5742174382437251,1.1361336475159047,0.16820908966499518,0.6276754116524881,-1.307285844412606,-0.8857367689497474,-0.08222812154004507,0.6567163820047556,0.6669847935383449,-0.0002482102290231235,0.345432083891758,-1.3093831430665304,-1.1552420851018825,-0.5694834665263997,1.3892060141140983,-0.4199178739559978,-1.6401045251918804,0.6528953057459814,-1.5267382915781171,-2.244986278566908,0.24884549553701585,-3.1465192897961476
-0.5702334755578844,-0.5754037838533307,-0.1331356561908324,-1.0134513276275532,0.9954259403709222,0.4720821876972577,0.7099330232152306,0.45834320266521505,-0.24357656425701235,-0.8481184320630635,-1.0993776764651453,0.2657133921974625,-0.6977464282151732,1.5824983821950724,-0.6499253641985971,0.7729757669006518,2.3115524122424826,-1.1485777717200552,1.8916014565096195,0.1763430929014549,0.8155798993890206,-1.5895615381935568,-1.522798648312258,-0.06466422126929122,-0.8188005960475354,-0.30151741320193054,1.3166682273329855,1.2275140000887208,-1.3242416358814746,1.2255572372993893,-1.6836530534902645,0.8896157623296974,1.7056566567324862,-1.7324989711185346,-0.7697953744900321,0.952012805151567,1.1327542201436296,-0.44047321751310536,-0.2836332512629935,0.8528962400134649,-0.1845481966483189,0.5321380387540895,-1.3546846767770087,-0.8537998926662926,-0.7297112680500765,-1.067697253051273
1.2052211978253793,-0.5995219486245826,1.3717913258347103,-1.7647453743117194,-0.6961370612287964,2.6447169188705755,-0.9346932884070975,2.246105854773679,1.597472592484953,-0.25025066514112193,1.4375746220984347,-0.15331720406207516,-0.6786746331267185,0.1516267654706774,0.823333677324804,1.6548711710276098,-0.4368223127198459,-0.7987258011345675,-0.017328387292991576,0.19197650650613907,-1.7364042107240858,-0.9898137699872717,-0.3329101673964487,-1.6603179271911028,-3.509824715937715,-0.2464025128233872,0.08540293959064227,0.16670364325397416,1.3112634183252938,0.24740266158324242,-1.0817432436095629,-0.8623077867862393,-0.015658934324922897,-0.5242332462527292,-0.9431498502791757,-1.4413429923422432,1.6184756849193498,-1.1522277459578594,-0.6390783183932945,1.3442516157450874,-1.4199148957153978,-0.8165150880194246,0.6943925953243609,-1.1411160233346458,-0.9838051159741076,4.9599291532178835
0.6037315311316412,-0.6201955014946716,0.4553615239969469,0.3267957131789883,-1.0531888492124681,0.48428217174547994,1.0469445369048456,0.8818731451979345,-0.4106074416578358,-0.9933142055735256,1.3759268036181913,-1.195927183098286,-0.026844172932173904,0.40466813562711484,0.731550580903558,-0.07503483418570961,-0.37107440245434165,1.3163449596745869,-0.08883017297853191,-0.03974732894942772,-1.83763812103717,0.10066748441726507,0.44525317116281854,-0.7818172473531418,-0.3864242659254214,-0.4667382697506364,1.111594417367399,-0.08622220617877602,1.124572387265034,-0.48629181595252785,-0.974596905067956,2.668161547984348,0.14918913120682792,-0.399131486352047,0.6206368863436083,1.3636628961016755,-0.5589500878078559,2.472865274387785,1.2489172541978097,0.40489256299545673,-0.3726022812534883,0.6868904286223826,-0.1906632358045294,-0.7419306574194098,-1.896120342246074,5.2437499051204055
-0.04021746254620793,0.27026771556771306,0.47311693237648655,-1.1105131514292141,0.9078245871125775,-0.3376628105901683,0.04599903416588678,-0.6732060925558169,-2.758841172171708,1.541129591673274,0.8295732348726983,1.9943799141580865,-0.24212892748386167,1.1743805858716891,0.453717893378307,0.2581713354727821,-1.3713202782350833,0.8638574343311964,-1.3564203050319963,0.4311399809910842,0.10577032801821071,0.25574660260660814,1.079155074927623,-0.7064535161307329,-0.41747738586358796,0.3009705365191757,-0.0010562467795363895,-0.2853383446081547,-0.40459263941021134,-0.8766447628782779,0.7599906398816938,1.0048482094815248,-0.3444489611313119,0.1949800547849507,-0.18085621897315854,0.39506880759421814,-0.2939403110311163,-1.0326107221681942,-0.40112179619739285,0.4282353501763184,-0.5146516972039819,-0.6573238170320166,0.024090492455696094,-0.23593731299898435,1.45758570424947,0.7521900780520149
1.8109888755661863,0.12961466325963142,-0.6952458591754366,-1.2892802101650063,-1.3867554855219835,0.23955410551507664,-0.9124679438646901,0.517215192605488,-1.4162971639727453,-2.6875465130845884,1.5878929489077287,-1.1311718675165403,0.5484673701410762,-0.17363978542272457,-0.6108588346456281,0.6905241100413388,1.441949847464179,-2.532147822672522,0.5537920665821531,1.2022462758921764,-1.3343060228510535,0.36951021060983996,-1.263334277094394,1.3866260935096384,0.05127220553723384,-1.9529481354306584,1.0011779239570036,2.2343762910765586,-0.19583277227685103,-1.8662065280529376,-0.06708003100344671,1.2041730282023317,2.19954495735243,1.4509636595970352,0.44751977337253346,0.3279049856923527,-1.8596238113142065,0.5815897765357964,-1.887634641396971,-1.029771880290268,0.9925020633712266,1.164721596133292,-1.4850034561420158,-0.1400312277969028,-0.13849730304020624,3.7897340976964604
-1.2229660848029695,-0.9758206844922911,0.7327417790468049,1.6317738291578068,-2.1210134638966505,-1.745355057513069,-0.6259339656194455,-0.19558484168455925,-1.0155632093161435,0.3762766519019483,0.8565770898618368,0.02145881243254474,-0.10601228572251634,-0.5203968989734384,-1.694360512128479,0.23657693295781276,0.5380248161915022,0.27529098048624023,-0.5513961583478705,-0.8098420540713815,1.4731117704927112,-0.008955506269189903,1.7913976927680475,0.5825399122515648,1.672973882659161,0.2989497554556169,-1.2237109895881406,0.2460851983210167,-0.27756108397236634,-0.2619585980661588,-0.1782726187974079,-0.05151987932310971,2.2463942128062873,-0.104625238437741,0.9824078668109639,1.5441460365721513,-0.3340249172406405,-1.3553852354703726,0.401822229387361,0.016378773027390343,0.7609850601395575,-0.41337029895795463,-0.11181326488713836,-0.45210888912304653,-0.28364465730461147,1.0605523683442275
-0.02732978191382767,2.6725888514937695,-0.4584800458836243,-0.4610802225732834,-1.446960680321672,-0.597815424581061,0.19403145477912295,1.9507935727883836,-0.5250872088126387,-0.474882788692396,0.2315479416744331,-0.353974926777896,1.6075156321711652,-0.17018598459635512,-1.6265077012001097,-1.7421818288353739,-1.606424853245424,-0.7055467792450305,0.27587308527657484,-0.545550959491185,-0.16379614792248112,1.05441231183202,0.8606186965643279,1.5390735777367397,0.5866906692547968,-1.6251145388695454,0.8062577737539793,0.9945816164263035,-2.191408752013305,0.5770907645616611,1.0331304384167945,0.3418354211891539,-1.243298133169471,-1.012368756515877,-1.4128744440270424,2.0284606833801,1.3270462304813784,-0.6736488930964533,-0.11773079070723323,0.5566546668538731,-0.4831910546589199,1.1392325912839794,0.49015910586570227,1.230436099969415,0.169337601697254,-6.744061828862258
1.3612046197715149,0.6170996855274478,-0.7850607672044537,0.2480841840486171,0.33573765813801154,-1.6025582611130098,0.1850812790098573,-0.7864223369427261,0.6547540429543234,-0.6407713684284564,-0.8563543472851028,-0.4802272181156545,-0.6003909165122725,1.117835515726768,1.6391243486213387,-0.832606097055763,1.5526064299309439,1.9008521086819727,0.9413159722169471,-1.756369646638491,-0.1149096140765968,-0.16537441818498333,0.5859912089118392,0.3114550872951238,1.8625523274907116,-0.19734098984055923,0.7712322471800791,-0.6424191071867797,-0.8340563516619677,0.9049209149573684,-1.9607819340801822,0.40135893951658913,-0.3296512976943232,-0.08891478390335304,-1.6447007218792153,0.039394863643049484,-0.35139618071371204,-1.4101562698825105,-1.3060996631753117,0.377103177949209,0.029659987845978276,-0.14126961122592238,-1.3683062002975668,-0.9932618901588645,-0.565655307224206,2.1407655887832227
-1.365855712607911,0.07255615177258663,-0.8614387376385232,-0.3393713884946264,-0.010557419490596858,-0.12737931889803308,-0.5727911923325844,-0.36176943172911374,-0.9764954644923572,-1.6580935182767362,-1.3021279195674669,-0.8831649786985574,0.7940190509398009,0.5906619148091232,-0.199265816291294,-1.6063408430977453,-1.107632344313127,-1.4392634455820248,-0.7553884150603336,-0.6979294906080796,1.1534819815071258,0.6875951694388354,1.2630883305620189,-0.40838606240433184,0.7679897379541138,-1.7283900967756223,0.8198617392481778,0.831753433727461,-0.11601747027859727,0.4598711078946758,0.9289738152144983,0.5038747582375976,-0.7882055063392852,0.5440921292580402,-1.348451982209829,-1.1857492872768065,0.1711975507161258,-0.9157176679139071,-0.4483975049124271,-0.0837909204594806,0.6584584013967318,0.07338525135505958,1.5511096063992356,0.3497901111180336,-0.3665069677630981,-5.652749104493948
0.8531765756680864,1.342537184398949,-1.731846207561862,0.4214664785219222,-0.3917094539110021,0.8061087251221579,0.4903534489430843,0.8533685824466593,-1.4831532278521227,0.7054852264830116,-1.581268083556946,0.46955692477989647,-0.254180531842905,0.20323105936894664,0.08461947207692867,-1.565674786877989,-0.14414158431089205,-0.34127939327169415,0.5636916956044836,-0.7744021359675018,-1.596504777092867,0.14396369404630233,0.0660237596872231,-0.35157914359028425,-0.7521532861132922,-1.4773139296966329,-1.9715373381824914,-0.06019434513269567,0.8350826017499123,-0.5215398438620219,-1.6434818192296812,-1.170188908802234,-0.07687302513263614,-1.0979895268590805,0.2771111186517381,0.03107231183232795,0.20593002266550584,-0.12889307465272012,-0.6417348443130195,-0.915731373924572,1.1991018953915484,-1.9462142984370232,-0.6719239969495538,0.667317528982726,-0.6267803696630083,1.9510440143838292
-1.0083031401870053,0.35280572038328856,0.44340374999873383,0.4903251481730793,1.5069713700079574,-0.2886103114463273,-2.8984816940618723,-0.9713220479011367,-0.3227648321504413,1.0392734617621322,-0.6761518939311204,-0.7305701211755113,-1.0522682148117983,0.48372894526678556,0.20253101089261347,0.9814142500510561,-1.4263435706186478,-0.7305382912693281,0.43844989396947986,-2.813942352541832,-0.42231414657652755,0.8141803403743959,0.29657503929022944,0.5681796418812942,-0.5843595850368751,-0.14680655364047904,1.5333166701800611,-0.4104821690383225,0.4105961963370284,-0.4565654737159095,-1.2529324320817024,0.169894625154096,0.5228526846448455,0.5797732142379308,-0.6937434895978466,0.6782158351241611,-0.5149388978558386,0.6308761236804512,-1.4121528776343353,1.5786930478605476,1.281148456664086,-0.2469663940164208,0.8359801254253445,0.6391382179575467,-0.07967817265904839,-1.2443992123796503
1.1525254283980704,0.10497608887644666,-1.107136371426237,0.8018806261910549,0.5300044980599162,-0.37536961669893965,0.3068069585667391,-1.0100523381664523,-1.351237258688198,-0.9403998387174749,0.09264749672327681,0.6244307515552979,-0.3374670681353784,-0.5393333227010049,1.4834220376164344,-0.41319841793666356,-0.19867235737246547,0.48298607434553775,0.25077296514755654,0.9006221537990986,-0.6400114646073012,-0.7593287618800054,-0.21628796666112637,1.985575874788123,-0.274122534798331,-1.188228688990131,-1.0345101196063953,1.3846267830352825,0.9035355410659246,-1.7786291859971748,0.21525908403267105,0.5800374711378636,-0.023175363599772323,-1.5389678312690183,0.9442115501650101,0.09331632968245075,0.14303004232583336,-0.5451145135153351,0.19245588288385007,-0.38259208601229433,0.2687695652855659,3.0109867888485446,0.8797593085815525,0.45447939142415683,-0.1596862415795868,3.758501804532222
1.7727002929676798,1.8131330488649782,-0.48543873917789526,-0.5499690950865542,1.1981947800433055,-0.3690032348052928,0.8628345832280885,-0.7244527263812414,0.7162035801976296,-0.8952817033611286,-0.7869570696035362,-1.5565492097395943,-0.6350194669687567,-0.0051077751749113165,-1.011167466917947,0.5296584974630231,-0.3791850067394682,-0.4209664672914505,0.4563378232672627,2.4718881236837627,-1.2448198323907524,-0.3650816407063641,0.23193806571876732,-0.6352560215639578,-1.791860164726122,-0.09069155136373332,-1.487967408002503,-0.5120242796703242,-1.305767096070672,0.5181083285287347,-0.3862439912356674,-1.2931280955520996,1.1021073849198935,1.0065850798465017,1.541621585495692,0.3044076957583453,1.4878534950246647,-0.8770829997995707,-0.05619292990735472,0.4862612269079553,-0.8463466495670662,-0.08836867909721652,1.277752122654524,-0.41801276124997117,1.0223559891375553,0.1474377132322886
0.7637797274401785,1.2562195589710012,-0.5449438331584416,-0.7085352964075997,0.623043730942387,0.20509525060419473,-0.26408323764080344,-1.0416117674098955,1.568082087867342,-0.5435560548816745,0.9821010900211155,1.266522452649179,0.740341741425317,2.0527729766118443,1.8262463645869709,-0.997507815606176,-0.024127475526252433,1.0737299946924224,0.1439411450998506,-0.2681413185948264,0.3302550966158588,1.178368174917452,-0.8037496143038533,0.15859227936237508,1.3923106646731662,-0.5232927770801594,-0.5755629425757783,1.3208641270981583,-0.3705079592266912,-0.5305371436921902,-1.2085751989585738,0.42453751100831855,-0.09581928301174925,-0.221070823626213,-0.053758897245696644,0.5708777762594448,0.7011388904511765,1.0355604106765217,-0.41723750239495644,0.04839185261383938,0.5736121897702616,-0.267355198307871,2.3930740203214254,2.4841406153485623,-0.16525682241257533,-1.9819689643849676
1.3061267795625504,-1.2353268048703023,0.5246416125375684,1.3572685021658188,1.538577718463685,-1.0254431241014057,1.9837223693946722,-0.31480014819312885,-0.6602078751009262,0.574632174515165,0.7692294109773306,0.45366062356958753,-2.125244991317569,-0.5684444245160364,1.5472948985148842,-0.452193728871801,1.0540758667039962,-1.2322763105162882,-0.5484712507040164,0.7475675573798036,-0.4182330805538348,-1.5031517881952128,-0.13944319758848203,0.7784791724370911,0.9894913443279119,0.09995195057858884,0.7346970290250908,-0.9346096400530107,0.8917762627930761,0.7805589513185424,1.5590692009150426,1.5456659433447646,0.7411467764576545,0.7208091160098277,0.5114690115270946,-0.061286649495698634,-0.12054134707195865,-1.0048288672556585,0.8278674706985187,0.9589727104938307,-0.9991780769970108,-1.860943360678337,0.6852162015891475,0.6253885733853097,-0.9189770091582665,8.685136117880894
1.551324264248101,-0.49691209817667303,2.20567991873305,-0.45747041124398,-0.16003490396115033,0.3446956508738865,-0.7052221480808093,-0.5776586131287161,-0.6498349715286708,0.8333594122952894,-0.9649727277114805,-2.068519217380432,0.4533200671504089,-0.4530003560453598,0.6869681831957185,1.111949687102277,-0.8354485349982556,-0.5155453298112503,-1.1402151930066489,-1.4169412896196463,0.8625432640480688,-1.0675286830208552,-1.4352776481248444,0.3626528173853454,-0.8958171568033154,0.4188755361088754,-0.33754717688943786,-0.177172587580056,-1.8163452596657912,0.816248140273052,-0.1975316743349817,-0.06961457686222038,0.10111751070378193,-1.947360745842651,-0.12004614407113583,0.5729293266972836,0.41603894217916976,-0.8741455322184588,-0.5750608968176126,-0.013689393716607596,-0.6455785101795674,0.9081354441745996,-0.8721298646999593,-1.0506106664574164,-0.9936216934939887,4.063180647663237
-1.485718623151789,-0.16467169109270596,1.272772410820949,-1.6683447070763446,0.4008678708372969,0.4255591239089621,1.0093706761106147,-0.4858869452996751,1.2301136768903818,-0.28067235697091997,-0.31810971463244414,-0.8767344122514645,0.8991602961335482,0.42728608018670655,1.0174561839593157,0.516656038965955,-0.41570289125473786,-0.275463339357664,-1.6449712581869311,2.0060399885721507,-1.7403871881793307,-0.655883547721537,1.1300831684765837,0.6720230269809274,1.8572385640346036,0.3032257870979501,1.4868067666193476,0.611582192326884,-1.7449157897458345,-0.5847455511796235,-0.6823315668002943,-0.8368752002866867,0.5456025956970821,0.7944144010056043,1.137282896836431,0.4764137191940864,-0.8004921102568483,0.9562309417795092,2.56867519316178,-2.6645408634955303,-0.11205322255167856,0.3210951217663296,0.3769154460316385,0.39065046747265664,0.8571711191053941,-3.25775241404319
-0.052451702593178065,-0.09215597868619957,0.9018656026228791,0.6612341262836667,-0.11798656978452944,2.619407327684431,0.4098557654435611,1.8141788341621226,-0.1391434898313769,-0.5231022459859145,0.08740714452864207,1.3210809187204453,-0.7462761445479201,-0.5230901772031622,-1.671917493324772,-0.3666773091721015,0.09507292856061013,-1.0868540102705084,-0.6812587853611571,0.46337875412550217,1.4995830539872232,-1.4110433599142767,0.40861728438651107,-1.843173996965909,0.5760525759242202,-0.0010536030278263055,-0.007396582894882493,-0.31023850815190424,0.008370572805112924,-1.35936550335281,2.2084702294611116,-2.1051054769805457,1.0789854172513016,-0.876943819558191,2.03403589077578,0.8758410503029905,-0.27449096337155215,0.4939766927459439,-1.5418522685249434,0.6834791654258049,-0.06233338541082623,-0.11321008472415947,-2.2050236875268214,-0.7019354341125547,-1.0691468940024509,3.7802239683908656
0.8000748342577488,1.1821907374873546,-0.16870518256412725,0.2661851581111367,0.10573568963051701,1.4439276827152452,0.3629013147367543,-0.020567789991803795,-0.47331001791345706,-0.5313930440237604,0.0017071652187309059,0.5263965347679349,0.3217817814823763,-0.4674448167314782,-0.12293228906362881,0.008987668496828452,-2.357431133858675,0.4769791735621355,0.10057335855310791,-1.5349652061245236,-0.20346692024448035,0.19643550120264544,-0.09594557804652205,1.6318200615244913,-1.10940938603351,-0.16251802777781135,-0.03450789747453528,-1.0344252506976204,-0.6089259885996753,0.415719792995974,-1.7053336756302175,0.9696471344098476,0.23753312437389063,0.4472332549044991,1.2227358189424093,1.1158661051327485,1.301469350933816,-0.3187877881575673,0.5132179205018805,-0.4388959056372335,0.0001891597541665112,0.35022844929979763,0.036284151608757066,0.7949499728020396,0.22368498648106863,0.16797885523584966
-0.9180777156415013,-0.3566189379957972,0.979636012175858,-0.278651613999844,1.1531159655137195,-0.4816000750645638,-1.2650808390461217,1.2589923847090259,-0.9714802762825665,0.2599380294752702,-0.2909735960961768,-0.09198083796564961,-1.2364943738793797,-0.5645704539776938,-0.7329801828306027,-0.09168135994047064,0.2637472767689313,0.8734805552959518,-1.273495012313168,1.3031748208115792,-0.06520854895887424,-0.36008136554343917,-0.16920669545833847,0.44817196800833725,0.6383063403314574,0.08507610659020858,-1.219982715343779,0.1551239425378559,-1.6144709131112183,-1.1483279796116317,-1.0435871500701774,0.9855567191865847,1.3232484665156543,0.38945524833039924,1.3307977860300393,-0.9756740959154647,1.132380983505741,0.4003625460929191,1.474419923198233,1.3400867143473854,0.31514454098620864,-0.3692759129193378,0.36634938965875347,0.24171310704706805,-1.3890676182353079,-0.7496348610176553
0.6941543909381901,-0.039990278906592826,-0.26857650141670797,1.4432474067774903,1.2966020026372949,-0.5190680997296787,-2.3145556611543547,0.7995116894937853,0.14359975481292128,0.0988865155980921,-0.7701891111906195,0.32018805464479555,0.5298902405181805,0.6050035386244037,-1.4644457798568102,-1.262353305281256,-0.15120494014659008,0.3692296053820105,-0.08160932191862162,-1.2032185325640532,-2.045782712784539,1.3541126925696956,0.016540910112702378,0.9925383793013945,0.017575589020900183,-1.2022931581661487,1.3197784412621416,0.5157931905703157,-0.6066870149140728,-1.761397150931784,0.8539774457649234,0.44638960652654397,-0.7733719168610473,-0.5948729595795781,-1.7848607609548066,-1.6315439838156205,-0.5831567029586416,-1.967853219524571,0.6334174796852351,-1.4894119413676181,-1.9618052020704033,0.10513868976444363,0.16199307628580323,-0.7969646731300284,-0.7776555694615839,2.597783599978918
-1.2729880541934178,-0.32429115330494696,-0.6802049759554798,0.27353824690575446,-0.47461525576991737,-0.1284480575218488,0.6914853526446562,1.1799076504920516,1.3298558441620276,-1.026632771067067,1.0269000108606199,0.2134233648219947,-0.9462070891128967,-1.2680601476599518,1.8112204743381115,-1.198179712876139,-0.5466860897770149,1.318600710901974,0.07168968766503467,0.1258233103794884,-0.3655206313351834,-1.8100105576450047,-0.25560086809935306,0.021725066591918432,2.1052143169312947,1.8516560098853816,-0.016203303109650544,-0.6087320211453184,1.1613290150563234,-2.682595979975,0.37719933699440206,0.43366221892014534,0.45439301222267514,-0.03333807828447624,-1.4592713718805637,-0.23037046555424928,-0.7271011769356335,-0.25638202588219733,0.10695436164560965,-0.07911974893295674,-0.2948674625130815,0.25639347696601666,0.290517241842949,0.37547798038126606,-0.05317435163724659,-2.858280403242497
-0.22368629683547578,1.6312880939255745,0.963985121661561,-0.5011014330415403,-0.09765706151246496,-0.27022110296050433,-0.07258069104530125,-1.8890068033771288,1.4487969401735528,0.7738288918740419,-0.4292579627975503,-0.4403289313673173,-1.742754978573883,1.4036052964527996,0.34366793651890426,-0.4418568612603119,-1.4758082128895393,1.7320114817467704,0.6883360718078002,-0.40338928274061775,-0.02419663199088172,-0.1293827722541673,1.4410307615352065,-2.0354099010322626,-0.19666672083423747,0.90080710669177,2.9825282186542426,-0.7375925382784773,0.5696563857331898,1.8966269008387708,-0.5021633132473122,0.2426373413810467,1.906313951301915,2.098199799193332,0.2550915992536674,1.1252840088831637,-0.007402935374428659,-0.012296665743531913,-0.5912798685769244,-1.5519961954472794,0.7113302488728637,-1.9124270254582154,0.3389122984731118,0.2503777866422922,-0.5621748902661279,-2.510043322903677
-0.6167430609137141,-0.6962163688258067,-1.363790370113714,0.7055448609279886,-0.3838798245183954,-1.0670181247210824,0.14494540047449714,0.049967300919460195,-0.35070736477242026,-1.0082150373362648,-0.2400949689659782,-1.780095050473787,-0.7703284703894511,-0.3953458139859897,-0.604302673146727,0.6631246528071992,0.2895606149033185,0.3831297567417138,0.7045761620183024,-0.011098347960276811,0.397890872602714,1.3552332763560708,-0.9273544638918281,-0.33147094582013353,1.0639329323160664,0.4491565456961546,-0.061222297324637034,-0.9797887220593635,0.2376821500771228,-1.5102050498774031,1.1611762947691886,-0.6991973050325871,0.7223079928938754,-1.6282326858736431,-0.700550162032264,0.8252283971491722,0.23501885029233716,0.17435368525066328,0.6180172756357749,1.6129094925885765,0.655455085210569,0.641966898886516,0.556498662030795,1.0046952023651816,-0.43770683337336647,-0.3963895522063945
-1.1095677964246786,1.0872390982222562,-0.3679886359307643,-1.0158345544254195,1.2708119279678378,0.4966249820890244,-1.7434065730242068,0.07496576543353853,-0.6277792851067842,-0.8132220917162406,-1.970620085253742,-0.5220172063870884,-0.4997881656054738,1.0847625228880737,1.4083838758893752,1.842398361667703,-0.007518443169898935,0.7399359146318951,0.3096910606374399,-1.4217029448072205,-0.2830127719755207,-0.5923951888257274,-0.21835526991296397,-0.4495408736233835,-1.0772130475319146,-0.8481305928267311,0.9370192455038239,0.7740783469627465,1.4836657205279817,-1.1017115102343635,0.636997574667284,0.9768733647951973,-2.116350908068864,-1.0728845199378074,-1.4281755420386604,-1.5042418043429957,0.2307601939994222,-2.306260401396589,-0.8474568754316167,-0.16783786054578634,2.197465824149203,0.2472245448596377,-1.3392813091863642,0.4416330503109292,1.2646139952255075,-6.11265234965865
1.0264602341766123,0.12103329789709662,-2.1788867655100232,1.5883502075336144,-1.2061010116998954,-0.05788805910602206,0.6944600876573376,0.09067096126036905,0.30475432561523197,-0.25187581571759154,0.5358200121648234,0.6431994313664298,-2.4578890075390745,-0.19725405922945566,-0.9264675479275261,-0.010860841909037296,0.03716668610144545,1.3048110641864672,-0.6430112525847993,-1.5785467166149862,1.1373433741836507,0.3577749846752081,-0.8253919786948747,1.8084837873479331,1.5871858370828733,1.4778118271000897,0.8146525442058246,1.643682545654946,-0.13353372866627772,-1.407296424406659,0.30762826668255594,-0.7311833117861021,-1.7700642765181296,-2.2795023951024582,-1.0675719519586204,0.10941668865567507,0.5720790521869769,0.3356510970082945,-0.46379275336326553,-0.337007400198402,0.3595215187661712,0.3294227949924805,1.0948173562440515,1.3825212708239545,-1.3198530698981843,4.841642148921803
0.6203956424100855,0.4482977457609045,1.0873485509755296,0.795788125664576,-2.1220654908332044,-0.34181444321392923,-0.5189982671289421,-0.0573390170642988,-0.6897254338654574,0.7587586947404078,0.3149835033115338,-0.27202523945898205,-0.0681174476011056,-0.38341876936661823,-0.15525807206924647,-2.08559235124653,-2.011533533839531,0.9565941985362615,0.6670975357430364,-1.13652966476551,-0.9601515547228492,0.5035932576572184,-0.22656880849313335,0.4945647540419196,-1.1050125463213007,0.8621738460186243,-0.5692445680931391,-0.28491897483921674,-0.4302046438433416,0.4695722480561985,1.0340941816671687,1.0022914375061092,-1.792909454031517,-1.4718183696084215,0.08339873855120333,0.8768000409885677,0.2210162939963979,0.18062599989493328,1.191454595573467,0.7309693277536454,0.12458804330130398,2.8981218281554333,0.07145950665907298,0.041676041919413764,-0.4831112609068388,2.487271784594674
0.007202654356628216,1.383179026578522,1.115780471058537,0.32679766873293536,0.6869222994238986,1.4941447847887912,0.575661121607432,-0.05916763473975278,0.22285481024309106,-0.16837624113929306,0.1502812006688235,0.18288333301122578,0.12130915983313516,0.48558496438974286,-0.971454136016739,0.1071525530590027,-0.4908878447020949,0.28209714187816565,0.5391931120379205,-0.18668114024613297,0.17797365875174637,0.5101357360521089,0.00467551990871839,-1.4579339690024347,0.5724619816175699,-0.31951681336443694,0.3856723465908308,1.1859655212624303,0.5969001094560701,-0.5352711404057837,0.4966361547560843,-0.7333217796412588,0.5948048228323408,0.258667740298087,-1.2053468130294345,0.5939449050541187,0.8209488243637456,0.3803073958760158,0.5902944691294492,0.8877141620039019,-0.1447921122117033,-0.49088233053079416,0.11150311961962084,-0.45328809280050825,0.5796041805587382,-1.0751835704048802
-0.10115992417269677,-0.5640870951109173,0.4622046845289455,-0.9838391235365513,1.3363781249654079,0.5344455199027222,0.26007169682592224,0.9595099256117723,-0.3595460496379052,-0.8402453392837979,-1.203757120104684,-0.12188564763755314,-1.4132910942730674,-0.298911119559103,1.9439570319069022,-0.1740633856915382,-1.4514362601993558,1.4585903030531353,-0.6955133847556406,0.14584020734378358,-0.11803331060104978,-0.15905298984718813,0.5562462525931705,0.12965082030840613,-0.4245244923194553,-0.012946616770353437,0.45174836961708204,-0.09871245603601368,0.4975123283016042,-0.1721044510058686,0.25425654711132567,0.38238372684365396,-1.777840656335076,-0.22705526912783616,1.0883502615739382,-1.0060323184908675,-0.5728993486798026,0.516992587769132,-0.44671635654300196,-0.23870279533431227,-0.6239001314944433,0.20413179049575306,0.792351312212879,-0.37924911999297806,0.932515698026176,1.991491293906977
0.1343755807207382,-0.06853605214181438,-0.1449709759213959,-1.313155659288563,0.4791289546898257,-0.7134924963184293,1.1743782262927658,-1.0617226264517465,-1.1008146171608917,0.250469978987028,-0.5365663910089576,1.1695604094682452,0.47954834668130913,-0.08381168020052664,-0.15483353567612118,-0.2746135162915864,0.22045300545814916,0.7274739857651171,0.2930534358575962,0.062403125134787574,-0.17489545356902633,-1.007147162325582,-0.32383592905396874,0.10382330138054939,1.287538795708881,-0.14672462045099902,1.2569667124501172,-0.05062883050617129,-0.08517640887345669,1.2215678736193594,-1.6139743095545303,-0.8543554553283632,-2.6899440257743135,0.29698713877530303,-0.7336147352438256,0.02928822806328418,0.43659613185659174,1.2944916782231295,-1.7546650737473561,-1.2071408323231647,-0.599757863423378,-0.6973023925443019,0.16975646293802346,0.9399302618719783,0.1414308588121274,-0.8359716250393764
-1.386375400411579,0.06611897710269368,0.8554988346491803,-1.2287122733563705,0.962197764518786,-1.1441911155068547,-0.9171823591519999,0.42499784602683793,-0.20654756555698256,-0.6147605075182537,-0.1644660840618675,0.3776687274258277,1.5725915612398507,-1.2792157947878082,-0.9667596957495115,-0.542141370945943,-0.6610902440481972,1.3206215438175752,1.1105720802884698,0.3294360163036635,0.40348934439164597,0.5056443961675683,-0.8012971534973058,-1.4061880667937243,-1.0667453896517232,0.1583355961669939,-0.9751759405209214,-0.01877335664070449,-0.293060457990003,0.5405061833386844,0.37219096593305256,-0.34627298323490757,1.262843571941619,0.23600860344106966,-0.7448259663484161,0.7437783576610141,-0.6116607981288267,1.1422716616770157,-0.4135780749849735,0.08467588756700535,0.8101612256867436,-1.2603772894960614,0.31957184330684923,-0.2416145013384759,0.20247542226258974,-3.1297694358723693
-1.6296287012556818,1.6158358372502613,1.0351918042078805,-0.8295761853249684,1.0490302646061234,-0.2320807822825113,-1.0499993947312976,1.990739323958216,0.36236699910165854,0.05455256986469068,-1.886371478717689,0.08761539024246341,-0.7384359798660303,1.0339637937066863,-1.2666273043040013,1.1204303929954444,0.9935179549141381,0.6262046608187276,0.2730930371744191,-0.6400082510790636,1.5089460787287292,-0.5161773728395836,-0.7362164409342805,-0.26364905070575495,-0.6541662796726805,-0.6713448600379562,-1.0372804935873372,-0.15365416659146355,-1.9466482031676349,1.0481305715564195,-0.5008712704476544,-0.7250485445898751,-0.8490035250666581,0.41589983478107606,-0.19184080651741758,0.9679735093614765,-0.7348406728106767,-0.6246900322291618,0.5749174143442775,-0.5384799118850941,-1.307011068938877,-0.3326189585564969,0.10438587617864888,0.08185878305515981,-0.049242741900833914,-6.727835482325137
