x1,x2,x3,x4,x5,x6,y
-0.24532566703839734,1.3291998092260244,0.14567333838502697,0.708132334300134,1.4928967770108923,1.4046966084831705,1.885190148969546
-0.613352194218477,0.2973635878330805,-1.4416841572879366,1.83337548673016,-2.328482645541835,2.292007064768469,3.8220226536158917
-0.7267678754052859,0.894302380057759,0.2855985878693797,1.7620436657553107,0.11479556821447541,0.4642673714724174,-1.9075200487565471
0.05936607808851745,-0.20087989435635026,1.6252317804702006,1.3947979750458053,1.3136314291828877,-0.5320940043757769,3.370066833172721
1.0055802298305239,-0.34867739048534613,-0.24571114964758928,-0.7134794704454005,-2.7465794630227642,0.4944953309064793,2.941004331763704
-0.12813963165684278,-0.7436923574648877,0.03976844861178042,1.1487351093071627,0.8627963403102308,1.953822931598613,1.796661977274049
-1.5339924851325248,0.6222480414233399,1.6671782773755965,1.1096170559016714,-0.33164433837532936,1.2328068547630016,2.642062129407001
0.4707100425597271,1.274878588656539,-1.5324794845465695,0.9104708845335181,-0.5544581431663336,0.16533957205133284,1.5180960470410274
-0.5553112603901433,0.816863720135109,-0.41918750670380306,0.6313201868217513,0.18670624500056068,-0.47036714201138596,-0.2738113252245483
-0.20471619908473657,-1.1201451799523658,0.05369007595048942,1.72782297127467,2.771489167399811,3.539483219850259,3.401014995163922
1.7047629264387785,-0.2729641288526598,-1.3225517820356643,0.7327445100321716,-1.9776798602718435,0.3900221270014292,4.301366989587567
2.5738456675950476,1.2646728400441154,-0.40091182995222047,-0.15415221749395286,-0.262921108002329,0.126991684470945,-5.003309340228906
0.5556364801445597,-0.07315549106073611,-0.7048189001963197,2.02765101484018,0.7645391192840401,-1.4069982274249018,6.188939647089145
0.9506493125513207,-0.4703731875658597,0.24991053976188063,1.6617297740001848,0.7712068818453083,0.5506967783432882,4.09270630169313
-1.4056135217714243,-0.17080480259973477,-0.61720255547699,0.43441216516458836,0.5041592694539004,0.262392145662618,-1.3501591798089092
1.4203219409489571,-1.0879135905648876,-1.6833303196367584,1.0208067475767981,-0.6394663246432075,0.43157862936884195,4.190568510457088
-1.28689429556166,0.48365032986205503,0.11682093477955573,-1.25780842532697,1.2271927498659867,0.7168326415577254,-3.317084449628469
0.1421739552257337,-1.4279304608274774,0.6536683230766807,1.0792806785678157,-0.11912831786411027,0.8417713778841095,3.0548991597200037
0.6898167802152876,0.009694774681823913,-0.6868656386177969,-0.12915775644068878,-0.1026742517895728,-1.1606034194343948,0.6776893896688163
-0.3022782148671406,0.7843618972813861,1.4833652825604804,0.5981163788496033,-0.0882582244945235,-0.3360867539812202,0.794072016843436
-1.5750805098756302,-2.5842987693172117,-1.1110044776527328,0.03585914625663688,2.0378469882928445,0.5918906504221462,7.290522090454786
0.2949864135886758,-0.27849874581730133,-0.899801470386944,-0.5709296907417494,-0.6341961633292004,1.7762002488013355,-0.30452496554642455
0.8946777980655862,0.9134217516010555,0.9617907548424012,-1.3293225768330545,1.1579228197464921,-0.7940968295312385,2.0606829086686766
-1.7303960425593787,0.6365093861677853,0.3054894629087174,0.2094632847870192,0.5328999305817431,1.579541481623372,4.991364419806158
-0.09225132301517093,-0.19016841323047787,1.3310104768590687,1.0609753121850274,0.952320376617059,2.0855627847791354,2.7712166360607213
1.4462319674265005,-2.0467756395047765,0.7991580881461815,-0.12025394857432851,2.425916705547935,-0.4026573797556499,-0.06502498272881474
1.835247622818522,0.2908715668402934,-0.6741406605012734,0.007553164522218042,-1.1713743209105278,1.4365083268377068,0.5505887748964753
1.5515925889786248,-0.2747906390919062,-1.0008060848465092,0.3698073792508946,2.244276040635543,0.5528340389318679,5.051665952861493
0.6171344033228047,1.8037965127555933,1.0131839398006048,-0.14525996054767837,-1.6080458534563031,0.0048003685341073965,3.9266522401737127
0.661011500968997,0.4157965279656067,0.2938515529225595,-0.772209376697632,0.23689009276038903,0.9744552089247815,-0.98482787497846
0.14075079595508078,-0.5252452227684069,0.042240266266140025,0.1647315513386074,-0.28748413604417244,-0.7452847658608631,3.4506739920266574
2.0895084920144273,0.5677292979110509,0.12017311863681623,-1.3682680697404608,0.5876849165706485,-1.111443590055162,-3.093399991568096
-1.2869370928749606,0.16015035360974214,-1.818329124364349,-1.8067657956608725,1.347762202075204,0.0026544242635772133,-3.0848906476915117
0.14317464582452757,-0.8862688341552577,0.3175615291532528,-1.4457699240560375,1.5514365185000913,1.8524072898134423,-1.7759821685983015
0.630782504022179,1.2625781876643378,-0.09198077739624493,-0.08011592290868978,1.0303739258652862,-0.11966712507887901,2.0143099588063156
0.2716028639707222,-0.6374713345868833,-0.562245102097215,0.8496373448268294,1.1715631866298486,1.005756635868249,2.2083119673333074
-1.3381134361790943,0.22378586904575143,0.3843529955007657,-0.3221124998911779,1.3109167540846114,-0.7404503855857909,-1.8972382197146713
0.15037612982320056,0.5903025846396086,-0.3697760743468236,-1.8644261264980482,-0.1468650703574093,-0.2843081700441256,-0.07823345992476871
0.148120216953594,0.06338757115865681,-0.9402790663971229,0.8698656175322483,1.0694561683571566,1.0306414171619527,4.086392802587629
-0.8518047316006273,0.7284046211437427,-0.30264385678892425,0.37850235619483,-0.14339090640377608,-1.6234690085917796,1.1744621408971179
-0.34783224369517035,-0.3318339283335716,-0.9935779181328748,0.02558716875561081,0.6419916108008089,0.02471921815899415,-0.0014317655415647668
0.32943592719626763,-0.6106203594545553,1.3541505735058759,-0.6502152539694769,-0.61890442351967,-0.7136061284816284,-0.5789780068669401
-0.6792257999449379,1.314020155041914,-0.24297985427220595,0.17620848127888525,0.9132202774771936,0.16111188118754802,-2.216749014208996
0.2641228143007222,0.4543502413609541,-0.8543832392182875,0.0868240754337639,1.1436842444081528,-0.48229400675162376,2.3566615508664692
1.9433191269458923,-0.021177878215030397,-0.8233694843884617,0.4120944346765359,0.007914373866928856,-0.8593872882584325,-1.552678904080111
-1.080162110526039,-0.2492050792983707,-1.5650520996701367,2.0140680119423156,-0.22808670400655737,-1.2736785106257646,-1.5432504894800212
-0.15376112638726594,0.11103047386930784,2.0343755930117866,-0.11415447883569353,-0.7356795713421682,0.18257363261414516,-2.79760154065341
1.5541994466635354,0.6064011235518839,-0.07032808836365242,-0.8939357786070599,-0.8796566703882551,1.4051236071406763,-2.499391339571999
-0.9541966483844637,0.49838641416069507,1.9382233207410888,1.1926182550606241,-0.6377624493564031,0.763972366001811,0.2328412977504732
-0.8355739256205119,-0.10488061773881885,-0.9042172630305646,1.6133461856142841,-0.11415628111175252,-0.007256341618170353,-2.8351180527966005
0.23708348192612927,-0.34580352124728647,1.24348598848895,-1.1410017144919617,-0.15379018089769667,1.9650019173328972,0.26629553587920407
-0.3746337359835823,-0.1211727349400025,-0.31544066728760445,-0.3782182690474471,-0.4184863821111253,-0.0667245498869561,-3.866478216595558
1.414954268204001,-0.8331043903328118,-0.7783823648379313,0.34925310972289153,0.5392589557827581,-0.8011475030760129,2.594713920671997
0.11847626494229099,-0.23677676704669925,-0.3164703129011952,-1.4353593511128804,1.8752115047173092,0.30926301418497804,0.9727750563239131
0.9345565376211331,-0.6680353670089074,0.2467372123650474,-0.7609302290697197,0.5935057522283317,0.9512719495470845,2.8204126083151873
-1.5132000839864372,0.6618295288410129,-0.09597346892367847,-0.46352068761893594,1.4543119851979804,-0.9060394206342128,-1.4969622083860776
-2.371801713029135,0.34042858531626313,-1.0662397512390605,-0.9353416789209953,-0.17511161150269958,0.4604882293569409,1.15837617091042
1.1926667401317699,-0.7681936439166146,1.4938087373463134,-0.5335375298075976,0.24651515133731688,1.0394374392046695,-2.4648134326895237
-0.6221484627903964,-0.48864811682355935,0.3028472771832102,1.8283641044485528,0.3776117799948155,-0.013843768829801569,-2.2200567538955154
-1.3076343352920827,-0.8887162392823165,2.5879080146453983,0.060199827345182075,0.5683049322981192,1.7480968036883924,1.5983800305088143
0.258095890368688,0.7732145055132053,-0.7972532602541773,0.35797799751013665,1.351531463735217,0.952530457227854,1.5233641027244618
-0.8310609695838236,-0.3517733669009707,-0.1969448255758464,0.7890906409377464,-0.4857228313699955,-1.1622510785900706,-1.765386147774082
-2.083866993227177,0.30876070818078444,0.2764505085155126,1.516153762518117,-0.2092247189960552,-0.9092762283465495,7.178395159057173
-1.7403341079542336,1.1020572994988194,-1.6323894344175114,-0.7795247175297784,-0.1903913929559007,0.17611163567812438,-3.6792604512302365
-0.37107240572720523,-0.736345405328782,-0.6821899538677637,-0.16848454483652972,-0.5145370559771079,1.2467168567563591,-3.235372737274433
-1.9447643800428125,-1.1234736945345927,-0.14728004031532282,-1.7571446191494455,-0.09298851615008054,-0.31133097501299534,-1.1861823924662533
-1.4347517765551678,0.8478032764972226,0.6387668841662831,-1.3752540648311768,-0.22180427248222773,-0.9422118818358454,-2.717121080321099
2.5919219922847194,-0.3417013889475427,0.9535968201457762,0.4192065088725051,0.5194716027441,0.6758643824952909,0.11951348198977474
-0.02973916814961909,-0.7079386790132405,0.8393143938822568,-1.0552608659121474,0.5125666662677254,0.9157553778625572,-2.8227098311887158
0.6178999648189825,0.1764018323037151,-1.5673972041656412,0.8110998109977303,-1.7370580461994176,0.2787106290961647,4.413340051388428
0.8534088003225198,-0.4990244996675588,0.04140138935889791,1.0184682758888237,-0.0859596923892887,-1.5609151444274476,5.337363134875493
-1.5109171265705503,0.4304742316745799,1.5086282449609054,-0.8521899496554365,-0.5343212107468877,0.5610023125833706,0.6342584125044921
-1.979233044620674,-0.792319287389665,-0.28018875921140396,-0.3850686085980219,0.2501479800382817,1.0926265192618367,0.5486833445928307
0.16798545514667246,0.43005278877218367,-1.8018768800732679,0.7232965564053564,-0.19999401086067595,-2.532603975725939,2.427202613145921
-1.7509368640720486,-0.035539174654412885,0.07964466971548942,0.03954142457359195,0.8670802076958065,-1.094462416381817,4.158098110555256
2.334729595673001,-0.5159127699537704,-1.519112464127847,-1.6556355092999586,1.3866575286224752,1.104977262150911,-3.165182725321206
2.096866180334532,-0.4007172715672237,0.1765073493357072,-0.06665672809795499,1.0167372271883148,-0.1432467704094122,-4.755243617509102
-0.30370427752164497,0.7963282556007955,0.5764555250428328,-0.4881360179698268,0.8637900436197438,-0.13894718003474357,-3.3777280901125577
-1.3187002251114082,0.7376512382297437,-1.5973122540788973,-0.5164800465482041,-1.4591438910221928,1.5793243722486217,-4.148507206643819
-0.10363493916265365,-0.23200125406006644,-1.453158095688806,-1.5488974855915043,3.590185165644869,-1.5227958670345352,2.1382926239304876
1.6515000774909236,1.8967379525543453,-0.7414290157847584,0.2752168503795612,-0.4067745064272195,-0.25388496372083147,0.2143945968129827
1.5217898385625674,0.006313217610907067,-0.20704270219861812,-0.519176205675289,-0.26438265067196837,-0.2816415473063281,-0.9470286566360637
1.4321685216652666,-1.195364221052524,0.4692257592283102,-0.5812448469914067,-0.8424701273234544,-1.4988438761778062,-2.513622980902258
0.5586114591134707,1.4942529776726323,-0.6981820174112512,1.01958388672925,-0.4024891694513005,-1.238744936993392,5.146359214075035
-0.29665300285154605,0.05152286551125689,2.1489495871062894,1.123730604237899,-0.5212614994103657,-1.2105288188517769,2.0746357151150905
-0.22581278288286877,0.8602429393524316,-1.4215965035626748,-1.8365014303936975,0.3320893269679959,-0.14017272910671544,-4.113310714043818
-0.9926082160110131,-0.5213068054933327,-0.3997151766169822,-0.208340998778223,-0.6470937195898301,-1.1220751883649491,-3.5962866884287576
0.040545786918978345,1.0004630815689466,-0.5330789592036937,-0.006806916800071336,-0.31548423270900383,0.06963227447300516,-1.0361575574503428
-1.601261591445851,0.8215731210765446,-0.7208441553890808,0.5047366174333194,0.16467107701956765,1.2988240768295505,2.3516417673833905
-1.1672519938029644,-2.1673953328775672,0.617676297485885,2.915275195864412,-1.2869967592721425,-0.13651740786524455,-1.2957231569087027
-0.7537211853960746,-0.7497114072342487,0.5699253513579524,2.18856196470326,1.2655855156592366,-0.8145204538426258,1.0439897000772227
0.842550173953293,0.4420829140892305,0.24515644598528055,1.460210914931727,-1.1678812922799091,0.3973637582690606,5.576629885996735
0.13791313103781327,1.3300309751876367,0.42489595913680417,-1.6495636895898194,-0.013661126982088684,-0.23425142882901426,-0.7219127927683324
-0.07950393629949264,0.11736321003605539,-0.4081093650483712,-0.3747750263938731,-0.5337851433803554,2.420097060895858,-3.826716493155537
-1.1404849248321656,0.07723331534451341,0.6874058862863067,-1.9929022233874416,0.41478110321422906,0.09231344714168357,-4.7948335600365475
-0.42746730733171545,0.9146406681693107,0.8857325835531472,-1.528404218266236,-0.9986424179964364,-0.036953246453692565,-3.2431099457267685
-0.7580289195385929,-0.41889756524102045,1.140429345379325,-1.2482870045892247,-0.5713903764717692,1.2422273387914946,-7.044858091528141
-0.9364907241101356,-0.9118999994190471,-0.9893934827245373,-1.2420409657144427,0.47044672297474427,-0.04909605371415647,-3.506242727428873
-0.6836677528530053,-1.1140350142452786,-0.5369649665045829,0.3568537687847354,-0.5469804715118122,0.3886343006216257,0.8147423930461601
1.5806240584200681,0.30971717127263526,-1.006554256891242,-0.3518188246103936,-0.03122792389493256,-0.6602017238597896,-2.1663665519398503
0.3116659354037603,0.1894186202067467,-1.6304594101862728,-1.295335172706812,-0.8768065887049851,-1.691338104530408,1.0255609475036767
0.9665618546360293,1.0458804804614836,-0.15935789711135534,-0.057724714630151476,-0.6694457301536552,0.6374172021745513,1.1221816690837134
-1.7440350270360117,-0.01376757585072766,0.3855943878326859,-0.3683211629879141,1.8732431519862611,0.49795009095154097,1.983889429705387
0.3547045434402372,1.072052113188399,0.8755633550504752,0.20798487062846457,-0.36495427108415246,-0.08867742540748202,4.275127126245031
-0.6132571373018337,0.2647786580487377,0.9702600707196913,0.3010654602840214,-0.4240473216342624,-0.5289941866052048,-0.15359789235888965
-1.0299326057972205,1.2290853935755275,-0.23566312502416167,0.446904306605263,1.3867259635083153,-1.0427607079122356,-1.066438265434539
-0.4868482083263777,-1.8388906975552342,-0.9478758829840801,0.7965634820111843,0.250196481030518,-0.45863636645798184,2.2348258886385484
-0.49132212774080053,-1.1610079954105628,-1.3353899400961748,1.0435782635483601,-0.10871292751638911,1.1029829344756779,-0.051406067748709594
0.21764389422871047,-0.7367490172779408,-1.1267405314756045,0.33245907727847235,0.9302888918269064,1.3834565086082116,3.4997389987045433
0.8753791134633357,-2.0820482711197292,0.5778504801943353,-1.3893839598652187,0.8807922603307062,-0.3509628761580714,1.3198096439040168
-0.5146959602804929,2.07789432721402,-0.4672572715000322,0.3377604045253121,-1.0619619331963066,0.22834459783877528,-3.8427003773255617
1.3378617248373352,0.937903619624631,0.13508483099288296,-0.4010624764075221,0.5051128578280627,-0.06968148431810584,-0.5814106469675989
0.6090559089273259,0.40476091813400916,0.39928695515818363,0.9638892821992676,-1.2019696754019267,-1.1280368653887487,5.049988240136645
0.0031532256532658116,-0.28543577403215237,0.3453537270858895,0.4349534901806368,-2.4926259814264617,-0.778441813980941,4.095595847599954
1.5871830252681478,-0.3978001477438939,0.015064436284502153,-1.4633713143404277,-0.8472648931359809,0.46986243112753895,-1.0130584268102805
0.6891264012481039,-1.8831363068575915,0.6999446301506251,0.5388213024535333,-0.8734636819231069,-1.3521649027202416,6.194881127494978
1.0865299410915434,-0.6905337323597621,-0.6770419793512321,-0.2517074007808933,-0.2981671673540845,0.021127303885780366,0.18991183994140448
-0.6187796858054169,0.3672704340960872,-0.6823654327252006,-0.10384535452727703,0.6204914561274839,0.2481900150406344,-5.979351622470827
0.7122138537887103,1.026842939972004,0.46195383824334457,0.24086889907964668,-1.0322414261423185,1.5122692617175564,5.976724777401617
1.7657390679112899,-0.2017928749154756,-1.0620739393698706,-0.31646392568100534,0.5658319737832831,1.584786550459487,-2.8054290017317856
-0.2039334813078229,0.32267400537168195,-0.6097658908995094,0.6824345107172322,-0.25463192411025604,-0.013888850008774762,1.6147700482512453
-0.25752206093501034,-0.7223496527962894,-1.4898295606263183,-0.3196496078822825,0.23330550772450329,1.009986109634309,-2.418820752046509
-1.799262557896075,-0.4464707993092062,1.2544461907704818,-0.43100193703165024,-0.07656078071227551,0.2902093507715356,-0.33804633527324923
0.37306400775717863,1.4111376661591395,0.18437556748482847,0.5521360596393734,1.181873050903949,-0.15219344120114742,7.907394947908296
1.633144526555406,0.3770361687430168,-1.945806241138622,0.11799309728610044,-0.17562054738482613,-0.6146624527439012,-1.1414181174332616
-0.039883927844835264,0.8138856989267323,-0.15183558974730582,-1.8255024457304514,-0.961440376816562,-0.011352477910392865,-2.5481922016675767
-0.7734516680081713,0.1953028901405115,0.24396576912173884,-0.01940697145169673,-0.2818794963200286,0.9381130968279341,-7.261048300016245
-0.7658750323217504,-0.1473491965285801,-0.5102586892431501,-0.31123100548459837,-0.643841412492202,0.017318633469341815,-5.062629528926112
-0.514265431778775,-1.3136075745058087,-0.07707001648967021,0.6277457057799012,-1.2497315220699476,-0.23782609227491383,0.175076604171294
1.9981243261633963,0.5351121667686216,0.49515447691394615,1.0089095621374684,0.5156696127937793,0.5305258521388574,-2.6377897117947118
0.39162037032039293,0.6638407688080604,0.6574641507514731,0.856627955170317,-0.5228290490604971,0.4503540323891513,4.103291161494894
0.870211042563375,1.5836432043347128,0.4417623408038586,-0.29749666846900075,0.8385156870962222,0.046575938220668765,1.1777016798266833
-2.250637359145744,-0.11048363138735615,-0.7861854624536918,0.8818730197180977,-0.8000923176090161,0.2298973016439196,4.687923709088487
0.1322118875290897,2.0035268506085506,-1.1984437456836798,1.9840893298796107,1.450932830898537,1.4333249809219024,3.333567095355173
0.4263747106994541,-0.1407756781200127,0.13564825290529536,-0.4621828633739178,0.6869917951834483,-0.992136621418743,1.9252961047041692
0.1445506811869291,-0.2081337199358483,-0.87324377338967,-1.2492525674003132,-0.0626223431877197,-1.5922962874227333,0.02298615720411612
0.03346424729414715,-0.5386241008359637,0.3428708836495843,-1.6626352921209189,0.32214251913167086,1.4401919539055859,-1.8968013687350669
1.495640264294446,-0.809686373640276,1.2606750529744655,0.07874160600808755,0.986957642920165,0.3584831302488699,2.3237722784455035
-0.050923323341105844,0.5774665485869642,0.47992498547705775,-0.0919032924146917,-0.9418847491483773,-0.06784428006526025,-0.1844994091239125
-1.1792943198390682,0.29452651692979165,1.0675729335602915,0.9502066264391278,0.09325519426232774,-0.767259579676464,-0.4831960317178061
1.2625992540455042,-0.3598940365249124,-0.5875067183768087,-1.8443340481344903,0.5835777861080069,0.5748850270069027,-0.1537348452531921
-0.32821175402330355,-0.18623467662783946,1.1307928454831302,1.1151101148191727,1.3572123334755282,-1.271968208028081,0.7190774779626811
0.4854224100936965,-0.6041739851761043,0.01310692107784691,-1.6022356883889726,-0.30616002295740724,1.4906872155332243,1.0623846491616
1.2632167569752506,0.6072515811029402,0.6628415853517579,0.4509403803806475,0.022395406388765936,-0.24209147364057193,6.2046346511116095
-0.4956365470251033,-0.7683783426436016,-0.9563765687504528,-1.611916850930476,-0.9465479709164154,3.6047273190959506,-6.262007753515229
0.30748099940501844,-1.1034271100078326,-0.04359593998581483,-0.8325126190352928,-0.114340593219437,-0.1302783930727628,1.283747561413487
-1.5473889370752079,0.8184175435079701,0.6871375873061172,0.6726662977527712,1.0109186729588735,-0.6473013585334174,3.762688573991331
-0.12010658725993707,-0.4306978866746492,-0.9841582133974377,-0.9745021912494117,-0.4961660735421524,-0.39118895443013035,-1.2301646485543953
-1.068489085258968,-0.4717180474938398,1.0814642704003212,0.27596496557281813,-1.5729144774372406,-0.6346092290433656,-0.8206793977542147
0.9740112632971553,-0.27595316791351127,-0.8427339646423554,0.7512664978838415,-0.3559469173526417,-1.2761959991679537,4.531565128633871
1.104796816397436,0.6922746511242606,1.7137001609194558,-1.6091134023258904,0.5501312265814075,-0.007759431790724016,1.218626920744616
-0.9162762199020297,0.5504515030893173,0.7937479588647969,0.3936278706245666,0.7679455804418472,-1.569310939234656,0.6481989012545953
-1.8822982753760489,1.166928242744066,-1.9241026220236166,0.3472580676113619,0.03006332619429619,-0.3880775324853922,-0.041515017767012274
-1.7247840714113412,0.17015543992395,0.23712191159086585,-1.0609729823025627,0.476976943923523,-0.98056999052955,-0.800083126986034
-0.2976704122840202,0.6298622648512583,-0.0004467462079532362,-2.1465560144979268,-0.8033890517199854,-0.5544361712033553,-3.91310476558607
0.9423549509131339,1.0293024731467715,-1.5713849404559659,-0.31072862543623114,-0.24562921458521297,0.3876892174590878,-0.3953799466154541
1.1202144768073639,1.0495196805547464,2.3941675169641257,2.296164623742154,-0.320006203678583,0.33602222239759016,7.059798888998457
0.6068936861240194,0.2728051965816825,-0.1778749337373878,1.069832948906356,0.509771351524396,0.5280808179434908,8.218070911581961
0.526744327007949,-0.20539689816371215,-0.017050143701203342,-1.2390096632138732,1.2406947040184877,1.5610880167896934,-0.26653870925736967
-0.18774303772879375,1.1619548780089672,-1.027447889302788,0.8802338226017671,1.5624432771284358,-0.8734113824942809,3.7245156175918925
1.3012531964047307,-0.1432989884929183,-0.6053334860039358,1.274907177787001,0.3340139148877829,-0.46032070014902915,1.2370318286415287
0.44268967603550125,-0.5871433283804945,0.852943818298174,-0.8462892163179688,-0.4672707201878989,-1.2077220634169195,1.1235290965556048
1.7288188123454238,1.3834177533569674,-0.6988886229273031,0.10047171084779397,-0.3489741694853953,-0.6912462739591795,1.9221310178106585
0.11712407634866463,0.10475749038673372,-0.3776471793328642,-0.4880019904393363,0.7782884910108692,0.9938216049137756,-2.642089754626323
-1.008999162608337,-1.5848139163350512,-1.4486297569113298,0.26927311440321094,-1.4001465242264408,0.764308155169744,2.373563290178732
0.13464439922444646,0.1069742956714398,-0.4201751550251355,1.2192482508285485,0.12095989651514337,1.1619445621378421,3.1312395852203956
1.397075098529866,0.28605740688265385,0.7359146207783351,-0.34179252420932416,0.37240800955611736,-0.09328403534157241,-2.070224188037885
1.0470185636171465,0.8522616020636494,0.0668438179319485,0.13575570142670823,1.455146767636351,1.0891703782640134,5.100828253646263
0.9780183766259091,-0.2196680443985366,-0.353012451058716,0.5558356165375355,-0.5989465729091474,1.1000389156375623,6.559035816457392
1.3161208315412378,-1.1720114107294841,-0.053643481527326425,1.0084475167510292,-1.3294880926741937,-1.9132793542537425,5.701900958637949
0.8714686760580691,0.5202016701044775,-1.1579201567861535,0.3255811153001621,-0.42847596520104053,-0.8009014100714352,3.0015642822764343
-0.6268397821594445,-0.5702234645267381,-2.075877331557433,0.6995876659073095,-1.3835361719487325,0.349255814757001,0.7889136514293859
-0.47100938126765013,-0.4315127636464108,-0.3489136967476123,0.8000014104622005,0.36579549044402143,-0.017733241981489244,-1.6048874095233345
-0.5320925103299929,0.24641482000511827,0.06710215993195656,-2.15022562770086,1.3712745164019604,-0.5106731033092405,-2.598296247114074
-0.3808791791489392,0.7681101168798662,0.2027710126784365,-0.42378870906774246,-0.4673454277108955,1.2319755339911356,-5.225665794570826
-1.6584032752204263,-1.0693849627086278,0.6538787783723711,-0.6425865143289504,-1.6632026282264327,-0.63778132686871,1.1542593703275619
-0.14770799231105125,0.23183127822180405,0.457207736369114,-0.18400285679466508,-1.9638648353222339,-0.5859130820097275,1.0033118687211364
0.5846835284447596,2.1095888435591466,0.2210729878287516,1.2914081668464974,-0.026566845492967187,-1.0098672197657506,6.370930106311079
-0.23011924350836402,-0.12058889581644337,-0.35155769318265717,-0.23979670734675557,-0.21166982764155926,1.8888588971676954,-2.730265072183142
1.003452321710611,-0.026408942308429387,0.779220250264419,-0.5009975512818253,0.038946670172969815,2.2374935992796496,0.6457676991266295
1.7208420179881219,0.6581238272692636,0.3166041784305375,0.2878578433476419,-1.8700818733497127,1.5421191887770886,3.5014870204689315
-1.9527930088745784,-0.048299888273477164,-0.2919991662754085,-1.1390514049078384,2.1458416376414498,-0.07835438997133001,3.47027435277987
-0.2074439195233669,-0.8787391183371588,-0.37374185975779856,0.3961794555977226,-0.4315731488778848,-0.06841953213472149,1.3283276626295857
2.0191418600122155,-1.5169350376314183,0.7957203277019926,-0.8406226138649711,0.6956567007275583,-0.8688198033824462,-4.041835658222512
0.6847581509250229,-0.06958399537667574,0.2582564317541334,2.294210958881207,-0.9970433276887326,-1.113041106664898,7.1113298993243195
0.6523692737749708,-0.4262733343007099,0.6096535052154337,-0.7045921434565057,0.002925116993872027,0.9714463286069049,-0.07219111119625621
0.9516207598862101,0.8398517440241998,-0.20973489241975807,0.23102227689688704,0.1715810906639517,-1.692768919300044,3.765035416799196
1.1905758811331633,0.7380920915665674,0.5753545678795375,-0.41654616763780306,-0.2787059337627507,-0.7180454848478839,-0.16369318890252615
-0.3368313692830872,0.8628674969765728,0.03528153113045963,-0.20060166232014626,0.16948433421186812,-0.26028613984839744,-4.461180178821506
0.8904277703504451,-1.7272217241497154,0.5754168877722085,-0.6714897009295671,-1.7266018864703345,-0.6027473179835929,1.9558893678151117
0.7085183230325005,-0.8497523308874735,-0.5646888202520972,-1.5586145136063743,-0.0630063624209876,-1.0384675660211713,0.7680722338166356
0.678061686501554,-0.16556758810869243,-0.370310233532926,1.6468682426536148,-1.4387221137618391,-0.5508788462204256,4.710299932877085
-0.030120754250823778,0.8060830331165147,-0.8178760526817528,-1.2073896865820104,-1.3916465798835003,0.06866322557789858,-0.9905382869666386
0.11667223351897427,1.0041283541369148,0.3537552433850612,0.5156650605075046,-0.8486089923505091,0.7866560769384896,4.514809541991715
-1.101507731597912,0.7569771006034615,0.7637011920783913,-0.45027682711744893,0.8312919973783915,-1.4437586883444637,-3.3975492429234215
-0.9297340277268986,-0.07571285552895975,-0.386167077730717,1.6602803660923038,-0.7610015110812475,-0.7203583205833183,-1.2733703601691246
1.6297537758157916,-0.7420649762437724,-1.29745956464258,-0.8499582088637065,-0.18666552238348622,0.44991610877149313,-0.7827194883007996
1.0635490957545815,-0.2630816578490387,0.36817651491980247,-0.9521315469912036,0.12711429066150712,0.7113134565595646,0.3684221542667723
-1.017285052576047,0.42567625486571264,-0.8756214361469643,-1.3729509707436098,0.8686163143849075,0.03120126570774493,-6.930995301684946
-1.5365914578231266,-0.47418439704137305,-1.4377475228522796,-2.153638653928758,1.4865271133114177,0.31404217895283554,-0.6719334007422211
1.314053362013257,-0.23400914411634707,1.6092028997527728,-0.34484550739361053,-2.8931277426759268,-0.10637349324953534,3.961145710675883
0.7928321599759491,-1.28427382137248,-0.9092416272898729,-0.7099353061018835,-0.21525059118972686,-0.7257682983378554,4.263763771715344
0.1943441160218902,0.17352722007118684,-1.6618827792368573,-0.3581691695587633,0.7309195171054224,-1.581843699424306,-1.5634261612851699
1.1681305074563688,0.016325514476326936,-1.162685531097359,2.010720804802325,-0.2723047285378355,0.6829517355553074,3.489834128137138
-0.9848732899295553,1.3214708789571121,-1.193472542452032,-1.7408320146789216,-0.05138843644025596,2.6328522061956754,-7.228007819411287
-0.2009093153142636,-1.2031038190602092,-1.4230295136116322,-0.19632052461700947,-0.8021504609153143,-0.07412763667150302,-2.692394860015656
-0.4095005446612713,-0.7439336269035663,0.6057134111116571,-0.6358445493953636,-0.8326509350988319,-1.5486986838566887,-5.056127970699819
-0.29991001641377935,0.7506868223887202,-2.0448844317425126,0.5454791109828607,-0.4475934292744055,-0.13676053737029326,-1.3081184844405098
-1.1477055790732336,-1.2350895270648494,-0.9813661880343485,0.05638022636111978,-2.6302260222511626,2.218760228899191,4.385029716538502
0.4296594015838092,-0.8593240608971513,-0.33731646884299327,0.7822319425748646,-0.8599625322162029,-1.0305946030173294,3.664064505955145
-0.9655237069159576,0.7315606520321103,-1.3285411547100936,1.0232697342563455,-1.318367419694644,1.2026829521381708,1.261837049655693
-0.7200467876609351,0.5915067063196646,1.3188249856405634,-0.2546439142737712,-0.07634862426805263,2.3402109029169664,-4.4973465125079715
1.3417097196099042,1.0852449111956692,-1.273120565991334,-0.36376561956133013,0.38785142303362485,-0.5513217438215341,-1.6619202445240233
-1.0796739231588186,-0.026937986786620325,-1.1418933560684887,-1.5155234084039753,0.4666977007643955,0.34989964652821004,-5.231791383715955
0.6064189872395235,0.12765164126442988,-0.322546238074834,-1.660341172415538,-0.5101893674326166,0.3160527359362112,1.6956946583778802
0.41330789617481134,-0.24577513965373446,1.4479478119122706,-0.47681084192249934,1.1152186656513767,-0.3774240345947488,2.5219734146907378
2.5376645994783855,-1.1433253715546274,-1.0353061421650154,-1.6020270805093462,0.8168291015616743,-1.343517696667566,-2.170053577559866
-0.25899818445158024,0.8185035056467393,0.22510874508964743,0.9271993438904746,0.04033187063969314,-2.26216366485255,2.4581654089620697
-0.5360638377281639,-2.1338543836346795,0.7739620143741792,-0.3542012983663074,0.814889285541852,-2.146286224187716,-5.930001641711606
-1.2123398189537256,-1.0245199449984088,-1.5396344390622723,-0.5547361542888987,1.1952029203684285,0.2446997181179877,-2.510662351040978
0.424005684218597,-0.21775786665789443,-0.3197374846220979,1.3178996788612556,-1.2347233382992102,-0.2560844477795016,3.4318306977520994
0.84677761925915,0.16934063933055177,-0.9347491075166716,-1.0160179203487054,-0.9839642335463287,-1.1926514949216869,1.062352330856819
-0.20251401891747367,0.06999748703076061,-0.8403708249610616,0.8114485774178366,-1.310716706750034,-0.5800210199784199,2.167382689501224
0.3916832296140267,-2.132456417798481,0.04804420928850623,-1.9279481501390694,0.6335167042178016,-0.3543359242951348,0.21132664625652117
0.5229714811277028,-0.8138109899320703,0.04699144972880406,0.006973187693272592,-2.0081172087881947,-0.5654025760478588,6.002665087976186
1.3818919221985286,0.09945779093348038,0.20596584457373587,1.067643739499375,0.38247343709858855,-0.4224204641413248,2.7791881270634833
0.7889147610665012,1.8344782959412944,-0.3675214155991254,-0.23456505467055497,0.5451173118880434,-0.2583774748227015,0.23661855418586794
-0.8305670074561827,0.4175365947516326,-0.8168651394106218,0.22650917812327437,0.04999041177086847,0.9356137268958156,-2.437950915915581
-0.8406357800820713,-0.7345691010000853,-0.14388752104350053,-1.932208081355821,0.5094022694928302,-0.7279552771554573,-4.955119605862102
0.3443302967055488,0.6362848847836893,0.9886105195202558,0.4442118122388067,-1.1069886984747312,0.5517165256052461,6.363581488618006
0.5318490681556624,0.2645906133849848,-0.10669206605540275,0.7380472496431556,1.8711108513521062,1.065854983198703,6.080995099259894
0.3773944680677491,-1.4242339833853448,0.3238194972110881,-0.8724230238529603,-1.0920064697934022,0.011875446347850127,-0.9043514514678364
0.2193553290552476,-0.4233440662390298,-1.3239018262350024,0.23199489474788976,0.36481756407575583,0.5604841296526264,2.2852052393069355
0.8042116412597345,0.12480283847583133,-1.1500188527732331,-0.035660882281285965,0.8017236529030424,1.3203627140258356,1.3678612320846941
-0.37428412301209707,2.1611875613946596,-0.5667703959968338,0.675901926741776,0.21200835264205034,0.22728957325780225,-3.1277846629185735
-1.2853642764933662,1.1363157294288613,0.3593832320550265,-1.1076321602910908,1.370792226111706,-0.81620653028601,-2.777510794805419
1.5848430534011564,-0.515963916459727,0.2482881482377194,-1.2629374927901749,0.3489073208200153,0.669302943935165,-3.5627741793687173
0.12142895572709453,-0.240776836517685,-0.11507140249149786,-2.0931549518528607,0.030388903209740588,-1.3312041387127964,-1.3163990472065905
-0.8983504186838053,1.3118265415065158,0.7566499406928748,0.33046384738734635,-0.1648050990984205,-0.16964182989914434,-0.9629046708550335
-1.0141157285326021,-0.8545630966228374,-0.5805940879813939,-0.5198140673051875,0.33909157195256345,0.3239967572066273,-3.782906068936976
0.5112634013201409,0.31216362474662157,-1.0194952671430357,-0.2263124292313284,-1.1420024692858253,0.8844813264621492,1.5417914764117062
1.0066794157249885,0.4261224713761626,1.5413197783487118,1.3367835295060575,1.2858581338737751,0.8521868311850671,6.366808805462497
-1.003813301023443,-2.104840508934529,-0.03666967577163938,1.2156976354825744,-0.45742087456556796,-0.03102360074459431,-3.375642068630764
-0.46524010733258064,0.1776121291734518,-0.7557686827138819,-0.5584316386841977,-0.24106727728775415,0.19334373601729118,-6.65459677772381
-0.13363899144544825,0.22790647597185199,-0.6716978443363921,0.9264025526038073,-0.28033771713221295,-1.2571838237682478,1.9629369563138095
-0.358180038066045,1.5244542559135816,-1.4971966079004562,-0.011180438887050772,-0.28932747192824926,0.4642243891925019,-8.348128154732283
-0.1696182697808228,-0.44136663086467437,-2.0271207165249194,1.0305603945686,1.2594404947397093,0.591940530722083,2.166685947399206
1.3653719481108695,-0.5975922591178017,0.7706010065095161,1.527840374179345,-0.8478199327897263,-0.14923632346230048,1.6313356102127166
0.3868633539647414,-0.971945511382227,-0.7862354040005001,-0.8421676104067749,0.03233486202811844,-0.22803613506438328,1.2376594529479217
0.42506575521190926,0.015331034005324711,-0.5052873287173397,1.1456159289489816,0.3346848413489048,0.23633190416106634,4.6082900834554295
0.7526109292134853,0.4773467125719708,-0.10603954369343953,-0.7895429092296777,-0.9610502383792031,-0.9107942795002473,1.6964602270022
-0.9273389224624194,0.9522074449724953,-0.6810899868432174,1.7685587740708357,-1.2926673882372905,1.3283600062169953,-2.860877823260659
-0.07516720410677202,-1.4148778743889294,0.01909653322504023,-1.3250958546582818,1.1546531456928473,0.7817479381519918,-3.6310431675328125
0.6183595127222419,1.2223709046076878,-1.032529599377336,2.5203451777371977,0.07961049600186815,-0.03404882968546088,5.21954082858151
0.45059260814252045,-0.11709304889106795,0.09757245920837769,-0.06435929696693758,2.1447443508194155,-1.593852118498879,1.4693058815693072
-0.15746790573794345,-0.11780796584988074,-0.835501546663375,-1.362962311688765,0.7820853629964915,-0.22742544673598045,-3.5334846769460406
-0.27470328805910194,1.035045851161554,1.5539216742751343,1.3433804040704824,-1.4214445003380476,1.9677057983056603,0.8910030461434779
1.4504979851705349,-0.3602851170896531,-0.8402544760287414,-2.24071100954506,0.6232998613419638,0.0956641913616696,-0.6346930792320309
-0.8553795657887657,-0.2711940109708152,0.8077412667591082,-0.7140132609565615,-0.8540763302082546,-0.25914968661672194,-2.9430387297906586
-0.47010143691840073,1.3713989584551112,1.2053048857963675,-0.14010662243668398,-0.6026662091711799,0.6244243335064315,-1.9379925059894294
-0.43287069284995305,1.07372322352999,0.4826060773584136,-0.4034002871864061,2.4956516279045684,0.12973540042169698,-1.12283495156922
0.6607314135604133,0.2372613325509505,-0.17104388825985856,0.7026694745211711,-0.7841596960662072,-0.5381712677800801,4.756300456373176
0.9225425951670342,1.3109164868512906,-0.16254492953526162,-0.5603678613575337,0.41377382647413896,-1.0772652416744755,1.4888960211736249
-1.7646479904839478,-0.12286150381665546,-0.17005976094967754,0.8576959114052763,0.6461364636764753,1.5815744321442287,4.67110336398024
0.5741936730765451,0.3796676216064433,1.9454795203588855,-0.17907007631962646,0.7067692773587548,1.0851543361806792,3.446943363583534
-0.043342856192466875,1.7363673722763595,-0.25834467754919466,0.5232539004906877,0.7608501819902247,-0.17449828573485945,-0.5603538736499138
-1.212873725686161,-0.4915586641089677,0.16910645857750947,-1.4911024620392754,-0.034147077930587785,0.02632634582307355,-3.071907930107476
-1.0684441556086903,0.13544628525875152,-0.8766933307311306,-1.223984842193152,0.5817289401850946,0.8821540871310449,-6.267327280684449
2.701680701772089,-1.7409075358359463,1.2493203038022374,-0.059752042947014916,-0.9478023517940549,-0.15008666292833522,-5.281786169400136
-1.812860311127633,0.5628709343147207,-2.734052823764319,-0.8990854858043008,-0.5053653039252745,-1.1257235298197505,-2.7094720420273037
0.15327247697593518,-1.2322844636114325,-1.883117335128428,0.5084192829894886,-0.6065261570081817,0.9318418766324407,4.473669610467899
0.1494881741149447,0.8234070015335302,-0.5626738154163633,0.9846592457521293,-1.722988527898128,-0.2965956737234391,4.082329778588767
0.3097819081392194,-0.5162823647827776,-0.10573019963895877,2.429355179126247,0.5776426605319313,-0.6423405165226695,3.070993807721395
0.3547479662077544,1.7730890819762495,-1.1408551010431824,0.5398742881218048,0.8707886911178447,0.11501620768313264,2.7947242413598166
0.1405805045023444,-0.6449160315121273,0.16359828804413284,0.6677281859415509,0.6494398384375463,1.194482558700809,3.2644732015651723
-1.5672337542382628,-1.1871508743194983,0.3329911266782839,1.01997346477934,-1.0261998846674083,0.5380656813978212,1.3804183466299509
0.9155377388618553,-0.09134617218089634,0.4206209300286941,0.27349572951365825,2.251387702817668,-0.7930133470732543,9.055992684712523
-1.5841289935335807,-1.3998618950086243,0.6156219667291777,-1.6443094046774074,-0.4759216579706745,-1.1907296504014697,-2.152560610058067
-0.20662324752258626,-0.3134174532618344,0.7023524034997051,-0.6769300972163523,-0.1582011244078637,-0.15095502087817111,-4.055250216061753
1.4438370369415363,-0.2935359477863951,1.268056113349236,-1.8093020965002995,-0.7491958714836876,0.2926538108821538,0.06582204828061067
0.41893956106159774,-2.2594804483474165,-0.9870749241069452,-1.0689293201524448,-3.4662873025335896,-1.056704068697143,6.711819785369995
-1.2658929072131795,-0.09193351656787528,-0.13722090210059454,0.8138210917182649,0.5493829260381685,-0.9825376031779557,0.5283809332102287
-0.02849418387484905,-0.22347957588068076,0.7575328116982143,-0.35305797304833286,-0.5612157731168059,1.099923795899542,-0.06778795616187105
-0.24627388732371253,0.7061544826473134,-0.2609026086289893,-0.995646892541303,0.37274911946378547,-0.15328620724154107,-4.350023138177895
-1.8599321786357954,-0.38724525661329595,-1.7962870467268033,-0.263833337143524,0.8893289632172382,-0.9055015961181463,-0.7241505572298852
0.3194158087852318,-0.9254867662337962,0.76967227694487,-0.3650635086128186,-2.225557375186897,-0.39597361088709754,1.5704705885437993
1.0168629632159385,-1.5846553267555608,1.1134255533019444,-0.8976499378522136,-0.23195018118362004,0.5582720344658971,0.36535107201792516
0.1545151359571911,0.3375293304239603,0.1780932836423021,1.1486095479595795,-0.196138480411542,-0.01631236892567268,3.6655401055478327
1.5053939962257457,-2.3247654706027667,0.8883487584449754,0.2857327842718586,-0.02885459236133455,0.22581394609089384,-0.05547378789977986
-0.7279094470351225,0.46834287759538823,-0.15470760722211233,1.1148395017999715,0.7872612879562251,0.5654107222730442,-3.8040334430182776
0.4329721221160265,-0.7833258217834765,-0.6924148060380462,0.18998697466905884,-0.458489866025482,0.21100125507804943,6.456193675216069
1.078033513756561,1.7881929404788368,-0.12331971874037863,1.5251811317387511,1.0419776401077652,0.6994139381648213,6.135368878913757
-1.4729748455568152,-2.477277278315224,0.2740225704400957,-0.8348959549171359,1.5766937452050391,0.736977476239412,-0.31877207856814027
0.4272956549515688,0.31705462184357847,0.25340089156455076,0.00020711802232417105,0.5214703170198686,-0.04466449027649328,2.9899759883055044
-2.1737544641491486,-1.185529794726022,-0.4425420967068586,-0.547497324071655,0.4299136408583183,-1.2633248627179947,0.8433091194683652
1.4293397300580968,-0.24651910499456062,-0.10145437989796019,1.1095489178726803,-0.15926592708240928,-0.5337746813164067,2.0706024020459406
0.05834229577160374,-0.04907043516391702,0.6538442684827621,-0.8491810950780008,-0.5639830490353238,-1.1615577473950498,-2.4143296151851037
0.29018038396905294,-1.0423784852692641,-0.9126655199019569,0.7566457989679783,0.7278705273945959,2.0499234251443705,2.2917868493382736
-2.150513098017105,-1.7814912914363528,0.016823752899976584,1.1399645785205388,0.46090257334079904,-0.6046773647405648,4.996189291381547
1.870535903323819,-1.911107413288653,-1.362427714264088,-0.3239152500965309,-2.4158740583879292,-0.7466980944284302,1.57811161507835
0.3132263266738706,-0.5316770124641758,-0.45475119522410207,0.3020512936621131,0.4255937790710975,1.719891616680312,4.605109927912576
-0.15283555843298988,0.6365413413940484,-1.7989397769211062,-1.0798532399449945,-1.1581608207512817,0.5719557496101655,-4.209108279712047
0.6296472006740056,-0.10340495334976672,1.7978954545895443,-0.6082676169762914,1.5096155999912695,-1.206122930619711,0.7295604273365062
1.0446280258064427,-0.8483548428689811,-1.7875300648825152,0.33858936218046953,0.49314596119511367,-0.4151282701056642,8.64898279156896
1.1549570689482418,0.9204969761470507,0.726637717735456,0.3663396971592611,0.31283840847638694,-0.7911795541032677,4.242937454048262
1.2939022578572215,2.1304037371574562,-1.058995632747949,-0.05482162588054825,-0.9445374846951209,-0.1354966895443871,-2.9059019094175955
0.9014261982011852,-0.45518169166449274,-0.5119286661703577,0.5688712918964973,0.872913495960267,1.6844747195986607,5.4971416193668325
1.8026410671919393,1.5155771569999485,-1.8153364420567997,0.7164475121990281,-0.7942166861013344,-0.5186809083863152,-0.43268632093162007
2.037371042349584,0.41664575699776824,2.121434393043447,0.7237759404412746,1.1983436939147727,1.3115939171703934,1.516937368029061
-0.4972221878614317,1.738482452331746,-0.3420056741398713,-0.3504756647313423,-1.0157299636544301,-1.6605098195046089,-5.4071933655726845
0.3856197837803605,-0.2762078375741405,0.665874232240604,-0.3020672336291475,-1.745421641721348,-0.37414402060968927,0.9991547712935651
1.0897475211707632,-0.12512658164347104,-0.2818297439250805,0.03174977155501881,2.055703262938232,0.6366263080335609,6.184257322940414
-0.052699507064458674,0.6374120211608847,0.846613524295937,-0.13391830209068784,0.07826624448327922,-0.8692210060904566,-0.35074191461954096
0.29753503543704835,0.5770770534995809,0.44722535906731314,0.6838277972275144,-0.2718011551401914,-1.7127106109522279,6.471160967618969
0.27630799584530774,-0.3820759462905065,1.2686766077843168,0.7062554952296973,0.9768120878418861,0.4362078168584258,5.330923366173114
0.8283057504501665,-0.06280594768789494,0.6399365589535687,0.12548736201788524,1.3164447483592538,0.43325441741919046,8.114511626231831
-0.30774079974812585,1.3445572346587666,0.27726631826443066,1.6358902560385842,-1.0868905628540573,0.11901971569225783,0.3860940668551053
1.6315004024983248,0.67473141090597,0.10607312807073196,0.19203524064597643,0.7728370665684791,-1.0647736522616444,1.583183689969959
-1.8945742916185575,1.4456633644024914,-0.9783646159455888,-1.3661865261404957,0.6464398026127712,-0.8518297200877446,-1.4212935882748465
0.5803459935710419,-0.5086609001432013,2.2821777551876767,0.3783011798437963,-1.2324079667006929,1.044349766211001,3.3430170300530033
0.7803163479252885,-1.0163642271294993,0.03232771886158817,0.1975963948426738,1.1797267407859735,-1.4790517080100343,4.476284711490795
-1.12508990831569,-0.019694383593900442,0.24641707987757952,-0.2318703822588427,0.2515752708771189,-0.07066621978974653,-4.140181353869157
0.4070668922493058,-0.8413778257300827,-0.5104214422652893,0.6687652214640696,1.1903511591481546,-0.06393514133582445,5.936175562169866
-0.4530163655994177,-2.07229558690819,0.75042677299671,-0.5627917814393126,2.3011119773912423,0.9630001133773267,-1.1541364299439367
-0.9676616097685368,1.184017556904566,0.027567412415884177,-0.2464428625987464,-0.2059010483048594,0.3041024038329385,-4.758204692008966
-0.8465528229196503,-0.7035160042806575,-0.5654074214400174,-1.1460248394914523,-0.7474684834565495,0.009227216082835115,-6.7802278521759245
-0.5055957223370214,2.3096893927331252,-1.0507522191184773,-0.8264131226128224,0.8384334974238797,1.161836886495411,-7.281016624822311
0.32619325639893065,1.1502438622429974,1.4135511817847526,-1.076202635386816,-0.6389194262452657,0.6111252225940954,0.812469850048454
0.7663357714895858,0.831642633435898,-0.2181283522555927,-0.7924562992953745,0.3383424750581862,0.3874019206994689,1.3307387377585476
1.1416730220405091,-1.5883797548113132,-0.08281085116061075,-1.0357294450701007,0.27160259603459797,-1.441003188007641,3.042880773059227
-0.5050906961123938,-0.5318523160441795,-0.9466308823582924,-0.3453621226778722,0.7636243534761884,-0.9852959999326105,-3.9187985569192088
-0.696837477455718,1.6154000478812862,-2.360828828474196,-0.6220822279619522,-0.3207035737745358,-2.9617986897913493,-9.713240229248097
1.8230611664705227,0.158862467349269,-0.0016136144203815748,-1.1545240710992244,1.2841661353662974,0.2796183159243913,-1.1721240721087165
1.3197887040836822,0.39168198520873654,-0.3627626066688805,-0.07431941227676933,0.13270963902764088,-1.0332123196870293,0.5175515693583626
-1.756441104497067,-0.33836014245434115,0.10674429984328973,-3.8728872042356772,1.2097010101312853,0.03556789034851916,1.1957786269017814
1.4256366922604327,1.490931627577928,1.465737588079685,0.15446873500308742,-1.0471312467090073,1.0779292890642143,6.174432331587221
-1.4543541207323458,0.5428276976800234,-1.5790916199514866,-1.4836153188805834,-0.335909305749882,0.2326279478006941,-4.990737717995951
0.40494543271375233,0.35521924517347575,1.4292804768555543,-0.4591240449842591,0.1996352379518126,0.16567678186487453,2.8214981534685792
-0.5080440004558974,1.0685006539480033,1.8110872322704172,-0.37303815709713384,-0.8523475224449245,-0.4803162984824982,-1.6412636653565846
0.20114617584820044,1.182791949690458,-0.33239939150997827,1.0705948498724358,-0.09352198385225718,1.0332064808584123,3.4226720274519296
-0.19483173728323375,0.21931921176547906,-1.644716962563181,-0.34451672209995676,-0.9053780318435503,0.7710666983179068,-3.868108231048241
-0.4809544998978051,-1.1552248771422,-0.35927174842773,1.3104645978313958,-0.5893433033956234,0.3195949219485463,-0.9634505620829696
1.5914325603673765,0.338764036018116,-0.007403341672456706,0.1969973728063794,0.6881060665229936,0.3273147728503558,3.0653575498498657
0.14962685047529595,-0.7235442431964152,-0.2033078161019159,0.4273899362505778,-0.679957882425979,-1.0970953066887124,3.9214528519474032
0.6881044700973067,-0.027155397570287152,0.09767606843721843,1.6328155144507697,0.5174777627070423,0.32172758854131733,4.90557442656961
1.628030645648609,0.44486733185767313,-0.8916472394029848,0.4473988109844413,0.0816833256678761,0.1194789920590098,1.3453639179350922
0.3042598383950009,0.7985344065183448,0.031924627785060174,2.07694083248774,2.113462673681891,-0.18252306769226914,8.149265062935209
-1.0785918335914142,-2.1316573187625965,-0.18900672826581377,-0.6746017158299645,0.8069846413764447,0.7700838376743482,-2.1699114423552963
-0.5771188105696652,1.2352806918380426,0.5938020573403692,-0.3508718976225139,0.1639899538419186,-1.2747508819170972,-1.5386972782004626
-0.6486799649519347,-1.2200022092173284,-1.0422126866083372,0.6311858307852822,0.267788599288246,-0.5519394282036575,-1.8244028680305309
0.3044243356897474,-0.9034930235503951,-0.3334453575872873,-0.9810862243697981,0.39815359432191205,-1.8606918529807563,1.952591931172402
-0.4243978856916863,0.9714914588724071,0.9296794018619331,0.4357817612472811,1.3477221655074652,-1.068527273553335,-0.2955144522773374
-0.775599490977714,-0.6823639118235598,0.23303739399461257,0.32315583087958805,-1.0941500263847703,-0.6194687234493039,-0.22122638672187006
-0.20347264922743535,-0.38365580188766507,0.42269406196805853,-0.4129113266032717,-0.06994898854971833,1.0233088812405302,-2.762069154989818
-1.5555670695570027,0.3063860371261509,-1.6587134384533064,-0.18156383435189777,1.5071424364543748,-0.1268814493815717,-1.7545131386270751
-1.32157865592573,-0.10921731646714873,0.36169726071513203,0.8681828966963923,0.4686474627713085,1.3565651411025341,0.763881432225996
-0.4276241173646312,-0.2853069830927299,1.896482939121056,-0.7009279133857456,-0.19156175221188115,-0.04500478457601463,-5.043480903376132
1.5391797541108196,-0.5075101461771818,-0.8000876482661068,0.6018411485919413,0.8065747491736807,-1.0307550144747186,4.096521386632189
-0.21238935815341634,2.018266572296838,-0.94727686362315,-1.090018271861088,-0.799806188635671,0.3031594306689878,-4.524395827872337
-0.2944445134579112,-0.02854818944943539,0.08301821992732247,-0.2670605856028111,1.750640523462963,-0.0404016083204053,-2.354349220661153
0.9272239575829415,0.7061718337728362,-0.9606802501183569,-2.6018641087265686,0.10135327812515439,0.9878994519883382,-0.4966448187912048
0.6948303731075978,-0.20476252308478107,0.320099437282001,-0.8615416821170879,0.5548828544947394,0.4222447912032723,1.8177396725428858
-0.27310706326659845,0.8131920849945633,0.7899105346547171,-2.1597688198444565,-1.4496161305578832,0.1216616425657472,-0.5186399434688802
-0.7720495469824936,-0.47374390292945384,0.020484869421552324,1.4497568373801581,1.1437956042356507,0.629888809941492,0.08335799284401613
-1.081404565981904,-0.15348822859283207,-0.7210480509048109,0.22801079334745247,-0.7556590087588847,1.868574480874814,1.297805978719317
0.5096445639977425,-1.2510229673081117,0.018696595086985415,-0.2892240399218131,-0.4799812289555884,0.5631910420352104,-1.04656476050108
0.5593502393897071,-1.5798868449628503,-1.1028604529963009,-0.432083564504579,0.014999233174476649,0.338326021083738,2.5192924972589865
-0.31503160200046953,0.6167797283522373,0.00012475675159771057,-0.2807288129441315,0.06025087594560932,-0.6080320621809542,-3.699070058311126
0.18348663370497315,-0.48116371049887446,0.21374545304034404,-1.8559118397096135,-0.1719326836947605,0.2806410686801358,-2.1075475506554593
-2.7018309294927807,0.25656322914230034,-0.8722538680803006,0.9469262737767591,0.751890716171516,1.3678635974490188,5.141962473856194
0.1754971930994434,-0.49474303965422645,1.5423820950008618,-1.0610384720300063,0.05411345205796654,0.8599909092093454,-1.6853504324820126
0.48758638392293496,1.1730928440737327,1.030166787043935,-0.040899554325651746,-1.3297837644468278,0.20077127422765106,1.3920206655545186
0.42632565169326336,0.11160930695776089,1.761812911057116,0.7414712020350944,0.043311891707211496,-0.7269995699574889,5.080164409172715
1.0434599109423042,0.49406781609379563,1.2158689731086707,2.0612409819981594,-0.16886135470775948,0.2963259491976708,5.335803114451847
-0.7275330104295837,-0.4381956909834087,-2.136411521546092,0.4288996310257759,0.4075448060067463,-1.6189354374260154,1.1485911062611827
-0.6117652635108016,-0.07400042691787727,0.5230856047862958,0.4241855021079979,0.42052539226800145,-1.0410088193842868,-1.7280761743340851
-0.21649327015458875,-0.5351016645667819,0.5811414126921974,0.01127415763111205,0.20259040828924263,-0.7652894090372049,0.3045269265424756
1.7954104682500236,-0.5093666779211989,-0.6837466792255281,-0.40156254366995336,-0.749552068219229,0.3513963247165106,-3.0098446789577253
-0.7278321484060951,-0.3854658552881046,1.4575580035138769,-0.34178232140753156,-0.30184611529196287,-0.09248150060417218,-6.814825471878327
-1.166612573784172,1.8147270950481367,0.8283975682210171,1.0509996916401867,0.5547663111207973,-0.040464259672888005,2.444143262750919
-0.22465417679331137,-0.3337841984417543,-0.4532244634353459,0.2010054440527012,0.09187458025492037,0.6363023036770417,1.3271255306442291
-0.44861784767098967,-0.2930160453735087,1.0713076049360626,-1.0502873450489036,-0.9481743889135402,1.1953211644238462,-6.229602385656787
-0.2958262655984006,0.11443466636081136,-0.29230158419550284,3.385980907583678,-0.15107058234023313,0.03811714750504432,0.8015757099874947
1.0666709886633061,-0.1565976545883996,-0.9369576315585281,-0.46079393934357904,0.8252405658986853,-1.9357937158233796,2.2738312824525875
-0.1765797533689201,-1.6695314758942774,-0.8503507376162253,-0.40680639457150725,-0.1781019071689331,0.5846897236179941,-3.5496601933434215
0.2633072017087806,-0.4097271069885674,-0.8164545140597733,-1.2781901933115851,0.23517572385439978,-0.3345958642925964,1.2435942053249835
-0.8494406372225846,0.3859329367243735,-2.490611534381626,-0.5585942839382781,0.5075899819242269,-1.218328597322074,-6.508365925157419
-0.029402769689914943,-0.19501882232228407,-0.3254205213124845,0.9707309705991636,-0.4291103589403766,-1.2990292115355548,0.11908371880190849
0.26947861528210293,-1.1096915679712085,0.5460502812259009,-1.1969513937514988,-1.4408306431982538,0.24883147283937185,-0.9374761103285097
0.5127986953986058,0.5082622566347028,0.6226057681830112,0.15239168056138133,-1.4018648753454162,-0.9334612855786002,6.662988128392867
1.5264889618741968,-2.980269143608105,0.6893229263053049,-0.08025884093200908,1.6504552559452128,1.5450315378606796,-4.1480731045331405
1.0581157350381813,0.34633224681836294,-0.37627239743566426,0.821573327262266,0.8358837538561513,-0.9082366563607623,5.562376762715026
1.702098108911201,1.4073146021291807,-0.2620141514967586,0.4087841448675144,0.4310750105788278,0.12623412199219694,-1.6131801548861875
-0.8279943361277231,1.1027119492684598,-0.7883605275339253,-2.4950474990402083,-0.3303038117658892,-0.7360480668857132,-4.5149722543688835
0.30492705879450505,0.5507916650507234,-0.22542036796714612,-0.8025833878902926,0.8932858377666915,0.756337085204998,1.1680034774084926
-0.08162233495434713,-0.29127815176183175,-0.7570520989457741,0.5946742565614749,-1.9299190888671498,0.9069912613931326,3.350125460786302
0.29747486166102044,-0.3541191713958498,0.9661376033860849,-0.3479562462241127,-0.9578145074594415,0.24008692599927997,1.2561421922230487
0.726516151811808,1.200658126149826,0.7749665875002348,0.34610686695933995,0.004513671694796646,1.7533978039537217,6.453177548021454
0.27324808520414906,-1.1309583604166962,1.1066858541645928,-0.1632194629033824,-1.2778444923112782,0.3891566073378424,-0.607268146570632
1.0169824631331816,1.220819434566181,0.10023056075414367,1.9060839734961719,0.12915370077892196,-1.2153251276325814,6.020320553788254
0.03863042186034189,0.06715079010818442,0.3330633849218178,-0.2444408552082997,-2.2386565810763925,-0.5746049795151564,-1.2093468665665106
0.43884847824420675,1.0451765761517868,-0.11393210537120416,1.8812228452284478,0.6911354763959396,-1.4728028137350704,4.461678104650463
-0.4229749719037058,-0.18145468803048337,1.0817348887293259,-1.2863254969566764,-1.3134093779544227,1.5277502974294273,-3.9127657845108055
-0.17309698332694098,-0.6961288848480707,0.45364394292276833,-0.19293070385382408,0.8947649408045466,0.6104659660698407,-2.064980391838216
1.1648445762074446,-0.156915825865405,0.20085341184479635,-1.976186093117343,-0.24965991139030821,0.02410089493483902,1.4214983361969713
-1.2177992289268706,-0.3576351481963725,0.21777236393756538,0.7772454883203527,0.17309930019755063,-0.21322922380174966,-0.24479454472497478
0.37777638869405616,0.13811725873466232,-1.2220151710324079,-1.4003126306504994,1.4465401123265087,0.7081864583163998,0.8377298339362299
-1.046958435331482,-0.9846734637409807,1.07621581336778,0.7488976487013925,0.25133450431611526,-1.5441803167354833,1.4698227996677342
0.23110942633567585,0.17814295983330453,0.37265389263893783,0.6344538979259366,-0.08010346720977046,0.6623823186636649,2.2703839825288945
1.5084740648990957,-0.3971798992710917,-0.20387389715242635,-0.31144078445598383,0.9604689305754497,1.8384671473888086,-4.141369291685674
-0.5046047723023456,-2.4593083413471715,-0.04397855481903471,-0.1606964925702677,0.6148476034281135,-1.06304336505199,-4.0372460956851635
1.500270831149518,0.9434841946138497,-0.2543145070288459,0.45085226408970736,-0.39663523392333344,-0.15425472817468724,3.6570498170493106
-0.2251416454773141,-0.1285402401986613,0.4623216316678914,0.4335731174054548,-0.043106358596006235,0.004287807182180609,2.395186854914663
0.8297255084332853,-0.5466051044264622,-1.038220333100311,1.6386820198410705,-0.08952490358110238,0.4622657956738623,5.546907682967955
0.8086145880601934,-0.058819382010120685,0.13950141601333615,-0.27430159571946905,0.34343242294432474,0.11497327118816689,-0.3580202276162503
0.340916998795399,0.6588593312164486,1.1448587652944142,-1.8026696916769656,0.10580466912822503,1.6765934917833987,0.6724741795824795
0.3167179584239477,1.5362664354531446,-0.5986606386382173,-0.22344829858610984,0.004189321747149686,1.7761871143335948,-1.9474533864386345
1.5102703141195224,2.11928153794974,-1.1090703334427117,-1.077991883481999,0.015250801790715123,-1.131629564085449,-3.6352602616139444
-2.0571634191839823,-0.24030169129366266,0.8932476319772951,-0.8332698714011166,0.5896154701449754,-0.5725166851588697,1.1475524558980452
0.6608266817618926,0.3992291920434855,1.1695841865315502,-1.2991027432433944,-0.0016784139757450788,1.4376469037664752,1.382420219512996
-0.48663707411414797,1.2453674744753984,-1.1326675516731843,-0.017183025974962764,-0.47155546643623336,-0.11740392940443314,-3.997682323799916
0.5490766962731297,0.0739335864289878,0.6399096497581334,1.0199871534746714,-0.7869893904287133,0.43430839627032153,6.024342051715951
-0.5657876305104974,-0.3205491999542124,-1.1820369984066508,0.37078433737597455,2.037488306355027,0.3800680555970612,-0.889273241105216
-0.6734774416998779,-1.0108796917979441,-0.0713474124420322,-0.9562680675531298,1.9818963072278728,0.21555416948375986,-3.512081378156435
-2.8112215746984788,2.189259629289679,-0.07315872771032618,-0.34141446568325096,0.8474051878802717,-0.2063840030141201,0.4530824331511453
-0.37324170911474563,0.9047516181414237,0.359089241620771,0.725343204233857,0.4599227674656955,0.38858631697108353,0.9745873717539382
-0.8812417546861464,0.4402847343133643,1.0695989789002829,-1.8664599134398525,0.23174242612124382,1.3245014627374343,-6.099668748141841
-0.06943049174121227,0.9599173700813336,0.9555679551245148,-0.15060267979693834,-1.4822521595193303,-0.19930796287468275,-0.32479678767957465
-0.7461070584029211,-0.5484248702304307,-1.393048045259018,-1.08334001885273,-0.23438316802097814,1.3788455118883647,-2.7039075518543325
1.2650486794725273,1.2098582075903925,1.0146014415305777,-0.23644423178636406,1.4148114619385586,-0.20513540882219328,2.859606731412966
-1.4774356551964754,0.6522324632005552,-2.0339541915979678,-0.4591000574640605,-0.694183785452764,1.015519012055255,-2.4829552055898536
1.123833553503558,-1.026375941170913,1.143702637216324,-2.3614418425765016,0.04775284456786829,1.5602219192347502,-1.637801173603905
-0.6727757317482895,-0.5612269489093266,-0.6963263103542175,-0.9592758419790042,0.2051428235440337,0.3517713212232761,-5.347321651257338
-1.6052013351280885,0.690435268947285,-1.1046390243757334,-0.9244243946511249,0.7612942277165147,0.22462661453702554,-3.4135410590544115
0.9807505772570692,-0.7569639336933691,1.3244111988496308,-0.20047539516407178,-1.5151072122699114,-0.044203057349523595,-1.4609755016136579
-0.21577805967597602,-0.6074188799696203,-0.8752564698532768,0.775376690566555,2.244233190429043,0.3530531557325443,1.8725282699892327
-0.6765112037201876,0.4568047415068933,1.5059454871391238,-0.9067721397763797,-0.027843147279570032,-0.4582794288434634,-3.5119487321023213
0.44550362146268757,-1.6670468381388077,0.991117745200776,-0.5440732493820473,-2.086425469499021,-0.6408889318151694,-0.7976906937955637
-2.119229169090949,1.307683188273358,0.5249738187184344,-2.697639740207054,-0.6966747451574601,-1.260869174613123,0.8586260035330465
0.6080631198558506,-0.2309741849661474,1.4396238513964628,0.6258288781604843,-0.2056338516196536,-1.2057059491842255,3.35444176988568
0.9787562551185361,-1.581602728940943,-0.7227299969729107,-0.35558537138832635,-1.5717562705686376,1.1087965272421036,3.2375332374430092
1.1203833281936182,2.8559431725330584,-0.08766026298433285,-0.7926131083480465,0.673160081841312,0.5339613912607999,-1.2731890127230354
-1.1722833043402763,-0.2400729650048836,-0.12547642091794878,-0.10309178472254597,-0.9628210334013291,-0.8504530526373127,-3.732500646838065
1.077708108024684,-0.8179011176256981,1.515030614807783,0.6937194658562683,1.1126425683598342,-0.5417161379150006,5.0225300516304205
1.1643239190161487,2.3110359332626333,0.0966128578293767,-1.9183257442841668,0.7283853306120768,-0.9326455455522468,-0.279200057352066
-0.23158818451879148,0.7008816193562672,-1.490499973480803,-0.5773985865491118,-1.567657443981553,0.3806176627390178,-2.236805252633328
0.24397586585432518,-0.9531811413708309,-0.6545600344573479,0.4603084503669213,1.041356906911861,0.5820381052624042,5.466457038386925
0.543021531635579,1.5203410724355189,0.6882389665312157,-0.15699834670867097,2.182221042199271,-0.29581930708709653,3.7737646205066633
0.3917152091066229,-0.5245164543321671,-0.8449223343141106,-0.20543736141000515,0.054773467874705606,-0.9880494863371979,0.1749659822224413
-0.10609092883856554,-1.1629571325990353,-1.3974928616123006,-0.7911726030817471,-0.5825583118520281,1.9700653630198686,0.8690850041851861
-0.38183518918918485,0.37892941279251463,-0.3775903879251822,-0.5960281780862916,-0.9085183625447769,0.4184989803104277,-6.244234260416782
-0.37233112158801335,1.4356774127348415,0.9548164277814484,0.24375803033339832,1.743958878331873,0.7998477902352428,0.9005270169138146
0.06215762355109094,-1.815080378943623,-0.13502085677323317,-1.7490078278454526,-0.7541335852600104,-0.4602198862666762,0.13265418961322895
0.07767557662869756,0.9616754831069363,-1.4892256061749318,0.7429531815363793,0.01358066422247955,-0.35172061618053246,0.506715056691556
-0.08328361299451563,1.4496397870966322,-0.25542257438886035,-0.7385595068330805,0.400258759748779,0.9595733557850044,-2.7916399052220977
0.1777278909383214,0.775243038625675,-1.1222018993259737,-2.1974651401895526,1.2127918711184205,-0.3918171333537378,-2.121479754533321
-0.4325576988914428,0.5091390103195317,0.8422624034935574,1.4105354352209825,0.0063928915404499005,0.2680691067642352,-1.2799597834889935
0.6136716940485397,-0.47709082197439595,0.029456224795243686,1.9357477893154176,-0.6364240199924703,1.1658985985510413,4.32817271497432
0.5068358689301333,0.20449894590349801,1.815172028106895,0.030717868928690502,-1.0465359741982796,-0.5187385306923256,6.164015677154842
-0.3414388843758714,0.08274609416288693,1.5296143206520971,0.5973173166268849,-1.1848172643781467,1.3867069814941717,1.7079039186904517
1.6383874040729751,2.2603540102942525,-0.6078325694306659,0.5463755576180339,0.5881010507898197,-1.4114880946544555,-0.2816973760026429
0.9993825108801601,-0.018142363122218834,1.4333505326315783,-1.0607515845155564,1.5581799088893977,-1.2119366421442155,2.717754141103896
0.895478668530707,0.08953905523050942,0.9583049815866493,1.014145756440039,-2.37258796271713,-0.8286358074144288,6.151499245042892
-0.4295058958312416,1.7254322388262386,-0.6142272819642028,-0.9287714793358604,0.1847773949396643,-0.08152393959949342,-4.205483600102507
0.006150840461046192,1.479995964212042,-0.45642498099644935,0.7127022651289349,0.487038875804231,0.23517106868121834,3.1945884825058672
-1.4120541865479868,0.11145406868730812,-1.536964763141283,0.8359375788570901,-0.588410595713336,-1.1803637489342562,1.6714771339434509
-0.026492236671731416,-0.5458118581761028,-0.5151641565881101,0.06631979201359382,-2.3403802432990126,0.288862126185841,6.487170858058571
-1.3053053614295616,1.5967382845101248,1.8309497350122288,-0.6684648863798993,1.1048079682553982,-0.6407089985602775,0.6028140475858087
-0.9995339504928107,-0.0876836441854597,-2.028538383601085,1.2301759456458006,2.3003505855123105,1.181135242708597,0.7014882923566227
0.6945550582818579,-1.2204120829297505,-0.4748103466370079,0.39252906887645267,0.6086100543063198,-1.1602629501615485,6.5539213112539025
-0.8791589182038101,0.37987714347420865,-0.6545469727093931,0.4978751085080189,0.23956696500934221,-2.065532266079054,-3.0194344713356127
1.5403381219760264,1.9370594430553525,0.6391903730930989,1.738729742227066,0.622864157285369,-0.4842865106392727,4.587004550556184
0.8485981687171948,-1.8488756965594328,0.06910612542549534,-1.7414519729035383,-0.4125956300269924,-0.9287944363234301,-0.21788140480161466
0.5276619601114778,1.993938698655718,-0.3397859329925615,-0.37022918722372017,-0.28194217020459966,0.20301507452744932,-1.5360155007153722
0.13201371769639206,-0.5551863366178403,0.32241628896936664,-0.19313756765605028,0.30293804351721987,0.03611344443960082,-2.3664219477416033
0.05234417964649003,-0.4841878961941233,-0.9390941460427548,0.762594073924011,-1.2186558997759263,0.29560019689726497,3.2643633897929347
2.0965254905616715,-0.8404279880099695,-0.5929831397468571,-1.364578853193985,-0.4310895554047509,0.985854576336561,-4.034277961812308
-0.9709859727835689,-0.10710434399716612,-0.3157485919260422,-0.9155284717983484,-0.30971511665196194,0.6110602845429584,-3.8947070249643794
-0.489305188485256,0.07604288816703096,-1.0325091989322515,1.0570436348348669,0.6021714312197393,-0.9611391372464639,-1.0866942367086765
-0.08097138802187177,0.09752408693821382,-0.3148147125141649,-0.4093735323184189,0.21241855913311325,0.7683729019995438,-0.603322746521807
1.368814060258053,0.3274283281576129,-0.2788466834378063,1.5025334716436878,-0.920442375641248,1.025949731074202,3.9546088882643073
-1.158572630789744,-0.850982297462965,-1.1650854093948946,-0.4806235089453051,1.2851069397359445,-1.4675741348737483,-3.39324690738466
-1.896339686075888,-1.4343318720515132,0.13495197309034523,0.5554439634440923,0.642651404068224,-0.4395132389582625,4.973000179370058
-1.9595353693930309,-1.081508498642994,-0.07474266129816559,0.0440354142522922,0.1456274521462244,-0.16999905223599487,4.406214895948024
1.021054254715571,-0.5697573774868975,-0.9131371540869102,0.043568862298088706,-0.14587574214137725,0.5081741399924423,6.5061578556003425
0.5531135462520436,-0.7645983865694843,-0.6304694427352947,-0.01140866070629653,0.054969984779095024,1.1187668564358577,2.280919484641424
0.3824465390569134,-0.6236197876400184,0.3284522017794806,-0.5797693716407815,1.2040782183397987,0.8203100858636614,1.3404589508157143
-1.2728422518988847,0.8925320787230818,0.54386132934815,0.03534467228917112,-0.09210278315573565,-0.8185782094263397,-0.0293282588858943
0.13104809876353207,0.7319419430791022,0.9674142227487317,2.3775692350487447,-0.09758531290354744,-0.33235780703151685,3.031625787468804
-0.2757711248220874,-0.7999010119693799,-1.2655595020888768,-0.7656376743364011,-0.72505851489235,1.3642379395992272,-2.1462807621940327
-0.12795698252815457,0.7064330519531563,-1.5015314278196903,-1.0694564391887431,-0.4995530434884463,-0.6172703100977481,-3.8258046205338565
0.5342836726993081,-2.1684034250501236,-0.06712710640367739,1.0057411213352592,0.07363434695059667,0.9102872918800691,4.695938352535664
0.9642653409070627,0.4744249239442131,-0.29760591820521687,-0.8726008668513577,-0.8167331610714734,1.6787816113958165,1.4341673714480885
-1.2771069742357664,-0.04353220994598761,-0.5150704554449236,2.1661518452825006,0.15756042033884102,-1.0186674584571689,-0.7208994330014831
-1.9649037905856648,0.4340402985631443,-2.604509815798156,0.7414521590433454,-0.6473570231777402,-0.1123995711085273,3.7285507459098595
-1.7063771286684892,1.124163725301525,0.5597419833551787,0.778560341325136,-1.3496557609452258,-0.33156174946515854,6.297624114932308
0.565336037302336,-1.597536845583321,0.5025463291338256,-0.5939781076023315,-1.470044860194412,-2.351499657032553,0.7617017924487672
0.9319841421617006,-0.37947780683449195,-0.3491631269429668,0.348666694536613,-0.04275575734156877,-0.2470477418539169,4.155963325792783
-0.7288342267981524,0.5212235342564718,-0.39722646109537646,-0.5624723517116162,0.05147164257091156,0.3780558298465948,-3.6220871302288424
0.29991009667762597,-2.1232054819237467,-1.2014062546038922,0.027059131448746873,-0.4872543063037273,-0.2088661986775525,7.790880942280833
-1.042928345207831,-1.745716514367604,1.2532386231398935,-0.30088884996357973,-1.2385557427628948,0.8778064285943988,-6.667088671332507
1.1490696206329638,0.23853044978371013,-0.724040156669057,-2.290718304503836,1.10907576945491,0.6187329888565252,0.3343827749455956
0.8939115135329463,0.4005450178639704,-0.2365980386623126,-0.24170941240512617,1.3921880043111048,0.36069908979035514,1.5842791093407256
-0.4053868248081663,-1.4950332527841101,-0.3851036039109276,-2.0275489180758304,1.0753478693594924,2.376922681312542,-6.034707709337685
-0.5104358112334594,1.992810081777622,-1.8075684188041734,-1.5201275872127855,-1.8467369099022097,-0.7598719166084137,-5.774444855941065
-0.36708431134287434,-0.5834866012529996,0.17372012792060343,-0.41510625233099496,-0.1689063623672533,0.7435388679151854,-3.8462063166698064
-1.5688815199398431,0.3249025683155496,-2.183811000942472,-1.2860921056278438,0.8381252593641179,0.5394620334446634,-0.9496123422910303
1.9041754317639619,1.1487254314297002,-0.7036601630790901,-1.6750268865204239,0.6598119236313408,-0.41663613400371874,-3.7128200990183498
0.05505012031919113,-1.1761811263191717,1.5542620978952426,1.7908923613191479,0.3171015299879845,-0.23404173846990498,-2.4950943208939056
-0.034888760739884006,0.5118374879311094,0.5775168109763935,0.3897204540543735,-0.728682492788358,0.19247441443164254,-0.14080524971823438
2.7900902978489444,1.539779954474912,-0.39779167979907165,0.5024690667130193,-0.239384390099705,0.2978343571096261,0.5386849241614096
0.775591318248407,-0.793177527478943,0.7359285001158651,-0.2844394119709211,0.49670699806814034,-1.114242049630237,-1.3130333875273141
-1.1949977509185006,-0.7086059562294945,1.2491536101758531,-1.1102274032140618,-0.6732129056747336,0.9215918582691782,-3.993543762906941
-0.7939376788527197,-1.373051005488615,0.20221200113542617,-1.9421831757903645,-0.5894823688198655,-0.39331889677100107,-2.4302872623457157
1.929889215445387,0.10995983561723112,-2.1155614004042302,-0.6396194470960566,2.0856465919686373,-1.062825218755134,-3.664670412398591
0.7800746101231678,0.10207755599436198,-2.5807694859042294,1.087443152528899,1.0214713642088544,0.6229839951737286,5.6665522460898625
1.1849776072258387,-0.7016333439768726,-0.4573443388204179,-0.04466176762617596,2.0497757331581683,-1.8172491910005082,1.7521999801710013
-0.05123288414622172,0.8986440991683198,-0.6403431397491017,1.0692875471889294,1.6691055444814888,0.11732782666994027,2.7686718720205157
-2.0756772902908476,0.5550993795740867,0.7081372147765685,0.3178948842840822,0.1993076433998177,-0.041797265663589385,4.590132602964847
0.2332681221957914,0.170432932526741,0.06771939174800858,0.20145772424578712,-0.748697783064273,1.5099547279951484,2.198740995130113
-3.137342536758218,0.10827917866954032,-0.45262595290966284,0.4339437701566266,1.516076408446754,0.5484790775607942,2.7740935690897572
-1.822858573910372,0.5247457718830366,-2.5588271233533795,0.18258415790808896,0.7992632543725922,1.3454263085250533,2.4454334799507227
-0.43448358712559804,2.4258938727205845,-0.9838094842849916,0.9854554427250037,-0.30038277524436635,0.3808130083860051,-3.5109561549823294
0.1883542105107501,-1.5694962255717673,1.0863963145612574,-1.74897978337027,-0.7258339630082701,2.151467711443167,-0.8044615326407107
1.2215239401148321,0.0045659150090977514,-1.1664011307906865,-0.8532467884667949,0.24813410640806746,0.010275282659683081,-1.3935464940790325
-0.07784277680836395,-0.850328167666181,-0.8642914865135997,-0.21585254190353265,0.02950846190368754,0.2629376407813587,-0.3679944935188868
-1.4149729188154483,-0.8981707942596665,0.2751384023364131,1.0032227338060444,-0.6020140583934542,-0.8668865552920373,2.219990743586462
1.0197309664086864,-0.6755436750476203,-0.946789217198298,0.9085871769453174,-0.716088020113451,-0.2518683064306458,4.8175638129114695
-1.6509889722793651,-0.11382593316730409,0.5443389503641999,0.21879129916799955,-0.1460084290107374,-1.422968121127573,3.995193595434947
-0.5858422454775176,-1.0952080278926912,-0.9490524847125424,-1.039720846524731,0.2010977596747032,2.48513619031311,-3.617600867860703
-0.5226097286892758,-2.5035773529218854,1.3093401487749525,-0.17669613186163946,-2.1149167638792563,-0.2735266663726321,-5.360293413062023
-0.06531326190765097,1.0435993306432407,0.4179629173837417,-0.4750424049208459,0.7249800928177461,0.12668466145801044,-2.0060756987594575
-1.5733894828476624,-1.0040146549969744,-1.6847280413950778,-0.9586953725499393,-2.4532320055166195,0.21524097442107634,2.8723893548613733
1.8526022104430104,0.6351007945401169,0.9093593536815617,1.012143934961422,-0.3782980325385627,-1.7159972205927336,0.9237864231487538
0.41642893022966493,0.25672117386614757,0.4565678287193242,-0.814863116877546,0.3609978943198408,0.006181792441823654,0.5442146242939712
-0.5518164127568362,-1.9285185374299287,-0.050439554723595945,-0.12228145100885049,-1.3032380589678385,-0.398084706899576,-5.091865148942811
1.6595094425063541,-0.49938080108647076,-1.1062480749882841,-0.3497063362636267,1.3530751151663452,-0.19771686999378665,-0.44948300119740325
0.3578880056252386,1.0029876679619705,-0.22534113753877302,0.6816014455877548,0.7231189536523854,0.20223044115698013,4.459519043577913
1.4581611515543362,-1.9294609056410066,-0.3433521063697022,0.17339043323213946,2.189008954961978,0.4942726500455507,5.600013895574626
-0.4322103877591665,0.6707028902134157,1.1684749295909953,0.26686621592013277,0.19470675375595162,-0.7896681087782108,1.3757532043868177
0.05901154080236466,-0.6464306398778771,0.480974936359352,0.2175156999314095,0.9417427019494261,-0.29492204179289533,1.964580947307075
0.5580398965251429,0.23347174274048008,-0.15790065698359249,0.101227818758907,0.058779346398155206,0.4320177956455357,4.2474358747575405
-1.2454551751795244,-0.769554033024699,-0.5599636491919671,0.9554043436686371,0.930403868270277,1.3084857008740785,2.6587065854372662
0.049784083623771236,1.278417910016403,0.634502801113938,-0.22485656252898517,0.29632363590863803,0.8525136773757508,1.0121808154988765
0.2603584013807846,0.8403668122756704,-1.7161600056991215,-0.2764844623965267,0.3693118072527887,-0.01700859677495481,-3.333123843342206
0.8547767498192409,0.7119666827379637,0.31523934618399513,-0.04833340447045602,1.1296108991259883,0.3736139485919106,1.3451987157104872
-1.0725514396122033,-0.3765637025869195,-1.7598901194795578,0.9187125864029588,-3.1482840265794914,-0.1788466207213147,1.8715168306728889
0.2146317378233783,-0.9472648942269521,-1.0090056684336912,0.6869827469154073,0.9377820016849431,0.8089574068482384,5.12732529254349
1.4850199331406344,-1.2192796749230481,-0.0889293213627459,-0.9585700301352496,-1.0517236248671125,-1.286313978370295,-0.31821125554306406
0.954607839634204,-0.48603838803057686,1.1630517064478596,1.2347718598832882,1.2414186260744748,-0.3933744638698998,5.291693722373081
0.30053444269694707,0.7303203297372968,2.6043322083933234,1.6973083755527933,0.7650390015266186,1.7505425938464805,4.098605371916449
-0.910392754537603,2.0609065539420532,1.2808799084838653,-1.1109091014784649,-0.3739148697981251,-1.066010553875877,-1.4116263941519371
0.8263685649834709,-1.5127306921306842,0.22746390968800856,-1.0918869446433264,-1.2053246810431844,-1.1924844638079086,2.6937107085455465
-0.097208283210557,0.20369382148061485,0.48040701240882405,-1.2540899405912276,0.377840890201592,-0.1243262441164804,-2.629836895850642
0.14001024119917185,-0.18055104363188224,1.2818187055871368,0.06703411443697174,-0.7029116345221257,0.8070237662481123,2.957258876279309
0.3300559149373693,0.09866858862514453,0.09465496366016123,-2.30153293872045,0.30736000671471464,-0.31230695629065786,-0.5675777134081896
0.6145106774513652,-1.39653089139435,0.36909098207529784,-0.4503331913294323,0.8827891296685967,-0.7440443174700132,-0.4265160711589169
0.36433517753852274,-0.6219436638851367,-0.9637849887313221,0.7532123739664272,-0.26118570387803863,0.8660459926939326,5.236639977346883
0.007564656514822522,0.11506377111457249,0.8680397541778536,0.43265369074474164,0.9782411255927312,-0.14635161330597846,1.2471340265597957
1.4415122762052308,-2.5542963046340534,1.707765629892391,1.065906232567278,0.8136016613991085,0.6653419303427944,-2.414438593809206
0.2265348074927237,0.7839688273665051,1.8237993718686718,-2.3319284307817294,1.0687938377271318,-0.6931355444166194,-0.5078149538127859
-0.5448048985280607,0.6041621484639494,-0.47603133350961735,-0.9013800261570407,-0.07035783453867978,-0.6809384639577297,-6.159851674293108
0.5754676021413802,0.6679527124774686,-0.5520711166001201,-1.4028218492750515,-0.960070452993782,0.09901416445271399,3.3703011337156354
0.5486621339212985,0.1398703192693456,0.8128176391532663,1.1155045293827648,-0.8379011137364599,-0.6915719409361634,3.7712337239845075
0.2289600999040786,-0.6875367557057798,-0.7426065710074785,1.188030707600795,0.8947869397081958,0.3805003235260649,1.775590141369403
0.3572866625317213,0.5430464963559358,-0.5184704359198843,0.5309832539395213,-2.368881652223405,-0.6351573591054284,5.501765948128713
0.3977634063560893,-0.9914356448413921,0.6175866124105127,0.6950451217683308,-0.14705132152714295,-0.32565576094785337,2.658792660138814
0.08999179415548487,-0.8724968826099256,1.558502235387323,-1.962045682840283,0.5027162236951433,-1.0223459435206237,-3.0178410211242435
-0.5761668076964831,-0.9929380434993815,1.0377298835561626,0.762303248315464,-2.047075127493961,1.4115737270484998,-0.6518602075631902
0.6691169235329026,-0.1880598421991578,-1.2838771346388809,0.8119652993141154,0.9529064102370153,-0.5835560195736319,7.403297839172403
1.3355929802040671,1.274735195961976,-1.2074234256662857,-1.2183719927480803,-0.056994758267138936,0.1061751463610645,-1.6574615956095777
-1.14793972520943,0.16738053828203786,1.232555706981117,-0.9329311715427718,1.087029427086651,-0.3082744849140175,-1.608744908195022
-1.1299923584146643,-1.3211429851796028,-0.6116955329549993,-0.21575859315746967,0.8871845527693683,0.3243260084947096,-1.6292456371571196
0.09347383243067027,-0.4859517673216437,0.548074431424345,0.40996754689082254,-0.3528566847731684,0.11370577212128373,2.5816179413762623
-0.9091194187901086,-0.5966489488798282,-0.5126760016548733,1.723099483291602,0.8801632771252713,0.2543163131070134,-1.0243653185743065
-2.724179476641064,-0.16948314858855085,-0.7813946003584671,0.8001031160137042,-0.28467587676025013,0.2662055833058549,3.90652087375041
-0.03228845531528264,0.054245760508610706,0.5232633876466809,-0.7365438501529897,0.6968727547076644,0.4719996985552739,-1.772881536181341
0.16728066010598025,1.839698189703499,-0.6297928459584039,0.8286652590207203,0.08862344257479637,-0.39624999611061235,1.0911102051804342
1.455792470928639,-1.2837529639416043,-1.0374681192286201,0.6459580483431827,0.5825973717355246,0.3402931769123115,5.228518293983873
-0.9297952738668073,1.3332335425412776,-0.35856273661123544,-0.30315273124890824,1.1004596981203538,0.6804385896443103,-4.439150541666136
1.107358430666538,-1.4204166137815861,-0.46006152853443905,2.0159434785143704,-0.050811405325739765,-1.0358120556647479,5.225459400338582
0.605652105824106,1.1269843885977122,-1.3338461689820735,-1.156526775256817,2.2048186507939804,0.4161039196572914,-1.3452674757888268
0.3418018790073785,-1.122249071519083,0.03752400284691553,0.7920405156494383,-0.2078695001321948,0.325232143729492,4.125573711838575
0.48604755077602024,-1.742473241554053,0.1598923715806577,0.2410296239035373,1.4642490270436577,-1.9677868527755862,6.0220543185564495
-0.15940991270562616,-0.4564346176503629,0.8640841847787948,0.6979186731522916,-1.1105048299803315,-0.7178828316165504,0.047508925841107
-0.9487713581079054,-0.8074099674571699,-1.4875272034015756,0.10071042601842307,-0.11526076241634634,1.6253212044353855,0.22130027849128045
0.21816984838093742,-0.45379205879722617,-0.49440144012667797,-0.2210137968673865,0.11337404422420054,0.6288700627781564,-1.11938633710697
0.26812983473656915,1.0141157742213511,0.42627768382110254,1.4577844182690345,0.8821877709442404,-1.5305428489306263,5.144601988369611
-1.7615337616891737,-0.49473200823480395,-1.9306169751124311,-1.1280364357826942,-0.5514288387217333,0.8294703295364783,-0.06529701142076208
-2.5277129377068537,-1.5884270818224178,-0.17603231893695057,2.165402727310901,-0.8250209689437146,0.27005771914453436,4.4423101453053
-0.11899812891360552,0.17424747297440277,-0.8078594527217898,-0.2760945536809525,1.289354737560769,-0.6908390666243966,-2.5494434720848598
-0.30012137260290694,1.2959601312630151,0.07131344358985356,-0.9507353600802821,2.0330614056121856,-0.04658745240518782,-2.102397681849628
-0.192346116996071,-0.6144461120993256,-0.16253858100563595,-0.6182786207955387,0.18984760100854176,1.0771532077457144,-3.723451738574119
-2.0324885413754523,-0.6966879320527323,-0.9486689783660751,-0.5442973313664531,1.442901658056415,-0.6554951674462599,2.071920048484647
0.5185456068851202,1.293603961956354,0.9666826365579474,-0.027499492641887852,2.645910517487118,0.26141922761976194,5.733545276805641
-2.980239761153116,-2.4999549893501096,0.34836746978873095,-0.4499608063395927,1.4362460994754058,0.8538155666469063,1.1631416274366677
0.24370328093249793,0.36096626158338596,1.690529162839829,-0.0037155582389132276,0.043136695121174046,0.7720142383669608,-0.8049885775383735
-0.6223168535352187,1.4081473147351597,-0.14695593815621555,0.9885900820403819,-0.020455560211805543,0.30001681534661395,-2.1865701053228195
-1.9304347947234555,2.2773142117799443,-0.7189364674461056,1.098537793166598,0.7095914497366069,2.9977591455924495,1.5479496831056463
0.8932070135249323,-0.5820943515590286,-0.003814831285897463,0.09380619312427387,0.5926129201600884,-0.17915074684711804,5.262600248630155
0.28896011878173594,2.160965599916473,0.19704728631071397,1.7583871883941768,0.23480846860733912,-0.16428141451936934,3.2626369445337824
-0.07863151207301391,0.22299735511174193,1.52712275323913,0.11505041529138454,0.00860590138374238,1.262876389929467,1.187187425086395
0.3090528053791439,-0.4998427805862731,0.042129435629632804,-0.19288067916621793,0.9618645785087464,0.1800840399712101,0.14662030466132786
0.39735613770383893,0.8624760699359082,-0.5868123193799198,2.0729571241435623,0.04750939573386396,-0.6481710908655273,4.49161733968134
0.25590746578578566,-0.17706819041105257,-1.593660150470715,0.2618502762811835,0.6214559240853065,0.5546863388716287,5.504905777906024
-2.6966852205162555,1.4113667139294033,0.6826261351858928,0.4530400587655705,-0.3008531397265134,1.099402529768948,4.8352784982779
0.8152115486391651,0.6714176363042992,-0.8150931628128321,-0.6057764270998011,0.06694970894039516,-0.7669661226973813,0.09119501768765187
0.8297439792021608,0.3769702778061889,-0.41921822356059324,-0.04448693286174202,0.6715000411459533,0.06696507737328605,0.14736681973814214
-1.6965648230648858,0.5016810226629301,-0.7060875313597426,-0.30733816144585335,0.21388752731437413,1.373696651297388,-3.2721581082772224
0.04606467211433592,-0.16586128578708173,0.8570680748091234,0.6202102375756026,-1.9848431601937477,-1.8091852914185955,4.657830245721293
0.30920274801858105,0.6970372924554106,-1.424359974978149,-1.0395733671830218,0.41152099819833016,-0.07118990426492909,-2.357381459096175
1.9764573333109245,1.4517835532184853,1.2356449017521574,0.5592341053357223,0.10068193334032315,-2.4951143497247994,0.7332063202308602
1.479168616901248,-0.1571427439377559,-0.17991751035167022,2.0950756360067313,1.8221558329909389,1.8679097708773242,1.7138997295952487
-0.9518664922881933,-0.32799270308517386,0.6226430805889013,-2.1529342857662774,-0.5865657594186782,-0.455906150328763,-7.019604615434685
0.8502944066622788,0.7690675112236962,0.06743427412654561,0.14596390909899565,0.15075555735298288,-0.9615678608414505,5.932537773735349
-0.7255626812090028,-1.9779425746895276,0.9995136756826821,-0.8660703853754105,-0.32608989961774054,1.3882563108074573,-5.1701284246276344
-1.4452186949494892,-0.16743292607617027,0.3921707110582159,0.23251669603538955,-0.359203450282974,0.05205400838855659,1.2181923239298986
-0.4836548732580173,-0.2805319970232596,-0.4194574739551381,-1.432979940693482,0.7657834174373402,0.6789188242729299,-3.4511791703639783
0.5906567742504004,-0.43770111098516284,1.6874152991230256,-2.0673064800342162,-0.383326950059988,-1.783485030154583,-1.482237479427049
0.418248013511898,0.48117162267729474,1.3125321538752108,-0.09064846320493855,-0.24737830610779016,1.1552688364670185,0.8649417052347071
-1.150831140921878,-0.2727484626671153,-0.695837525557212,0.2862693134440803,0.8154725484835744,-0.9587931250026567,0.3091475822490335
-1.1122604673236258,-0.2536608343246619,0.3725616988155976,1.4834825207695166,-0.13438042448237478,-0.329008344834672,1.3666983911441513
-0.14883191222843314,-0.9148023084602955,-0.594613600740268,-0.7932662770111534,-1.6448205068140278,1.6899998165343342,-1.675222030389326
-0.7303255763913254,0.7940995223412884,-0.06195476999039945,0.6585652908387535,0.7585238931728858,-1.0318541724880295,-2.90087337183149
0.7710508961152333,0.26449840312359546,-1.0116517789984136,0.016744307791380638,0.028501452808551535,-1.3833990568054226,4.525440324724216
0.9323852344559864,0.7038124332308472,-1.0354667186268445,-0.7364511439345683,-1.392180983388707,0.8969414927653963,0.9657655098601308
0.597056273825145,-0.20241717186493513,0.20421746378330624,0.009441950551208547,0.031344298003180296,-0.269391722552627,5.647976927979552
0.2177664924465795,-1.7635582027814807,0.09711342511216628,1.3297899295706397,0.10699537084282981,-0.44989822075600283,2.2645192257498206
1.6127996654283008,1.1020549901958387,-0.5640219736690996,-0.5810260517025465,1.4809797110398868,1.4475605877438305,-1.0711020503269277
0.5366995243929297,-1.0032981963656742,0.725295262546898,0.8212692695492272,-0.5058529305970184,0.2670990300128721,3.4958451985438064
-2.2581277650565967,-0.1650984954542483,0.611372261537007,1.3756287969196095,-0.2208001245021239,-0.4135397615289618,1.4429730663021378
0.7442718986724676,0.7769422563269739,0.8771140855198715,0.5008340270732239,0.6669558875743316,-0.5631312524672667,5.5765840210034545
-0.3739621077387337,-0.8294279792765707,-0.36513454857476707,1.6465346287043718,-1.1497903410615182,1.1428990899489913,2.179032381825559
1.1674665811702183,1.705829443265373,-0.6315473356597758,-0.9882401822897233,0.41871805909250814,-0.17478431899619107,0.8001079332356223
1.2162972644886045,-0.8097036561119257,0.6056415410132697,-0.04199648404067888,-0.3423899269656218,-0.5204185435267781,1.3699433808687222
1.1942743075404954,2.1473809863905404,1.1529820868741159,-0.53280437288479,0.911849520701324,0.5508536367825823,2.372136969273178
-1.0751326559174281,0.2313635375755844,-0.3979909489569571,1.5726883678390966,2.0983410297239997,-0.23914556729018824,3.3617492771814845
1.0174652459455955,-0.7485705195281577,0.756014151120942,1.265596144503311,-1.738817516606509,-1.8369350719341244,4.44580315054456
-2.1994639331627837,1.9512810836819692,0.8904173471081877,-1.3499373197745923,1.586171394019112,1.3521659184135473,2.9279455551750533
0.10006003789167978,1.0700135659410992,1.409201768981387,-0.513856045738412,0.23877568017021572,0.2862121881489973,2.4361095047985843
-0.44660947044105254,2.2127945729361347,0.4806404229481643,0.05829780972200691,0.7718924539829177,0.5823150110743814,1.2212828191878007
0.20755050666395725,-1.8090959676810403,0.32906524055304026,-0.8922192517152628,-0.7870731658049259,-1.8049862865636395,-1.5423593153854895
0.8738369457410868,-0.19947015954532432,0.4929989108747324,1.0346324122458161,0.2408758157802969,-1.154577005030618,4.682973659908632
-1.2520481967111783,-0.17319024097961397,-0.5598530770823322,-1.1565795809355488,-0.31494943803962083,-0.37255946395542733,-4.421130280910321
0.4644445754563788,0.39299755737383363,-0.45713817673497975,0.7660794009705424,-1.1369528865135312,1.0845784373687228,6.223472439156603
0.6875490185022983,1.4395221724464018,0.7577444391764124,-1.2019766376173933,-0.48934150567617635,-2.1409036683824567,3.0983079813077783
-1.5605939669893656,0.5426211754598325,-0.15148084658216415,-0.46725503298693516,-1.1722756247544646,0.07945301622898014,-3.681397652665238
0.46871066090950314,-0.9588927331561744,-0.5231811222048123,0.5601291172793588,0.4553835202212986,0.8111853293329053,4.356951006579265
-1.0353447518492647,-0.16353754074697388,0.6851525539026565,-0.7063937013271153,1.6213414565989064,-0.08720323692124662,-2.6128775470675194
1.395578342365685,-0.7586064067082549,1.425094299591534,-0.04087568790771903,-1.7517980038454901,-0.08163228091632861,0.09683598205199617
-1.2935360773505469,-0.6769215496059129,-0.46048274617950175,1.1963313538728289,1.13948964861183,0.8290213040888798,0.9429297956094408
0.17850866467898888,1.5098912016677486,-0.011906580457915025,-2.257469874781154,0.3673325472449528,-1.12893229177652,-3.2269539909386427
-2.024992981612405,1.350835681690057,0.07897545830553887,1.2131047133592048,-0.4935704364414911,-0.48825448238417735,5.081273802091445
-2.296526547651438,-0.012997245059395467,-0.9647274146445679,-0.4559535169757495,-0.6839162070797814,-0.2815315759455667,2.8839150069089285
-0.44963773993911244,-0.8330041743474392,-0.6564460605473146,0.10668094242765504,-1.0717350560819037,0.40372521767652136,0.5207058321735386
-0.05774852765183925,0.37646578599883845,0.8435828447078173,-1.2361927795681746,1.0690873349276082,0.5895007313751431,-2.493931772463622
0.4712324591485624,-0.523183606476561,-0.6503915926812698,-0.12030535479918789,-0.2590154851877396,0.7134349863368824,1.7946471584364057
1.3302622279392584,0.8812587066598228,0.7427094210781453,0.5580757455131028,0.35634758782412285,-1.2964057007374579,3.7964637802759027
-1.7758676280868209,-1.9469441066681619,-0.7891710125577378,0.4645411670704703,-0.8398993224831921,-1.1174816892960628,4.145565352570472
0.5072978937044602,-1.888949579898641,2.4180934270611223,-2.8666456743573554,0.3518738744430109,1.2198509385897962,-4.7613973698316485
-0.9518633810915781,1.3700269416150883,-1.5356790123447301,2.9239384935327606,1.6806304431590817,-1.216963353418455,-0.7259702367725938
-1.5766125629615781,-0.1395481348122485,2.544263583160024,-0.82115369381006,-0.11525404736982331,-0.9568600231141773,-2.2413494347513803
-0.4614799110610789,0.3743452759880606,-0.912385169609273,-0.3206659426255777,0.2787536494546987,-0.6055456683288848,-4.056689597710992
-1.0910148191964741,0.7466202033656669,-0.4527714701079034,-0.7194887316129498,-1.041034164268426,-0.31898940274552556,-4.2486079255014975
0.8286273460556974,-0.41382051227928857,0.05652068451325814,1.2674696653241213,-0.833264573678409,-0.2843591145023381,5.276698540568844
0.3753689105605153,0.3888644250319839,0.0822728007620806,0.7385836129567436,0.5845851607216039,0.035484178891918246,5.76298664914039
-0.9084868391234526,0.9514189954067902,-0.45519692794695316,-0.6935890045613413,1.378739855408385,2.551380514703393,-4.382926180229755
0.29902975423671024,0.8531563079107466,-1.5299491795673703,0.388367156359795,-1.1539874977710431,1.0498545557330619,2.133849856732649
-0.31196029578036777,0.008137964752427533,-0.4428727493478317,-1.8405765405466492,2.7153855062332504,-0.4095723327027621,-2.8360379538548774
-0.23549614118851583,-0.9129393268970192,-0.7762288627497166,-0.10143455037017567,0.8001141977171,1.254044640587069,-1.4693076617772323
-0.494961076038043,0.44921465584079995,1.3954137156248618,-0.6773625561536041,0.06141959546903122,-0.37474610795774,-4.4640186811993345
-2.9444664558843763,0.8644636193924685,0.7856629511465552,1.3891516852388315,-0.3958313486651235,0.20867772390227451,1.9810209570417163
-2.061886877415442,0.12937444404047435,0.16279056894764152,0.2234135949866566,0.6436080564384955,-0.39843191468196787,4.269195542017091
-2.479656927134361,-0.26594014164749497,-0.2641171224158143,0.7133852317665339,0.973346697805651,-1.6675326023466608,5.437591323043944
-1.5167135486795378,0.6729562472808857,0.02621287981517304,1.890824527351435,-1.6450920803052647,0.035980332986806855,2.4122371072590933
-1.071611610193175,0.9618672043072748,0.18205191689543898,0.9709565029607096,1.6696121642892034,-1.3146810777522908,1.0879048508850806
-0.792400755775299,0.9070160946924534,-0.6482254843393553,-1.2242890845269265,-0.8422568396686808,1.0868902020979745,-5.515849238817241
-0.17680318714905977,-0.7523381209735767,-0.4691335309757668,1.5952258472499532,0.7056092180179927,0.7616494059697125,2.2824306770009115
1.4799126149938129,0.22405823771782152,0.034234634549857874,0.516031811938818,1.7912025325067944,-0.21013299075712424,3.539983432932048
0.660079142791453,0.06048458151030885,-0.5697300046765127,-0.06442269397169617,0.15596740289526126,2.10040135537818,1.2848197269610564
0.4915485708644069,-0.6238800119994158,0.47524799628441433,-1.3504354075310572,0.38220948226455037,-0.8356245552418905,-1.0110087784178314
0.1070259072578835,-0.9194375601519371,1.8205674452375311,0.7099294739163329,1.1976600763512981,0.8208024909357476,1.779497516883699
1.3573496784138197,1.4199246969278099,-0.16391009648933125,0.4936310848588633,-0.06988201406087298,1.7707644607651738,2.4525128134444936
-0.003583310206615914,1.2324255321421516,1.52010932680671,0.380844889895,0.4142353547426256,-0.6516518175326865,4.030464961938066
0.5010022560419094,-0.012229312750199218,-0.1319240351865797,3.3921760366116023,0.19545814362512187,-0.07471948739036445,5.160154817009166
0.45859847176758584,-0.10885987001569684,-0.27554579821788855,1.03955320757274,1.1184415398699288,1.1769620042540807,3.4443388254763385
-0.22069556911022326,0.5463321177318604,0.39239758427180965,0.3558448901672039,1.18526685268709,-0.03462430337636293,1.4975756294988452
0.06443570363481618,0.9173599879558546,0.9939270315704253,1.4318890707985663,1.080626063002797,-1.675505439087805,3.533118473257253
-0.6422940570387676,0.7476423906345752,-0.06373350994400344,0.7138031170279281,1.0542059401284427,-0.102782948871823,-1.0822194244204901
0.6403549218308764,-0.2500743421302938,0.44357200118848306,-0.04379291017584774,-0.8098999855280695,-0.7633059983782546,0.06605736269493145
-1.8409772380784886,1.2706809549562128,0.48087200072684805,1.283456524207654,0.7328931634237621,0.32101161768711434,5.3738291572867585
-1.103841547661495,-0.3377498617659761,-0.13153118623619828,-0.6457256292578191,-0.3264881726640189,2.048036850469124,-4.392586481888723
-0.4616650798917711,-1.3048289037118135,0.18397882469348556,-0.5896170673428929,0.8773379506009207,-0.8390177633803344,-4.699287333909902
-0.11005725455587846,-1.7027346763391291,-0.4040466292701986,-1.0490631582214698,-0.15354421482134983,-0.18286788325761957,-3.0424458739862974
-0.4468451345891697,-1.6323407689484937,-0.41464567606780317,-0.32813930850008993,-0.4069350376607982,0.10283859499401138,-2.166944468533205
1.0198434674223382,0.5651501784497948,-0.406022232208644,1.0104357858404025,-1.1351272190887574,0.5671835145097625,3.1038557443024706
-2.383827386591244,-0.6989397062852227,-1.1073005385183106,-0.3160783057447651,-0.8011009708175716,-2.1930240796784113,3.541956971946932
-0.2285033859485578,-0.8078327333103611,0.9053045350156007,-1.585661801355985,0.17509101584328363,-0.44616037713673024,-4.68448135437308
0.4703496465508981,-1.3219017428094544,0.02238256849764267,-1.090564334372233,1.0028757945059332,0.23680174431983925,2.1192475418000445
0.9400680418889851,-0.9413431537341165,-0.9307859403034265,0.09024780342560773,0.496153753112296,1.6054832405489046,6.039463887988762
0.561238972647243,0.08462575302333843,-1.2166407047837862,-0.1687856102428854,0.17051704559651085,1.8010748989159646,0.0873794003708821
-1.5506232754757894,-0.005768060831629701,-0.6745652928147262,0.24884173958193917,0.13961621149284045,0.029972810642610398,4.556403647300466
0.5853265169253884,-0.19480461126411353,-1.1470478339867916,0.10416469158970572,1.3025086021224093,-1.438803963970643,4.798401178368659
1.3759929306794234,-0.3013648732713628,-0.9780877466733819,1.7013348170559717,-1.4375217980185135,-1.5717629943405962,5.096290124787082
-0.06933351946926303,-0.9799165193133487,-0.47042660003549364,-1.3590345996900874,-0.3266979354236895,0.17686468958072724,-1.7431554520795853
1.5698503126312584,-2.175203551371395,0.1271391349728409,-0.5953341043732218,1.9754150844770033,-0.31263836859496674,-2.041901865420472
0.45520554631833665,-0.06609469465627184,-1.3163952727251886,-0.2478354025445477,-0.9402230145484147,-1.1591100721148861,-0.7674834261373304
-0.2639750571433607,0.4511966245159417,0.7439184056766104,-0.7389725092808441,0.7604470319452296,-0.01165833806065471,-4.094027081988942
0.1623764138144719,-1.9821803504545827,-0.6052028998569456,-0.9789331162487575,-1.3253932199374237,-0.8704780300440333,1.90838705276399
0.28006755004681366,-2.5314807230287815,0.5430724897364135,-0.07973834367174988,-1.291425970470977,0.062448943100335816,-0.49790915770741984
1.1994349247402314,-0.026328676515276622,0.5094037838045966,-0.7032964973168285,0.29505727892627287,-0.6173919660970398,0.2019244335972752
0.3143649976805781,0.12907850211092983,-0.1822083267101779,-0.07014959901940142,1.3195233912500872,1.2574183582655742,2.2428708822474284
0.732678741635671,0.040343391716539334,-0.6183886748281634,-1.0632946597720987,0.11448688519998663,0.1234923790156682,0.6018195644453929
-0.3044320531966733,-0.46442157112362065,2.0603149153453564,0.5499941001452638,-1.5818227100291329,-0.9406510798287329,1.8994383867047706
-0.6672058464166231,-0.37162638220347827,1.2729377836120415,0.060893900387167424,1.7038045281201382,0.42786151887765544,-0.10092622962661313
1.3889400863164405,0.5705828538799659,0.14349040338189292,-0.5856803695372733,-0.5137459398595052,0.8818027612724224,-0.04094068288802555
0.45328300150621464,1.6413560585989024,0.7770290740296263,0.5651774479228653,0.6250164862878527,-0.35066251059393827,3.5603106561008317
-0.10761360283979088,0.15962580207502733,0.3166584309358173,1.0652131833151715,0.4011766205574558,0.45528276499092335,0.15807771594713227
-0.5606355414243887,-0.938993155990106,0.3736868948402629,0.16756520442079018,1.6058672066307342,-0.7618437637035328,0.5222177076726597
-0.8422077774101808,0.5473896628903049,-1.117438835853764,-0.7196088635195012,-0.6851747621459401,-0.9400868869513694,-4.199354324297938
0.4204624802847242,-0.8765033156921725,0.8263061584378257,-1.1772392513713714,0.6137219090236825,-0.7181200836841124,-2.7611599480345257
-0.3541397188633194,1.0517637047154866,1.6920927205925238,0.35658791374605947,0.7638710262294534,1.467915221658991,1.403533348332576
1.4621013304218442,-1.175794336965639,0.7221874722270677,-0.3124484711191169,-0.4103155366050567,2.412239071190357,-1.8753263671522118
0.8792439460376364,-0.5477405291567723,0.9379207286918995,-0.11721626149915951,-1.2678851784473353,0.6343140962194801,1.5051831405708174
0.30520138661018115,-2.6356486872938167,0.9284070267032635,-0.7093623486778569,-0.07885563123948229,0.33972138842370414,-1.4681167998883486
-1.521515166767019,0.751784199835188,1.6282466789215622,-0.3967144512626543,0.8070591121902209,-0.9954840234397683,-1.6163325067814056
0.48292919264894907,0.39077158473044793,-1.84274721080488,0.22424906013064175,-1.6139220233158262,1.034692701642313,6.465955493846826
0.9187765010997455,0.932774509867288,0.3669442046460073,-0.2932266063406874,0.9688300544383077,0.0878692102806777,1.9675269246433436
1.832184120420644,0.5765004424297642,-0.627169516554585,-0.004514897193516037,1.85587058547143,0.8299498477762106,-4.992785616832485
-0.15902959756424306,0.10707166061845119,0.22119574898014052,0.18690605794615195,-0.26199576460765717,1.8636895681205057,2.267694349932459
-0.45674085115713087,1.4059466684557862,0.3935348531217284,-0.8823649335261184,1.1260145644983592,-1.314582283847325,-3.217229191162826
-0.8313471359296433,-1.4385707835091561,-0.0741342442138871,-0.7453452667242312,0.5599939016546719,1.34311824664819,-3.583377094225285
1.4462722769805645,-0.2443055777745958,0.4087814206891378,-0.32666439066144054,-0.2637166699063157,0.8043097283859862,1.4220212410224122
-0.4211680988799865,1.0430741540541522,0.26308783467569,0.2458559480220842,0.5018235496676557,0.28673560487612776,0.2024018479224228
-0.36642275170915123,-1.696201902299713,-0.23369590704474025,0.13194288341571384,0.2680947886795064,-0.2792763711919883,0.1998247887267212
-0.5720428424836369,0.06531693407672717,-0.0680402984213496,-0.5578205671455994,0.9906674926957584,0.14386571574030008,-5.365744952076359
-0.45410484573496374,0.8833351206689887,-0.35847827635946083,0.5782283985816552,-0.9760499623586116,-1.152424550731038,-1.5517119228128216
0.9867588356463068,0.39568764892742225,0.3840037952472869,-0.422710089443659,0.4583954437612018,-0.844840770654948,0.9183606249156766
-1.7148154344815632,1.573650462465184,1.0413194179952112,0.10708481645987931,0.7536676422343143,1.6963042923556608,3.542490533232365
-1.8403392604525008,-1.7080989658605523,-0.6478303509208186,-1.0428580385326134,1.60358686145216,0.2529159085580569,1.3855731363974166
-0.13738820318586525,-0.5800523748687039,0.22681244521418276,1.8576535350401522,1.2735921158324164,1.1180107862126365,2.359256413241623
-0.026495246221194174,1.198595833080372,0.3131802969361561,0.5806174449413036,0.49493355239471604,-0.006036988055164031,2.7594396982148965
1.6300394049623081,-1.4224563026775405,-0.11017476244184336,-0.6776058325202289,2.05282305530463,-0.6283326643443731,-2.6994868710427147
-0.6859922434985811,1.250555328199172,-1.1995972589038517,-0.8552087431745755,-2.095381366979537,-1.7419053517270486,-5.363239656241227
0.4523910694397696,-0.6187636499354222,0.48829275622853985,1.1096295985202227,-0.5022675600122536,-0.3125406658187844,4.281579797933466
1.9862751026131402,-0.8718279358185681,0.9143374216037228,-0.2905276839227106,-0.27101185039635534,-1.2283660861823584,-2.9632795017901956
0.6040825313587569,-1.1019386598337833,1.1479663924277002,0.32002507806999614,0.6567192777311901,-0.8314896624598265,2.881176062677317
-1.370817634446567,0.1474987403224459,1.023002333663611,-0.1073076557772414,0.5447677969530623,-0.6106499321738005,-3.944897081363954
-1.05572127367451,-0.2049763798576237,1.5766245644110741,0.6858733868028692,0.505406881696844,0.5521037127093459,-1.6890652366233803
-0.231563640407589,1.4420947194191565,-0.32200827915161556,-0.6346478495532297,-1.3181742359436888,1.3057989901978413,-3.308114092369195
0.2454959889991081,0.5731388362043787,-0.7268541457603832,1.8016428643097313,1.5768433395474442,-0.2369984919727416,4.177931004651696
1.591595359488842,-1.302522105395482,0.16641297670992128,0.12324022087170507,0.5426782221588098,-0.8101912578491287,0.26229203287201197
0.13762659234502303,-0.8224459229532582,1.6477724716723487,1.5484594773602147,-0.047362724356622414,-1.2516330970824492,3.420910534887886
0.8180476764639598,-0.7556812179994304,1.111775846495986,0.17864459743492744,-1.3734368199516325,0.27255038404125886,5.855740408664119
0.7739189694763822,0.5927789054554041,-1.1329763707957627,-1.0322395217701772,-0.20943242847642457,0.6815489489354652,0.5012585106266497
-3.0195286210100583,1.0427715294610662,-1.5722696447888334,0.14292262646154213,-0.856663365203344,-0.25829893833000916,1.402981551907996
0.9332304615778719,1.3297836141154444,0.22324587029218015,-0.2177469009645413,0.3877420636894128,-0.41437795076721023,0.6130150332281324
-1.0962634894823762,-0.2314433677660592,-0.11080372075668123,0.40302330913373546,-1.527639866622265,-0.7775272115212316,-0.9925510356891387
1.6079643700723145,-0.4107619555976366,-0.26578132964809975,0.03946033211385493,-1.0164259245026597,0.06439154193676373,3.2158191429600502
-1.449840260293618,0.7332033199326421,1.4662433900212524,0.3321131316242259,-0.568240597634417,1.8476544415591578,2.016346448208664
1.0992391514948414,0.17005481008224943,-0.3834104800772897,-0.07293157379984613,-0.7811141362782027,-0.1938446553914139,0.6576944700626987
0.8976093004026477,0.6547111661638113,1.1684161986202262,-0.8238558011925686,1.2618849832974448,1.0991348203811842,0.7506397375187963
1.9164312674841317,-0.5405830211555159,2.0290973112036905,0.9299778146835167,1.0108442980324062,-0.44177884715968807,-0.5853898284698197
0.5525484721634932,-0.2613169679532666,0.04957557289746573,1.1946871949267213,-0.5466322612987078,-0.3661390760754118,5.757976567157081
-0.6225246702465911,-0.5682031555407595,0.7140452321827193,-0.7724183778070663,1.1909833601807083,0.15396427926387593,-5.204160639913576
0.1174663007896754,-0.5728601685478004,-1.0383227955934833,0.4945937987261293,-0.17300446976902825,0.08526676908210258,1.5797540203827025
-1.5375151313368969,-0.35172007909884856,0.22639307697911695,1.891934509326224,-2.327103380689792,0.49629648311807983,3.4682807644413396
-1.5145554983463476,0.4661662604830961,-1.7265634209514416,1.2082586346906692,0.04615300181906858,-0.5243608748129542,2.0446592148271123
-2.3412322086785737,0.635370256590914,0.8062396766196227,1.0087099747731711,-0.050087592941855205,0.8903272310686877,5.912735098143073
-0.6609632065329356,-1.1953360696068098,-0.17043040829794218,-2.173938795077463,-1.0416489245259535,-2.088139419102569,-5.153955953948197
0.6837804475309953,-0.2507812792982033,-0.2789266466345231,-0.10929105849539186,1.5986726564635256,-0.017197421402911937,2.5010813103354157
0.21540030187753806,-0.9974103186284132,-0.5247055736434432,2.002127730727804,0.7414688532213065,1.4630003598796406,4.971115346577199
-0.3559000366718218,-0.2519431105000365,-0.5884674989027315,-1.1439219752290724,0.7517673955142454,0.11752527630414733,-2.938933061093592
0.9724778279936314,-1.8311588063883524,0.6808331183872788,-1.2153324170085058,-0.042336576264441865,-1.2644054601022228,0.6074234949822885
-1.0506576653561626,-0.5176145971399783,0.381462356451473,-0.588745391510344,1.0235539864373886,0.23795245276756935,-3.1665004497746336
-1.82714292230311,0.817292235929514,-0.2592025316065721,-0.06578906163475971,-0.20241287885878026,-0.22025040986460206,-1.4834849848206157
1.1106976805221964,1.1378538479152225,0.6276818425222704,-0.7178900748612613,-2.3351250885391233,0.4189189395803479,1.708842396511703
-1.092417988267896,-0.8135455352445781,0.6602505949271674,-0.05931137551684084,1.8182690767514036,-1.1877684219259779,-5.973019696160023
0.435537238094908,1.4650538977260843,-2.2417312547959445,-0.5228981669892849,1.9931490527076783,1.0515212006082608,-2.905923573021754
-0.570457614375606,-1.296159619529439,1.1409628599339197,0.7169711423059529,-0.5587750490462651,0.7767272988617955,-2.5568674701169534
1.878896099747713,1.2659949270875104,-1.5058998972978785,-0.23555001002101295,-1.111745929792319,0.4297276441154544,-5.056743685662437
0.563347272597323,-0.4327672646088985,-1.2059139989524716,-0.6640220667611346,0.01648745096399454,0.12367686724432815,2.923582107539729
-0.13856334437036372,0.251600749032055,-0.331467985939438,1.2475889312440955,-1.0744246529064736,0.1598782118259485,1.2518385694397924
-0.06537407634546724,-0.14228563031604818,-0.9556762726871795,-1.4936617973814124,0.49599021190698844,-0.43940354639011764,-2.3728561184617116
1.30055291990974,0.13251202466006826,2.0564591839067887,-0.480286475034175,0.18758389239349496,-1.8285762243567376,0.36231733656650894
-0.020781142712794576,-0.6440015192257512,-0.037600864304919865,-0.10316424851684369,0.5103105729743059,0.7664849916572404,-2.445560793957512
-1.1368991346884303,-0.05173500921375678,-0.556672136809353,0.8648278280916871,0.1581245386877011,0.7585608539531751,0.32267595615230954
-0.07140401500440585,-0.43925159115698237,-0.850754544650396,-0.1259522558736066,0.7736203000090331,1.3625405663018766,-1.6312471678087046
-1.6063733465346992,-2.2052469149616813,0.7500904502724306,0.8270370444612227,-0.3668909806807308,-1.3729561415359337,2.8699897343868046
0.708149715511717,0.48208526415016556,-0.049959656503990105,-0.9101925511030243,-1.0759165003536013,0.30993090307788446,2.1112662270399323
0.567037891567955,-1.4515756948791059,1.143024173446774,1.3031787652588709,0.3901956636895457,0.18459327434148864,5.194505294484829
-0.635607522901629,0.7145886721955518,0.1604858582851048,1.0312601085364836,0.987046415407488,-0.896541018219094,-0.19602838895788313
-0.6839078850355904,0.24050072618530557,-1.124753251219087,0.10891712811072017,-1.284013882864145,-0.0385730677608164,-0.4892825759909184
-1.068247270916294,-0.46891331749889803,0.3605297953238193,-0.02295629354038085,-0.8753026935011223,0.6911243375444541,-5.493440853288594
-0.58490686119304,0.4058966555782069,-1.0727415977355328,1.2651602143179066,1.6636665996399953,0.07772574140216294,-0.3439377157151373
-0.37307609710945006,-0.17801896002297404,-1.2254175880291134,1.1540546604926658,-0.7418103312546886,-0.2539399783921659,0.09983039882244077
1.8296278285074707,-1.6655907013229398,-0.17085297160802032,-0.3111901263436172,-1.7535016340259908,0.3596584356392311,-2.6324822415274642
-0.5770296602100212,0.8412058173208078,1.932366017213437,-0.40208621299413455,0.007690795675983908,0.3004440324976066,-1.4845137227315328
-0.7140740783165171,-0.034640230320614265,0.5963826723520483,0.6393252587758442,-0.4013533625592107,-0.7732718905439584,0.45650639155539363
0.6727080863742072,0.07605078844260478,0.4394800211157926,2.4008360853430326,1.1581445037145712,-0.9478213925968373,4.481026998570828
-1.5847785789683928,0.9339071486793741,1.450991550824268,0.4098634045508865,-1.0821593130053784,1.3399952291686015,4.436617242720266
-0.16022510211591243,0.30239729418616607,0.49280173851611847,1.4590739666556893,-0.9703478829556479,-0.18334462351422542,-0.4013381422586755
0.9529874250670812,0.837567540046805,0.3520235796719299,1.8035200622198304,0.4558120923081078,0.15383442546997436,4.139845851225103
-0.43808839510197145,-1.2237861752636723,-0.3280118960818519,1.0214438323511776,0.7627095711162418,1.4482996394534904,1.0570279957905528
-0.6559845671328491,1.0142683041434888,-0.44171977315041017,-2.118246264037678,-0.7926991881907507,-0.10618090264533706,-5.693017797460089
0.022949111925590907,-0.04989717430799352,-0.3733599690559032,0.7575386612912035,0.9318877988001139,-1.50695406161703,1.494335653785196
-0.5839903612020311,0.8598140679478455,-0.05345448383013453,-0.17158763030106747,1.7052703793873272,0.3580143769913227,-3.1407414818169883
-2.418398662327409,0.7361674861817892,-0.07152009982847266,0.05359716925098691,-0.45751212507780636,0.40322624300991566,2.4023014329296064
-0.11624380009249353,-0.5502455228898915,-0.2719558336830046,-0.6949486576503868,-0.6792631132425154,1.0837923236142095,-1.0367659023004372
1.5369325278931467,-0.507571587892951,0.881552071492926,0.5171654437579299,0.36806837231166245,2.1338165278722983,0.577217193748385
-0.09711983824227054,-1.7977652262871717,1.0882010012944419,-0.705450474218595,-0.4395019727878179,0.39221071661446116,-5.652535961025164
-1.262605767775555,0.3205315694515163,0.9568907219750539,-0.655271031979462,-0.20213205100983145,0.7342001505944848,-3.329528023041086
-0.29127466053847445,2.6136013215639258,0.9783385050940722,-0.7529165914029458,-1.3088213467870502,-2.0784180445387537,-1.2641627691043646
1.0172108678633032,0.25082549638056906,0.20593839561145866,-1.7670589962395686,-0.4316517248686282,-0.08567611530941269,0.12118752024952117
2.4606659130495934,0.617613537899178,-0.4142995574804371,-0.645527775963417,0.9821729285621527,0.5792162865228446,-5.796322409123442
1.93907829256761,-0.2970418049237671,0.15710724076175067,-0.9027915246239591,-1.870324015854448,0.1993756413026397,-3.779278676849223
-0.9097583171480443,-0.06486629260122571,-0.6411212821147496,-0.959219945519528,0.2980366507188287,0.7097334116952406,-5.808491785249657
-0.9717605597729799,-1.047837920815251,-1.1344885397058007,0.6392431734232635,2.0015028932084005,-0.3272797041540702,0.3042831389019318
2.4914126433370107,0.17135608611517603,-0.46914916968177395,0.1676870443221273,1.3119642398052604,1.9342430270443336,-1.3834688221910407
-0.34760179397851665,-0.6032476541425594,-1.3579784546591842,-0.699182575761705,0.07603855447924487,0.999091028817691,-2.9241387594547836
-1.4949117225957522,-0.6800559632210593,1.0488078137502574,0.16824267732703724,-0.721386744962882,-0.508063839752598,1.545750507775805
-0.025706387280433795,0.30664508945390406,-0.44866718233811453,1.6228431319383392,1.5922906938450658,-0.6585435440564953,2.9764594270278835
-0.9993444226947041,-0.9977910378443502,-0.9103232876049991,0.514514752507132,0.598145110172626,-0.4494689889239374,1.637598102027374
-1.5984796224895106,0.5458624799674581,-0.7085716213320916,0.3959809833087572,-0.6811535885955031,-1.247554402756072,2.207282852113242
-1.901786045694024,-0.1655674094785179,-0.6959148401060286,-0.2526356382267586,-1.1592421134469424,-1.506665667866729,1.3476792977221352
1.5231707749605938,-1.475320499035309,0.8799508334570495,-1.6381961291720502,-1.5672293478089776,0.8109963426934432,-3.0335340458393447
0.727073961819976,-1.2786636868802992,0.6494603581293523,1.926280380066369,-1.5833511024995424,0.3015246113858869,5.128184344104594
0.5265609231511571,-1.3398481637760293,-1.9214046727967555,0.332711284323719,-1.1700796246210157,0.26929978163757706,7.594660828431749
0.3919720429302248,1.5138028264957732,0.5513746802904657,-1.804094710575151,0.16083966881812573,0.6485159294211005,1.3666334635565183
0.6106035263627742,0.1616406836873765,0.7686527973389613,-1.5017076050714164,-0.46329488376728734,0.06390883709125805,1.5948207198283284
-0.9051528833269823,0.11143997200646365,-0.0641277566134262,0.48631551018759256,-0.5711401946596293,0.7524458827970002,-0.3602919943199416
0.7150936911065493,-0.8026334267499977,-1.166620754560083,0.08728251445043024,-0.17089493340762432,1.6890388033524013,5.150099620661264
1.0743134676430137,-1.3638536152280536,0.0784787382271091,0.8571876014238132,-0.565004869561099,-0.2214002075393568,1.7050381558010468
-0.08491525544634089,-0.42418667198589577,-0.07990475757073592,-0.7615902342536206,-0.34774139141981086,-0.37224851685309934,-1.6688392209301544
0.5418492645691645,-0.40380541620268506,-0.2014093513918187,0.6829689061801676,1.4039332364182546,-1.1585323936085457,4.458047631140533
-1.4800282189490812,-1.8626733173613401,-1.9220916651204407,2.177715768614388,-0.9348523234754155,-0.48293990990400404,4.9051251412238175
-2.5017938677533937,-0.6145110917531275,-0.10674840022967351,2.1029816944542357,-1.4378667092548338,0.9884890775003395,7.057283445834658
0.05152772127540535,-0.31209182735547003,-0.7658876065766012,-0.3417369255926311,-0.5219320874249552,1.1176435325989043,-2.261383275082512
-0.12380605786773047,1.3474467528176441,0.03874712518376758,0.03602609960278526,-1.0233493325695155,1.262870934390066,-0.45492714480577945
-1.1907934449536652,-1.8095494304217286,1.1314299039831763,2.152320617669501,0.2959431236870905,-0.9867003101612721,-1.997551020042649
0.7692741108315208,0.21648929835138428,0.23777873709418748,3.377358776794183,1.3121576997050193,-0.10555797535156941,6.9408958712098885
-0.14893159168922981,-0.510727915124705,-0.1693403541363816,0.9056534612950934,-0.8171760445600923,0.22150556939032431,0.09077459850803637
0.48231331432017943,-0.17604328869755306,-1.084939914832883,0.2209888722376454,0.29416056056117335,-0.8804189152485131,5.101433729923851
-2.132233785674969,-2.0460558989243216,2.0791647696616855,-0.36494710616387693,-0.355927312181852,0.03997976655373949,-4.291328198245344
1.3427072298920188,-0.9849832938478381,0.22860032224239243,0.9152339106705628,-0.8805865644307559,0.21284364160108277,3.6249718087447302
-0.219340258489067,-0.18689100773169903,-0.39272065857205435,-1.4036027587829611,0.2333331601970364,-0.2936652865353302,-2.9582850308417687
-1.9398466844603526,1.1716246363278884,0.6582771537180696,-0.37275400666821723,-0.542738788494836,-0.9912672371003007,0.525654586844871
0.028103955036745197,1.4091730375994345,-1.1306868817590112,2.1458408839902416,0.7491986744199841,-0.6392497547618281,1.5466652745070641
-0.5678318027039153,-0.6423348516095976,0.8408711428007606,1.4542151427388974,-0.26971656281390266,-0.15331684862285994,-1.585278262646893
-0.48670771757293435,0.7287745941053562,0.5444786422793926,-0.5989549412044537,0.20499120851292746,-0.1685558685699136,-4.694080724627134
-0.34049183904230657,0.213964421419727,0.628576507641232,-0.9325048768520561,1.0367081352094094,0.9355963793483031,-2.173396644142129
-0.3378606088493654,-0.2069065212316939,0.7682428448653061,0.28397618914034206,-2.422784948490405,0.12253705463984721,4.4694901123208135
-0.16224519229504855,1.1508383249088219,-0.2782951533516997,-0.21076647596425305,1.0601397708051705,1.0280692891473282,-2.7549279283725503
0.35084810644417586,0.31903174527133443,0.6624498253509321,0.8051708141641476,-1.8377222372253739,0.7544462519517016,5.44582506180144
0.7870657994681194,-0.6729289411495497,0.21282623163705733,-1.1039673092250268,-0.026133373092032428,-0.6272089872433202,-0.3303565316119289
-0.9575950303963411,0.22575286893022234,0.19791374011624954,1.387669039980498,0.6971990532791903,-0.15593417297648843,0.9223478933912964
1.6321621025050004,0.3635910300914345,-0.08689437616872561,-0.15743954394739126,-0.17567546573453716,-1.1003134583615926,0.06693932440359207
-1.2864207229512339,0.3166749998622403,1.3791410692444053,2.812644705832169,2.6337841372740023,-1.6411762704880888,2.4557388433820613
-0.8082971917345018,0.9857985515469962,-0.7324753870888797,1.739943254846466,0.06651812349963221,0.11492700887427669,-1.4775241032304836
-0.5411671620792297,0.7435113156722438,0.23314830784726917,-0.4009617298969877,-0.25940802590751416,-0.5274528887731394,-3.723389723179269
-0.7338277962512413,0.5132731786318628,-1.2904424131951737,-0.046693733736129894,-0.6152214636516867,-1.004224052683505,-6.2640530245204165
-0.2020246966591187,-1.3104609635851356,1.137471152961915,-1.2127470385292887,-1.3614802206656174,0.5316881281476772,-1.62871944547163
-0.07906281290952522,0.9727756864291387,1.2642404379683796,-1.5634736411904624,1.0418388938342877,0.9177390182000961,-2.775630738578872
-1.1425612738906836,-0.8166187356052169,-1.0202743429513499,0.7583648380064453,-0.7643075444617777,0.8510101742436955,0.1298577419050282
1.3156313186883948,-0.41152067522877844,0.7809455530124177,-1.6627630964349802,0.17491164636229622,-1.9732021454311464,-0.7520291569967525
0.36459340341260016,-0.5895600722982347,0.3449552299039786,1.212624316733397,-0.16765474836306618,-0.5293067259267521,3.7390782705093923
-0.3759009985846331,1.7163493835992099,0.0032345386665761306,0.7903519615971041,-0.7252785290034878,1.4070262687247086,0.04963842136896823
-0.9947279267665589,1.5686956688517042,0.4874215774005571,0.24067681589681986,0.010793770593266007,0.9353819633053968,-0.7147592778459998
0.7978916643921299,-0.27366066280582474,1.3677622307812676,1.0918717465332042,-1.382387758069349,1.0421950950964645,5.220764509327049
0.9606961116727878,-0.5864484163966943,1.0445705367729718,-0.7384953619004294,2.3725605310833293,2.339010964151959,2.7838047572174487
0.0661705914075736,-0.2293058402394287,0.4896279139046249,1.0744444575362486,0.38448495460057025,-0.6278558022289682,2.855922061504848
0.7695285473755565,-1.520115760519525,-1.21408488938214,0.43758994361291376,0.12911099803483386,0.506812149156138,6.369887117959648
0.16118180998477075,0.7020233480377603,-1.0625554051550472,0.9255472726856405,2.0629103547139187,0.7539198656030234,3.4594235409111636
-0.9369793134926644,0.4986659131099397,-1.5972482715937009,1.956943730487136,0.11814079713283268,-0.8993619112415376,-0.21464033207552236
-1.6127796389306301,0.12719907508339956,-0.4376273381466099,0.8763483433562335,-1.9465353391643434,-0.08152600735658744,5.101646192138839
1.354100824431346,0.8168818581109835,-1.36362341061229,0.5925437508564253,0.7800575910265071,0.04918031265562144,2.596311604713933
0.9217660104359365,-0.6120705057228448,-1.1084799882417575,-0.30059098550634306,-1.753709804168124,-0.18022394225351435,5.116394050930482
0.42591101209136756,1.3845595905237127,-0.640479270030159,-0.12696750965253176,1.0429277413691025,0.5670693718945503,0.35864751886229246
0.8315038825093993,-1.2609381199227223,0.2770727282309981,0.9467421709431079,0.07430997609574189,1.0189654587269081,5.73880720567325
2.2043373434058533,0.9557771694814646,-0.08264391151826368,0.24451061450119038,-0.14137739826702686,-0.42623533529442686,-0.3253564183650325
0.6299847184804572,-0.6767156937630158,-0.3910218743154072,0.5096012230294673,-0.703319443604795,-1.440789714694206,5.409635518435093
0.5382862475731006,0.5883550042342693,0.48382915405892307,-0.6603295257167149,-0.06760329111125071,-1.4073973311469916,1.390771957055513
-0.3544384782543924,-0.29834164852786466,-0.3282085692185613,0.6666348752812652,0.4770997083063843,1.308165549615344,-0.03569716490823838
0.35592832139512254,-0.8347635010716108,-0.4373978242965735,-1.2593962763209348,0.7427625541191397,0.8262890465616574,1.3839470433427883
1.9042358597213107,-0.6509181594724951,-0.4934187627192791,0.06300269369231276,-1.566964556060604,-1.0425534432894508,0.9130852911352874
0.8212320383949917,0.17263783743222538,0.16177842474633725,0.6180613382118447,-0.6363246267874599,0.9586443657799061,6.125547034028641
-0.32484451364247546,0.5777188545723907,-1.4584119065864252,-0.3656490347568439,0.3132281859960414,0.7275953792047402,-2.857312617997515
0.49680804763199654,1.762669258284616,0.2706362305459137,0.23689611047988354,-0.5902953144324385,0.7969554658177187,4.347360404332999
-0.18485444488912262,-0.07047812605952217,0.10374329830288487,-1.6978112471549203,1.208710298558061,1.0320226154980714,-2.2336503465022317
1.8801511244268077,0.3539763224980546,-1.4131419055424241,-1.3401878147009838,0.3907077137581762,-0.7747298972850781,-3.1177758814570113
-0.7703585902170274,0.6897588103657517,0.762747602834496,0.16853368681223752,0.394795287587708,1.5840687983292947,-0.39654701060229197
1.775689649915658,-0.1752558135825554,0.11834323951908955,-1.1897774687835718,1.0691077263786646,-0.7037352385352083,-4.0814191962342825
0.554915944778262,-0.7607919857053341,-1.2425610315995388,0.9918468450327849,-0.6433805954141119,0.4633187055863842,4.2165363117122485
0.16483535413834977,-0.4611650557738261,1.2511514859500221,0.8518324639983536,-0.23762255929315965,0.08914112650524275,0.3491235695738899
-0.8868647979782093,0.2917733235038319,2.4275973904385064,1.611578645282049,1.7734662503801832,1.0999487740396252,1.2397017582498528
-0.25010123371842835,-0.4214304927382002,0.5196065436658017,1.2692965761619597,-0.7928315075813511,0.24021267261261903,-1.1154846953971567
-0.9702160323858426,-0.8434820989020362,-0.019551232104528245,-0.6669521602601163,-1.2128721047176265,-1.5022861062196888,-5.476868609594482
0.016308717666196935,-0.7783423018471538,0.787534164037487,1.494314474397594,-0.05877183843619751,0.5244781663512881,1.1727980368798285
-1.3243492458079484,1.0861335137218542,1.5338624296664038,-0.3621265046570164,-1.139037802545847,0.5094501209131135,-0.1296986919553924
1.6185408330944153,0.5684458808280103,0.043001400429088836,-0.613005807599955,-1.7650496249061836,-0.36406840567669524,-1.9239156056114437
