date,lights,T1,RH_1,T2,RH_2,T3,RH_3,T4,RH_4,T5,RH_5,T6,RH_6,T7,RH_7,T8,RH_8,T9,RH_9,T_out,Press_mm_hg,RH_out,Windspeed,Visibility,Tdewpoint,rv1,rv2,target
2016-01-1313:50:00,0,19.0,41.56,18.39,40.82666667,19.23,42.82666667,19.1,41.79,17.5,50.73,6.996666667,59.89333333,17.5,37.96666667,17.85666667,45.4,16.89,42.29,6.67,757.6166667,72.16666667,5.0,27.33333333,1.9,8.478838333,8.478838333,50
2016-04-2818:20:00,0,21.1,33.76,19.89,31.73,22.66333333,37.56666667,20.5,32.09,19.29,39.82666667,10.83,1.0,19.84,24.795,21.79,34.29,18.79,29.56666667,10.0,756.1333333,44.33333333,4.333333333,40.0,-1.67,2.428942942,2.428942942,550
2016-04-2920:30:00,0,23.39,36.59,21.5,37.86333333,22.79,36.0,20.1,39.03,19.16666667,43.59,7.366666667,40.56666667,19.2,34.2,22.06666667,41.13333333,18.79,37.62666667,7.5,755.65,86.0,3.5,40.0,5.3,46.01246318,46.01246318,100
2016-02-2620:10:00,20,20.89,38.19333333,19.63333333,37.56,20.76,36.4,19.32333333,34.53,18.14,48.714,4.19,51.76666667,18.45285714,30.41,20.35666667,37.7,17.7,35.29,3.65,751.5666667,79.5,2.833333333,20.83333333,0.333,22.1822028,22.1822028,90
2016-03-1808:50:00,0,21.2,36.09,17.79,40.56,21.29,35.7,20.79,33.29,18.89,68.66,3.163333333,74.19,20.0,28.7,21.76,37.86333333,19.73,37.62666667,2.37,763.5666667,99.16666667,3.0,9.5,2.28,14.22322759,14.22322759,50
2016-03-2923:30:00,20,22.0,40.5,19.73,42.26,22.79,38.7,21.5,40.09,20.1,46.59,9.3,50.69333333,21.1,33.53,24.6,43.7,20.32333333,39.06,9.7,750.05,78.0,7.0,40.0,6.0,7.521593454,7.521593454,70
2016-01-1203:00:00,0,20.56666667,46.06666667,19.89,44.59,20.2,45.4,20.66666667,46.0,18.7,50.09,4.063333333,92.86666667,17.85666667,45.96666667,19.2,54.9,17.0,47.82666667,4.8,738.9,92.0,4.0,40.0,3.6,45.64379621,45.64379621,30
2016-04-1303:40:00,0,22.0,41.23,19.365,44.425,24.46333333,39.86333333,22.5,38.0,20.89,53.07714286,5.375,51.32,21.39,34.62666667,23.0,45.4,21.0,43.29,7.1,751.1,85.66666667,1.333333333,40.0,4.8,43.48808698,43.48808698,60
2016-01-2907:00:00,0,18.2,43.09,17.26,44.0,19.2,42.2,17.03333333,43.53,16.77,50.59,3.966666667,96.03333333,17.2,38.79,17.30111111,45.09,16.39,43.03,4.6,764.2,82.0,6.0,40.0,1.8,36.83898695,36.83898695,20
2016-01-2700:20:00,10,21.29,45.045,20.7,44.0,20.79,44.9,21.23,45.0,17.95111111,65.15888889,9.69,88.22666667,18.39,45.0,17.89,49.2,17.06666667,47.46666667,9.87,759.3666667,80.33333333,10.0,40.0,6.53,46.5937854,46.5937854,50
2016-05-1317:50:00,0,26.03333333,41.7,26.13333333,38.56,28.36142857,35.52571429,25.525,41.51,25.2,70.29,21.82666667,1.0,25.79,36.59,25.7,44.36,24.37,39.9,21.9,748.35,46.66666667,9.5,30.83333333,9.83,26.80221188,26.80221188,560
2016-05-0519:30:00,0,24.13333333,33.43333333,23.7,30.7,23.6,34.4,22.96333333,32.46666667,22.89,79.2,20.09666667,1.0,22.6,29.6,23.0,34.62666667,20.89,35.7,18.4,758.05,39.5,3.5,40.0,4.05,46.11449467,46.11449467,90
2016-03-2411:30:00,0,21.2,39.9,18.89,42.845,22.0,37.9,21.29,38.36,19.29,47.5,10.16666667,35.26666667,20.2,35.36333333,21.79,40.96666667,19.46333333,39.46666667,8.2,756.9,69.0,3.5,22.5,2.8,42.04934416,42.04934416,50
2016-03-2811:40:00,0,21.85666667,40.5,20.93,41.63333333,22.5,38.32666667,21.1,39.5,19.89,46.475,12.075,39.9725,21.23,36.42666667,23.06666667,42.23,20.39,43.62666667,9.73,740.4666667,79.33333333,9.0,47.66666667,6.17,33.977249,33.977249,100
2016-03-0704:20:00,0,19.39,37.03,17.1,39.7,19.79,39.06,18.89,36.59,17.39,57.73,1.0,76.8,17.7,31.89,20.79,44.29,17.6,40.23,0.0667,747.2333333,99.33333333,1.666666667,11.33333333,0.0,42.12936389,42.12936389,50
2016-02-2622:10:00,10,21.29,36.82666667,20.1,37.09,20.79,36.5,20.42666667,34.03,20.68,89.07,2.863333333,62.15666667,18.7,32.09,20.85666667,39.66333333,17.6,35.29,3.08,751.25,80.0,2.0,21.16666667,-0.0333,19.57493994,19.57493994,50
2016-04-2604:10:00,0,21.0,37.06,17.89,40.09,21.92666667,36.29,20.79,34.79,19.66666667,48.33333333,0.4,55.2,20.39,31.175,22.6,42.214,19.5,39.2,1.43,748.4666667,94.16666667,3.166666667,40.0,0.567,31.00562792,31.00562792,40
2016-05-1606:50:00,0,22.7,39.59,20.2,42.16857143,24.89,38.09,23.1,37.2,22.73,42.29,8.16,51.82666667,23.26,33.59,24.6,40.9,22.79,42.79,7.58,760.6833333,99.0,0.833333333,56.16666667,7.38,8.578813099,8.578813099,60
2016-03-1120:00:00,0,21.1,35.66333333,19.32333333,36.96666667,20.29,35.36333333,20.2,34.16333333,17.79,45.09,5.366666667,36.93333333,20.76,27.6,22.73,35.53,18.53333333,38.86333333,6.8,765.7,72.0,2.0,64.0,2.0,18.7675565,18.7675565,100
2016-02-0915:50:00,0,22.29,47.42666667,21.73,41.33333333,22.42666667,41.69333333,19.6,41.56,19.63333333,49.13277778,3.73,92.46666667,18.67222222,36.52833333,22.93277778,45.13722222,19.0,43.76,3.38,732.1166667,95.16666667,5.5,43.5,2.62,29.41074856,29.41074856,160
2016-03-1920:50:00,10,22.29,36.2,20.1,38.06666667,22.2,35.0,21.2,33.43333333,18.6,43.79,6.8,37.36333333,19.2,29.16666667,22.89,35.59,19.2,34.5,5.93,762.5333333,78.16666667,2.833333333,21.66666667,2.37,6.644991878,6.644991878,80
2016-04-1220:40:00,10,23.0,43.5,21.32333333,42.82666667,25.96333333,43.69666667,22.89,37.66333333,21.66,72.46,9.366666667,23.12666667,21.82333333,33.7,23.6,42.86857143,21.1,40.69333333,10.8,751.2,72.33333333,1.333333333,40.0,5.9,28.53211834,28.53211834,310
2016-01-2408:20:00,20,17.6,43.76,16.85666667,43.13333333,18.29,43.29,16.76,46.53,15.39,51.0,6.09,99.9,15.6,40.61055556,18.1,53.01722222,15.5,48.79,6.27,767.3666667,95.66666667,6.333333333,56.0,5.6,26.8991587,26.8991587,590
2016-02-1212:10:00,0,20.29,39.66666667,19.6,38.29,21.03333333,41.15666667,19.1,38.66333333,18.42055556,50.65722222,4.463333333,90.35666667,19.28,34.51722222,21.66111111,41.49444444,18.5,39.9,4.72,742.8333333,74.66666667,5.166666667,40.0,0.55,19.02739358,19.02739358,310
2016-04-0523:10:00,10,22.79,41.2,19.92666667,45.4,24.39,38.79,21.2,41.4,21.0,54.5,6.333333333,50.52666667,21.7,35.29,23.32333333,40.09,20.79,41.86,7.9,754.0333333,84.66666667,3.0,40.0,5.5,11.04988053,11.04988053,60
2016-04-0921:20:00,10,22.6,41.5,20.6,43.59,22.79,39.5,20.6,38.09,20.1,45.79,9.234,47.176,21.7,34.62666667,23.29,37.59,20.0,37.46666667,9.33,749.8666667,85.33333333,4.333333333,34.66666667,7.0,13.30639885,13.30639885,90
2016-03-3102:20:00,0,22.06666667,39.16333333,19.39,42.59,22.85666667,38.96666667,20.815,39.5225,20.0,48.79,6.59,63.46333333,20.6,34.46666667,23.5,45.9,20.29,41.82666667,6.1,754.3,97.33333333,1.0,64.33333333,5.67,48.6123018,48.6123018,60
2016-05-1802:00:00,0,23.29,40.79,21.54285714,41.45714286,24.76,39.38166667,23.29,38.29,21.2,53.09571429,8.89,37.036,23.26428571,40.53571429,23.85666667,44.49,22.7,43.09,9.3,755.5,86.0,2.0,23.0,7.1,9.870222409,9.870222409,60
2016-02-0205:30:00,0,22.1,46.2,21.2,45.79,23.2,46.09,20.29,49.2,19.79,58.585,9.566666667,99.9,18.81222222,46.12055556,20.79,56.005,18.2,52.5,9.4,758.7,94.5,6.5,64.0,8.55,44.03897452,44.03897452,40
2016-02-1312:40:00,0,20.1,42.36666667,18.29,42.5,21.53333333,39.09,18.5,39.73,18.5,52.06444444,4.623333333,85.73,18.67777778,34.07333333,21.755,44.00555556,18.29,38.95,2.97,734.2,93.0,5.0,63.0,1.93,18.2669593,18.2669593,220
2016-04-2520:40:00,10,22.29,38.66333333,20.29,40.36333333,21.7,36.59,21.1,37.736,20.39,73.36333333,5.69,55.06,20.6,32.59,23.23,40.53,19.5,36.4,5.83,748.3,92.0,2.666666667,34.66666667,4.6,17.53090689,17.53090689,100
2016-02-2215:50:00,0,21.1,46.09,19.89,46.7,21.7675,42.845,20.2,45.56,18.5,53.5,10.69,90.76333333,18.5,44.5,20.42666667,48.82666667,18.754,47.29,7.92,750.8833333,97.83333333,5.166666667,42.16666667,7.58,20.93561282,20.93561282,70
2016-03-2216:40:00,0,22.1,37.09,21.29,36.43333333,22.1,36.29,21.53333333,35.4,19.1,45.9,11.62666667,19.16,19.66666667,32.86333333,22.13333333,37.7,19.79,39.79,11.2,756.1333333,57.33333333,4.0,40.0,2.97,17.85665049,17.85665049,50
2016-02-1216:30:00,0,21.39,40.26666667,19.85666667,39.03,21.89,39.56,19.39,38.2,18.39,48.98333333,5.4,81.36333333,20.68888889,31.46944444,24.19833333,38.545,18.96333333,41.79,5.45,740.5,67.5,4.5,40.0,-0.2,34.82715815,34.82715815,90
2016-04-2118:40:00,0,23.2,37.96666667,22.89,35.7,23.29,36.59,22.89,34.44285714,21.16666667,40.62666667,18.76,1.0,22.29,30.1,22.745,38.345,20.2,36.29,17.5,759.6666667,47.0,4.0,36.33333333,5.93,47.52445449,47.52445449,130
2016-03-0816:40:00,0,20.0,39.45,18.66666667,37.79,20.2,37.29,19.0,33.62666667,17.7,51.46333333,9.323333333,75.1,18.79,28.76,19.89,35.73,17.73,39.4,6.87,756.8,59.66666667,3.333333333,40.0,-0.6,18.49063071,18.49063071,50
2016-02-0908:50:00,0,21.39,43.46666667,20.63333333,42.36,22.6,42.0,20.13333333,43.59,20.0,47.0,6.3,85.36333333,18.95111111,38.16944444,21.39,51.70888889,19.1,46.86333333,6.07,738.4833333,91.5,5.0,55.16666667,4.72,18.52626655,18.52626655,70
2016-04-1803:00:00,0,21.7,38.79,18.1,43.29,22.39,37.43333333,22.7,36.918,20.39,44.29,0.233333333,50.79333333,20.89,31.0,22.5,39.59,20.5,39.16333333,1.4,760.6,95.0,1.0,25.0,0.7,1.431727037,1.431727037,60
2016-02-0221:50:00,20,22.35666667,45.36333333,21.89,43.4,21.97642857,45.77071429,21.39,44.69333333,20.6,80.26777778,4.9,95.9,18.55,39.755,21.30666667,48.58777778,18.0,45.2,5.73,758.35,86.16666667,4.333333333,26.16666667,3.5,34.90699548,34.90699548,80
2016-05-0205:00:00,0,21.2,35.9,18.1,38.46666667,22.5,36.29,20.39,34.29,19.66666667,46.7,1.323333333,37.02666667,19.39,29.6,22.5,41.82666667,19.6,39.79,2.2,765.1,89.0,1.0,28.0,0.6,35.94121911,35.94121911,70
2016-05-2308:30:00,0,24.1,47.82666667,21.79,50.79,25.39,42.79,23.39,45.7,22.89,50.73,12.13,53.29,23.39,41.2,24.6,47.4,23.2,48.8725,11.7,754.75,94.0,2.0,54.0,10.8,36.91070764,36.91070764,50
2016-02-2107:10:00,0,20.82333333,43.53,19.5,44.59,21.79,42.134,19.7,44.59,18.0,53.79,10.46333333,91.06,18.2,41.59,20.79,54.4,18.2,46.66333333,10.5,756.2,89.66666667,8.166666667,40.0,8.87,43.31659155,43.31659155,40
2016-03-2506:30:00,0,21.1,39.59,18.5,43.4,22.29,39.0,19.89,38.59,19.39,49.96666667,6.4,73.19,20.39,40.26,22.0,46.29,19.5,43.79,6.1,753.4,96.0,6.0,39.5,5.5,20.29291651,20.29291651,60
2016-03-3122:20:00,0,22.7,38.9,20.63333333,41.09,22.0,38.5,20.56666667,40.46666667,19.89,48.59,6.263333333,67.16,20.2225,34.045,24.6,42.65666667,20.0,40.26,6.17,755.7,86.66666667,3.666666667,35.0,4.07,48.41953445,48.41953445,60
2016-05-0503:50:00,0,22.6,34.59,19.89,36.79,23.6,37.0,22.5,32.9,20.85666667,41.96666667,5.126666667,25.1,22.2,34.33714286,23.79,41.59,20.56666667,39.2,6.53,763.35,71.5,3.166666667,40.0,1.72,7.287828077,7.287828077,50
2016-04-2906:40:00,0,20.1,35.79,17.23,38.82666667,21.7,34.4,19.5,33.72333333,18.6,41.03,5.996666667,34.56666667,19.0,28.92666667,21.13333333,39.36,18.79,38.63333333,5.57,754.2333333,74.33333333,6.0,40.0,1.33,25.97690511,25.97690511,60
2016-05-1222:10:00,0,25.39,49.16333333,24.315,48.7225,26.35666667,45.0,25.39,46.12142857,24.1,51.29,15.06666667,44.72666667,24.96333333,43.86333333,26.956,51.92,24.06,48.036,16.5,745.0833333,78.66666667,1.0,26.66666667,12.7,5.429814931,5.429814931,60
2016-05-2508:40:00,20,23.39,39.9,21.2,42.03,24.79,38.13333333,23.2,39.0,19.956,41.82,11.62666667,26.52333333,22.66666667,35.26666667,23.7,40.396,22.46333333,40.3,8.97,757.3,87.66666667,1.0,27.66666667,7.03,27.15216671,27.15216671,70
2016-05-0301:50:00,0,22.2,39.59,20.29,41.5,23.13333333,37.86333333,22.39,38.9,19.89,49.7,10.595,46.545,21.0,40.7,23.2,46.4,19.89,41.718,11.2,760.0,93.83333333,5.666666667,48.83333333,10.2,44.36706839,44.36706839,60
2016-01-1614:00:00,0,21.89,39.59,21.1,38.66333333,20.92666667,41.16333333,20.29,41.9,20.2,71.39333333,4.16,96.03,19.96333333,39.93,20.5,47.92333333,18.1,44.2,5.8,763.7,80.0,4.0,40.0,2.5,37.54410939,37.54410939,80
2016-02-0705:30:00,0,21.6,44.73,20.89,44.23,22.29,45.0,19.0,45.29,19.07222222,59.96611111,8.5,91.22666667,18.84555556,41.30833333,21.7,54.78,19.2,50.5,8.2,741.7,90.5,7.5,24.0,6.7,49.45128175,49.45128175,50
2016-05-2605:10:00,0,23.76363636,41.16454545,22.63227273,41.68181818,24.97090909,38.90454545,23.55363636,39.78181818,21.30818182,50.55409091,12.92848485,42.64545455,23.23454545,38.43636364,23.85454545,43.29,22.1,43.02242424,8.12,756.7333333,98.33333333,1.0,44.33333333,7.87,47.04203786,47.04203786,50
2016-02-0613:30:00,0,21.0,45.53,20.39,43.7,21.5,43.5,19.82333333,46.8,19.6,83.23,11.13,70.53333333,18.6,41.29,21.29,51.415,18.89,47.32666667,10.6,750.65,74.5,10.5,40.0,6.15,38.13360879,38.13360879,70
2016-02-0507:00:00,0,21.29,45.4,20.53333333,44.9,22.36777778,45.055,20.0,46.4,18.71,64.3,9.1,98.59,18.5,42.58,20.86222222,55.17555556,18.6,50.73,8.7,763.6,99.0,4.0,30.0,8.5,0.322986266,0.322986266,50
2016-03-1403:20:00,0,20.6,35.2,17.29,39.59,20.39,36.96666667,19.6,34.09,18.46333333,50.26,0.177777778,66.84277778,21.46333333,34.2,22.89,41.32388889,19.29,39.29,0.767,768.6,89.0,3.0,63.0,-0.9,45.91014402,45.91014402,40
2016-05-1611:40:00,0,22.79,39.5,21.5,39.89714286,24.6,37.29,23.5,37.65666667,22.6,41.514,15.43,12.7,23.1,32.56,24.3525,37.9,22.82333333,39.66333333,9.07,761.4,73.0,1.0,31.33333333,4.4,31.98105041,31.98105041,110
2016-04-0923:40:00,0,22.2,40.9,19.79,43.79,22.79,39.7,20.56666667,38.53,20.04,46.736,7.5,55.32666667,21.7,36.33333333,23.0,40.29,20.1,39.82666667,7.43,750.5333333,92.66666667,2.333333333,34.66666667,6.27,42.41322519,42.41322519,60
2016-03-1419:30:00,0,22.7,39.83,19.53333333,42.2,22.89,35.06,20.7,32.725,18.29,46.6,4.763333333,31.06666667,22.29,24.53333333,22.29,30.0,19.6,37.5,4.7,766.75,67.5,3.0,22.5,-0.85,24.36484057,24.36484057,100
2016-03-0802:50:00,0,20.29,38.4,17.7,41.09,20.92666667,37.2,20.63333333,36.29,18.2,44.03,1.933333333,79.0,18.35666667,35.66333333,20.29,45.66333333,17.5,38.26666667,1.13,754.3833333,99.0,1.0,42.33333333,0.933,2.545420139,2.545420139,40
2016-04-3003:00:00,0,21.89,37.09,19.29,39.82666667,22.89,37.09,19.5,38.0,19.1,43.36333333,5.69,52.2,19.2,33.9,21.53333333,46.0,19.1,40.79,5.7,756.9,96.0,2.0,23.0,5.1,25.72472064,25.72472064,40
2016-01-2822:40:00,0,18.89,43.79,18.0,44.09,19.63333333,43.32666667,17.6,43.9,17.0,51.62666667,0.7,95.22666667,17.89,39.0,18.0,45.33277778,16.85666667,44.16333333,2.97,765.7,87.33333333,4.666666667,36.0,1.07,49.57945185,49.57945185,30
2016-04-2918:00:00,0,22.6,37.13333333,21.2,36.79,23.2,35.29,19.89,39.46,19.1,42.59,11.4,24.66333333,19.2,33.93333333,21.29,40.86333333,18.79,37.59,9.3,755.5,78.0,4.0,40.0,5.6,41.36003641,41.36003641,330
2016-05-0318:00:00,0,23.29,35.73,22.6,31.82333333,23.29,35.73,23.0,33.8,21.7,36.62333333,14.42666667,1.0,22.04,28.216,23.89,36.46666667,20.46857143,37.26428571,14.3,764.5,38.0,4.0,29.0,-0.1,44.11571245,44.11571245,140
2016-02-2416:10:00,0,21.0,37.8,19.73,37.36333333,20.85666667,38.29,20.23,36.56666667,18.0,47.79,7.33,87.6,20.31,31.2,22.06666667,38.9,18.46857143,40.68,6.33,756.5333333,55.5,2.0,40.0,-2.05,13.20871933,13.20871933,100
2016-02-2908:20:00,0,19.0,35.2,16.92666667,36.7,19.39,35.43,18.2,33.86333333,17.29,56.59,-0.3,77.56333333,19.5,34.03,20.2,40.79,18.0,39.66333333,0.133,762.1666667,88.66666667,4.333333333,24.0,-1.57,13.32129183,13.32129183,400
2016-02-0517:00:00,0,22.2,44.56,21.79,43.2,22.0,44.29,20.0,47.5,18.7,56.59722222,10.5,90.29666667,18.5,44.2,19.89,50.09,18.6,48.62666667,10.0,760.7,90.0,5.0,40.0,8.4,38.12064275,38.12064275,60
2016-04-0804:00:00,0,21.2,39.4,18.5,43.59,22.29,38.36333333,20.6,38.5,19.89,48.0,5.304166667,57.22416667,21.2,37.68357143,21.5,41.01083333,20.6,43.09,5.5,753.9,96.0,2.0,20.0,4.9,2.099737409,2.099737409,60
2016-03-1601:30:00,20,21.29,41.29,18.2,46.86333333,20.76,38.46666667,21.26,37.26,18.7,47.5,4.433333333,68.96666667,20.6,30.0,22.7,43.09,19.6,38.79,4.7,764.5,91.5,2.5,54.5,3.35,42.55492017,42.55492017,80
2016-03-0417:20:00,0,21.0,38.59,19.736,38.178,22.96333333,37.71166667,19.1,35.79666667,18.06666667,46.36333333,6.78625,65.0225,19.05714286,31.57142857,20.18333333,37.96666667,18.5,38.76142857,7.03,739.2333333,67.33333333,1.0,34.33333333,1.33,17.81858971,17.81858971,180
2016-04-1423:00:00,0,22.6,41.29,20.79,42.86333333,23.39,39.79,22.6,39.59,20.79,54.56,11.26333333,39.56,21.26428571,36.47142857,23.772,47.29,20.7,43.16333333,12.9,751.0,71.0,4.0,40.0,7.8,0.862433307,0.862433307,60
2016-02-0209:40:00,30,21.79,48.7,20.76,46.23,22.35666667,44.9,20.96333333,48.2,19.6,56.35611111,8.86,99.9,18.755,45.18777778,20.39,52.765,18.26,51.52666667,8.67,757.4333333,96.33333333,6.0,48.66666667,8.1,21.63402109,21.63402109,60
2016-04-1601:30:00,0,22.5,41.59,20.06666667,44.66333333,23.89,39.46666667,21.89,40.2,21.0,52.26,10.19,46.9,21.39,36.29,23.29,48.06,20.89,44.29,10.4,744.55,79.0,6.5,40.0,6.8,32.69976436,32.69976436,60
2016-05-2209:20:00,0,24.45363636,53.11127273,23.43963964,52.61978979,27.35872727,46.72363636,23.76306306,49.09846847,22.66936937,54.3204955,18.80612613,45.78166667,23.58198198,46.25896396,24.78945455,54.19818182,23.26581818,50.76363636,15.5,750.3333333,93.0,3.333333333,40.0,14.4,39.31312874,39.31312874,100
2016-05-1411:50:00,0,24.6,39.26333333,24.96857143,33.95428571,24.79,34.26,24.85,33.174,23.934,50.198,13.16,1.0,24.35666667,29.16666667,25.79,36.59,23.412,33.74,10.7,756.9166667,55.0,5.833333333,40.0,1.9,35.08799401,35.08799401,100
2016-03-0220:40:00,20,21.92666667,39.56333333,20.79,38.5,21.0,39.66333333,21.34,37.19,19.35666667,59.3,1.73,81.66666667,18.6,31.0,21.89,39.06,18.2,37.43333333,2.27,744.2333333,89.33333333,7.666666667,37.0,0.7,9.121568548,9.121568548,130
2016-03-0914:00:00,0,19.46333333,36.59,16.89,39.86333333,19.89,37.06,18.675,34.475,17.39,43.29,7.623333333,43.15666667,17.89,31.2,19.39,38.5,17.7,37.53,7.3,744.1,65.0,10.0,40.0,1.0,41.068426,41.068426,70
2016-01-2512:30:00,0,20.15,43.79,19.5,43.2,20.13333333,44.29,18.2,45.09,18.13888889,48.245,10.36,85.53333333,17.17611111,41.76,18.24944444,47.77444444,16.7,48.29,12.1,763.1,58.0,5.0,40.0,3.9,42.27719893,42.27719893,40
2016-05-1905:00:00,0,23.0,40.79,20.39,43.9,24.39,39.2,22.89,40.06,21.1,50.13714286,6.73,50.13333333,23.1,39.76428571,23.83285714,41.61142857,22.5,43.79,8.0,749.6,96.0,2.0,22.0,7.4,23.1601447,23.1601447,50
2016-04-1520:10:00,0,22.89,43.29,21.2,43.93333333,24.26,38.79,22.29,40.58,21.96333333,77.53,12.33333333,40.53,21.73,35.83333333,23.79,42.32666667,20.89,42.9,13.0,744.9666667,71.5,5.5,38.16666667,7.87,32.9467464,32.9467464,110
2016-01-2809:20:00,0,18.7,46.2,17.89,46.23,19.6,44.59,17.7,46.7,17.235,52.83277778,3.2,96.52666667,17.29,43.09,17.36777778,49.36944444,16.7,47.2,4.0,763.9,93.66666667,2.0,28.33333333,3.03,48.63851239,48.63851239,40
2016-04-0912:10:00,0,21.39,42.19333333,21.42666667,39.32666667,22.16666667,37.96666667,20.6,38.06,20.0,46.29,14.86,7.266666667,21.29,33.79571429,22.56666667,38.15666667,20.5,39.79333333,11.3,750.15,63.66666667,6.166666667,30.83333333,4.52,21.4438977,21.4438977,100
2016-01-1621:10:00,20,23.29,38.7,22.16666667,38.2,22.29,42.56,21.0,40.33333333,18.79,51.7,1.0,96.4,20.1,36.93333333,21.16666667,42.29,17.79,40.0,0.417,765.05,96.33333333,4.5,15.5,-0.05,19.08160741,19.08160741,100
2016-04-0605:30:00,0,21.79,41.0,18.79,46.46666667,24.13333333,39.29,20.7,40.79,20.66666667,50.4,7.59,60.8,21.29,35.9,22.16666667,39.29,20.89,45.79,6.75,753.75,93.5,5.0,22.5,5.7,5.666649516,5.666649516,50
2016-01-2910:10:00,0,18.0,43.46666667,17.1,44.2,19.1,42.0,16.89,43.79,16.7,50.47777778,6.156666667,85.39333333,17.1,39.09,17.2,45.4,16.29,43.29,6.05,763.95,81.66666667,8.833333333,40.0,3.1,9.835174377,9.835174377,40
2016-04-1114:30:00,0,22.5,39.59,23.13333333,36.52666667,23.1,38.09,22.2,38.46666667,20.89,43.79,17.83,8.626666667,22.06666667,34.62666667,23.1,40.334,21.0,39.66333333,17.5,750.15,49.5,6.5,40.0,6.7,22.13571173,22.13571173,90
2016-02-2614:00:00,0,20.89,38.96333333,19.29,39.39,21.6,37.72333333,19.79,35.46666667,18.175,45.70875,9.066666667,45.72666667,18.6,30.36714286,19.7,37.93,17.89,36.56666667,5.6,753.2,56.0,1.0,26.0,-2.6,13.93258738,13.93258738,60
2016-05-0407:50:00,0,21.79,35.7,19.3,39.1,22.79,35.46666667,21.79,33.56666667,20.6,46.56,7.566666667,52.12666667,21.15714286,34.08,22.66666667,39.26,20.25142857,36.75714286,5.45,766.7,84.83333333,1.0,28.66666667,3.05,1.783353451,1.783353451,80
2016-05-2002:00:00,0,23.03333333,41.06666667,21.14,42.09,24.7,39.79,22.89,40.29,22.0,55.958,9.256666667,44.12666667,22.89,36.29,23.715,43.545,22.6,43.66333333,9.3,757.8,87.0,3.0,40.0,7.3,46.61807742,46.61807742,50
2016-01-3100:30:00,0,21.5,42.2,20.66666667,41.36333333,20.89,44.7,18.6,43.09,18.30666667,53.41555556,3.9,99.4,17.0,39.5,20.7,50.77888889,16.5,47.46666667,4.4,754.8,86.5,4.5,34.5,2.35,17.07973083,17.07973083,50
2016-04-2523:40:00,10,21.7,37.82666667,19.13333333,39.93333333,21.7,36.5,21.39,37.44285714,19.92666667,52.22333333,2.9975,53.425,20.6,32.2,23.1,43.16333333,19.5,37.5,3.97,749.0333333,92.0,4.0,45.0,2.8,40.4460051,40.4460051,70
2016-01-1815:20:00,0,19.29,41.4,18.2,41.4,19.7,40.66333333,18.85666667,38.36333333,17.6,55.6725,0.9,96.01,19.0,34.7,19.6,42.0,17.2,37.79,-0.433,756.9333333,68.0,2.666666667,32.66666667,-5.67,9.562972805,9.562972805,20
2016-03-1121:40:00,0,21.6,35.36333333,19.5,37.12666667,20.5,35.7,19.89,33.36333333,18.8225,75.6,3.663333333,44.69666667,20.29,28.1,22.5,35.92333333,18.5,39.2,5.33,766.2,79.0,2.0,56.0,1.93,42.92520252,42.92520252,110
2016-03-2703:20:00,0,22.79,39.9,20.2,42.96666667,23.29,39.59,19.89,41.09,20.29,51.56,7.656666667,72.06,21.0,40.5,23.39,49.62666667,19.89,43.06,7.13,748.8333333,96.33333333,2.0,64.0,6.63,35.82688789,35.82688789,60
2016-04-0704:10:00,0,21.03333333,41.12666667,18.1,44.7,23.06666667,39.46666667,20.76,39.09,20.29,50.82666667,3.985625,54.77125,21.04,37.772,21.64,38.616,20.6,43.975,5.07,751.6166667,87.5,5.0,40.0,3.13,4.527494917,4.527494917,50
2016-04-1905:50:00,0,20.89,38.59,18.1,42.4,22.2,36.4,21.5,35.30571429,19.89,47.4,5.3,47.56,20.2,31.39,22.0,42.9,20.29,40.56,5.22,764.2833333,94.0,2.0,24.0,4.32,48.97745958,48.97745958,70
2016-04-2401:00:00,0,22.2,35.29,18.85666667,38.59,23.29,34.66333333,21.89,32.2,20.92666667,49.03,1.0,39.56666667,21.66,31.62,23.7,42.02666667,20.53333333,37.73,2.2,759.1,83.0,2.0,40.0,-0.4,2.077524317,2.077524317,60
2016-03-1819:20:00,10,21.7675,36.8975,19.66666667,39.16333333,21.53333333,35.86333333,20.5,33.9,18.5,45.86333333,6.3,55.79,19.7,30.2,22.73,37.62666667,19.6,36.53,5.67,762.2,88.0,4.0,50.66666667,3.77,40.30542977,40.30542977,110
2016-02-1812:50:00,20,20.29,37.43333333,18.89,36.62666667,19.93714286,37.12142857,19.89,36.09,17.5,44.5,5.536,54.856,17.79,27.89,19.79,35.5675,17.79,37.12666667,3.28,755.7,69.33333333,5.666666667,24.5,-1.83,49.03711056,49.03711056,70
2016-01-2017:00:00,0,17.5,36.66333333,16.42666667,36.79,17.89,37.4,16.39,36.2,16.2,51.69388889,1.6,96.96666667,16.2,31.0,20.18888889,42.19666667,15.6,35.59,0.3,760.3,87.0,2.0,58.0,-1.6,18.65506361,18.65506361,60
2016-04-0909:40:00,0,20.89,40.7,19.13333333,43.29666667,22.1,37.7,20.2,38.2,20.0,47.7,11.09,30.0,21.1,36.356,22.39,41.63333333,20.5,40.96333333,8.63,750.4666667,73.66666667,3.666666667,36.0,4.13,14.59828966,14.59828966,70
2016-04-0400:40:00,0,22.0,44.45,20.7,45.53,23.0,41.79,21.1,44.0,19.79,50.0,13.86666667,45.13333333,21.1,40.2,24.29,50.45,20.32333333,46.23,14.9,748.5333333,76.66666667,5.0,32.66666667,10.7,30.07515364,30.07515364,70
2016-03-0204:10:00,0,20.39,40.09,18.76,41.56,20.7,38.79,19.0,39.2,18.79,44.9,7.59,81.1175,18.5,35.4,20.5,49.7,18.1,42.29,7.6,747.55,84.33333333,7.0,26.5,5.08,42.58801439,42.58801439,30
2016-05-0520:00:00,0,24.1,33.59,23.56666667,31.56666667,23.6,34.62666667,23.0,32.7,22.23,61.8,18.02666667,1.0,22.6,30.274,22.89,35.1725,20.89,35.71125,17.7,757.9,45.0,3.0,40.0,5.4,39.02314884,39.02314884,100
2016-01-1921:20:00,10,19.7,39.86,18.85666667,40.0,20.26,40.79666667,20.445,36.2,17.89,47.86666667,-5.738888889,82.29166667,17.7,29.575,20.5,40.12666667,16.29,35.06,-4.2,758.2,93.0,1.666666667,61.0,-5.23,11.16582534,11.16582534,110
2016-03-2806:50:00,0,21.26,38.29,18.53333333,41.79,22.79,38.29,19.89,38.9,19.85666667,47.56,8.463333333,45.09,21.29,38.32666667,22.89,44.0,20.29,43.2,8.18,741.0,74.16666667,12.66666667,40.0,3.8,4.216645123,4.216645123,60
2016-02-1116:30:00,0,21.29,42.4,20.85666667,41.26,20.6,41.79,20.0,42.56,19.29555556,48.54166667,6.726666667,93.86666667,19.6,36.89444444,23.1,43.29,18.7,42.6725,5.25,748.65,88.5,1.5,52.5,3.5,26.18512424,26.18512424,110
2016-05-0612:10:00,0,23.29,38.16333333,26.66666667,30.53333333,23.82333333,36.82666667,24.2,35.7,19.89,47.59,24.13333333,1.0,22.5,35.0,23.29,39.56666667,21.5,40.0,19.7,753.95,47.33333333,3.166666667,40.0,8.08,26.19697899,26.19697899,110
2016-03-0419:20:00,10,21.17142857,39.74285714,19.29,38.42714286,21.89,36.60571429,19.0,35.59,18.025,45.3175,2.652857143,73.76857143,19.0,31.0,21.29,38.70833333,18.5,37.9,3.3,739.7666667,88.66666667,1.0,34.0,1.57,49.58883915,49.58883915,90
2016-04-2701:20:00,0,21.29,35.7,18.29,38.16333333,22.1,35.93333333,19.89,33.29,19.2,47.4,1.79,49.83333333,19.79,29.5,22.5,41.0,19.39,38.86333333,2.63,749.7,86.0,5.0,40.0,0.533,25.51348518,25.51348518,60
2016-05-2422:30:00,20,24.5,40.09,22.39,40.76,25.2,38.9,24.29,40.7,22.23857143,39.54142857,9.6,18.46,23.29,34.59,24.9725,46.00875,22.5,38.76,10.0,758.1,75.0,4.0,29.0,5.75,4.905921349,4.905921349,60
2016-03-0117:00:00,0,20.79,36.76,19.1,37.7,20.6,36.0,19.0,36.93333333,17.5,44.2,5.06,85.26333333,18.5,32.06,19.6,38.09,17.79,37.09,5.0,753.6,94.0,9.0,64.0,4.1,47.90509829,47.90509829,20
2016-01-2109:20:00,20,17.89,38.145,16.89,37.46666667,18.2,38.8175,16.79,36.4,16.225,46.78333333,-3.29,90.06666667,15.8,31.56111111,18.29,41.24722222,15.6,38.43,-3.37,763.8666667,92.0,1.0,45.33333333,-4.53,35.95750693,35.95750693,60
2016-03-2004:00:00,0,21.29,36.2,18.53333333,39.0,22.1,36.5,20.29,34.79,18.46333333,44.66333333,5.5,43.93,19.2,30.6,22.1,41.7,19.5,39.79,5.0,761.8,77.0,3.0,26.0,1.3,18.51622396,18.51622396,50
2016-03-1304:50:00,0,20.5,35.29,16.89,39.79,20.29,37.09,19.5,34.5,18.2,49.0,-1.0,69.26,20.63333333,33.59,22.6,39.2,18.89,40.2,-1.27,768.3666667,92.83333333,1.166666667,34.0,-2.28,18.28117204,18.28117204,50
2016-02-1712:50:00,0,20.2,36.19333333,19.2,35.12666667,20.0,38.02571429,19.7,35.13333333,17.89,45.29,2.156,80.118,18.96333333,26.7,20.39,33.76,17.89,36.9,2.5,759.6833333,70.33333333,2.0,21.33333333,-2.42,27.86229035,27.86229035,50
2016-04-0413:50:00,10,22.625,43.525,22.5,40.83333333,25.89,39.5,21.7,42.29,20.79,47.56666667,17.295,12.29,21.63333333,36.59,24.13333333,43.29,20.7,44.76,14.9,749.7166667,60.16666667,7.0,40.0,7.05,18.84764781,18.84764781,110
2016-05-2315:40:00,0,24.5,46.59,24.39,44.4,25.7,42.23,23.85666667,45.52666667,23.2,49.29,17.66666667,1.0,23.79,39.356,24.1,46.2,23.13333333,44.59,14.9,757.1666667,71.66666667,6.0,40.0,9.87,44.79212163,44.79212163,90
2016-03-3015:30:00,0,21.63333333,39.62666667,21.06666667,38.63333333,22.5,38.46666667,21.5,39.12666667,20.1,45.83333333,13.83,12.93333333,20.89,32.4,24.39,39.29,20.42666667,38.26,10.9,753.45,63.0,3.5,40.0,4.1,25.70926355,25.70926355,90
2016-02-1517:10:00,0,20.76,37.2,19.5,36.73,21.0,36.93333333,18.96333333,34.9,17.6,48.5,5.4,54.09,20.79,28.13333333,21.7,34.5,18.2,41.96666667,4.77,762.95,65.33333333,4.833333333,40.0,-1.25,33.25187386,33.25187386,40
2016-01-1805:30:00,0,20.29,40.7,18.7,40.4,20.26,40.59,19.7,37.86333333,18.39,59.79,-5.5,86.35555556,19.79,38.0,20.79,47.2,17.6,41.59,-4.25,760.55,85.5,3.0,24.5,-6.35,15.60182098,15.60182098,20
2016-04-2609:40:00,0,20.89,37.09,21.43,35.53,21.85666667,35.09,20.89,35.06,19.42666667,45.46333333,6.933333333,58.96666667,20.2,30.29,21.89,38.7,19.7,35.7,5.0,747.9666667,76.0,7.0,40.0,1.07,38.60180823,38.60180823,50
2016-03-0902:20:00,0,20.2,37.4,17.2,40.43333333,20.2,37.9,19.0,35.29,17.89,47.2,4.4,68.6675,18.5,35.2,20.29,43.79,17.6,39.32666667,4.3,752.1,72.66666667,5.333333333,40.0,-0.167,33.05911057,33.05911057,30
2016-04-1510:30:00,0,22.79333333,48.29333333,20.89,47.92333333,25.13333333,40.9,22.2,41.79,20.5,51.36333333,13.32333333,40.43333333,21.06666667,37.26,22.5,44.4475,20.84,45.595,10.8,748.45,83.5,6.5,34.5,8.1,28.80526518,28.80526518,280
2016-05-2013:20:00,0,23.03333333,47.06,22.76428571,45.69428571,24.56666667,41.59,23.815,44.5725,21.89,49.09,18.99666667,23.53333333,22.83285714,42.44285714,22.7,48.5,22.5,45.0,15.2,758.4666667,89.66666667,4.666666667,32.66666667,13.5,21.64900484,21.64900484,70
2016-03-0406:00:00,0,20.89,36.5,18.89,38.05142857,21.0,38.59,19.39,35.9,18.22571429,51.7,3.884285714,78.36857143,18.79,32.25625,21.02857143,44.55714286,18.5,41.48571429,3.7,740.8,91.0,8.0,61.0,2.3,46.60943185,46.60943185,50
2016-04-1002:00:00,0,21.73,40.59,19.2,44.16333333,22.89,39.59,20.39,38.59,20.0,46.65285714,5.333333333,56.63333333,21.7,37.62666667,22.7,41.272,20.2,42.65666667,6.5,751.6,96.0,2.0,29.0,5.9,30.54390537,30.54390537,50
2016-02-0612:50:00,0,21.0,45.26666667,20.39,43.66333333,21.6,43.59,19.89,46.59,20.04944444,96.32166667,11.3,71.72666667,18.6,41.29,20.98777778,51.95,18.89,47.53,10.2,751.35,76.33333333,9.833333333,40.0,6.2,24.50516106,24.50516106,70
2016-01-1903:10:00,0,19.55,38.95,18.1,39.26,19.79,40.5,18.92666667,38.29,17.21,61.38833333,-5.3,85.72666667,17.755,33.9,19.7,45.5,16.79,40.5,-4.43,756.45,90.66666667,1.0,64.0,-5.78,23.11785243,23.11785243,50
2016-02-2704:10:00,0,20.1,36.59,18.29,37.29,20.46333333,37.26,19.23,35.09,18.6,56.29,0.166666667,68.86666667,18.76428571,35.79,20.16666667,44.29,17.7,40.59,1.3,749.9833333,82.66666667,3.0,20.83333333,-1.35,26.31354773,26.31354773,50
2016-03-2013:10:00,0,21.6,37.36,19.96333333,38.56666667,23.35666667,38.13333333,19.7,34.2,18.79,48.93333333,9.133333333,35.82333333,19.0,30.66666667,22.92666667,37.56,19.29,37.0,6.73,761.5,74.33333333,3.166666667,40.0,2.42,10.10259797,10.10259797,120
2016-03-3104:00:00,0,21.89,39.2,19.1,43.09,22.96333333,39.09,20.7,39.4,20.0,48.59,6.3,65.59,20.5,34.5,23.29,45.62666667,20.39,42.79,6.0,754.0,98.0,1.0,64.0,5.7,20.76143023,20.76143023,50
2016-01-2117:10:00,0,19.79,37.03,19.1,36.62666667,18.6,38.26,18.2,36.43333333,18.02777778,39.92777778,0.9,89.93333333,18.07222222,29.445,19.51111111,37.21277778,16.1,38.2,1.97,764.3666667,71.16666667,1.0,65.0,-2.8,22.39536231,22.39536231,40
2016-01-1903:30:00,0,19.5,39.0,18.06666667,39.26,19.73,40.5,18.89,38.29,17.2,61.12666667,-5.173333333,86.06166667,17.735,33.9,19.7,45.45,16.79,40.795,-4.3,756.35,90.0,1.0,64.0,-5.75,0.10096163,0.10096163,40
2016-03-2711:40:00,0,22.5,39.56666667,21.42666667,40.02666667,23.0,38.9,20.39,41.43333333,20.29,61.59333333,11.46666667,42.83,21.0,37.33333333,23.2,42.83333333,20.29,42.5,9.27,751.3333333,73.66666667,10.33333333,40.0,4.8,22.1483933,22.1483933,70
2016-05-2706:40:00,0,24.0,45.56,22.27714286,46.60857143,26.1,39.7,24.29,42.56,22.39,54.93,14.12666667,39.02666667,24.1,44.16857143,24.1,48.86,22.79,47.13333333,13.4,755.7,89.0,1.333333333,47.33333333,11.6,39.28124212,39.28124212,50
2016-04-0111:40:00,0,21.73,39.76,23.06666667,36.93,22.16666667,37.79,21.0,38.86333333,19.7,45.86333333,10.12666667,51.33333333,20.53333333,33.76,23.29,40.4,20.39,40.93,7.83,761.3666667,82.0,1.666666667,34.33333333,4.93,40.97076623,40.97076623,50
2016-02-2701:50:00,0,20.6,36.79,18.79,37.12666667,20.5,37.26,19.5,35.2,19.02857143,61.65285714,1.7,63.565,18.79,35.23857143,20.39,44.69,17.7,39.595,2.2,750.5166667,77.33333333,3.833333333,22.83333333,-1.35,41.5563132,41.5563132,40
2016-05-0212:40:00,0,22.13333333,35.9,24.5,30.29,22.53333333,35.29,22.6,34.03,19.6,43.59,18.43,1.0,19.83,29.33,22.23,38.23,19.79,37.7,15.2,763.2666667,37.0,3.0,35.66666667,0.533,9.729342943,9.729342943,90
2016-02-0101:40:00,10,21.85666667,47.06,21.0,46.545,21.73,46.4,19.1,49.4,19.79,52.46111111,11.3,99.9,19.0,49.90277778,21.48166667,57.19777778,17.39,52.0,11.3,756.5666667,91.66666667,7.666666667,29.33333333,10.0,10.2023412,10.2023412,40
2016-01-1709:40:00,0,21.2,42.33333333,20.5,39.29666667,22.35666667,44.53,21.2,38.5,18.1,52.06666667,-1.323333333,95.33,19.16666667,38.46,20.2,46.4,17.76,42.73,-0.133,765.0,91.0,1.333333333,28.66666667,-1.47,17.44730179,17.44730179,290
2016-05-2705:40:00,0,23.89,45.06,22.2,45.7,26.7,40.46666667,24.35666667,42.2,22.39,55.7,13.12666667,42.2,24.2,45.13714286,24.2,50.0,22.76,46.59,13.3,755.5,89.33333333,2.0,45.66666667,11.6,25.49000361,25.49000361,50
2016-02-2902:30:00,0,19.63333333,33.73,17.66666667,35.0,19.53333333,35.62666667,18.6,33.09,17.79,61.99,0.466666667,56.43,20.0,34.03,20.89,42.36333333,18.2,40.59,1.25,761.0,74.5,5.5,40.0,-2.85,40.97701758,40.97701758,40
2016-03-2021:40:00,0,22.89,37.2,20.2,39.93333333,22.42666667,36.53,20.2,37.23,20.7,41.56,5.333333333,62.66,19.2,31.7,24.0,37.7,19.46333333,36.56,5.53,761.3666667,91.33333333,2.333333333,49.66666667,4.23,9.520481958,9.520481958,130
2016-03-0709:50:00,0,19.0,37.7,17.23,39.5,19.39,37.26,18.1,35.9,17.79,50.93,2.326666667,76.56,17.39,31.26,19.96333333,39.76,17.53333333,38.13333333,1.22,748.15,96.16666667,3.5,59.33333333,0.65,5.039155856,5.039155856,170
2016-02-2622:30:00,0,21.29,36.7,20.03333333,36.8,20.7,36.73,20.29,34.56666667,20.40625,80.975,2.56,62.86,18.7,32.5,20.89,40.295,17.63333333,35.76333333,3.05,751.15,80.0,2.0,21.5,-0.1,26.75890557,26.75890557,50
2016-04-1814:00:00,0,21.85666667,35.7,22.6,32.2,22.5,35.5,22.64285714,33.58571429,20.2,40.62666667,14.16666667,1.0,20.7,27.79,21.6,34.9,20.7,36.13333333,11.1,762.1,54.0,4.0,40.0,2.0,39.29691747,39.29691747,40
2016-05-2610:50:00,0,23.63333333,42.93333333,27.6,33.696,26.29,41.72666667,24.32333333,41.26,21.39,49.46333333,19.92666667,1.0,23.2,38.59,23.445,44.6,22.6,44.29,16.3,757.3,74.33333333,1.0,62.0,11.5,23.38022311,23.38022311,170
2016-02-0602:50:00,0,21.76,45.7,21.13333333,43.9,22.5,45.29,19.79,47.29,18.7,56.085,9.1,86.89666667,18.6,43.09,20.735,55.725,18.82333333,50.12666667,9.05,755.8166667,85.33333333,4.166666667,40.0,6.72,46.59160308,46.59160308,50
2016-03-2005:40:00,0,21.06666667,36.26,18.2,39.23,22.1,36.59,20.1,34.59,18.39,44.7,5.3,43.29,19.2,30.5,22.0,41.0,19.5,39.9,4.83,761.5,78.33333333,3.333333333,49.66666667,1.33,2.043592464,2.043592464,50
2016-01-3020:10:00,10,21.89,50.89,21.29,45.06,21.56666667,48.52458333,20.35666667,40.93333333,17.7,58.265,2.5,97.245,16.89,39.235,20.6,47.41666667,16.29,44.16333333,2.73,754.55,89.5,3.166666667,27.33333333,1.17,17.12408521,17.12408521,90
2016-01-2915:40:00,0,17.89,44.86,17.1,45.09,19.0,42.4,16.79,45.0,16.6,50.2,8.8,84.43333333,16.92055556,40.4,17.02222222,47.075,16.2,44.59,8.43,762.5666667,84.33333333,10.0,40.0,5.9,34.53300354,34.53300354,20
2016-04-2904:10:00,0,20.2,34.29,17.29,37.4,22.2,35.03,19.6,32.79,18.7,41.4,3.7,36.22333333,19.13333333,28.6,21.39,40.2,18.79,38.73,4.81,754.575,74.08333333,5.083333333,40.0,0.525,39.50463041,39.50463041,40
2016-05-0922:40:00,30,25.39,42.7,24.5,41.86333333,26.7,39.59,26.0,42.2,23.56666667,48.4,17.36428571,26.96428571,24.2,40.16333333,25.6,48.4,23.6,44.15285714,18.9,753.0,64.0,3.333333333,40.0,11.9,37.05969155,37.05969155,80
2016-03-2400:10:00,0,22.29,39.2,20.0,41.2,22.1,38.5,22.35666667,37.29,19.79,48.2,6.623333333,52.56666667,20.39,37.09,23.1,44.23,19.39,39.09,5.98,756.9,86.5,1.166666667,26.5,3.9,40.43803257,40.43803257,50
2016-01-1412:10:00,0,19.99666667,45.73,19.63333333,40.53,21.56666667,44.46333333,19.0,43.19333333,17.1,53.2,3.5,96.0,17.39,38.0,18.0,44.86333333,17.0,45.93333333,3.12,748.55,91.33333333,5.166666667,40.0,1.82,44.8924246,44.8924246,410
2016-02-1319:10:00,10,21.63333333,44.13333333,20.26,39.92333333,21.32333333,40.13333333,19.6,40.06333333,18.235,50.98,4.19,91.19,19.12777778,35.93888889,22.6,42.37277778,18.0,38.5,3.5,731.0333333,96.0,4.833333333,64.83333333,2.9,20.52199437,20.52199437,140
2016-02-2605:50:00,0,20.29,38.93333333,18.42666667,40.32666667,21.29,38.79,20.29,36.29,18.79,42.82142857,1.29,83.4,19.2,37.5,20.6,43.59,17.96333333,41.4,1.0,755.3333333,95.16666667,1.0,44.66666667,0.333,5.44822081,5.44822081,50
2016-03-1714:00:00,0,22.5,33.93333333,21.39,33.2,21.5,34.7,21.89,32.29,18.53333333,41.26,9.963333333,17.26,21.66666667,25.0,23.16666667,31.63333333,20.0,37.26,9.6,765.4,53.0,5.0,22.0,0.5,1.413374254,1.413374254,60
2016-03-1410:00:00,0,20.0,33.6,19.06666667,33.46666667,19.99333333,34.22666667,19.96333333,32.76666667,18.2,46.53,2.2925,58.395,20.39,28.73,21.82333333,36.53,19.5,37.36333333,2.2,768.8,81.0,7.0,65.0,-0.8,33.1129771,33.1129771,740
2016-02-1009:40:00,0,20.89,43.86333333,20.2,40.36333333,21.79,41.2,20.39,40.96666667,19.0,50.43333333,4.156666667,92.59,19.50555556,39.12777778,21.72,46.345,19.0,43.36,4.1,740.5333333,92.66666667,6.0,40.0,3.0,9.189392067,9.189392067,80
2016-03-2301:50:00,0,22.29,38.79,19.5,42.09,22.29,37.9,20.92666667,37.09,20.39,43.26,6.0,65.22666667,19.89,37.36333333,22.89,42.82666667,19.79,40.7,5.43,755.9333333,94.66666667,2.0,62.0,4.58,47.77125986,47.77125986,60
2016-05-1214:50:00,0,25.6,46.79,26.236,42.9,26.29,43.44,25.64285714,43.9,24.1,51.0,24.72666667,1.0,25.29,41.7,25.23,47.86333333,24.1,46.4,21.2,744.1,56.66666667,3.833333333,26.5,12.2,31.22599543,31.22599543,40
2016-01-2814:40:00,0,19.29,45.29,18.5,45.0,19.73,44.5,18.2,45.2,17.2,52.189,6.56,83.3,18.35111111,40.39277778,18.32333333,46.47222222,17.1,46.59,7.23,765.1666667,70.33333333,2.0,32.66666667,2.1,19.27322084,19.27322084,40
2016-01-2414:10:00,30,20.63333333,45.43333333,20.1,43.8175,21.13333333,50.09,18.6,46.8,16.1,69.62666667,8.3,99.9,15.69,43.49833333,19.18333333,52.255,15.69,48.4,7.48,767.75,98.66666667,4.0,37.66666667,7.25,43.91708355,43.91708355,280
2016-05-0418:50:00,0,23.79,33.59,23.2,30.32666667,23.39,34.7,23.29,32.29,21.245,40.5,16.76,1.0,22.52857143,27.76571429,24.84714286,36.12142857,20.5,34.53,15.7,764.55,39.0,3.833333333,40.0,1.63,46.33829294,46.33829294,120
2016-03-2302:00:00,0,22.29,38.79,19.5,42.16333333,22.32333333,37.93333333,20.89,37.09,20.39,43.12666667,5.933333333,65.16,19.96333333,37.29,22.89,42.96666667,19.79,40.82666667,5.4,755.9,95.0,2.0,62.0,4.6,30.48116962,30.48116962,50
2016-02-2923:30:00,20,21.89,34.9,19.53333333,36.86333333,21.39,35.29,22.2,33.16333333,19.1,40.96666667,-1.76,67.1,20.29,27.15,22.6,37.83333333,18.29,38.7,-1.2,763.7,91.0,1.5,62.5,-2.45,12.84404204,12.84404204,40
2016-01-2320:20:00,0,18.46333333,45.23,18.13333333,43.93333333,17.6,43.96666667,15.5,48.59,15.39,51.29,5.8,99.9,15.41444444,40.97222222,18.6,50.265,15.0,45.03,5.9,770.4333333,90.66666667,4.333333333,21.0,4.43,15.33375992,15.33375992,110
2016-04-1905:20:00,0,20.89,38.43333333,18.2,41.495,22.42666667,36.76666667,21.6,35.218,19.89,47.5,5.09,46.52666667,20.2,31.22571429,22.0,42.76,20.23,40.4,4.97,764.2333333,94.0,2.0,24.0,4.07,24.35681459,24.35681459,40
2016-02-0204:00:00,0,22.29,46.0,21.29,45.59,23.2,45.9,20.5,49.0,19.89,59.03,10.26333333,99.9,18.83444444,46.27,20.79,56.225,18.1,52.29,10.0,759.1,99.0,3.0,43.0,9.8,24.55122564,24.55122564,40
2016-03-1607:00:00,10,20.5,40.0,17.2,46.2,20.89,38.2,20.1,35.5,18.39,47.03,2.53,71.53333333,20.2,30.26,22.0,42.09666667,19.5,39.56,2.2,764.5,95.0,4.0,36.0,1.5,25.90306354,25.90306354,60
2016-02-0813:30:00,20,21.1,44.69333333,20.29,42.59,22.89,42.56666667,21.0,43.0,18.85666667,54.225,9.13,67.82666667,19.1,36.51,21.92055556,47.645,19.0,43.02666667,8.45,739.45,69.5,12.5,40.0,3.1,12.37660303,12.37660303,750
2016-03-1006:50:00,0,19.53333333,36.7,16.46333333,40.79,20.29,37.5,19.7,35.23,17.6,51.09,-0.266666667,60.69333333,18.29,36.13333333,19.89,43.5,17.39,40.0,-0.567,755.5666667,90.83333333,1.0,64.0,-1.9,41.33922319,41.33922319,30
2016-03-2303:20:00,0,22.03333333,38.62666667,19.2,42.36333333,22.32333333,38.09,20.79,36.9,20.32333333,42.7,5.59,67.86666667,20.0,37.63333333,22.7,44.2,19.79,41.4,5.07,755.8,95.0,2.0,48.66666667,4.3,3.882365895,3.882365895,50
2016-03-2412:40:00,0,21.1,39.59,19.29,41.96666667,21.89,37.86333333,21.03333333,36.86,19.29,47.03,11.5,24.95666667,20.2,34.79,21.7,40.5,19.39,38.93333333,8.93,756.7666667,64.66666667,4.0,50.33333333,2.53,3.560117271,3.560117271,60
2016-05-1423:50:00,0,24.1,34.7,21.37,35.978,24.0,35.09,24.0,32.46666667,23.7,38.634,4.263333333,23.43,24.1,29.6,25.39,35.76666667,22.89,35.15666667,6.32,760.3833333,73.83333333,2.166666667,40.0,1.88,8.749179461,8.749179461,50
2016-05-2002:50:00,0,23.0,41.09,21.0,42.312,24.6,39.7,22.89,40.2,22.0,55.09,9.963333333,45.59333333,22.89,36.35285714,23.66,43.254,22.6,44.0,9.72,757.7166667,86.16666667,3.0,40.0,7.47,33.2106153,33.2106153,50
2016-05-1508:20:00,0,23.5,36.8,22.85,35.59571429,24.6,36.32142857,23.53333333,34.52666667,23.29,39.254,10.46333333,7.596666667,23.6,29.93,24.23,36.32666667,23.1,38.734,6.6,761.4666667,78.0,3.666666667,40.0,2.9,11.69352232,11.69352232,70
2016-01-1213:10:00,0,20.1,46.43,19.1,43.8175,19.89,44.79,19.85666667,44.16,17.85666667,50.73,7.4,80.36,17.89,39.59,18.5,47.23,17.16666667,44.56,7.42,743.5,79.33333333,7.166666667,40.0,4.07,24.77967889,24.77967889,290
2016-05-1016:40:00,0,25.29,46.96666667,25.39,44.236,26.79,42.09,25.56666667,44.59,24.0,49.5,22.59666667,6.923333333,25.0,44.09,25.39,47.938,24.1,47.4,19.8,749.6,69.33333333,2.333333333,40.0,14.0,14.90781794,14.90781794,70
2016-02-1803:30:00,0,20.26,35.7,18.1,37.7,20.04,37.536,18.2,35.29,18.42142857,40.42857143,-2.163333333,82.83333333,18.5,30.0,21.2,41.76,17.89,39.5,-1.2,754.85,87.5,3.5,62.5,-3.0,23.82221858,23.82221858,30
2016-03-2603:50:00,0,22.1,37.5,18.5,42.43,23.29,37.5,20.35666667,39.7,19.51111111,46.9,1.191666667,67.9575,20.79,37.27363636,22.58125,43.138125,19.79,42.09,3.33,758.1666667,87.66666667,2.166666667,24.5,1.47,33.74256234,33.74256234,50
2016-02-2211:00:00,10,21.0,44.7,19.7,45.2,21.5,42.5,20.39,43.9,18.46333333,53.59,10.05428571,87.28,18.39,42.245,20.89,48.46666667,18.79,47.0,9.5,751.8,93.0,8.0,63.0,8.4,48.22739,48.22739,50
2016-01-1606:30:00,0,21.39,39.9,20.575,39.6175,20.56666667,42.2,19.39,42.79,19.0,50.59,0.366666667,94.9,18.6,41.79,19.79,49.09,17.89,47.29,0.75,762.35,96.0,3.0,41.5,0.15,29.40331965,29.40331965,60
2016-02-0611:10:00,0,21.0,45.16333333,20.29,43.66333333,21.79,43.82666667,20.13333333,46.36,18.60555556,53.52111111,9.395,81.4925,18.5,41.4,20.5,52.00888889,18.89,48.36333333,8.98,752.6833333,82.16666667,6.5,40.0,6.03,42.88662495,42.88662495,40
2016-01-2905:00:00,0,18.29,43.09,17.39,43.79,19.1,42.43,17.2,43.5,16.79,50.79,3.59,98.36666667,17.33444444,38.82666667,17.445,45.06,16.5,43.09,4.5,764.5,81.0,6.0,40.0,1.5,16.74304488,16.74304488,30
2016-05-2013:50:00,0,23.0,46.9,22.7,45.674,24.6,41.76,23.79,45.0,21.89,49.134,18.19333333,23.9,22.79,42.5,22.7,48.65285714,22.6,45.0,15.8,758.4166667,87.66666667,4.166666667,38.16666667,13.8,22.38468572,22.38468572,60
2016-03-2900:50:00,10,22.7,37.9,19.79,41.32666667,23.2,38.66333333,20.6,38.79,20.1,46.09,5.5225,59.1175,21.2,33.7,23.4175,43.5675,20.53333333,42.4,5.92,746.1833333,85.0,7.0,43.66666667,3.57,33.90806455,33.90806455,60
2016-03-1206:10:00,0,20.0,36.86333333,16.7,41.29,20.29,37.53,19.2,34.79,18.5,41.5,-0.066666667,68.29666667,19.46333333,30.96333333,21.29,45.0,18.5,40.9,-0.333,766.6333333,94.0,1.0,26.83333333,-1.13,45.92491435,45.92491435,40
2016-04-2223:20:00,0,22.7,39.2,20.6,39.32666667,24.89,36.0,22.5,35.2,21.1,61.5,9.733333333,22.03,21.55714286,32.29,23.76,43.96333333,20.46333333,38.46666667,9.77,756.9333333,72.33333333,5.0,32.66666667,5.03,38.06100849,38.06100849,50
2016-03-2602:40:00,0,22.39,37.59,18.7,42.0,23.29,37.5,20.42666667,40.03,19.6,47.0,1.138888889,66.32611111,20.81777778,37.11777778,22.7,43.7,19.79,41.76,4.13,758.6,86.0,3.0,27.33333333,1.93,34.70709339,34.70709339,50
2016-03-1404:50:00,0,20.39,35.09,17.0,39.82666667,20.46333333,37.09,19.5,33.9,18.29,49.59,-0.416666667,66.96111111,21.29,34.29,22.7,41.41555556,19.29,39.73,-0.0333,768.4,90.66666667,3.0,62.16666667,-1.38,20.00063923,20.00063923,50
2016-03-3017:00:00,0,21.7,39.06,20.92666667,37.79,22.5,37.76,21.32333333,37.7,20.1,44.46666667,13.6,13.93,20.85666667,31.85666667,23.96333333,37.36333333,20.39,37.29,11.0,753.2,67.0,4.0,40.0,5.1,29.59175799,29.59175799,70
2016-02-1922:20:00,0,20.06666667,36.16333333,18.2,37.4,21.1,36.13714286,18.315,36.2675,17.2,43.73857143,4.226666667,72.86333333,18.2,30.23,19.79,37.29,17.7,37.93333333,4.8,758.5333333,75.66666667,6.333333333,40.0,0.8,36.02524255,36.02524255,50
2016-01-2808:50:00,0,18.7,46.29,17.89,46.32666667,19.7,44.7225,17.7,46.9,17.245,52.965,3.29,95.96666667,17.29,43.265,17.39,49.505,16.7,47.4,3.95,763.4833333,93.16666667,2.0,28.16666667,2.92,8.434984193,8.434984193,20
2016-03-2101:00:00,0,22.2,37.5,19.26,40.86333333,22.1,36.9,19.89,37.0,19.7,44.79,6.23,61.05666667,19.29,32.2,23.39,41.8,19.5,39.32666667,5.4,761.4,89.0,2.0,23.0,3.7,43.78049668,43.78049668,50
2016-05-1210:40:00,10,24.89,48.0,24.718,46.072,26.0,43.856,25.2,44.9,23.89,51.59,19.1,32.02333333,24.7,42.76,25.39,48.59,24.06,47.356,16.6,744.3666667,74.66666667,3.0,20.66666667,12.0,0.296967977,0.296967977,60
2016-02-1709:20:00,0,19.79,34.53,17.39,35.56666667,20.272,36.878,19.29,33.22333333,18.5,48.745,-4.063333333,82.33333333,18.29,26.82666667,20.39,36.59,17.89,36.23333333,-2.2,762.5666667,87.0,2.333333333,64.33333333,-4.13,47.63218213,47.63218213,80
2016-04-0518:00:00,0,22.89,46.36,21.29,46.93,24.59666667,40.63,21.5,41.43,20.89,47.46333333,14.17833333,13.85,22.2,34.62666667,24.29,39.29571429,20.89,40.22333333,13.6,751.8,61.0,5.0,40.0,6.1,26.05355488,26.05355488,380
2016-01-2013:50:00,0,17.79,35.79,16.7,36.53,18.2,37.4,16.6,35.79,16.6,54.39875,2.19,97.0,16.39,30.73375,19.54545455,40.67,15.8,36.65666667,0.183,760.35,81.33333333,2.0,61.83333333,-2.65,40.14337147,40.14337147,70
2016-01-2007:10:00,0,18.42666667,39.46333333,17.0,39.36,18.7,38.9,17.29,38.5,16.87333333,48.85277778,-3.4,90.63444444,16.79,31.44944444,18.95722222,44.20222222,16.29,41.76666667,-2.73,758.95,89.33333333,2.0,61.16666667,-4.32,23.46905371,23.46905371,40
2016-01-1515:10:00,0,21.79,38.36,21.35722222,37.44444444,20.65,40.045,20.18641975,40.64654321,19.29555556,44.04055556,5.366666667,68.29333333,17.785,36.29,18.31777778,42.59,17.6,44.69333333,4.03,755.45,86.0,7.833333333,36.83333333,1.85,34.80984997,34.80984997,60
2016-04-1722:00:00,0,22.53333333,39.09,19.6,41.22333333,22.5,38.09,22.01428571,36.01285714,20.85666667,44.89,2.95,44.995,21.29,29.86142857,23.63333333,38.02666667,20.6,36.29666667,4.4,759.5,89.0,1.0,40.0,2.7,5.657037452,5.657037452,50
2016-02-0700:10:00,0,22.76,43.2,22.06666667,42.79,21.6,44.7,19.16666667,44.4,19.29555556,64.16,10.53333333,61.46,18.79,40.0,22.39,50.96277778,19.0,48.23,10.7,742.5166667,65.66666667,8.833333333,40.0,4.47,8.534049103,8.534049103,20
2016-02-0604:40:00,0,21.5,46.0,20.89,44.0,22.56666667,45.09,19.7,47.06,18.7,55.85722222,8.8,85.83333333,18.6,42.79,20.7,54.85666667,18.89,50.4,8.97,754.7666667,83.66666667,6.666666667,40.0,6.37,43.42119558,43.42119558,50
2016-05-0103:50:00,0,20.7,37.7,17.7,41.7,23.1,36.62666667,19.39,36.79,19.29,46.26,2.433333333,49.43,19.35666667,31.5,21.85666667,42.09,19.1,41.0,3.08,764.25,92.83333333,2.166666667,21.5,2.05,23.46238506,23.46238506,40
2016-04-1103:50:00,0,22.0,39.2,19.6,42.4,23.2,39.79,21.29,38.29,20.39,50.7,9.69,25.89333333,22.29,38.16333333,22.1,38.2,20.79,43.79,9.15,750.2333333,73.83333333,4.833333333,27.16666667,4.7,29.63692863,29.63692863,60
2016-03-3108:50:00,0,21.5,39.7,18.82333333,43.59,22.5,38.09,20.6,40.23,20.2,60.42666667,7.156666667,67.4,20.29,34.56,22.89,43.3175,20.2,40.76666667,6.08,754.2833333,94.83333333,1.833333333,23.33333333,5.35,46.70382115,46.70382115,70
2016-02-2401:20:00,0,21.2,40.26,19.2,41.09,21.0,40.56,20.39,38.56,18.978,71.214,-0.333333333,84.73,19.0,38.5675,20.6,46.43333333,18.26428571,42.59,0.433,760.6666667,96.66666667,1.0,59.66666667,-0.0667,15.75584343,15.75584343,40
2016-05-2005:40:00,10,22.89,42.79,20.84714286,44.78285714,24.6,39.53,22.7,40.79,21.89,49.51333333,11.1,50.76,22.79,37.15285714,23.39,44.79,22.6,44.845,11.1,757.3333333,91.33333333,4.333333333,28.0,9.67,16.14500718,16.14500718,60
2016-05-1100:20:00,0,24.89,47.5,23.2,48.79,26.54,43.5,25.025,45.5,24.1,58.96666667,14.42142857,54.88142857,24.6,42.9,26.29,54.4,24.0,47.2,15.4,749.0,88.0,3.0,40.0,13.4,49.59497369,49.59497369,50
2016-04-2206:00:00,10,22.2,37.33,19.89,39.46666667,23.5,37.8725,22.68571429,35.07714286,20.39,43.72666667,8.6,24.96666667,22.0,37.36857143,22.29,43.62666667,20.39,40.86333333,9.0,759.6,74.0,5.0,40.0,4.5,27.24927248,27.24927248,120
2016-01-2706:40:00,0,20.0,44.79,19.39,44.26,19.7,44.03,19.0,46.4,17.6,56.35722222,10.22666667,85.52333333,18.2,47.30833333,17.79,49.60833333,17.29,49.59,10.3,757.3333333,80.33333333,10.0,32.66666667,6.97,16.50100549,16.50100549,40
2016-05-1200:40:00,0,25.06666667,48.0,23.35,49.0,26.5,45.09,25.39,45.29,24.0,56.96333333,14.02857143,56.22571429,24.79,42.80571429,26.13333333,51.86333333,24.0,47.94,14.0,745.7666667,96.0,1.666666667,28.0,13.4,33.10001146,33.10001146,60
2016-02-0706:10:00,0,21.5,45.0,20.85666667,44.36333333,22.29,45.0,18.96333333,45.5,19.0,59.735,7.73,91.12666667,18.85111111,41.4,21.6,54.345,19.2,50.62666667,7.83,742.2333333,87.33333333,6.5,29.16666667,5.88,37.13111614,37.13111614,20
2016-03-1813:00:00,0,20.89,36.0,18.1,39.12666667,21.0,35.4,20.56666667,33.29,18.5,49.76,5.966666667,55.1,19.7,28.96333333,21.2,36.0,19.5,35.29,5.1,763.3,81.0,2.0,61.0,2.1,31.93084394,31.93084394,60
2016-04-2502:20:00,0,21.2,35.2,18.0,39.2,22.7,35.09,20.89,33.0,20.2,43.0,1.6,51.69333333,21.73857143,33.79,24.39,41.16333333,20.2,38.29,1.13,757.5666667,96.0,2.333333333,24.0,0.533,37.92382117,37.92382117,70
2016-03-1821:10:00,0,22.5,36.29,20.29,38.76,21.89,35.9,20.39,34.29,18.5,46.09,6.0,61.53,19.6,30.7,22.79,38.32666667,19.5,36.09,5.08,762.4166667,91.66666667,4.166666667,63.5,3.83,0.695851957,0.695851957,90
2016-05-2409:40:00,0,24.1,43.4,22.0,45.79,24.96333333,40.26,23.5,42.2,23.1,49.5,12.3,16.59,23.2,37.5,24.236,47.16,22.79,44.06,10.6,759.4,82.0,4.0,40.0,7.57,31.31473976,31.31473976,60
2016-05-1213:30:00,0,25.39,47.23,26.2,43.134,26.2,43.59,25.6,44.13714286,24.0,51.03,23.26333333,1.39,25.1,42.03,25.26,48.0,24.1,46.59,20.4,744.15,58.0,2.5,24.0,11.8,45.67880426,45.67880426,50
2016-02-0921:50:00,0,22.92666667,43.33,22.29,40.73,22.5,43.46666667,19.29,40.86333333,19.42055556,50.72888889,3.0,92.19,20.29,38.53722222,23.35666667,42.79,18.89,40.66333333,3.62,737.75,91.33333333,7.666666667,40.0,2.27,6.358440372,6.358440372,130
2016-03-2009:20:00,0,20.79,36.9,18.0,40.03,21.7,35.5,19.89,34.32666667,19.03333333,77.1,5.866666667,47.22333333,19.0,30.2,21.79,38.03,19.39,39.09,5.27,762.0,80.0,3.666666667,23.33333333,2.1,46.07089714,46.07089714,90
2016-04-2921:40:00,10,23.29,36.5,21.1,38.0,22.6,36.23,19.89,38.29,19.2,43.4,7.09,45.6225,19.2,34.23,22.2,42.42666667,18.79,38.1,6.9,756.1333333,89.33333333,3.0,40.0,5.2,26.01014279,26.01014279,60
2016-05-2510:20:00,0,23.39,41.05666667,24.35666667,37.06333333,24.92666667,38.4,23.745,38.595,19.39,40.44142857,15.56333333,1.0,22.5,34.52666667,23.5,40.0,21.89,36.845,11.1,757.1333333,71.0,1.0,28.33333333,5.9,38.35457924,38.35457924,70
2016-05-1913:00:00,0,23.39,41.5,24.76,36.43333333,24.39,38.7,23.6,39.66333333,21.34714286,47.0,17.445,1.0,23.1,36.80571429,22.7,39.72571429,22.6375,42.73375,15.3,754.6,55.0,2.0,40.0,6.3,14.5808219,14.5808219,50
2016-03-0312:00:00,30,20.125,38.29,19.29,37.62666667,19.89,37.925,21.77875,36.925,18.0,45.045,5.652,82.872,18.625,32.30375,20.2,39.545,18.478,41.572,5.3,747.5,85.0,5.0,24.0,2.9,40.26405604,40.26405604,80
2016-04-0800:20:00,0,21.6,38.9,19.16666667,41.93333333,22.5,38.2,20.89,38.26,20.0,47.79,6.966666667,49.3,21.39,36.72333333,22.06666667,38.56666667,20.6,41.7,6.35,754.15,86.66666667,3.0,38.0,4.32,28.13326672,28.13326672,60
2016-04-1522:50:00,10,22.89,43.12666667,20.73,45.03,24.06666667,39.26,22.1,40.78,21.2,53.73,10.16,54.36666667,21.5,36.79,23.6,42.66666667,20.85666667,42.96,10.8,744.6666667,80.83333333,4.5,40.0,7.68,8.784779429,8.784779429,60
2016-04-2914:40:00,0,21.7,39.13333333,20.23,37.9,24.42666667,37.0,19.63333333,37.76,18.79,41.7,9.5,41.79333333,19.06666667,32.86333333,20.39,38.29,18.6,36.79,7.83,755.6666667,78.66666667,5.0,40.0,4.27,27.99316181,27.99316181,190
2016-04-2219:30:00,0,23.2,40.36,21.7,38.76,26.34,35.59,22.73857143,35.2,20.79,44.0,12.695,8.625,21.7,30.95285714,23.79,40.36333333,20.5,36.03,12.6,757.05,59.5,4.5,40.0,4.8,40.22770642,40.22770642,100
2016-04-0517:00:00,0,22.39,40.93,21.13333333,41.5,23.89,36.82666667,21.29,40.23,20.7,46.9,14.72666667,15.0,22.29,34.79,24.2,39.7,20.92666667,42.53,13.1,751.6,65.0,5.0,40.0,6.5,11.49673876,11.49673876,300
2016-03-0100:00:00,20,21.79,35.09,19.39,37.12666667,21.16666667,35.09,21.85666667,33.7,19.0,40.7,-2.066666667,68.43333333,20.2,27.53333333,22.5,39.06333333,18.29,38.86333333,-1.0,763.6,92.0,1.0,62.0,-2.1,44.52123189,44.52123189,70
2016-04-1602:40:00,0,22.29,41.5,19.92666667,44.86333333,24.0,39.59,21.85666667,40.26,20.92666667,51.79,9.726666667,47.86,21.39,36.29,23.29,48.73,20.84,44.5,10.1,744.6666667,81.66666667,7.0,40.0,7.1,0.630347943,0.630347943,50
2016-05-1123:50:00,0,25.1,48.09,23.52857143,48.79,26.39,45.22571429,25.43714286,45.4,24.06666667,58.19333333,14.08,55.09,24.79,42.96,26.29,51.2,23.96857143,47.98571429,14.4,745.9,95.5,3.166666667,40.0,13.6,34.46757485,34.46757485,60
2016-05-2317:50:00,0,24.85666667,49.66333333,24.29,45.06,25.79,41.96666667,24.2,45.26,23.5,47.92857143,17.2675,3.59,23.79,38.5,24.6,47.19333333,23.1,43.2,14.7,757.85,73.16666667,7.0,40.0,9.97,32.96618627,32.96618627,460
2016-04-1618:40:00,0,22.85666667,47.3,21.06666667,47.73333333,24.7,40.7,21.89,39.99714286,21.0,49.36333333,9.726666667,32.89666667,21.29,33.13714286,24.26,40.72333333,21.06666667,41.49,8.73,748.5666667,81.33333333,2.333333333,32.66666667,5.63,4.20057904,4.20057904,110
2016-01-1409:40:00,20,18.53333333,43.26666667,18.1,42.09,19.16666667,42.0,18.56666667,41.86333333,17.39,50.03333333,2.29,94.36666667,17.6,39.03,18.35666667,46.22333333,16.745,45.5,1.7,748.9666667,96.0,5.0,38.33333333,1.13,5.675385322,5.675385322,170
2016-03-1704:30:00,0,21.1,36.4,17.6,40.03,22.29,36.2,20.29,33.0,18.5,45.0,0.5,52.16666667,19.79,27.79,22.39,40.695,19.53333333,39.29,0.45,766.0,84.0,3.0,63.5,-1.95,13.48595719,13.48595719,60
2016-02-0611:30:00,0,21.0,45.16333333,20.32333333,43.59,21.7,43.86333333,20.0,46.0,21.66111111,87.43722222,9.83,79.13,18.5,41.4,20.42666667,50.97166667,18.89,48.16333333,9.35,752.45,80.5,7.5,40.0,6.1,31.36055695,31.36055695,60
2016-01-3012:20:00,10,19.89,47.83333333,19.5,45.32666667,20.0,45.2,16.5,48.4,19.58055556,87.42944444,8.426666667,99.9,16.84,44.43777778,18.39,55.57833333,16.39,48.79,8.0,752.1333333,90.66666667,10.33333333,45.66666667,6.6,5.723752768,5.723752768,80
2016-04-1219:10:00,0,23.2,47.69333333,21.89,46.06333333,24.79,44.09666667,23.06666667,38.26,21.39,48.46,12.8675,12.5475,22.13333333,34.23,23.5,43.816,21.2,42.69333333,12.6,751.0,62.16666667,2.833333333,40.0,5.42,27.72382231,27.72382231,280
2016-02-0701:00:00,0,22.53333333,43.29,21.82333333,42.93333333,21.6,44.73,19.1,44.59,19.27,63.055,10.86,59.16666667,18.79,40.09,22.2,51.60833333,19.0,48.79,10.9,742.1,64.0,8.0,40.0,4.3,23.42249852,23.42249852,50
2016-04-0420:50:00,10,23.29,45.4,21.32333333,47.4,24.6,40.59,21.89,44.43333333,21.23,51.39666667,10.33,40.79666667,21.56666667,37.7,24.39,41.66333333,20.7,43.6,10.7,749.15,85.5,1.0,40.0,8.3,39.75816671,39.75816671,100
2016-03-1201:30:00,0,20.7,36.79,17.79,40.06,20.03333333,36.62666667,19.6,34.9,18.79,42.0,2.663333333,60.73,19.89,30.5,21.89,44.36333333,18.5,39.82666667,3.65,766.3,85.0,2.0,48.5,1.35,18.41137854,18.41137854,60
2016-01-1910:50:00,0,18.6,40.5,17.29,40.9,19.06666667,39.86333333,18.0,38.09,16.7,56.775,-4.837222222,85.58444444,17.30666667,33.59,18.74,42.28,16.53333333,38.59,-2.62,757.3833333,82.66666667,1.0,63.66666667,-5.25,25.37467444,25.37467444,40
2016-01-2902:30:00,0,18.53333333,43.29,17.6,44.03,19.39,42.59,17.29,43.59,16.89,51.2,1.633333333,98.06333333,17.51111111,38.79,17.6,45.0,16.6,43.29,3.55,764.8,82.0,5.5,40.0,0.7,23.94370644,23.94370644,40
2016-02-0305:50:00,0,21.0,43.7,20.29,42.4,22.0,45.9,20.5,45.4,19.41444444,61.735,3.626666667,95.26333333,18.5,41.005,20.81777778,52.00833333,18.2,49.73,4.55,757.6166667,89.16666667,4.0,38.16666667,2.88,24.18124219,24.18124219,50
2016-05-1910:40:00,0,23.16666667,41.79,26.03333333,35.69333333,24.29,38.7,23.35666667,40.12666667,21.254,47.798,17.72333333,6.06,23.025,37.5225,22.85,39.856,22.64,42.416,11.4,753.2,77.33333333,1.666666667,40.0,7.5,45.9655945,45.9655945,50
2016-01-2911:30:00,0,18.0,43.7,17.16666667,44.29,19.1,42.0,16.89,44.0,16.7,50.29,7.56,82.96,17.03333333,39.28944444,17.16666667,45.735,16.29,43.5,7.1,763.8,81.5,8.5,40.0,4.15,12.7002415,12.7002415,20
2016-03-0913:10:00,0,19.5,36.66333333,16.7,39.93333333,19.89,37.2,18.76,34.23,17.46333333,43.36333333,6.4,49.26333333,17.89,30.92666667,19.0,37.66333333,17.7,37.43333333,6.63,744.2666667,61.66666667,9.166666667,40.0,-0.25,18.52755337,18.52755337,50
2016-04-1211:50:00,0,22.39,42.2,24.5,37.06,23.1,39.2,23.7,39.06,21.07142857,43.47142857,15.93333333,12.83333333,21.7,35.79,22.2,41.054,21.35666667,41.86333333,13.6,751.9166667,63.66666667,3.0,40.0,6.83,25.563719,25.563719,50
2016-04-1520:30:00,0,22.89,43.29,21.2,44.29,24.29,38.96666667,22.28,40.7,21.66666667,69.32666667,11.36,46.73333333,21.7,36.33333333,23.7,42.0,20.82333333,43.09,12.7,744.9,74.5,4.5,34.5,8.2,24.76892625,24.76892625,110
2016-02-0513:10:00,0,21.66666667,45.79,21.29,44.5,21.80111111,44.51,19.89,47.9,18.6,57.85722222,10.73333333,94.92333333,18.48777778,44.48888889,20.11111111,50.71,18.6,49.0,9.8,762.6,90.0,5.166666667,30.83333333,8.28,1.217442285,1.217442285,60
2016-01-2801:40:00,0,19.1,47.43333333,18.39,47.245,19.79,45.32666667,18.1,48.5,17.39,53.98333333,9.566666667,99.9,17.5,45.72,17.58333333,51.68777778,16.89,49.4,9.87,757.0666667,91.66666667,4.666666667,35.66666667,8.53,8.163884643,8.163884643,30
2016-03-1219:30:00,0,20.89,36.92333333,19.34,34.795,20.1,34.15666667,20.1,33.0,18.29,43.22333333,5.093333333,30.72666667,21.6,26.2,24.79,34.09,18.89,38.9,5.95,767.25,72.0,2.5,62.0,1.2,36.01572891,36.01572891,150
2016-02-0206:30:00,0,21.89,46.09,21.0,45.79,23.16666667,46.2,20.1,49.12666667,19.765,58.30833333,9.39,99.9,18.79,45.94444444,20.7,56.255,18.23,52.62666667,9.4,758.35,91.5,6.0,52.5,8.1,10.99858343,10.99858343,50
2016-02-2008:50:00,0,18.89,39.53,17.39,41.56666667,20.58,38.29,17.53333333,39.5,16.95285714,46.0,7.656666667,92.86666667,17.7,35.145,19.29,47.62666667,17.66666667,43.26,7.54,754.25,96.83333333,6.166666667,63.0,7.12,19.80394133,19.80394133,80
2016-02-2521:00:00,20,21.89,38.09,20.7,38.26666667,21.79,37.23,22.1,36.36333333,19.04,71.256,2.9,76.19333333,19.456,33.09,21.89,37.56,17.89,36.2,1.8,757.3,91.0,1.0,64.0,0.4,9.749750188,9.749750188,90
2016-03-1420:20:00,20,22.7,37.76,19.85666667,40.86,22.79,35.62666667,20.7,34.96,19.29,67.59,3.766666667,32.26666667,21.85666667,24.39,22.35666667,31.0,19.6,37.4,4.2,766.7,66.66666667,2.666666667,22.66666667,-1.47,13.13353555,13.13353555,110
2016-03-0202:20:00,0,20.7,40.09,19.06666667,41.56,20.6,38.59,19.2,39.29,18.89,45.82666667,8.1,83.86333333,18.5,35.46666667,20.6,49.4,18.0,41.59,8.0,748.8,88.66666667,7.333333333,46.33333333,6.17,17.36193863,17.36193863,40
2016-04-1108:50:00,0,21.89,39.09,20.43,40.32666667,22.89,37.7,21.32333333,38.09,20.39,43.36714286,14.29333333,10.13333333,21.79,34.0,21.2,37.4,23.65666667,36.4,12.6,749.8,58.83333333,5.666666667,29.16666667,4.53,33.28177605,33.28177605,50
2016-04-0722:50:00,0,21.79,38.5,19.5,40.43333333,22.5,37.9,21.0,37.9,20.1,47.23,7.0,39.79333333,21.32333333,34.86333333,22.35666667,37.32666667,20.6,40.16333333,6.97,754.0,75.0,4.0,40.0,2.87,49.75333489,49.75333489,50
2016-05-2515:40:00,0,24.1,38.46666667,24.42666667,34.76666667,25.1,38.09,24.2,38.83333333,20.39,56.134,18.36222222,1.0,23.1,34.09,24.39,40.06428571,21.79,36.85,15.5,756.2333333,56.66666667,2.0,40.0,6.9,41.60361111,41.60361111,80
2016-04-1002:40:00,0,21.7,40.53,19.0,44.26,22.84,39.45,20.29,38.59,19.96857143,46.66857143,4.8,57.49333333,21.7,37.7,22.6,40.77714286,20.2,43.2,6.1,751.6666667,96.66666667,2.0,25.66666667,5.57,33.15637553,33.15637553,60
2016-01-2019:50:00,50,18.6,42.23333333,18.16666667,39.46333333,19.46,43.73,16.13333333,36.92666667,16.05555556,51.40277778,0.733333333,96.62333333,16.1,31.78,20.2,40.62055556,15.39,35.79,0.05,761.1166667,90.5,1.166666667,54.66666667,-1.28,33.48023531,33.48023531,330
2016-04-0811:50:00,0,21.2,42.66666667,21.39,41.5,22.1,38.73,20.89,39.26,20.2,63.92571429,14.354,14.356,21.254,36.82,21.95285714,40.73857143,20.73,43.82666667,9.42,754.6,73.5,2.0,21.66666667,4.83,30.54630143,30.54630143,90
2016-04-1104:40:00,0,22.0,39.2,19.5,42.4,23.29,39.9,21.2,38.2,20.39,50.33714286,9.963333333,24.29,22.29,38.0,21.89,37.7,20.79,43.9,8.9,750.1333333,74.66666667,4.333333333,27.66666667,4.57,31.08352225,31.08352225,50
2016-02-2505:50:00,0,20.5,37.59,18.46333333,39.36333333,20.79,39.59,20.2,36.53,18.2,51.83714286,-1.033333333,81.79666667,19.5,37.35285714,21.23,43.23,18.1,41.2,-0.9,755.75,95.83333333,1.0,61.33333333,-1.52,29.92767164,29.92767164,50
2016-03-3114:30:00,0,21.2,39.5,19.39,41.56,22.1,37.59,20.6,40.09,20.32333333,46.43333333,9.066666667,59.45666667,20.2,34.4,24.29,40.7,20.0,38.29,8.0,754.45,83.5,4.0,28.5,5.3,32.09533889,32.09533889,110
2016-04-2912:50:00,0,20.6,38.63,18.96333333,39.4,23.55,36.595,19.5,36.19333333,18.7,40.8975,9.525,44.5425,19.0,32.59,20.42666667,38.23,18.6,36.7,8.35,755.1333333,87.0,4.0,38.16666667,6.23,34.22197747,34.22197747,80
2016-04-0311:30:00,0,21.4175,43.9,23.85666667,38.7,21.89,40.7,21.23,42.7,19.39,47.56,17.7,26.62666667,20.32333333,39.79,21.7,44.46666667,20.0,42.59,16.3,752.4,71.5,4.0,34.5,11.2,13.76656636,13.76656636,60
2016-05-2014:30:00,0,23.1,47.09,22.774,45.772,24.6,41.86333333,23.79,44.79,21.89,49.09,18.36333333,32.19333333,22.89,42.856,22.7,48.97142857,22.53333333,45.09,15.9,758.35,85.5,4.5,40.0,13.4,40.02315459,40.02315459,60
2016-05-2301:50:00,0,24.35666667,47.96666667,22.0,50.29,26.26,44.79,23.7,45.9,22.96333333,51.79,10.92666667,52.59,23.5,42.0,25.6,50.8725,23.2,49.59,11.1,752.4666667,96.16666667,4.0,60.0,10.5,47.46735521,47.46735521,60
2016-04-1922:10:00,0,22.0,38.7,19.89,38.72333333,22.1,37.4,22.0,35.59,20.39,53.4,7.156666667,30.39666667,20.79,30.434,22.29,40.93,19.89,36.43,6.97,766.7666667,79.0,3.166666667,40.0,3.57,33.72474471,33.72474471,50
2016-04-1900:10:00,0,21.39,37.09,18.89,38.82666667,22.6,36.4,22.1,34.2,20.2,51.36,6.263333333,19.26,20.30428571,29.65714286,22.39,41.82666667,20.2,36.86,6.52,763.7166667,73.66666667,2.166666667,40.0,2.15,39.6962092,39.6962092,40
2016-02-2316:40:00,30,21.29,44.06333333,19.6,44.1,21.2,41.29,21.89,38.56,18.57142857,50.4,4.833333333,87.83333333,19.1,34.59,20.32333333,40.73,18.5,40.49857143,5.33,757.5666667,78.33333333,3.333333333,40.0,1.73,0.09784773,0.09784773,50
2016-02-0905:50:00,0,21.6,42.5,21.03333333,41.43333333,23.1,43.0,20.29,42.845,20.2,46.59,5.5,76.19333333,19.0,37.87555556,21.6,49.86888889,19.1,46.9,6.03,742.7,79.83333333,8.0,26.33333333,2.72,23.65564439,23.65564439,50
2016-03-1217:40:00,10,20.53333333,33.7,19.9,32.26333333,19.89,33.9,20.39,32.9,18.72666667,40.05666667,9.726666667,18.53333333,22.39,25.89,24.96333333,33.36333333,18.96333333,39.2,9.2,766.7,55.33333333,3.333333333,51.66666667,0.6,14.29849596,14.29849596,90
2016-02-1408:10:00,0,20.2225,40.4725,18.46333333,41.76,21.16666667,40.56,18.66666667,40.89,17.89,51.52444444,2.7,92.09,19.12777778,38.73777778,21.08333333,46.19777778,18.2,45.19333333,2.42,735.4666667,97.0,1.0,37.5,2.0,42.89502881,42.89502881,140
2016-02-2815:10:00,0,21.6,34.4,20.16666667,34.79,20.35666667,35.29,20.29,35.0,17.39,46.29,6.366666667,25.06,22.32333333,29.73,22.79,35.4,18.5,39.7,5.97,757.6333333,50.33333333,8.833333333,40.0,-3.8,34.76968821,34.76968821,40
2016-03-0713:50:00,0,20.85666667,40.4,19.5,38.76,22.06666667,39.46666667,18.23,35.12666667,17.39,49.3725,5.19,75.5,17.89,30.7,19.7,37.5225,17.6,36.66333333,3.83,749.0666667,79.66666667,4.166666667,40.0,0.6,44.26509162,44.26509162,310
2016-04-0721:20:00,0,22.0,38.5,19.92666667,39.36333333,22.29,37.59,21.16666667,37.4,20.1,46.73,7.623333333,22.93333333,21.39,32.53,22.56666667,35.16333333,20.56666667,36.52666667,8.17,753.7333333,68.33333333,4.0,40.0,2.6,1.644061285,1.644061285,80
2016-04-2316:40:00,0,23.0,35.66333333,21.46333333,34.2,23.89,33.72333333,22.5,32.92857143,20.79,41.23,9.5,1.0,22.18,27.058,23.89,34.32666667,20.79,38.4,8.87,757.3,51.66666667,7.333333333,40.0,-0.6,1.021004049,1.021004049,60
2016-03-1819:10:00,0,21.7,37.06,19.53333333,39.09,21.46333333,35.86333333,20.56666667,33.9,18.5,45.79,6.3,55.86333333,19.7,30.16666667,22.7,37.59,19.6,36.59,5.73,762.2,87.5,4.0,57.83333333,3.73,40.02902921,40.02902921,120
2016-01-2406:20:00,0,17.76,42.82666667,17.1,42.53,18.46333333,43.59,15.66,46.36333333,15.38,51.09,6.4,99.9,15.68,39.98888889,18.30111111,53.29222222,15.5,48.7,6.53,767.7666667,89.0,6.333333333,47.33333333,4.8,37.12307882,37.12307882,30
2016-03-1508:30:00,0,20.6,34.93333333,16.89,40.02666667,21.23,34.82666667,19.6,32.33333333,18.92666667,42.29,0.033333333,65.19333333,20.1,26.42666667,21.39,36.52666667,19.39,37.56666667,0.25,766.0,89.5,2.0,61.5,-1.35,46.44773939,46.44773939,40
2016-02-1318:50:00,20,21.46333333,39.26,20.2,39.36333333,21.2,39.5225,19.6,39.43,18.255,50.94388889,4.19,91.14,19.1,35.86333333,22.65,41.71277778,18.0,38.5,3.5,730.9833333,96.0,5.0,61.5,2.9,47.86661663,47.86661663,500
2016-02-1714:00:00,0,20.6,34.73,19.29,34.4,20.1,37.356,19.6,33.79,17.80428571,44.60571429,2.9,68.16666667,19.63333333,26.6,21.39,34.12666667,18.0,38.36333333,3.4,758.5,67.0,1.0,25.0,-2.2,29.27144003,29.27144003,90
2016-02-0505:10:00,0,21.53333333,45.09,20.7,44.56,22.39,44.80222222,20.2,46.16333333,18.79,65.17333333,9.066666667,98.65666667,18.5,42.29,21.0,54.95,18.5,50.4,8.8,764.3166667,97.0,4.0,58.0,8.3,36.34276714,36.34276714,50
2016-01-2005:40:00,0,18.6,39.0,17.23,39.43333333,18.89,39.145,17.39,38.29,16.79,48.62666667,-3.902777778,90.24611111,17.0,32.96666667,19.2,45.09,16.39,42.23,-3.33,758.9666667,90.0,2.333333333,61.0,-4.73,49.81358923,49.81358923,50
2016-01-2509:40:00,0,19.79,43.96666667,18.89,44.29,20.16666667,44.09,17.39,46.7,17.89,49.69388889,7.06,99.9,16.29,43.09,17.71,49.5,16.42666667,49.26666667,8.37,763.7333333,87.66666667,3.0,35.66666667,6.37,10.37021724,10.37021724,50
2016-05-1716:40:00,0,23.89,39.56,24.72571429,35.0,24.5,37.536,24.0,38.09,20.54285714,44.34,19.87,1.0,23.1,35.2,22.89,39.83,22.79,40.08571429,15.9,757.5555556,63.5,4.444444444,32.05555556,8.98,13.08951966,13.08951966,70
2016-04-0710:20:00,0,21.2,41.3725,21.1,41.03,22.29,38.4,21.1,39.06,20.5,60.92333333,10.436,23.036,20.84714286,35.29857143,21.1,38.79,20.89,38.9,7.23,752.7333333,77.0,6.333333333,40.0,3.4,5.491596041,5.491596041,40
2016-01-2322:20:00,0,19.39,42.43,19.0,41.5925,17.85666667,43.76,15.89,48.5,15.5,51.10578947,5.69,99.9,15.5,40.60222222,19.25,48.88,15.0,44.95666667,5.47,770.0333333,91.0,4.666666667,21.33333333,4.17,8.672602393,8.672602393,70
2016-02-2117:30:00,30,21.5,48.92666667,20.6,45.15666667,21.5,43.56,22.16333333,45.63333333,18.57142857,58.7,12.20571429,80.03714286,18.29,44.82666667,22.1,49.12666667,18.39,46.79,11.9,754.9,84.0,11.0,40.0,9.3,11.87456364,11.87456364,110
2016-03-1507:20:00,0,20.7,35.59,16.73,41.86333333,21.53333333,35.23,19.66666667,33.16333333,19.2,40.66666667,-1.566666667,64.33333333,20.29,27.79333333,21.63333333,39.56666667,19.39,39.09,-0.9,766.0,90.66666667,2.0,60.33333333,-2.23,35.23760358,35.23760358,220
2016-03-3104:20:00,0,21.79,39.09,19.0,43.09,22.89,39.09,20.7,39.4,19.92666667,48.59,6.3,65.69,20.5,34.5,23.29,45.59,20.39,42.79,6.0,754.1,98.33333333,1.0,61.33333333,5.77,35.74096627,35.74096627,50
2016-01-1513:30:00,0,21.29,38.995,20.93277778,38.015,20.5,40.29,20.15555556,40.44777778,17.7,51.57875,4.76,72.53,17.76882353,36.5,18.39,43.09,17.32333333,43.23333333,4.05,755.0,86.5,8.0,45.0,2.0,19.12523117,19.12523117,190
2016-03-0813:10:00,0,19.79,38.19333333,19.0,36.82666667,20.2,36.29,19.1,35.645,17.69333333,57.83333333,9.1,82.76,18.5,31.32666667,19.7,37.96333333,17.7,37.93,6.42,757.2833333,69.66666667,3.166666667,40.0,1.13,42.85354716,42.85354716,310
2016-04-0419:30:00,0,23.5,46.62666667,21.73,47.46666667,25.13333333,40.79,22.0,44.7,21.29,67.13333333,12.39666667,25.1,21.7,37.79,24.96333333,42.46666667,20.7,43.4,12.9,748.95,75.0,1.5,40.0,8.6,48.69959943,48.69959943,100
2016-01-2818:50:00,0,19.39,44.2,18.5,44.29,19.73,44.09,17.96333333,44.4,17.2,52.0,1.933333333,90.99666667,18.6,38.9,18.59444444,45.41666667,17.1,45.86333333,1.95,765.6333333,90.33333333,2.833333333,29.16666667,0.467,12.8792185,12.8792185,50
2016-05-2210:50:00,0,24.41272727,53.74045455,23.28558559,53.56492492,27.44954545,47.22272727,23.72252252,49.47873874,22.62477477,54.62231982,18.18504505,49.93666667,23.52927928,46.67105856,24.85409091,54.71363636,23.28136364,51.17272727,15.8,750.7666667,93.83333333,3.166666667,40.0,14.8,25.07450788,25.07450788,320
2016-04-1614:10:00,0,22.6,45.06333333,21.96333333,42.36,24.72666667,40.46666667,22.1,40.25142857,20.89,47.09,12.82333333,9.76,21.39,33.36857143,23.66666667,42.73,21.1,42.12666667,11.0,747.2666667,69.66666667,4.833333333,37.83333333,5.52,13.68634957,13.68634957,250
2016-05-0920:00:00,0,25.5,42.79,25.39,39.43333333,26.6,38.9,25.6,41.29,23.6,51.46,19.57,5.825714286,24.2,39.4,25.39,45.62142857,23.6,42.55142857,20.6,752.3,56.0,2.0,40.0,11.4,24.63875017,24.63875017,100
2016-01-1605:50:00,0,21.6,39.9,20.7,39.56,20.56666667,42.0,19.5,42.9,19.06666667,50.83333333,-0.2,94.9,18.66666667,41.79,19.85666667,49.0,17.89,47.29,0.517,762.35,96.0,3.0,20.0,-0.0833,19.61829426,19.61829426,30
2016-04-1204:40:00,0,21.79,42.76,19.2,44.7,23.42666667,40.59,21.79,39.56,20.85,44.32,5.933333333,55.93333333,21.56666667,35.79,22.5,43.316,20.89,44.7,6.47,751.5333333,90.0,1.333333333,40.0,5.0,46.18842612,46.18842612,50
2016-05-2321:40:00,20,25.0,44.7,23.06666667,44.93333333,25.7,41.79,24.2,44.36333333,23.79,60.16857143,11.46333333,26.16333333,23.58,38.054,25.2,47.03,22.66666667,41.62666667,11.6,759.2666667,80.0,4.666666667,40.0,8.27,46.58296758,46.58296758,70
2016-05-0800:00:00,0,24.73,38.79,23.42666667,38.23,25.6,38.4,24.29,37.4,22.53333333,54.19333333,13.8,17.18,23.7,37.79,25.1,44.4,22.39,41.36714286,13.6,751.7,81.0,1.0,40.0,10.3,13.5834154,13.5834154,60
2016-02-0205:00:00,0,22.1,46.09,21.26,45.76,23.2,46.06,20.29,49.2,19.80111111,58.69166667,9.8,99.9,18.79,46.2,20.79,56.145,18.2,52.5,9.5,758.9,95.0,7.0,63.0,8.7,36.79583848,36.79583848,50
2016-01-3005:10:00,0,19.1,44.2,18.39,44.03,19.89,44.82666667,16.5,46.59,16.7,51.71,8.89,89.49333333,16.84555556,42.65111111,18.5,53.83277778,16.39,48.9,8.67,756.0,89.0,11.83333333,41.0,6.92,43.35847558,43.35847558,50
2016-05-0513:20:00,0,23.2,28.73,25.0,23.45666667,23.0,32.0,22.7,29.29,21.0,40.73,19.2,1.0,22.29,25.79,23.6,34.214,20.85666667,35.12666667,17.4,761.3666667,30.66666667,4.0,32.0,-0.2,33.88602223,33.88602223,40
2016-03-1620:10:00,30,22.6,37.56,20.1,38.0,23.72666667,36.02666667,21.76,33.66333333,18.7,44.2,5.333333333,24.33333333,20.23,25.0,23.6,33.56,19.6,36.65666667,5.43,765.15,61.5,5.833333333,23.66666667,-1.45,13.03917958,13.03917958,130
2016-04-3002:40:00,0,21.96333333,37.0,19.39,39.73,22.89,37.0,19.5,38.0,19.1,43.4,5.8,52.26,19.2,33.93333333,21.6,46.29,19.1,40.73,5.93,756.9,95.66666667,2.0,28.66666667,5.3,32.62733282,32.62733282,50
2016-01-1521:50:00,10,23.2,39.12666667,22.42666667,38.82666667,21.23,41.82666667,20.85666667,42.9,20.9725,44.2225,1.966666667,94.4,19.1,39.12666667,20.6,44.2,17.2,40.5,2.2,759.8833333,96.16666667,4.0,29.83333333,1.62,48.73962317,48.73962317,490
2016-04-0312:10:00,0,21.7,43.66333333,23.79,38.12666667,22.1,40.7,21.39,42.29,19.39,47.66333333,18.03333333,19.56666667,20.79,39.43,22.13333333,43.63333333,20.0,42.7,17.1,752.25,65.83333333,4.0,40.0,10.7,40.43514017,40.43514017,60
2016-02-1404:20:00,0,20.79,40.0,19.0,41.5,21.39,40.8725,18.79,41.2,18.0,51.9,3.2,92.4,19.2,39.02,21.41444444,47.72,18.2,45.26,2.63,734.2666667,96.33333333,2.0,43.33333333,2.13,21.7227112,21.7227112,60
2016-05-1707:10:00,0,22.79,39.96666667,20.66666667,42.56,24.1,36.9,22.7,38.53,19.412,44.112,9.20625,49.75,23.5,37.52857143,23.6,39.59,22.64,41.13,8.67,758.7166667,94.33333333,3.166666667,47.83333333,7.85,40.60712066,40.60712066,70
2016-02-2320:40:00,30,21.56666667,42.8,20.0,42.22333333,21.29,40.62666667,21.2,38.26,18.39,48.9,1.93,85.06,18.7,34.79,20.85666667,40.43,18.29,39.4,3.0,759.9,91.0,1.0,40.0,1.67,4.999499675,4.999499675,80
2016-01-1815:40:00,0,19.32333333,41.4,18.2,41.4,19.6,40.59,18.79,38.29,17.575,55.5675,0.783333333,95.75611111,19.0,34.66333333,19.6,41.86333333,17.2,37.79,-0.467,756.8666667,69.0,2.333333333,36.33333333,-5.53,26.54043965,26.54043965,30
2016-05-1108:40:00,0,24.79,48.4,25.41,46.68428571,26.1,43.09,24.96857143,45.69428571,23.79,53.26,19.14285714,43.39,24.39,45.054,25.39,49.02666667,23.35,49.058,15.2,748.8333333,90.33333333,2.666666667,34.0,13.6,5.473575473,5.473575473,80
2016-02-0421:00:00,20,23.06666667,44.33333333,22.46333333,42.72333333,22.39,44.41111111,21.1,47.16333333,19.90222222,91.45611111,7.866666667,93.5,18.40222222,40.735,21.46333333,51.28222222,18.39,46.59,6.6,764.8,91.0,2.0,28.0,5.2,46.54379706,46.54379706,110
2016-01-2703:10:00,0,20.66666667,44.16333333,20.0,43.59,20.26,43.63333333,19.6,45.9,17.7,58.745,10.0,88.09333333,18.2,46.57555556,17.80111111,49.30222222,17.1,48.79,10.1,758.45,80.16666667,10.0,40.0,6.75,29.67493744,29.67493744,30
2016-01-2204:40:00,0,19.1,37.5,18.1,37.4,19.2,40.09,16.6,38.2,16.79,46.4,-2.0,94.0,16.39,32.75,18.87333333,46.79944444,16.0,42.5,-1.07,764.1,87.0,3.0,62.0,-2.97,1.046262693,1.046262693,40
2016-04-2101:20:00,0,22.0,34.7,19.6,36.53,22.7,36.26,22.37,33.0,20.29,50.66333333,6.433333333,19.06333333,21.64285714,33.12142857,22.35666667,41.59,20.2,38.16333333,7.4,764.3666667,68.66666667,4.0,40.0,1.97,15.89832446,15.89832446,50
2016-01-1902:10:00,0,19.79,39.09,18.39,39.0675,19.89,40.56,19.26,38.46666667,17.29,62.52833333,-5.322222222,86.16166667,17.80666667,33.83888889,19.79,45.24777778,16.85666667,40.02666667,-4.33,756.25,88.5,1.0,27.33333333,-5.97,8.160381345,8.160381345,20
2016-05-0202:00:00,0,21.7,35.59,18.79,37.66333333,22.2,35.7,20.66666667,34.2,19.79,48.96666667,3.133333333,23.02333333,19.39,29.39,23.0,43.12666667,19.6,39.2,3.7,765.6,87.0,1.0,40.0,1.7,11.1250061,11.1250061,20
2016-05-1022:10:00,0,25.0,48.0,23.68,48.178,26.29,43.79,25.1,45.59,24.29,62.2,14.6225,52.0475,24.6,43.13125,26.29,52.96,24.0,47.29,15.0,749.4833333,87.33333333,2.0,40.0,12.8,3.249534266,3.249534266,60
2016-01-3013:30:00,0,20.0,45.79666667,19.5,44.72333333,19.89,45.2,16.95666667,48.92333333,18.445,85.86166667,6.466666667,99.9,16.81222222,43.09944444,18.98166667,53.15944444,16.39,47.96666667,6.6,752.4,89.0,6.5,30.5,4.95,28.98761593,28.98761593,400
2016-05-0319:10:00,0,23.29,34.43,22.26,31.96333333,23.32333333,35.82666667,22.85666667,33.76,21.82666667,48.86,13.39,1.0,21.79,27.2,24.1,35.46666667,20.5,36.518,13.4,764.95,40.83333333,4.833333333,40.0,0.167,23.84683362,23.84683362,170
2016-01-2907:50:00,0,18.1,43.29,17.2,44.09,19.13333333,42.0,17.0,43.59,16.7,50.575,4.656666667,91.53333333,17.2,38.9,17.29,45.255,16.29,43.09,4.85,763.8666667,81.16666667,7.666666667,40.0,1.88,42.54727508,42.54727508,40
2016-03-3006:10:00,0,21.5,40.59,19.0,44.09,22.7225,38.545,20.89,39.59,20.0,46.96666667,7.656666667,48.76,20.79,34.0,23.5,45.0,20.39,42.06,8.15,751.05,80.33333333,3.0,40.0,4.88,24.50113953,24.50113953,60
2016-03-2201:30:00,0,22.1,37.59,19.5,39.79,22.06666667,36.86333333,21.82333333,36.43333333,19.29,48.93333333,6.19,47.59666667,19.7,37.09,22.2,44.4,19.2,38.79,5.45,759.35,85.0,1.5,20.0,3.1,39.14964607,39.14964607,40
2016-04-1815:00:00,0,21.79,35.4,22.1,32.53,22.39,35.0,22.5,33.09,20.1,40.0,13.06,1.4,20.61428571,27.68428571,21.5,34.7,20.6,35.16333333,11.1,762.2,53.0,4.0,40.0,1.7,47.28524971,47.28524971,50
2016-03-0917:10:00,0,19.39,36.79,17.03333333,40.03,19.79,36.59,21.49333333,35.09,17.39,43.5,6.8,37.39333333,17.89,31.2,20.6,38.4,17.5,36.59,6.43,745.7333333,63.16666667,4.166666667,40.0,-0.133,14.27804522,14.27804522,90
2016-03-0416:00:00,0,20.89,38.76428571,19.52714286,38.19714286,22.23375,39.105,19.1,36.0,18.03333333,45.96666667,7.497142857,78.18285714,18.89,32.18428571,20.14285714,38.5,18.5,39.09,7.4,739.1,71.0,1.0,40.0,2.4,0.756479788,0.756479788,190
2016-05-0422:50:00,0,23.29,34.32666667,21.39,34.66333333,23.32333333,36.0,23.0,33.09,21.16666667,42.09,7.656666667,10.96666667,22.456,34.62,24.7,38.196,20.39,36.06666667,9.93,764.3833333,59.66666667,2.166666667,40.0,2.45,10.15140325,10.15140325,50
2016-01-2207:50:00,10,18.6,38.9,17.5,38.12666667,18.89,39.9,16.29,38.2,16.5,47.22,-1.6,93.46666667,16.28,32.93333333,18.5,44.75722222,16.0,42.96666667,-0.883,763.3166667,81.5,2.833333333,27.5,-3.7,48.0771257,48.0771257,40
2016-03-1404:30:00,0,20.46333333,35.16333333,17.0,39.76,20.39,37.0,19.5,33.9,18.39,49.7,-0.338888889,67.12777778,21.29,34.09,22.725,41.43333333,19.29,39.7,0.1,768.4,90.0,3.0,62.5,-1.35,38.75073146,38.75073146,50
2016-01-1212:00:00,0,20.0,45.66333333,19.2,44.2,19.96333333,44.7,20.03333333,43.9,18.1,48.93333333,6.5,88.89666667,17.89,40.32666667,18.56666667,47.82666667,17.1,45.2,7.0,743.5,81.0,7.0,28.0,4.0,7.410578034,7.410578034,60
2016-05-1922:50:00,0,23.39,41.4,22.0,41.22571429,24.39,38.9,23.2,40.43333333,22.39,61.75,10.24,32.525,23.1,36.7,24.33,45.2,22.5,42.26,12.4,757.7666667,79.16666667,2.833333333,37.33333333,8.83,26.61930977,26.61930977,50
2016-04-1410:10:00,20,21.46333333,41.56,21.42666667,41.32666667,22.76,38.2,23.03333333,40.26666667,20.39,44.5,13.13,59.9,20.6,36.018,22.0,41.36333333,20.73,40.12666667,8.97,754.45,87.83333333,2.0,56.66666667,7.05,21.32974602,21.32974602,80
2016-05-0502:10:00,0,22.79,34.56,20.26,36.4,23.5,36.925,22.7,32.9,20.89,41.79,6.226666667,21.32666667,22.26428571,34.44285714,24.0,41.812,20.5,38.59,6.87,763.6833333,72.33333333,3.166666667,40.0,2.13,41.13454288,41.13454288,50
2016-03-1617:40:00,10,21.29,34.4,19.5,33.33333333,23.2,34.76,21.63333333,31.13333333,18.7,42.0,8.96,13.8,20.7,24.445,23.29,33.53,19.7,37.7,7.27,764.3666667,54.0,7.666666667,25.66666667,-1.53,41.37809678,41.37809678,420
2016-02-2817:20:00,0,21.29,32.06,19.79,31.95666667,20.2,34.4,19.7,31.23,17.46333333,45.06,5.833333333,25.69666667,21.85666667,28.96333333,22.39,34.66333333,18.5,39.9,5.3,758.1666667,51.0,6.666666667,40.0,-4.13,28.15113927,28.15113927,60
2016-04-1422:20:00,0,22.7,41.36333333,21.03333333,42.53,23.39,39.7,22.6,39.5,20.82333333,56.02666667,11.96333333,33.29333333,21.29,36.29,24.0,47.2,20.7,42.86333333,13.0,751.2,72.33333333,2.666666667,40.0,8.07,8.357961546,8.357961546,50
2016-01-2319:10:00,10,17.32333333,46.29,16.9975,45.14,17.39,43.29,15.19,46.72333333,15.345,50.90555556,6.5,99.9,15.41444444,41.29,18.45722222,51.02944444,15.0,45.36333333,6.23,770.6666667,95.16666667,3.166666667,55.0,5.5,49.38137198,49.38137198,90
2016-04-0312:50:00,0,22.0,43.16333333,23.79,38.09,22.2,40.66333333,21.5,42.12666667,19.39,47.79,18.99666667,17.33,21.2,38.86333333,22.63333333,42.79,20.03333333,42.82666667,17.8,752.05,57.16666667,4.0,40.0,9.25,49.16301491,49.16301491,80
2016-04-2920:00:00,0,23.39,36.79,21.5,37.73,22.85666667,35.9,20.2,39.52666667,19.1,43.5,7.833333333,38.66,19.2,34.29,21.96333333,41.0,18.79,37.7,7.9,755.5,84.0,4.0,40.0,5.4,24.99081363,24.99081363,120
2016-01-2305:50:00,0,17.29,43.05,16.39,43.2,17.7,41.12666667,15.3,42.36333333,15.53333333,48.9,6.3,99.9,15.69611111,37.93888889,16.67777778,45.80055556,15.19,42.2,5.77,766.55,100.0,4.0,9.333333333,5.77,23.76391501,23.76391501,50
2016-02-1010:10:00,0,20.89,42.93333333,20.2,40.26,21.66666667,40.96666667,20.075,40.4975,19.0,50.19166667,4.695,92.745,19.5,38.92777778,21.67777778,46.28833333,19.0,42.56,4.47,740.7833333,91.66666667,5.833333333,40.0,3.2,2.413896343,2.413896343,70
2016-01-1708:10:00,10,20.79,41.2,20.0,39.82666667,21.0,42.4,21.63333333,40.93333333,18.1,53.5,-0.966666667,95.56,19.29,41.23,20.39,49.09,17.79,45.59,-0.8,764.7166667,95.5,2.0,24.66666667,-1.47,19.35617939,19.35617939,100
2016-04-1713:00:00,0,22.5,43.55666667,21.92666667,40.52666667,23.06666667,38.5,22.1,37.90571429,20.82333333,57.13333333,10.06666667,17.89333333,20.92142857,30.1,22.89,37.56,21.0,39.49333333,6.0,755.8,72.0,1.0,40.0,1.3,6.583745952,6.583745952,70
2016-02-0208:00:00,30,21.79,46.36333333,20.85666667,46.09,23.0,45.7,20.26,49.72333333,19.7,58.36944444,8.89,99.9,18.79,45.56,20.62222222,55.15,18.29,52.5,9.1,758.0,89.0,6.0,62.0,7.4,27.03967259,27.03967259,70
2016-01-1601:40:00,0,22.6,40.29,21.7,39.59,20.89,42.03,20.35666667,43.5,19.76,54.29666667,2.2,94.5,18.7,41.4,20.29,48.59,17.89,47.0,2.15,761.6833333,95.33333333,4.666666667,38.0,1.48,24.28360535,24.28360535,60
2016-03-1622:10:00,10,22.6,35.16333333,20.06666667,36.62666667,22.92666667,35.4,21.6,32.06,18.7,43.59,3.626666667,29.05666667,20.0,24.96333333,23.39,34.43333333,19.5,33.86333333,4.25,765.6166667,64.83333333,4.833333333,22.83333333,-1.8,49.40218724,49.40218724,40
2016-03-1701:00:00,0,21.89,35.96666667,18.7675,38.295,22.6,35.9,20.865,32.425,18.6,44.4,2.133333333,39.62333333,20.0,27.26,22.82333333,38.56,19.6,38.53,2.0,765.9,77.0,4.0,20.0,-1.6,23.61440558,23.61440558,50
2016-04-0821:40:00,10,21.96333333,43.16333333,19.76,45.36333333,23.2,39.59,21.0,38.79,20.58,50.994,7.966666667,33.02666667,21.29,34.55,24.29,39.69333333,20.2,37.7925,8.07,753.2666667,83.33333333,1.333333333,25.33333333,5.43,46.03072642,46.03072642,40
2016-05-0912:10:00,0,24.89,39.9,27.7,32.9,26.26,37.59,24.96333333,38.52666667,23.13333333,42.59,25.6,1.0,24.0,37.0,23.83285714,41.39571429,23.5,41.0,22.1,752.8166667,46.33333333,2.166666667,40.0,9.93,38.15456515,38.15456515,60
2016-02-1609:30:00,0,19.7,38.0,17.6,39.7,21.56666667,39.12666667,18.89,35.03,18.16666667,42.93333333,-3.026666667,83.25666667,18.29,29.79,20.2,38.53,17.79,38.5,-0.8,772.2,95.0,1.0,61.0,-1.5,3.165623953,3.165623953,230
2016-05-0515:50:00,0,23.92666667,30.06666667,24.39,26.76333333,23.39,33.32666667,22.79,31.13333333,21.0,40.59,20.2675,1.0,22.87,26.772,23.29,34.5,20.79,35.5225,19.1,760.0666667,30.66666667,3.833333333,40.0,1.38,23.00478811,23.00478811,50
2016-04-1503:50:00,0,22.0,42.29,19.79,45.59,23.7,40.2,22.2,40.59,20.56666667,51.79,9.533333333,60.9,21.1,37.4,23.12,48.0,20.79,45.59,9.55,748.7,97.33333333,2.0,27.0,9.12,37.707417,37.707417,60
2016-04-1717:40:00,20,22.89,39.73,21.13333333,38.62666667,22.85666667,36.86333333,22.7,37.0,21.0,45.73,9.96,16.63333333,22.0,28.02,23.6,38.0,21.0,39.73,9.2,757.2,67.0,6.666666667,40.0,3.3,2.891497174,2.891497174,650
2016-03-0822:50:00,0,20.92666667,38.09,18.39,40.23,20.2,38.09,19.89,34.7,18.6,45.53,5.0,78.12333333,18.39,32.33333333,20.89,39.09666667,17.5,36.96333333,4.62,754.8666667,75.66666667,4.833333333,40.0,0.65,6.549421395,6.549421395,50
2016-05-2415:10:00,0,24.42666667,39.19333333,23.92666667,37.06666667,25.29,38.89,24.0,40.4425,23.2,47.08285714,16.65,1.0,23.5,34.5,24.5,38.73857143,22.7,38.59,14.4,758.75,66.66666667,4.833333333,38.0,8.18,8.134340565,8.134340565,140
2016-05-1816:00:00,0,23.5,40.53,24.1,36.7225,24.39,38.5,23.5,38.7,21.16,42.156,20.1,1.0,22.79,35.59,24.03333333,40.39666667,22.6,38.072,17.8,749.6,52.0,7.0,40.0,7.7,43.16528087,43.16528087,70
2016-03-0708:40:00,0,18.89,37.5,16.89,39.9,19.39,37.46333333,18.2,36.26,17.72666667,54.4,2.03,77.19,17.5,31.46333333,20.2,41.56666667,17.6,39.86,0.633,747.8333333,97.66666667,1.0,39.0,0.333,47.3169171,47.3169171,150
2016-01-2519:50:00,10,20.39,43.12666667,19.39,43.4,20.42666667,44.23,18.06666667,45.4,18.43888889,47.11166667,8.89,91.86333333,18.445,39.5,19.39,46.2,17.1,48.0,9.55,762.7666667,77.5,4.0,40.0,5.77,39.70355095,39.70355095,380
2016-03-3015:00:00,20,21.7,40.26,21.1,39.26666667,22.5,38.59,21.5,39.56,20.1,46.43333333,14.53333333,12.52333333,20.89,32.76,24.39,39.73,20.42666667,38.86,10.6,753.6,66.0,3.0,40.0,4.5,38.04760588,38.04760588,80
2016-05-1105:40:00,0,24.6,47.53,22.76428571,49.76428571,26.7,43.3,24.89,45.4,23.89,56.06,13.83,56.49666667,24.5,42.7,25.89,50.96666667,24.1,47.23857143,14.7,748.4333333,94.66666667,2.333333333,22.66666667,13.8,2.711097186,2.711097186,70
2016-02-1517:40:00,20,20.7,36.89,19.23,36.36,20.89,37.06666667,18.89,35.23,17.6,48.29,5.1,58.85428571,20.66666667,28.03333333,21.6,34.63333333,18.2,41.9,4.07,763.4,69.33333333,4.333333333,40.0,-1.1,10.36698199,10.36698199,110
2016-04-1120:50:00,20,22.73,43.82666667,21.5,43.56,23.1,40.7,22.5,42.32666667,21.2,46.59571429,12.93333333,24.39,21.89,37.26,23.89,42.72428571,20.82333333,40.86,13.4,750.7333333,70.5,3.333333333,40.0,8.08,20.39694369,20.39694369,100
2016-04-0320:00:00,0,22.29,44.26,21.73,43.46666667,22.63333333,41.53,21.29,45.03,19.76,49.32666667,16.56666667,30.33,21.39,41.16333333,24.29,47.16333333,20.29,44.9,17.3,749.2,64.0,2.0,40.0,10.3,24.32539426,24.32539426,110
2016-05-0801:10:00,0,24.6,38.79,23.1,38.79,25.63333333,38.59,24.23,37.32666667,22.39,52.09,12.89,22.216,23.7,39.19428571,24.83285714,44.39571429,22.5,42.36857143,12.9,751.7166667,83.33333333,1.833333333,40.0,10.1,8.474604378,8.474604378,50
2016-02-1201:40:00,0,21.79,41.5,20.89,40.59,21.5,42.5225,20.2,42.09,19.1,56.11444444,2.126666667,90.83333333,20.1,40.13277778,22.98166667,47.71,18.6,44.16333333,2.67,747.4666667,94.33333333,2.0,23.66666667,1.83,37.59811639,37.59811639,40
2016-05-2119:10:00,10,24.84,47.169,24.89459459,43.69351351,26.501,42.01,24.14594595,45.50702703,23.09054054,51.46993243,24.67189189,6.54,24.07972973,42.36695946,24.179,49.33,23.119,46.9,21.9,753.2166667,57.16666667,6.5,40.0,13.1,24.38240108,24.38240108,110
2016-03-2309:20:00,10,21.6,39.79,18.96333333,44.06,22.1,37.9,21.2,38.32666667,20.03333333,48.06,7.66,66.63,20.06666667,37.59,22.0,41.79,19.79,40.86333333,6.8,756.1666667,91.66666667,2.333333333,60.66666667,5.57,9.316214034,9.316214034,60
2016-02-1720:40:00,0,21.46333333,33.66333333,20.0,33.93333333,20.12,35.572,18.92666667,34.79,20.736,83.59,0.7,74.26333333,18.89,27.5,21.66666667,34.29333333,18.0,39.2,0.6,755.9333333,89.66666667,1.0,61.66666667,-0.9,48.27233742,48.27233742,100
2016-02-1007:40:00,0,21.0,41.76,20.29,40.53,22.1,41.16333333,18.6,41.0,19.0,51.345,2.9,92.3,19.79,41.09611111,22.0,49.0,19.1,46.36333333,2.77,739.7666667,94.0,6.333333333,40.0,1.87,9.619872179,9.619872179,50
2016-02-0503:00:00,0,21.79,44.59,21.0,43.93333333,22.2,44.77,20.5,45.925,18.90222222,66.88333333,8.226666667,98.22666667,18.5,41.79,21.1,55.235,18.39,49.36333333,8.1,764.8,99.0,3.0,44.0,7.9,0.363975752,0.363975752,40
2016-04-2512:10:00,20,20.79,37.7,18.89,39.7,22.0,34.7,21.1,35.9,19.89,40.79,9.95,39.04,21.0,32.2,22.7,37.32666667,19.79,35.9,7.08,752.65,89.0,4.166666667,24.16666667,5.35,14.77725834,14.77725834,70
2016-05-2315:30:00,0,24.5,46.66333333,24.39,44.53,25.7,42.36333333,23.79,45.32666667,23.2,49.29,17.4975,1.0,23.7,39.4,24.1,46.2,23.1,44.7,15.0,757.1,71.0,6.0,40.0,9.8,15.09736083,15.09736083,60
2016-04-2722:50:00,10,21.82333333,35.23,19.1,37.46666667,21.29,34.7,20.5,36.4,19.66666667,71.19666667,0.933333333,50.4,19.5,29.56666667,22.6,40.52666667,18.92666667,34.66333333,2.63,755.0333333,87.5,1.0,40.0,0.75,11.44740165,11.44740165,60
2016-04-2209:30:00,20,22.2,37.7,21.46333333,36.86,24.19666667,39.56666667,22.95285714,35.2,20.39,42.9,12.75666667,9.293333333,21.6,32.4,21.89,39.145,20.39,37.62666667,9.7,759.9,70.5,3.5,34.5,4.55,4.491292615,4.491292615,310
2016-03-2717:00:00,0,22.89,36.29,21.5,36.4,22.89,37.66333333,20.79,38.4,20.16666667,46.46666667,13.39666667,17.03333333,22.03333333,31.79,24.2,36.5,20.32333333,40.0,12.5,750.2,55.0,10.0,40.0,3.5,11.33592085,11.33592085,70
2016-01-1322:10:00,0,19.6,42.145,19.06666667,40.63333333,20.63333333,46.36333333,19.29,39.76,19.46333333,84.09666667,1.133333333,87.36666667,18.23,37.73,19.7,46.2,16.6,40.0,2.78,756.3166667,87.66666667,5.166666667,30.83333333,0.917,31.23570948,31.23570948,230
2016-02-1515:50:00,0,20.7,37.59,19.32333333,37.4,21.26,37.09,19.06666667,35.5,17.6,49.23,5.9675,54.6025,20.29,28.79,21.32333333,35.09,18.16666667,42.16333333,5.43,761.7666667,62.0,7.0,40.0,-1.37,38.7886262,38.7886262,40
2016-04-0515:30:00,10,22.26,41.32666667,21.2,40.46333333,24.0,36.29,21.29,40.46666667,20.89,45.95666667,15.89666667,9.9,22.3925,35.42,24.0,39.65666667,21.0,43.49,13.6,751.3,64.0,4.5,40.0,6.85,30.87991046,30.87991046,240
2016-04-1813:40:00,0,21.82333333,35.93333333,22.76,32.12666667,22.5,35.59,22.72571429,33.79571429,20.1,40.9,13.62666667,1.2,20.7,27.93714286,21.6,35.16333333,20.7,36.52666667,11.2,762.0333333,51.0,4.0,40.0,1.27,2.255856199,2.255856199,40
2016-05-0413:20:00,0,23.0,33.9,24.7,28.66666667,23.0,33.5,23.2,33.0,20.6,47.29,17.2,1.0,21.55714286,30.08285714,23.39,36.06,20.54,36.9,14.8,766.4666667,38.66666667,2.333333333,40.0,0.833,0.792318163,0.792318163,70
2016-04-0912:00:00,0,21.29,42.26,21.26,39.13333333,22.1,37.82666667,20.6,38.145,20.0,46.21285714,14.66666667,8.0,21.254,33.98,22.54,38.334,20.5,40.12666667,11.0,750.2,65.0,6.0,29.0,4.6,13.80585961,13.80585961,80
2016-03-3104:30:00,0,21.79,39.09,19.0,43.2,22.89,39.09,20.7,39.4,19.96333333,48.56,6.3,65.69,20.5,34.5,23.29,45.46666667,20.39,42.82666667,6.0,754.15,98.5,1.0,60.0,5.8,9.847460839,9.847460839,40
2016-02-1923:10:00,0,19.89,36.09,18.0,37.36333333,21.0,36.0,18.23,36.5,17.15714286,43.4,4.7975,70.0225,18.1,30.39,19.63333333,37.23,17.6,37.4,5.52,757.9,72.83333333,7.333333333,40.0,0.883,38.82513631,38.82513631,30
2016-03-0511:50:00,0,19.7,36.3175,17.5,38.79,20.29,36.06,18.29,36.2,18.63333333,75.83333333,5.433333333,67.23,18.1,30.66666667,21.03333333,41.06,18.2,37.59,3.75,742.0833333,86.16666667,2.0,61.5,1.63,6.343773671,6.343773671,50
2016-03-1720:10:00,20,22.82333333,35.63333333,20.39,36.79,21.89,35.4,22.2,33.09,19.32333333,62.62333333,4.263333333,30.76666667,21.66666667,24.56666667,23.6,31.06666667,20.0,35.2,5.33,764.3166667,71.83333333,2.166666667,64.83333333,0.6,23.55227758,23.55227758,140
2016-01-2308:50:00,20,17.1,43.4,16.2,43.7,17.6,41.7,15.26333333,43.02666667,15.48777778,49.18777778,5.833333333,99.9,15.67,38.57,16.5,46.4,15.1,43.0,5.6,768.3,99.83333333,3.833333333,19.66666667,5.58,6.093323475,6.093323475,130
2016-05-2121:20:00,0,24.78090909,48.07781818,24.67207207,45.05870871,26.63218182,42.73090909,24.08738739,46.05630631,23.02612613,51.9059009,23.77477477,12.54166667,24.0036036,42.96220721,24.27236364,50.07454545,23.14145455,47.49090909,18.8,753.0,74.66666667,2.0,40.0,14.2,28.50068444,28.50068444,340
2016-01-1914:20:00,0,19.06666667,39.9,17.79,40.4,19.0,39.7,18.16666667,37.29,16.5,55.59,-0.583333333,93.14833333,18.43277778,32.15111111,19.39,40.41111111,16.79,38.09,0.433,757.2666667,64.33333333,1.0,23.66666667,-5.63,13.28651001,13.28651001,50
2016-03-2310:00:00,0,21.7,40.79666667,19.2675,46.0675,22.1,38.09,21.2,39.0,19.89,48.7,8.756666667,59.29,20.0,37.03,21.89,42.12666667,19.7,40.66333333,7.4,756.1,89.0,3.0,64.0,5.7,12.30533785,12.30533785,80
2016-05-1505:50:00,0,23.5,35.59,20.2,38.75142857,24.26428571,36.88285714,23.6,34.03,23.37333333,39.41666667,3.833333333,42.56,23.7,30.79,24.5,36.4,23.04285714,39.94285714,4.27,760.95,85.0,2.833333333,38.16666667,1.88,35.08011973,35.08011973,60
2016-01-2913:30:00,0,17.945,44.2,17.13333333,44.59,19.0,42.12666667,16.85666667,44.56,16.6,50.2,8.533333333,82.39333333,17.0,39.79,17.1,46.41666667,16.23,43.96333333,8.15,763.3,82.0,10.5,40.0,5.2,20.1662195,20.1662195,30
2016-05-0419:00:00,0,23.79,33.46666667,23.1,30.445,23.39,34.76,23.29,32.29,21.29,40.46666667,16.5225,1.0,22.5,27.976,24.89,35.856,20.5,34.36333333,15.6,764.5,40.0,4.0,40.0,1.9,38.31289114,38.31289114,130
2016-02-0513:50:00,0,22.0,47.1,21.6,44.095,21.89,44.68777778,20.0,48.62666667,18.60555556,57.68777778,10.56666667,92.63333333,18.5,44.4,20.1,50.59,18.6,48.9,9.8,762.2,90.0,5.833333333,38.16666667,8.22,33.821367,33.821367,50
2016-02-1207:00:00,0,20.675,41.0675,19.92666667,40.2,20.89,41.86333333,19.39,41.79,18.63333333,54.62666667,2.826666667,92.16,20.0,41.17555556,22.0,48.9,18.66666667,45.26,2.5,745.2,95.0,4.0,63.0,1.7,29.40435467,29.40435467,50
2016-04-2620:40:00,0,22.2,36.43,20.29,37.4,22.0,35.32666667,20.29,32.79,19.56666667,53.03333333,4.293333333,36.46333333,19.89,27.63333333,22.79,36.5,19.23,32.12666667,3.5,749.5333333,81.33333333,5.666666667,30.66666667,0.467,21.78614339,21.78614339,100
2016-01-1521:10:00,20,23.1,39.96333333,22.39,39.32666667,21.29,42.09,20.85666667,42.2,20.89,46.22666667,1.23,94.03,19.0,39.56666667,20.32333333,44.46666667,17.2,40.82666667,2.2,759.4166667,96.83333333,4.0,57.16666667,1.68,46.43886129,46.43886129,140
2016-03-0715:40:00,0,21.39,40.63333333,19.89,38.46666667,22.66666667,38.9,18.39,34.62666667,17.39,49.29,5.59,75.59,18.53333333,29.85666667,20.0,36.62666667,17.79,37.16333333,4.63,749.3333333,74.66666667,3.0,40.0,0.533,2.444522921,2.444522921,280
2016-03-2814:40:00,0,23.29,39.06,22.6,36.96,24.06666667,40.92333333,21.42666667,39.29,20.1,45.09,13.495,27.72833333,21.96333333,33.0,23.245,37.245,20.5,42.56,10.9,742.4,63.33333333,11.0,40.0,4.13,8.995871118,8.995871118,250
2016-02-0118:20:00,10,24.0,46.99333333,23.2,43.76,24.85666667,45.06,19.7,48.59,21.28611111,49.73888889,11.6,76.63333333,18.89,44.5,20.48777778,51.78,17.79,49.32666667,11.2,760.0,80.0,9.0,40.0,7.87,21.26567147,21.26567147,120
2016-02-2523:40:00,20,21.7,38.56,20.0,39.36333333,21.32333333,38.0,21.89,37.0,19.39,44.5,2.7,79.9,19.22571429,35.46571429,21.46333333,40.09,17.89,37.23,2.07,757.2333333,93.33333333,1.0,56.66666667,1.03,21.94856207,21.94856207,60
2016-01-2622:00:00,0,20.39,50.23333333,19.82333333,48.4,20.5,45.79,18.5,46.16333333,17.5,54.09,9.39,94.43333333,17.43277778,42.93888889,17.91444444,49.2,17.06666667,47.46666667,9.5,759.7,86.0,9.0,26.0,7.2,0.913546479,0.913546479,60
2016-01-2213:00:00,0,18.39,38.7,17.5,38.9,18.5,39.2,16.29,38.5,16.2,47.59,3.863333333,90.63,16.29,33.2,18.0,41.575,15.83,39.62666667,3.5,761.5,70.0,6.0,24.0,-1.5,11.183671,11.183671,40
2016-05-1900:50:00,0,23.39,41.43333333,21.11428571,43.73857143,24.6,39.59,23.2,39.62666667,21.1,50.66857143,7.26,47.39,23.2,40.82666667,24.37,45.236,22.43714286,42.83714286,8.47,749.1833333,95.0,3.0,30.83333333,7.77,38.58125962,38.58125962,50
2016-03-2103:30:00,0,21.7,37.32666667,18.7,41.2,22.1,36.9,19.79,36.73,19.39,45.59,3.966666667,65.8,19.29,32.2,23.0,44.79,19.6,40.53,4.65,761.1,95.5,1.0,50.0,4.0,32.63385212,32.63385212,50
2016-04-1920:40:00,0,22.2,40.13333333,20.5,37.79,22.2,37.0,22.29,36.36,20.63333333,61.03333333,8.563333333,14.63,20.89,29.39,22.29,38.72333333,19.89,33.79,9.27,766.1666667,67.33333333,3.333333333,40.0,3.33,35.14966139,35.14966139,80
2016-04-2711:20:00,0,20.6,38.36333333,19.53333333,38.72333333,21.39,36.03,20.79,37.85571429,19.03333333,43.36,7.25,59.04,19.5,31.06363636,21.15,37.09,19.2,36.0,7.0,751.7333333,78.33333333,6.666666667,36.33333333,3.4,16.36840745,16.36840745,20
2016-02-1904:50:00,0,20.2,36.0,18.39,37.09,20.2,38.036,18.2,36.5,17.06,45.656,1.033333333,83.46333333,17.46333333,31.89,19.89,43.9,17.6,40.15285714,0.933,758.8333333,99.83333333,2.833333333,6.166666667,0.917,40.23193559,40.23193559,40
2016-03-1311:00:00,0,20.2,37.15666667,20.6,35.52666667,20.03333333,36.23,20.89,36.29,17.89,45.29,4.466666667,46.3,20.29,31.13333333,22.53333333,36.96666667,19.1,39.32666667,4.6,769.7,68.0,7.0,23.0,-0.8,17.71759742,17.71759742,130
2016-05-2204:40:00,0,24.58090909,51.15381818,23.91891892,49.67936937,27.07618182,45.17090909,23.88918919,47.91540541,22.80810811,53.38148649,20.73837838,32.855,23.74594595,44.97689189,24.58836364,52.59454545,23.21745455,49.49090909,15.4,749.7,89.0,3.0,40.0,13.5,2.466551738,2.466551738,60
2016-01-1713:30:00,0,22.0,38.09,21.1,36.59,22.0,39.16333333,21.5,38.89,18.1,48.59,1.323333333,97.0,20.39,35.66333333,21.39,43.16333333,18.16666667,40.69666667,2.95,765.45,67.0,2.0,40.0,-2.75,24.4981311,24.4981311,120
2016-05-2108:40:00,0,23.06666667,49.33333333,24.89333333,45.03333333,24.29,44.59,23.26,45.79666667,22.5,49.52833333,19.93333333,26.0,22.79,43.4,23.46857143,52.32428571,22.89,47.88428571,15.4,756.3666667,87.0,4.0,28.0,13.3,32.23008614,32.23008614,330
2016-03-0616:50:00,0,20.5,37.09,19.32333333,37.56,19.89,37.43333333,19.1,37.03,17.53333333,46.7,3.766666667,75.5,18.0,32.12666667,21.39,40.06,17.79,37.56,2.33,747.4,92.83333333,4.0,57.5,1.22,23.0066982,23.0066982,70
2016-05-0304:00:00,0,21.89,39.29,19.85666667,41.56,23.2,38.0,22.1,38.0,19.89,49.16333333,8.19,50.96666667,20.96857143,39.9,22.89,45.46666667,19.89,42.4,8.8,760.4,89.0,3.0,29.0,7.0,13.53909915,13.53909915,40
2016-03-1803:00:00,0,22.1,35.29,18.56666667,39.12666667,21.6,35.62666667,21.7,32.9,18.79,58.09666667,1.7675,67.545,20.6,28.0,22.5,41.09,19.82333333,37.93333333,1.3,763.7,91.0,2.0,45.0,0.0,0.93097447,0.93097447,50
2016-03-1915:10:00,0,21.39,35.93333333,19.29,37.96666667,23.03333333,34.53,20.55666667,35.59,18.46333333,44.09,9.566666667,25.83333333,19.2,29.23,22.39,37.29,19.46333333,35.7,6.67,762.3833333,70.66666667,3.0,29.16666667,1.68,26.56211706,26.56211706,90
2016-02-1520:00:00,20,21.39,38.93333333,19.96333333,38.52666667,21.0,38.0,20.42666667,39.6,18.36,58.02666667,2.26,68.83333333,19.79,29.1,22.1,38.23,18.2,39.93,1.1,765.4,85.0,3.0,40.0,-1.2,35.53264322,35.53264322,260
2016-05-1115:50:00,0,25.6,46.7,26.6,41.376,26.2,44.036,26.1,43.91,24.0,50.43333333,24.6,4.234,25.39,42.576,26.39,49.12666667,24.1,48.12142857,23.4,746.9833333,48.33333333,3.0,40.0,11.7,49.26266491,49.26266491,70
2016-05-2202:40:00,0,24.63545455,50.31490909,24.12432432,48.41918919,26.95509091,44.50545455,23.94324324,47.40837838,22.86756757,52.97905405,21.56648649,27.315,23.81621622,44.42743243,24.50218182,51.90727273,23.19672727,48.94545455,17.7,750.3333333,77.0,2.333333333,40.0,13.5,22.69983089,22.69983089,50
2016-02-0314:00:00,10,22.6,42.79,21.32333333,41.76,21.89,44.7,21.7,40.36,19.05555556,54.75,6.623333333,60.69333333,19.15555556,33.41111111,20.78,41.86555556,18.6,44.53,6.1,760.0,65.0,6.0,40.0,0.0,8.061071578,8.061071578,240
2016-04-0311:20:00,0,21.32333333,43.9,23.79,38.76,21.89,40.7,21.16666667,42.73,19.32333333,47.5,17.66666667,28.7,20.29,39.7,21.6,44.62666667,20.0,42.59,16.1,752.4333333,72.66666667,4.0,32.66666667,11.2,18.66370699,18.66370699,70
2016-03-0504:50:00,0,20.35666667,37.2,17.56666667,40.29,20.89,37.59,18.7,36.23,18.39,43.5,1.29,79.09,18.39,32.32666667,20.92666667,43.4,18.39,41.16333333,0.35,740.3666667,99.0,1.0,38.66666667,0.15,26.32981663,26.32981663,40
2016-04-1813:50:00,0,21.85666667,35.83333333,22.7,32.2,22.5,35.59,22.7,33.7,20.2,40.76,13.62666667,2.2,20.7,27.87,21.6,35.03,20.7,36.32666667,11.1,762.0666667,52.5,4.0,40.0,1.63,27.40068081,27.40068081,60
2016-05-0719:30:00,0,25.39,37.56,25.26,35.36666667,25.39,36.43333333,24.5,35.93333333,22.56666667,45.0,27.36714286,1.0,23.79,35.076,25.2,38.834,22.39,38.59,23.3,751.15,40.5,2.5,40.0,9.05,11.65078373,11.65078373,140
2016-04-1316:10:00,20,21.92666667,42.5,20.7,43.53,23.2,39.23,22.1,41.2,20.79,45.178,13.058,32.974,21.1,37.4,22.79,43.7,20.6,42.4,10.2,752.1833333,91.16666667,1.833333333,27.83333333,8.7,11.38394799,11.38394799,90
2016-02-2320:20:00,20,21.39,40.93333333,19.85666667,42.09,21.2,40.32666667,21.2,37.9,18.39,48.9,2.56,86.33,18.7,34.79,20.96333333,40.83333333,18.29,39.44,3.1,759.8,92.0,1.0,40.0,1.93,26.11833209,26.11833209,240
2016-05-1501:40:00,0,23.79,35.06,20.80428571,37.16571429,24.2,35.4,23.89,33.2,23.6,38.9,2.5,32.96,24.0,30.23,25.03333333,36.06,23.0,37.674,4.6,760.7,84.66666667,2.0,40.0,2.17,45.74035874,45.74035874,60
2016-04-1714:10:00,0,22.79,39.26666667,21.85666667,37.96333333,23.0,37.59,22.1,35.96,20.79,52.13333333,11.5,6.533333333,21.65714286,28.14285714,22.82333333,34.9,21.0,40.13333333,8.68,756.1166667,76.83333333,4.833333333,40.0,4.77,43.8760292,43.8760292,70
2016-04-2900:50:00,0,20.5,34.0,17.89,36.46666667,22.32333333,35.2,19.89,32.5,18.79,40.59,3.363333333,30.39333333,19.29,28.13333333,21.76,40.5,18.73,36.46666667,3.43,755.6111111,80.22222222,3.611111111,40.0,0.311,17.32480928,17.32480928,60
2016-01-1504:40:00,0,22.73,39.59,21.7,39.09,21.29,43.7,18.32333333,42.9,18.29,54.29,1.9,95.76,18.5,42.43333333,19.29,49.29,17.29,47.59,2.9,751.1333333,78.33333333,10.0,35.0,-0.6,32.90287768,32.90287768,50
2016-05-2504:20:00,0,23.7,40.29,21.0,42.9,25.39,40.0,23.66666667,39.06,20.0,37.82142857,5.433333333,39.59666667,23.0,35.09,24.26428571,43.56428571,22.6,44.56,6.33,757.2666667,93.33333333,1.0,25.66666667,5.3,28.48995981,28.48995981,60
2016-02-0811:20:00,0,20.79,44.09,20.0,42.62666667,21.35666667,43.52666667,20.92666667,42.03,18.89,54.65722222,7.123333333,85.0,18.765,37.93888889,21.13333333,48.76,18.92666667,44.43,7.77,739.3333333,80.66666667,10.0,55.33333333,4.6,18.87651919,18.87651919,660
2016-05-0307:40:00,0,21.79,39.76,19.73,42.36333333,22.89,37.79,21.79,38.29,19.82333333,48.06666667,9.326666667,41.75666667,20.89,38.178,22.5,43.62666667,20.0,41.79,7.73,761.9,91.66666667,2.666666667,25.66666667,6.4,29.82553396,29.82553396,50
2016-05-1510:10:00,0,23.39,35.79333333,22.0,34.238,24.04,33.956,23.5,33.7,23.2,38.46,12.13,1.933333333,23.5,29.1,24.39,36.72333333,23.2,35.918,9.25,761.85,65.16666667,4.833333333,40.0,2.97,29.00461084,29.00461084,80
2016-02-1222:20:00,30,21.96333333,37.73,20.16666667,38.23,21.29,38.76666667,19.6,39.93333333,22.18222222,89.42944444,2.59,86.29333333,19.5,32.30944444,23.22,38.68888889,18.5,38.15666667,1.87,741.3333333,87.66666667,1.333333333,35.33333333,-0.0667,5.412169953,5.412169953,70
2016-01-2117:20:00,0,19.79,37.09,19.1,36.76,18.6,38.29,18.1,36.76666667,18.0,39.9,0.566666667,89.72666667,18.0,29.65944444,19.45722222,37.32055556,16.1,38.23,1.63,764.4333333,72.33333333,1.0,65.0,-2.9,10.9008138,10.9008138,20
2016-01-2712:50:00,0,19.76,46.0,18.9175,45.7,19.89,45.16333333,18.6,47.2,17.5,55.09,11.26333333,85.93,17.79,45.0,17.7,50.59,17.16666667,48.9,11.1,756.6666667,82.5,10.83333333,38.16666667,8.23,46.1173409,46.1173409,20
2016-03-2209:00:00,0,21.1,38.15666667,18.36,42.26,21.79,36.59,20.6,36.0,19.0,46.7,3.6,69.06,19.7,35.2,21.42666667,40.53,19.63333333,39.02666667,5.4,758.1,87.0,1.0,62.0,3.4,14.23106726,14.23106726,50
2016-05-1501:10:00,0,23.89,35.0,21.0,36.92,24.1,35.29,23.92666667,33.0,23.7,39.0,2.79,30.36333333,24.03333333,30.13333333,25.1,35.82666667,22.934,37.258,4.9,760.7,82.66666667,2.0,40.0,2.12,0.181684666,0.181684666,60
2016-02-1919:20:00,0,20.73,37.93333333,18.96333333,38.59,22.1,36.5,19.1,36.45,17.26428571,45.76428571,3.5,72.26666667,18.89,30.0,20.65571429,37.78571429,17.79,41.25142857,4.07,759.7666667,82.0,3.333333333,40.0,1.23,14.60383257,14.60383257,50
2016-02-1523:10:00,30,21.6,38.8175,19.73,39.36333333,20.92666667,39.06666667,20.85666667,38.16333333,19.32333333,43.0,-1.23,78.59,19.29,31.03,21.89,39.19333333,18.0,38.62666667,-0.6,767.9333333,91.16666667,2.0,38.16666667,-1.88,43.09280812,43.09280812,50
2016-04-0614:20:00,20,21.89,40.93333333,20.6,41.76,23.0,38.545,21.6,40.645,20.6,45.475,13.02714286,23.66333333,21.03809524,34.63666667,22.39,40.9,20.79,39.09,10.6,752.5333333,70.66666667,9.0,40.0,5.47,21.62246376,21.62246376,100
2016-05-2110:30:00,0,23.0,50.69333333,25.32333333,43.56333333,25.7,46.26666667,23.7,47.06666667,22.5,50.545,22.69333333,3.366666667,23.0,43.79,23.21285714,50.63714286,23.0,47.29,17.9,756.2,72.0,5.5,34.0,12.8,19.33893242,19.33893242,340
2016-05-1521:50:00,0,23.5,38.5,21.5,40.15285714,26.26333333,40.07833333,23.79,36.1725,23.2,56.73333333,9.0,44.59,23.39,32.46666667,25.54,40.514,22.6,36.145,8.85,761.35,94.16666667,1.166666667,55.0,8.02,12.39215968,12.39215968,100
2016-03-2415:00:00,0,21.1,39.2,19.5,40.79,21.89,37.5,20.7,36.29,19.29,46.4,11.79333333,19.56,20.1,34.09,21.5,39.7,19.39,38.0225,9.5,756.2,63.0,4.0,64.0,2.8,4.01852529,4.01852529,50
2016-03-0917:00:00,0,19.39,36.73,16.89,39.96666667,19.79,36.59,21.045,35.44,17.39,43.62666667,6.933333333,37.36,17.89,31.2,20.56666667,38.5,17.5,36.7,6.5,745.6,63.0,4.0,40.0,-0.1,31.42795953,31.42795953,90
2016-01-1702:30:00,0,21.76,39.79,20.89,38.62666667,21.39,42.53,20.39,41.7,18.39,53.82666667,0.866666667,96.26333333,19.55,40.7,21.05,48.3,17.79,44.32666667,0.7,764.65,95.5,3.5,24.5,0.05,37.66663503,37.66663503,40
2016-02-0720:10:00,20,22.23,42.96666667,21.6,41.2,21.63333333,43.23,18.6,40.73,18.89,53.89277778,6.19,65.26666667,19.08333333,34.85722222,22.6,42.845,19.0,41.09,7.12,746.6166667,67.33333333,8.166666667,40.0,1.47,29.47257276,29.47257276,260
2016-02-1711:20:00,0,19.79,36.03333333,18.82333333,35.5,20.0,36.15285714,19.6,33.43333333,18.01428571,45.30571429,-0.133333333,84.62333333,18.46333333,27.1,20.16666667,34.82666667,17.79,35.73,1.27,761.1333333,74.66666667,1.333333333,21.66666667,-2.77,18.91199988,18.91199988,50
2016-05-0503:30:00,0,22.6,34.59,20.0,36.73,23.6,37.09,22.56666667,32.9,20.79,41.79,5.623333333,25.3,22.2,34.09,23.80428571,41.76714286,20.5,39.09,6.8,763.45,70.5,3.5,40.0,1.75,9.024936776,9.024936776,50
2016-05-0712:30:00,0,24.89,32.46333333,27.73857143,26.39428571,24.89,36.32666667,23.92666667,35.33333333,21.7,53.23333333,25.434,1.0,23.1,31.66,24.39,37.99,22.26428571,39.42714286,23.1,752.3,32.0,4.5,40.0,5.4,14.55819213,14.55819213,80
2016-05-0523:30:00,0,23.66666667,35.0,22.0,35.03,23.6,35.5,22.89,33.62666667,20.92666667,43.59666667,10.26333333,15.96,22.6,35.332,23.29,44.43333333,21.0,38.076,11.8,757.35,68.5,2.0,40.0,6.0,34.22271442,34.22271442,50
2016-02-2719:50:00,10,21.2,35.5,19.85666667,35.43333333,20.79,35.29,19.6,31.99333333,18.66,69.58,2.863333333,41.53,20.18,26.772,22.29,36.59,18.1,38.96666667,3.13,752.3666667,63.5,5.166666667,26.16666667,-3.18,1.803647948,1.803647948,110
2016-03-0904:00:00,0,19.89,37.09,16.79,40.86333333,20.29,37.9,18.7,35.2,17.7,47.09,3.9,68.2,18.5,35.12666667,20.1,43.7,17.6,39.79,3.7,750.0,74.0,7.0,40.0,-0.5,44.76173315,44.76173315,40
2016-02-2706:50:00,0,19.73,36.5,17.79,37.56,20.5,37.545,18.89,35.09,18.29,53.7,-0.4,72.19333333,18.7,36.4,19.89,43.9,17.7,41.09,0.383,750.0833333,83.5,3.166666667,57.83333333,-2.18,41.01604817,41.01604817,60
2016-03-1108:20:00,0,20.2,37.5,16.6,42.86333333,20.29,37.29,19.6,34.59,18.1,45.53,-0.4,71.63,19.29,34.7,20.6,41.32666667,18.2,40.66333333,0.2,764.6,93.66666667,1.0,14.33333333,-0.733,9.807453176,9.807453176,290
2016-05-0523:50:00,0,23.6,35.09,21.89,35.32666667,23.6,35.59,22.89,33.73,20.79,43.36,9.963333333,18.93,22.6,35.736,23.29,44.76666667,21.0,38.44,11.3,757.3166667,70.83333333,2.0,40.0,6.07,35.95900869,35.95900869,60
2016-05-1614:00:00,0,23.39,44.36,22.89,38.58,24.68,37.036,23.5,36.045,22.6,40.44857143,16.5,1.0,23.5,30.13333333,25.1,37.62142857,22.89,39.29666667,12.8,761.1,57.0,1.0,40.0,4.4,4.3132958,4.3132958,80
2016-03-0805:10:00,0,19.89,38.09,17.39,40.9,21.0,37.29,19.46333333,36.26,18.1,43.2,-0.166666667,78.56,18.39,35.925,20.1,45.09,17.5,39.36333333,-0.75,755.0833333,99.16666667,1.0,17.5,-0.833,10.70499029,10.70499029,50
2016-01-3119:30:00,20,22.7,47.33,22.2,44.36333333,21.73,47.2,19.89,49.76,18.0,55.35611111,11.19,99.9,18.86777778,48.18444444,21.68888889,52.08222222,16.89,49.7,11.7,752.95,91.5,7.5,24.5,10.4,30.42902017,30.42902017,130
2016-01-2604:40:00,0,20.6,43.9,19.79,43.5,20.6,44.4,19.7,45.59,17.7,52.7,8.066666667,99.9,17.7,42.30222222,18.39,48.735,17.03333333,49.0,8.27,763.9,93.66666667,2.333333333,50.0,7.33,8.853536251,8.853536251,50
2016-05-1020:20:00,0,25.1,48.29,24.30428571,47.65285714,26.0,43.9,25.29,46.21285714,24.53333333,69.72666667,16.32666667,35.59666667,24.7,44.25142857,26.2,52.53,24.04,47.718,18.1,749.0,78.0,3.0,40.0,14.2,31.30153302,31.30153302,90
2016-03-0802:10:00,20,20.39,38.4,17.79,40.96666667,20.89,37.09,21.0,36.32666667,18.2,44.46666667,1.9,78.69,18.39,35.4,20.35666667,44.59,17.5,37.73,0.867,754.3166667,99.0,1.0,47.66666667,0.667,47.85874011,47.85874011,60
2016-01-3002:20:00,0,19.6,43.79,18.89,43.59,20.0,44.79,16.6,46.4,16.7,51.745,8.89,86.76666667,16.82333333,42.5,18.79,52.38777778,16.32333333,48.4,8.87,758.5,85.0,10.33333333,30.66666667,6.43,31.783438,31.783438,40
2016-01-3120:10:00,30,22.79,45.43333333,22.2,44.0,21.82333333,46.59,19.89,50.3175,18.13611111,60.15222222,11.36,99.9,18.90833333,49.35888889,21.80111111,52.88166667,16.82333333,50.03,11.8,753.2333333,92.5,7.166666667,30.33333333,10.5,48.21001384,48.21001384,130
2016-01-1223:30:00,0,19.5,43.09,18.79,42.86166667,19.79,44.59,19.1,43.5,17.29,51.09,5.69,85.43,17.79,41.93888889,18.625,51.25,17.0,46.16333333,5.75,747.0,82.0,7.0,40.0,2.8,25.16697429,25.16697429,40
2016-03-0212:40:00,0,20.89,39.9,20.5,37.62666667,20.7,39.03,21.23,37.4,18.2,47.09,9.066666667,36.52666667,19.1,30.73,20.1,37.72333333,18.39,42.0,8.33,745.4333333,55.66666667,8.333333333,40.0,-0.0667,44.78085758,44.78085758,60
2016-03-0308:20:00,30,20.2,38.9,18.46333333,39.46666667,20.79,38.79,19.6,37.32666667,17.82333333,47.99333333,2.966666667,81.59,18.29,33.1175,20.39,43.32,18.29,42.0,3.23,743.7,93.0,4.333333333,25.0,2.2,9.067108971,9.067108971,100
2016-04-2005:20:00,10,21.1,38.29666667,18.0,42.0,22.39,37.73,21.29,35.134,19.92666667,47.62666667,1.226666667,47.33333333,20.29,31.29,21.76,42.79,20.0,41.4,3.27,767.3666667,88.0,2.333333333,28.0,1.4,38.0752261,38.0752261,50
2016-05-1223:30:00,0,25.29,48.79,23.79,49.09,26.5,44.7,25.29,45.9,24.1,51.12666667,14.42666667,49.76666667,24.89,43.26,26.79,51.2,24.1,47.772,14.6,745.5,89.0,1.0,23.5,12.8,38.53724969,38.53724969,50
2016-03-1918:20:00,30,21.5,36.0,19.73,37.59,22.1,34.5,21.96333333,34.5,18.5,43.29,8.226666667,26.93333333,19.26,28.85666667,22.76,36.93333333,19.32333333,34.9,6.8,762.1333333,68.33333333,3.666666667,24.0,1.33,0.850395055,0.850395055,130
2016-03-2109:10:00,0,21.2,38.79,18.5,42.9,22.0,36.9,19.6,37.59,19.5,42.9,7.226666667,69.59666667,19.26,32.96666667,22.29,41.5675,19.6,40.4,6.63,761.5333333,90.5,3.0,21.33333333,5.1,40.63673724,40.63673724,70
2016-04-3020:30:00,0,21.7,38.86333333,19.65,40.29,23.39,36.09,20.0,37.69,19.7,49.59,7.7,12.75666667,19.6,31.2,22.56666667,37.0,19.29,37.29,8.55,761.8,68.0,5.5,40.0,2.95,25.66800939,25.66800939,80
2016-01-1414:10:00,0,21.29,41.565,20.56666667,39.53,21.73,43.15666667,19.1,43.79,17.03333333,53.23,5.063333333,96.83333333,17.5,38.09,18.06666667,45.0,17.26,47.66333333,4.92,747.7333333,84.83333333,6.0,40.0,2.58,23.79125194,23.79125194,270
2016-05-0907:40:00,0,24.23,39.23,23.09666667,39.26666667,26.0,37.29,24.5,37.03,23.0,41.9,17.598,13.58,24.05714286,36.65285714,23.89,40.2,23.34714286,42.17571429,14.0,752.5,73.0,2.0,36.33333333,9.17,22.83948784,22.83948784,60
2016-04-1408:00:00,20,21.32333333,41.2,18.5,45.56,22.79,38.32666667,21.93,38.96666667,20.39,45.43333333,5.496666667,60.5,20.5,33.82666667,22.2,41.06,20.29,41.6,2.2,754.3,100.0,1.0,8.0,2.2,33.54350313,33.54350313,70
2016-03-2202:10:00,0,21.92666667,37.4,19.32333333,39.79,22.2,37.06,21.53333333,36.5,19.2,48.43333333,6.09,49.16666667,19.79,37.23,22.2,44.29,19.2,39.22333333,5.5,759.15,85.33333333,2.0,27.33333333,3.17,9.425829281,9.425829281,60
2016-02-1815:00:00,0,20.39,34.16333333,18.73,34.82666667,19.85,36.554,19.23,33.62666667,17.39,43.44285714,6.563333333,49.89333333,17.7,27.79,19.6,34.79,17.7,36.145,3.7,755.8,72.0,4.0,21.0,-0.9,29.57198715,29.57198715,20
2016-05-1812:40:00,0,23.2,42.06,23.84,38.95,24.1,39.66333333,23.39,40.29,21.1,44.83714286,20.96,1.0,22.79,37.4,23.0,41.79,22.6,40.12142857,16.2,750.9,61.66666667,6.333333333,29.0,8.73,17.4355195,17.4355195,80
2016-04-1507:30:00,10,22.0,45.16333333,19.6,49.045,25.1,41.65,22.04,41.856,20.5,51.4,10.0,60.85,21.0,37.5,22.79,46.02571429,20.79,46.16,9.7,747.9,91.5,5.0,28.5,8.4,2.576245542,2.576245542,120
2016-05-2108:30:00,0,23.06666667,49.06666667,24.49666667,45.79333333,24.29,44.46333333,23.2,45.46333333,22.434,49.214,19.26666667,28.73333333,22.79,43.334,23.39,51.832,22.956,47.9,15.2,756.35,88.0,4.0,27.5,13.3,47.53285459,47.53285459,130
2016-01-1409:30:00,20,18.53333333,43.4,18.025,42.1175,19.29,42.4,18.5,41.59666667,17.35666667,50.89666667,2.363333333,94.16,17.6,39.16333333,18.39,46.43333333,16.7,45.5,1.6,749.1,96.5,4.5,37.5,1.1,41.58358575,41.58358575,180
2016-02-1109:50:00,0,19.89,43.56,19.29,41.16333333,20.6,41.1725,18.7,42.2,18.7,60.42666667,2.99,92.33,19.89,41.07722222,21.7,49.005,18.79,44.23,3.33,749.3666667,96.16666667,3.833333333,63.83333333,2.77,5.84464703,5.84464703,70
2016-05-0612:20:00,0,23.35666667,37.96333333,26.53333333,30.6,23.82333333,36.82666667,24.2,35.62666667,19.89,47.56,23.92666667,1.0,22.5,34.79,23.29,39.19333333,21.5,40.0,19.9,753.9,46.66666667,3.333333333,40.0,8.07,45.44900114,45.44900114,80
2016-02-0113:50:00,10,23.0,44.23,22.56666667,42.82666667,23.56666667,48.59666667,19.5,48.53,21.16666667,47.19944444,11.96333333,73.45666667,18.87888889,44.28,19.89,50.30833333,17.7,49.4,11.4,759.9166667,76.83333333,9.166666667,30.0,7.45,47.06785382,47.06785382,300
2016-02-0302:40:00,0,21.39,43.9,20.79,42.29,21.76,45.4,21.0,45.5,19.7,64.35,3.4,94.245,18.5,41.055,21.03888889,51.78,18.1,48.23,4.43,758.3,87.66666667,4.0,32.0,2.5,4.447603691,4.447603691,80
2016-03-1308:50:00,0,19.89,35.4,16.7,40.23,20.06666667,36.46666667,19.39,35.66333333,17.89,48.86333333,-0.233333333,70.76,20.39,33.7,22.03333333,39.96333333,19.03333333,40.62666667,0.0667,769.85,90.66666667,4.0,56.16666667,-1.25,10.88964026,10.88964026,50
2016-03-0107:30:00,30,20.1,35.62666667,17.6,37.65666667,20.7,36.0,19.56666667,34.22666667,18.2,41.22333333,-0.666666667,78.6,19.29,28.73,21.06666667,40.23333333,18.2,39.16333333,-0.45,761.3,97.5,2.5,31.5,-0.8,43.06374055,43.06374055,70
2016-04-1911:40:00,0,21.5,39.59,22.5,36.96666667,22.0,37.2,22.0,37.134,19.89,46.29,15.19666667,2.756666667,20.5,32.656,21.39,40.4,20.29,39.29,11.4,765.5333333,68.66666667,1.0,36.33333333,5.73,40.43985211,40.43985211,60
2016-01-2817:10:00,0,19.6,45.0,18.79,44.2,19.82333333,44.62666667,18.2,43.82666667,17.2,52.09,4.996666667,84.39666667,19.1,39.07,18.945,45.09611111,17.29,46.5,5.03,765.1333333,78.66666667,2.0,40.0,1.63,6.41833191,6.41833191,40
2016-05-2713:50:00,0,25.5,47.13333333,26.6,41.0,28.2,41.79666667,24.6,45.79,22.85666667,53.26,25.99666667,1.0,23.89,43.4,23.82333333,49.32666667,23.1,46.53,21.9,755.85,59.16666667,1.833333333,22.33333333,13.5,5.773431482,5.773431482,230
2016-03-1921:20:00,0,22.29,36.09,20.03333333,38.12666667,22.16666667,35.0,21.1,33.86333333,18.6,43.7,6.59,40.39,19.2,29.39,22.79,35.06,19.2,34.59,5.77,762.5666667,79.66666667,3.333333333,22.66666667,2.47,41.88222352,41.88222352,100
2016-02-0901:40:00,0,22.56666667,42.29,21.79,41.09,23.1,42.73,21.06666667,43.36333333,20.62777778,47.525,6.123333333,74.8,19.1,37.5,22.08888889,48.89888889,19.0,44.56,6.27,744.8,79.0,8.666666667,36.0,2.77,12.91251552,12.91251552,50
2016-03-2307:20:00,0,21.5,39.7,18.7,43.79,22.2,37.79,20.46333333,36.86333333,19.89,44.69666667,5.8,68.19,20.16666667,38.66333333,22.29,43.83333333,19.79,41.925,5.47,756.1,97.0,2.333333333,36.0,4.97,34.14687372,34.14687372,150
2016-05-2712:10:00,0,24.6,47.975,26.7,39.95714286,28.32333333,43.5,24.5,44.59,22.7,52.7,25.36666667,1.0,23.89,43.112,23.79,48.62666667,23.03333333,46.23,20.2,756.1,65.83333333,1.0,58.16666667,13.6,16.45979808,16.45979808,240
2016-05-2314:10:00,0,24.35666667,46.86333333,24.1,45.12666667,25.7,42.5,23.7,45.0675,23.1,49.59,17.73,1.0,23.68571429,39.92857143,24.2,46.5,23.13333333,45.32666667,15.3,756.65,70.66666667,5.166666667,40.0,9.93,45.45514449,45.45514449,50
2016-03-0303:50:00,0,20.79,37.4,18.89,38.09,20.89,38.9,19.5,36.43333333,18.1,49.23,2.433333333,81.53,18.39,32.56,20.89,45.4,18.29,41.43333333,2.55,742.9,96.0,5.833333333,32.5,1.95,49.8652956,49.8652956,50
2016-02-0509:10:00,0,21.2,46.2,20.39,45.4,21.89,44.46666667,19.89,46.9,18.68888889,60.43777778,9.19,98.59,18.39,43.68777778,20.55555556,52.02833333,18.6,49.76,8.83,763.7,98.0,4.833333333,44.33333333,8.53,11.09861407,11.09861407,40
2016-03-1901:00:00,0,22.13333333,36.66333333,19.32333333,39.5,21.79,36.29,20.1,34.73,18.39,46.7,5.69,61.16333333,19.7,31.0,22.32333333,42.76666667,19.6,38.56,5.4,762.6,88.0,4.0,59.0,3.5,48.99174976,48.99174976,40
2016-02-2310:00:00,0,20.6,42.93,19.0,43.595,21.26,41.29,21.19666667,41.39,18.7,50.91428571,5.263333333,87.76333333,19.0,38.96333333,20.7,45.32666667,18.5,43.418,5.3,755.5,90.0,4.0,27.0,3.7,27.29302285,27.29302285,250
2016-05-0222:10:00,20,22.7,38.79,21.29,39.03,23.1,37.3725,22.7,39.09,20.1,50.4,12.42666667,26.22666667,21.0,39.4,23.79,43.86,19.79,39.30571429,12.3,760.55,83.16666667,2.166666667,40.0,9.48,18.2225025,18.2225025,60
2016-02-2616:30:00,0,20.7,35.79,19.2,35.62666667,20.96333333,36.2,19.7,33.86333333,18.1,43.53857143,8.13,36.62666667,18.7,28.22571429,19.66666667,35.46666667,17.945,36.895,5.45,752.1,60.0,2.5,31.0,-1.9,48.12947117,48.12947117,50
2016-04-0211:20:00,0,20.89,39.4,19.15,42.145,21.79,37.29,19.79,38.29,19.29,45.0,11.26333333,29.02333333,20.0,33.82666667,21.1,39.59,19.6,37.59,8.33,758.0,77.66666667,2.0,53.0,4.63,10.50491888,10.50491888,50
2016-02-0916:10:00,0,22.39,46.23,21.89,41.2,22.5,42.26,19.5,41.36333333,19.6,49.23,3.79,92.3,18.66666667,36.245,22.96333333,44.91055556,19.0,43.59,3.35,732.7166667,94.33333333,5.166666667,38.0,2.45,2.091240848,2.091240848,100
2016-01-1314:50:00,0,19.03333333,41.12666667,18.42666667,40.2,19.29,42.59,19.03333333,41.5,17.39,49.86,7.7,56.4,17.92666667,37.26,18.0,44.36,16.89,41.76,6.4,757.35,69.33333333,5.833333333,37.83333333,1.15,9.610476752,9.610476752,40
2016-05-1111:10:00,0,24.79,50.19333333,27.57142857,42.29571429,25.45285714,46.86714286,25.89,45.4,23.79,53.63333333,23.86714286,6.581428571,24.6,44.19428571,25.29,49.03,23.79,48.0,18.6,748.55,74.33333333,1.0,30.83333333,13.8,31.20212314,31.20212314,60
2016-03-0704:00:00,0,19.39,37.06,17.1,39.79,19.89,39.1725,19.0,36.59,17.39,58.12666667,0.966666667,76.65666667,17.79,31.89,20.84,44.515,17.6,39.975,0.1,747.3,99.0,2.0,11.0,0.0,37.39966799,37.39966799,50
2016-02-1807:00:00,10,19.66666667,35.9,17.5,38.0,20.0,38.2,17.82333333,35.2,18.2,40.23285714,-0.1,80.26,18.2,30.2,20.89,40.9,17.89,40.12666667,-0.2,754.4,85.0,3.0,63.0,-2.4,38.81555436,38.81555436,60
2016-03-3107:30:00,0,21.6,40.29,18.79,44.5,22.6,38.29,20.5,40.16333333,20.79,79.72666667,6.45,66.695,20.39,34.5,22.92666667,44.29,20.29,42.86,5.95,754.1,94.5,1.0,42.5,5.15,21.59764632,21.59764632,50
2016-04-2123:40:00,0,22.7,37.2,21.13333333,37.66333333,23.29,37.23,22.83,34.834,20.5,42.79,13.29333333,7.393333333,22.1,35.7,22.73,44.49,20.2,38.43333333,13.1,760.0666667,61.66666667,3.666666667,32.0,5.87,1.601677598,1.601677598,80
2016-05-1506:40:00,0,23.39,35.7,20.29,38.7,24.29,36.9,23.6,34.2,23.29,39.59,4.433333333,41.83333333,23.7,30.89,24.35666667,36.29,23.075,40.1725,4.63,761.0666667,87.0,2.333333333,40.0,2.57,45.61605783,45.61605783,60
2016-03-2108:00:00,0,21.2,38.43333333,18.29,43.29,21.89,36.79,19.6,37.79,19.39,44.02666667,6.263333333,72.23,19.2,32.76,22.46333333,42.49,19.6,40.93333333,5.9,761.3,95.0,3.0,63.0,5.1,26.09344942,26.09344942,80
2016-03-2207:40:00,0,21.2,38.09,17.92666667,42.4,21.79,36.4,20.39,35.79,19.1,46.43333333,0.366666667,62.76666667,19.79,36.36,21.6,41.73,19.29,40.26,1.9,758.1666667,97.0,1.0,34.0,1.43,7.570679719,7.570679719,50
2016-04-2821:00:00,10,21.0,32.96666667,19.13333333,33.56,22.82333333,34.93333333,20.29,31.7,19.1,38.5,4.33,9.23,19.5,25.35666667,22.29,34.29,18.7,29.76,5.8,756.2,65.0,2.0,40.0,-0.4,1.843941526,1.843941526,80
2016-04-1402:00:00,0,21.5,41.59,18.5,45.66333333,23.65,39.5225,21.6,38.79,20.55714286,46.95714286,3.23,53.2,20.89,35.5,22.89,44.96666667,20.46333333,46.46666667,3.0,753.8,97.0,1.0,4.0,2.6,41.43981471,41.43981471,50
2016-05-0302:30:00,0,22.2,39.59,20.2,41.5,23.2,37.9,22.29,38.53,19.89,49.56,8.9,46.46,21.0,40.656,23.1,46.32666667,19.89,42.09,10.6,760.0,90.5,6.5,46.5,9.05,25.2978095,25.2978095,50
2016-04-1109:50:00,0,22.0,38.9,23.06666667,36.76,22.89,37.59,21.92666667,38.0,20.5,41.97142857,16.56666667,5.766666667,21.7,33.7,21.18625,37.825,21.63333333,37.93,14.0,749.8833333,55.33333333,6.0,28.66666667,5.17,46.36502629,46.36502629,70
2016-04-2610:10:00,0,20.865,36.975,21.06666667,35.59,21.79,35.09,20.89,34.93333333,19.39,45.16333333,6.663333333,51.46333333,20.26,30.29,21.82333333,38.53,19.7,35.53,5.57,748.0,75.08333333,7.166666667,39.08333333,1.48,30.08528593,30.08528593,40
2016-03-1519:50:00,0,21.5,41.56666667,19.32333333,44.23,21.1,38.53,20.7,36.16333333,19.06666667,45.46666667,6.933333333,50.66666667,21.29,28.6,23.1,36.53,19.7,37.9,6.43,764.1333333,83.66666667,5.333333333,20.5,3.78,28.94288084,28.94288084,280
2016-03-1308:30:00,0,19.89,35.2,16.56666667,40.09,20.0,36.4,19.29,35.29,17.89,49.0,-0.533333333,71.09,20.39,33.86333333,22.1,39.82666667,19.0,40.7,-0.2,769.75,92.0,4.0,52.5,-1.35,22.13951376,22.13951376,70
2016-01-2716:50:00,0,19.6,46.0,18.7,46.0,19.89,45.29,18.42666667,47.43333333,17.5,54.5,11.19,79.96333333,17.7,44.81444444,17.7,50.79,17.1,48.73,10.9,755.1333333,81.83333333,9.0,40.0,7.83,31.60376167,31.60376167,40
2016-03-2017:00:00,0,22.79,40.895,21.2,36.36333333,22.6,35.5,20.4175,35.92,19.0,45.66333333,9.63,26.32333333,19.06666667,30.0,23.7,37.06,19.6,37.66333333,8.3,760.6,69.0,4.0,40.0,2.9,32.14051733,32.14051733,70
2016-03-0609:30:00,0,18.6,38.79,16.7,41.36333333,20.1,37.7,17.39333333,37.72666667,17.6,52.19333333,3.26,75.36666667,18.0,32.5,20.29,43.86,18.03333333,42.03,2.9,746.2,95.0,5.5,20.0,2.1,21.98367602,21.98367602,60
2016-05-2112:00:00,0,23.31085714,51.33342857,25.1,44.1752381,25.98590476,44.78380952,23.82617647,46.82352941,22.55735294,50.91477941,23.22058824,1.0,23.19469388,43.75942857,23.30285714,50.47142857,23.01142857,47.01114286,19.3,755.7,65.0,7.0,40.0,12.5,5.88486233,5.88486233,270
2016-05-2302:40:00,0,24.2,47.62666667,21.89,50.2,26.29,44.7,23.66666667,45.66333333,22.89,51.5,10.8,52.5,23.5,41.79,25.39,50.23,23.29,49.79,11.1,752.7666667,94.66666667,4.0,61.66666667,10.3,38.88478032,38.88478032,60
2016-01-1803:40:00,0,20.76,40.53,19.1,40.4,20.245,40.245,20.1,38.09,18.63333333,60.96333333,-5.342857143,86.99047619,19.89,37.4,21.0,47.56666667,17.6,40.5,-4.0,761.5666667,86.33333333,2.666666667,26.33333333,-6.03,25.09743023,25.09743023,40
2016-04-2813:10:00,0,20.79,35.0,21.1,32.9,21.39,34.79,20.89,34.5,18.7,43.4,9.963333333,36.69666667,19.29,29.89,20.6,36.5,19.0,33.66333333,5.21,756.475,75.58333333,3.916666667,40.0,1.12,21.09429722,21.09429722,50
2016-03-2119:50:00,20,22.16666667,37.96666667,20.35666667,38.26666667,22.1,36.43333333,21.2,36.82666667,19.2,42.2,8.463333333,30.66333333,19.6,33.66,21.85666667,37.76,19.29,36.06,7.18,759.8333333,79.5,1.166666667,28.33333333,3.8,5.359261006,5.359261006,140
2016-05-2203:30:00,0,24.61272727,50.66445455,24.03873874,48.94426426,27.00554545,44.78272727,23.92072072,47.61963964,22.84279279,53.14673423,21.22144144,29.62333333,23.78693694,44.65637387,24.53809091,52.19363636,23.20536364,49.17272727,17.2,749.65,79.0,1.5,40.0,13.4,42.95920359,42.95920359,50
2016-03-2021:20:00,0,23.0,37.2,20.32333333,39.96666667,22.5,36.56,20.29,37.62666667,20.7,42.19333333,5.76,61.0,19.2,31.6,24.0,37.79,19.42666667,36.59,5.57,761.4333333,90.66666667,2.666666667,35.33333333,4.17,44.34552299,44.34552299,120
2016-03-1705:20:00,0,20.89,36.29,17.39,40.2,22.29,36.2,20.23,33.03,18.5,45.06,0.366666667,53.83,19.79,27.89,22.23,40.32666667,19.56666667,39.4,5.55e-17,765.9666667,86.0,2.666666667,62.66666667,-2.03,1.289575954,1.289575954,50
2016-02-2003:40:00,0,19.39,37.7,17.63333333,39.29,20.5,37.29,17.79,37.66333333,17.1,44.72571429,5.3,88.96333333,17.89,32.82666667,19.6,44.79,17.6,40.86333333,5.37,754.9333333,93.33333333,9.666666667,58.33333333,4.4,6.779876037,6.779876037,50
2016-05-0701:30:00,0,24.1,38.0,22.26,38.86333333,24.5,37.79,23.76,36.79,21.1,49.5,11.8,20.51142857,23.0,34.5,24.0,44.66333333,21.7,42.7,13.3,752.5,66.5,2.5,40.0,6.85,18.09479182,18.09479182,60
2016-01-2523:30:00,20,21.2,43.16333333,20.7,42.66333333,20.6,44.56,19.29,45.12666667,18.0,50.82055556,10.22666667,98.59,17.79,41.845,18.735,47.52111111,17.0,47.29,10.3,764.3,83.0,4.5,28.0,7.5,29.73795353,29.73795353,370
2016-02-1207:30:00,0,20.6,41.26666667,19.89,40.2,20.89,42.0,19.39,41.76,18.6,54.56,2.79,92.19,20.0,41.92944444,21.98777778,48.79,18.7,45.36333333,2.45,745.05,94.0,4.5,42.0,1.55,16.63935357,16.63935357,60
2016-05-2015:30:00,0,23.1,47.29,23.29,44.9,24.6,41.79,23.79,44.5,22.0,49.2,20.7,16.76333333,23.0,43.036,22.7,49.7,22.6,45.2,16.3,758.3,80.5,4.5,40.0,12.9,46.18307359,46.18307359,50
2016-04-0304:20:00,0,20.79,42.96666667,19.0,45.79,21.66666667,39.66333333,19.6,42.26,19.23,46.32666667,11.8,65.02666667,19.96333333,38.4,21.29,44.145,19.5,42.4,12.0,751.9333333,92.33333333,4.333333333,64.0,10.8,41.40065457,41.40065457,70
2016-02-0720:00:00,10,22.16666667,43.26666667,21.6,41.32666667,21.7,43.23,18.6,40.73,18.89,53.96111111,6.263333333,64.53333333,19.09444444,34.82055556,22.6,42.79,19.0,41.2,7.1,746.7,67.0,8.0,40.0,1.4,20.59666555,20.59666555,100
2016-03-1013:30:00,20,20.5,37.29,20.46333333,35.63333333,20.2,37.06,22.1,35.66333333,17.7,45.4,9.1,32.63333333,19.7,30.79,20.6,36.76,17.96333333,41.29,9.45,758.75,57.0,1.0,23.5,1.25,22.32123159,22.32123159,180
2016-04-1303:50:00,0,22.0,41.26,19.35666667,44.5,24.5,39.9,22.5,38.0,20.89,52.98,5.3,51.5,21.39,34.62666667,23.0,45.4,21.0,43.4,7.1,751.05,85.33333333,1.166666667,40.0,4.75,47.22123548,47.22123548,50
2016-01-3115:00:00,0,21.89,41.13333333,21.22666667,40.16,21.1,43.16333333,19.53333333,43.9,17.7,51.38722222,8.1,99.9,17.1,42.68166667,20.5,50.75722222,16.79,46.4,7.6,751.3,97.0,7.0,41.0,7.1,38.54506717,38.54506717,90
2016-02-2904:20:00,0,19.39,34.09,17.39,35.4,19.7,36.09,18.5,33.4,17.6,59.12666667,-0.366666667,64.62333333,19.89,34.62666667,20.73,42.4,18.2,41.0,0.133,761.1,83.66666667,4.333333333,40.0,-2.4,47.80917502,47.80917502,50
2016-04-0805:00:00,0,21.2,39.59,18.29,43.9,22.39,38.79,20.5,38.59,19.79,47.9,4.59,55.16666667,21.2,37.9,21.39,42.0,20.6,43.4,6.0,753.9,95.0,2.0,20.0,5.3,26.22770943,26.22770943,40
2016-02-2417:20:00,0,21.1,37.53,19.73,37.12666667,20.79,37.9,20.29,36.59,18.0,47.53,7.093333333,84.23,20.30428571,30.54142857,22.445,38.69,18.434,40.62,5.6,756.0666667,64.0,1.666666667,40.0,-0.9,44.90975888,44.90975888,90
2016-01-2921:50:00,0,20.39,44.0,20.0,43.2,20.1,43.82666667,16.7,46.2,16.775,51.66944444,9.1,84.59,16.79,42.35111111,18.1,48.84944444,16.2,46.09,9.1,761.5666667,83.0,9.833333333,40.0,6.3,9.985020501,9.985020501,60
2016-01-2816:00:00,0,19.5,45.09,18.79,44.7,19.73,44.5,18.29,44.79,17.2,52.09,6.4,83.86666667,19.08333333,39.61444444,18.945,45.57722222,17.23,47.12666667,7.0,765.1,69.0,2.0,40.0,1.6,48.02804751,48.02804751,50
2016-04-2414:10:00,0,21.73,36.5,20.0,38.29,22.7,34.2,21.7,34.4,20.5,46.76,7.295,28.245,21.7,31.2,23.29,36.66333333,20.5,36.9,3.85,757.6333333,88.5,1.666666667,40.0,2.02,32.3229189,32.3229189,60
2016-03-0400:30:00,0,22.1,36.9,20.2,37.2,20.79,37.9,19.79,35.29,19.0,52.56428571,1.6975,78.4625,19.1,31.5,21.5,42.1225,18.5,39.425,2.95,747.5,84.0,3.5,34.5,0.45,41.57026268,41.57026268,40
2016-04-2608:30:00,0,20.7,37.09,20.43,37.76333333,21.89,35.09,20.56666667,35.06,19.5,46.16333333,5.033333333,55.26666667,20.2,30.5,22.0,39.32666667,19.66666667,36.5,3.25,748.0,82.5,6.0,40.0,0.45,27.02107381,27.02107381,50
2016-03-2614:40:00,0,22.0,42.32666667,20.9175,42.7225,23.6,38.23,20.39,40.4,19.89,54.63333333,15.5,30.5,21.29,36.59,22.79,40.4,20.0,42.2,13.7,753.4333333,64.66666667,8.0,40.0,7.17,12.06299276,12.06299276,70
2016-05-2216:10:00,0,24.7,52.09,24.23,51.2,26.32333333,45.59,24.2,49.79,22.89,54.59,21.2,25.5,23.7,47.79,25.64,53.236,23.35,50.94,16.3,750.2,90.0,2.833333333,29.16666667,14.6,26.77501423,26.77501423,80
2016-04-0401:00:00,0,21.92666667,44.5,20.66666667,45.66333333,23.0,41.76,21.1,44.0,19.79,49.96666667,13.8,46.46666667,21.1,40.2,24.2,50.32666667,20.39,46.26,14.8,748.5,77.0,5.0,29.0,10.7,13.40075694,13.40075694,60
2016-04-2511:40:00,0,20.79,37.26666667,18.76,39.82666667,22.0,34.56,21.1,35.79,19.89,40.9,10.29333333,45.23333333,21.0,32.2,22.79,37.4,19.85666667,35.96666667,6.37,753.0333333,91.33333333,3.666666667,21.0,5.03,18.29498728,18.29498728,60
2016-05-2702:00:00,0,24.13333333,44.7,22.68,44.79,26.79,39.93333333,24.7,42.29,22.39,57.23,14.0,34.16333333,24.2,44.976,24.39,50.56,22.7,45.2,14.1,755.7,81.0,2.0,62.0,10.9,6.939798628,6.939798628,40
2016-03-2022:40:00,0,22.7,37.26,19.82333333,40.12666667,22.29,36.7,20.1,37.16333333,20.445,41.595,6.0,64.43333333,19.2,31.89,24.0,38.63333333,19.39,36.73,5.77,761.4333333,90.66666667,1.333333333,34.66666667,4.37,22.38291051,22.38291051,40
2016-04-2708:10:00,30,20.6,36.83333333,17.5,40.22333333,21.6,34.86333333,20.39,35.36333333,19.29,47.99333333,2.326666667,55.42333333,19.5,30.2,21.56666667,38.46666667,19.2,37.63333333,3.03,750.6666667,94.66666667,3.166666667,60.83333333,2.2,45.26352495,45.26352495,70
2016-03-3017:10:00,0,21.73,39.09,21.06666667,37.79,22.42666667,37.62666667,21.29,37.66333333,20.1,44.32666667,13.6,13.79666667,20.79,31.73,23.89,37.23,20.39,37.16333333,11.0,753.1833333,66.83333333,3.666666667,40.0,5.02,45.06047583,45.06047583,90
2016-04-1717:20:00,20,23.0,40.39,21.1,38.93333333,22.85666667,37.13333333,22.6,36.718,20.89,46.23,10.03333333,12.69666667,22.04,27.934,23.5,38.13333333,21.0,39.79,9.1,757.1,66.0,7.333333333,40.0,3.0,45.60996271,45.60996271,110
2016-01-1618:50:00,30,21.93,42.76666667,21.04,38.08,20.7,40.63333333,20.89,39.73333333,18.89,51.88166667,0.466666667,96.09,19.79,37.18428571,20.92666667,42.66333333,17.79,40.6725,2.08,765.0333333,85.5,3.666666667,40.0,-0.0833,27.40852071,27.40852071,1080
2016-03-2513:30:00,0,21.5,41.86333333,19.26,45.59,22.96333333,39.7,19.7,40.03,19.26,48.06,10.36,63.89666667,20.0,37.86333333,21.2,42.23,19.5,42.06,9.4,755.4,80.5,6.0,34.5,6.15,31.63271908,31.63271908,330
2016-01-3101:40:00,0,21.13333333,42.03,20.29,41.5,20.96333333,44.32666667,18.39,43.29,18.10555556,54.245,3.863333333,99.12666667,17.0,39.59,20.52777778,51.0,16.6,48.23,3.83,754.7,89.33333333,4.0,40.0,2.2,23.30787691,23.30787691,30
2016-05-1915:10:00,0,23.79,41.0,24.39,36.5,24.6,38.66333333,23.7,39.2,21.5,46.2,20.06666667,1.0,23.5,35.5,23.08,38.5,22.6,41.03,17.3,755.05,46.16666667,1.333333333,40.0,5.52,5.901618197,5.901618197,80
2016-04-2012:40:00,0,21.96333333,36.73,23.7,31.7,22.1,37.03,22.79,34.572,19.7,42.16333333,13.5,1.0,20.64,28.89,21.32333333,36.52666667,20.2,37.32666667,11.8,767.3,56.0,6.0,26.66666667,3.27,23.13608382,23.13608382,50
2016-03-0901:00:00,0,20.5,37.62666667,17.56666667,40.59,20.1,38.09,19.26,35.36333333,18.06666667,47.26,5.09,73.3,18.39,34.56,20.39,42.1,17.53333333,38.73,4.6,753.2,72.0,6.0,40.0,0.0,25.13503227,25.13503227,50
2016-05-0910:50:00,0,24.6,39.36333333,27.82333333,32.66333333,26.2,37.29,24.79,38.06,23.1,42.03,25.83,1.0,24.0,36.59,23.79,40.59,23.5,41.0,20.4,752.8,48.83333333,3.166666667,40.0,9.15,9.785690531,9.785690531,50
2016-04-1503:30:00,0,22.03333333,42.29,19.79,45.46666667,23.7,40.09,22.2,40.59,20.6,51.86333333,9.83,61.23,21.12857143,37.4,23.2,48.156,20.73,45.5,9.45,748.9,98.0,2.0,41.0,9.15,34.03433532,34.03433532,50
2016-02-0307:30:00,10,20.79,44.16333333,20.2,42.5,22.0,46.0,20.29,45.29666667,19.29,60.89833333,4.5,96.53,18.43888889,40.93222222,20.63888889,51.53055556,18.29,49.86333333,4.25,758.0,91.5,3.0,34.5,2.95,20.87813455,20.87813455,60
2016-05-2109:10:00,0,23.06666667,49.76,25.82666667,42.92666667,24.29,44.5,23.29,47.56,22.445,49.93,21.26,14.39333333,22.79,43.59,23.39,51.398,23.0,47.59,16.1,756.3833333,83.66666667,4.166666667,28.83333333,13.4,42.01003843,42.01003843,80
2016-01-1213:50:00,0,20.0,44.76,19.1,43.48888889,19.89,44.9,19.7,43.5,17.79,51.0,7.623333333,78.73,17.945,39.565,18.5,47.13714286,17.1,44.29,7.08,743.5,80.66666667,7.833333333,40.0,3.93,22.69477446,22.69477446,50
2016-02-1011:40:00,0,20.79,42.53,20.1,40.46,21.32,40.925,19.6,40.29,18.93277778,49.7,6.09,93.12333333,19.60555556,39.03,21.765,46.21,19.2,44.7,5.43,741.6,88.66666667,4.333333333,40.0,3.63,36.70186586,36.70186586,110
2016-03-2017:30:00,0,22.7,37.8,21.1,37.06,22.6,35.9,20.29,35.32666667,19.03333333,45.79,9.566666667,26.56666667,19.1,30.03333333,23.79,36.9,19.6,37.32666667,8.0,760.65,70.0,4.0,40.0,2.85,11.96751426,11.96751426,130
2016-02-0416:50:00,0,22.39,44.79,22.13333333,42.96666667,22.29,43.845,20.39,45.52666667,18.6,54.39388889,10.0,94.53333333,18.39,42.0,20.92055556,51.035,18.39,47.79,9.85,762.4333333,86.83333333,5.333333333,40.0,7.82,41.42773766,41.42773766,120
2016-03-1720:30:00,20,22.89,35.025,20.32333333,36.53,21.815,35.2225,22.2,33.2,19.13333333,61.33,3.833333333,33.02666667,21.5,24.7,23.5,30.89,20.0,35.29,5.0,764.35,73.5,2.5,64.5,0.6,8.804898406,8.804898406,120
2016-02-1411:00:00,20,20.13333333,40.7,18.39,41.56,20.79,39.5,20.5,39.43333333,17.82888889,49.535,3.633333333,92.59,19.0,36.80833333,20.73,43.77611111,18.1,41.16333333,2.7,736.9,95.0,3.0,42.0,1.9,14.36041669,14.36041669,320
2016-05-0315:30:00,0,23.2,37.09,23.6,33.63333333,23.2,37.5,23.1,36.79,21.1,40.2,14.42666667,1.0,22.0,31.52857143,23.1,37.43333333,20.39,39.01285714,13.9,764.4,41.5,4.0,34.5,0.85,31.87430083,31.87430083,50
2016-03-2713:30:00,0,22.6,38.03,21.7675,37.925,22.96333333,38.09,20.6,39.79,20.2,52.26666667,13.845,27.47,21.29,35.23,23.5,39.63333333,20.29,41.76666667,11.8,751.25,63.0,9.0,34.5,4.9,45.84992961,45.84992961,70
2016-01-2000:50:00,0,19.63333333,38.93333333,18.6,39.16333333,19.06666667,38.96666667,18.26,38.0,17.6,50.86,-4.575,88.53055556,17.39,32.5,20.1,44.13333333,16.32333333,40.12666667,-4.75,758.7166667,94.0,1.833333333,50.83333333,-5.65,2.286235825,2.286235825,30
2016-05-1002:50:00,0,25.1,43.7,23.5,44.7,26.79,40.29,25.5,42.5,23.5,48.76,15.13,48.06333333,24.2,41.44,25.39,51.29,23.79,48.64,15.2,752.55,94.0,2.166666667,21.0,14.2,43.35521471,43.35521471,50
2016-03-2915:00:00,0,22.26,39.2,21.13333333,39.4,22.79,37.79,21.1,40.0,20.2,53.0,12.97611111,16.27777778,21.5,32.79,24.39,42.21444444,20.6,41.02666667,10.3,751.3,60.0,6.0,40.0,2.8,17.83943726,17.83943726,110
2016-04-1820:20:00,20,21.89,38.09,20.35666667,36.4,22.5,36.16333333,22.6,34.976,20.89,76.96666667,8.396666667,6.133333333,20.5,27.5,22.63333333,37.12666667,20.29,31.66666667,9.63,762.6333333,58.33333333,5.0,40.0,1.77,0.282018527,0.282018527,130
2016-04-2105:40:00,10,21.6,36.4,18.7,39.595,22.7,36.4,21.92142857,33.52571429,20.1,45.5,4.466666667,35.5,21.39,33.938,22.0,41.2,20.2,39.4,4.53,763.3333333,80.0,2.333333333,29.0,1.27,37.17070502,37.17070502,70
2016-01-2304:10:00,0,17.39,42.59,16.5,42.9,17.7,40.79,15.39,42.0,15.6,48.77,5.623333333,99.9,15.8,37.5,16.735,45.30833333,15.19,41.79,5.02,765.9666667,99.16666667,3.166666667,4.333333333,4.93,2.824340889,2.824340889,30
2016-04-2718:40:00,0,21.66666667,37.52666667,19.89,36.5,21.5,35.06,20.29,34.73,19.0,40.36333333,6.09,41.16666667,19.6,28.39,22.76,39.56,19.1,32.7,7.87,754.0666667,61.66666667,3.0,40.0,0.9,27.3807329,27.3807329,100
2016-02-1021:40:00,20,21.39,43.32666667,21.2,41.29,21.0,42.2,19.2,45.09,20.81777778,91.69888889,4.69,93.03,20.13888889,39.225,23.39,44.17555556,18.89,41.59,4.8,746.6333333,95.0,2.666666667,22.33333333,4.0,4.297590046,4.297590046,110
2016-05-2305:40:00,0,24.0,47.79,21.6,50.5,26.0,43.36333333,23.5,45.4,22.89,50.43333333,10.96333333,52.43333333,23.39,41.134,25.0,49.09,23.29,50.14714286,10.9,753.5333333,95.0,3.0,56.33333333,10.2,30.43369085,30.43369085,50
2016-01-1401:00:00,0,19.1,42.09,18.5,41.29,20.1,43.46666667,18.7,41.59,18.1,66.36666667,1.73,91.56333333,18.1,40.845,19.39,50.13333333,16.63333333,44.2,2.9,754.7,90.0,5.0,27.0,1.4,22.12962336,22.12962336,50
2016-04-0110:20:00,0,21.39,39.36333333,22.13333333,38.56666667,21.92666667,37.56,20.6,39.09,19.79,44.3,8.26,66.95666667,20.2,33.66333333,23.32333333,41.76,20.39,39.32666667,5.63,760.9666667,90.0,1.666666667,62.33333333,4.07,11.24733057,11.24733057,440
2016-02-1121:20:00,20,23.0,41.23,22.2,40.29,21.79,42.86333333,21.73,43.33333333,20.07222222,59.79277778,2.76,91.69,20.16111111,37.78222222,23.29,44.36944444,18.5,40.7,2.9,748.7333333,96.66666667,2.0,50.66666667,2.43,41.07054997,41.07054997,140
2016-04-1111:20:00,0,22.2,39.0,23.79,35.2,23.0,37.59,22.29,37.59,20.956,66.974,18.23,2.663333333,21.79,33.4,21.85,38.356,21.2,39.0,15.6,750.1333333,51.33333333,4.333333333,40.0,5.47,0.487928337,0.487928337,90
2016-05-0720:30:00,0,25.1,38.96666667,24.56666667,37.62666667,25.39,37.09,24.5,37.09,23.63,73.92333333,19.91285714,1.0,23.89,37.59,25.312,39.914,22.39,39.55625,22.0,751.3,48.5,1.5,40.0,10.6,19.04501144,19.04501144,100
2016-01-1407:10:00,20,18.39,42.86333333,17.79,41.96666667,19.76,43.36333333,18.0,42.59,17.29,61.73333333,3.79,88.62333333,18.0,43.65666667,18.82333333,50.73,16.79,48.46666667,3.95,749.4,89.5,8.833333333,26.66666667,2.42,11.52332071,11.52332071,360
2016-02-1317:40:00,0,21.5,39.29,20.29,39.4,21.13333333,39.43333333,19.73,38.32666667,18.29,51.29,4.59,89.96666667,18.89,35.33277778,22.29,41.575,18.1,38.59,3.57,730.9666667,95.66666667,5.0,36.0,2.9,38.98164248,38.98164248,60
2016-01-3016:50:00,0,21.0,43.03,20.6,42.15666667,20.315,44.6675,18.79,45.46666667,17.67777778,59.73777778,5.623333333,99.9,16.87333333,41.09777778,20.01666667,49.545,16.39,46.12666667,6.05,752.4833333,80.33333333,6.0,40.0,2.83,13.55905678,13.55905678,450
2016-02-0310:30:00,0,21.73,43.0,21.5,41.0,21.7,43.98222222,22.39,42.5,19.1,56.15722222,4.03,90.82666667,18.39,37.21666667,20.17777778,45.69166667,18.39,47.96333333,4.8,759.6,78.5,5.0,29.0,1.3,25.77954218,25.77954218,220
2016-01-1812:30:00,0,19.5,41.29,18.29,41.5,19.73,40.7,19.0,38.09,17.79,56.79,-0.5,94.79611111,19.03333333,35.12666667,19.79,42.79,17.26,38.26,-1.25,758.1,73.0,3.0,40.0,-5.55,7.989241136,7.989241136,50
2016-03-1500:40:00,10,22.0,36.0,18.56666667,40.5,22.1,35.43333333,21.0,34.22333333,19.79,41.76,0.733333333,41.75666667,21.1,26.82333333,22.39,38.76,19.46333333,37.96666667,0.933,766.4,77.33333333,2.333333333,21.33333333,-2.7,45.11005542,45.11005542,20
2016-03-2909:40:00,0,21.79,38.4,19.6,41.76,22.89,37.29,20.2,38.9,20.6,80.99666667,8.678333333,46.38611111,20.79,33.56,23.08888889,42.98833333,20.39,40.26,6.97,750.1333333,77.0,8.0,35.66666667,3.2,24.50833173,24.50833173,80
2016-03-0905:10:00,0,19.7,37.0,16.6,41.12666667,20.5,38.09,18.56666667,35.2,17.7,47.09,4.115,65.7475,18.5,35.23,19.96333333,43.5,17.6,40.0,3.95,748.7333333,70.5,6.833333333,40.0,-0.967,44.83313378,44.83313378,40
2016-04-1619:00:00,0,22.79,46.19333333,20.89,46.66,24.7,40.5,21.89,40.05142857,20.89,49.02666667,9.13,35.62333333,21.29,33.2,24.29,41.13333333,21.0,40.76666667,8.8,748.6,81.0,2.0,29.0,5.6,18.19221628,18.19221628,110
2016-03-0117:20:00,10,20.79,36.7,19.2,37.59,20.56666667,35.9,19.0,37.12666667,17.5,44.2,5.09,85.5,18.5,32.26,19.6,38.23,17.85666667,37.26,5.17,753.3333333,94.33333333,9.333333333,55.66666667,4.33,10.37691825,10.37691825,30
2016-02-0711:20:00,10,21.2,45.33333333,20.46333333,42.79,21.6,43.79,18.79,43.9,19.1,65.315,8.33,73.79666667,18.7,38.88722222,21.1,50.20611111,19.16666667,46.26666667,7.6,745.2333333,78.0,7.666666667,32.66666667,4.0,25.61308187,25.61308187,60
2016-03-0708:50:00,0,18.89,37.59,17.0,39.79,19.39,37.46666667,18.2,36.2,18.06666667,53.99,2.0,77.09,17.5,31.39,20.1,41.19333333,17.6,39.52666667,0.717,747.8666667,97.33333333,1.0,40.0,0.367,19.3105255,19.3105255,110
2016-02-1620:10:00,20,22.0,36.36333333,19.89,36.46666667,21.0,36.9,19.56666667,35.83333333,19.82333333,37.86333333,-2.0,68.06333333,20.5,25.6,22.66666667,34.33333333,18.29,38.53,-0.45,769.8666667,76.5,1.0,28.16666667,-4.18,33.28830902,33.28830902,90
2016-03-1723:10:00,20,22.7,34.53,19.6,37.36333333,21.5,35.29,22.89,33.3725,19.2,75.53333333,3.0,54.46,21.03333333,26.6,23.0,36.99,19.89,37.03,2.43,764.35,87.16666667,1.833333333,61.0,0.55,0.152562978,0.152562978,50
2016-03-2908:40:00,0,21.89,38.46666667,19.1,42.5,22.89,37.4,20.2,39.03,21.63333333,82.32666667,7.337777778,53.365,20.79,33.56,22.79,43.06222222,20.42666667,41.3,5.87,749.6666667,82.66666667,8.0,31.33333333,3.07,15.19454247,15.19454247,80
2016-03-2600:00:00,0,23.0,38.59,19.73,41.96666667,23.39,37.5,20.7,40.79,19.7,47.50444444,1.863333333,65.67277778,20.79,35.60833333,23.12777778,42.95277778,19.7,40.32666667,1.5,759.2,97.0,1.0,20.0,1.1,17.25346752,17.25346752,70
2016-05-2105:10:00,0,22.89,45.9,21.1,48.03,25.1,42.2,23.1,43.96666667,22.46857143,47.86857143,12.36,53.43,22.79,41.09,23.39,50.334,22.73857143,48.05142857,12.8,756.4,94.0,3.166666667,24.16666667,11.9,20.78207834,20.78207834,40
2016-04-1206:10:00,0,21.79,42.76,19.1,46.59,23.03333333,39.73,21.7,40.29,20.89,46.174,6.73,58.36333333,21.5,35.7,22.39,43.22571429,20.79,44.76,6.65,751.6166667,92.83333333,1.166666667,37.66666667,5.52,33.90684783,33.90684783,70
2016-05-2306:00:00,0,23.96333333,47.82666667,21.63333333,50.65666667,25.79,43.0,23.42666667,45.43333333,22.89,50.52666667,11.16,52.56,23.39,41.156,25.0,49.46333333,23.30428571,50.21285714,10.9,753.6,95.0,3.0,56.0,10.2,39.20429198,39.20429198,60
2016-03-2914:40:00,0,22.2,39.2,21.1,39.43333333,22.79,37.73,21.0,39.9,20.23,53.26666667,12.05555556,22.27555556,21.39,32.86333333,24.30666667,42.36944444,20.56666667,40.36333333,10.6,751.3,60.0,6.666666667,36.33333333,3.1,16.27938001,16.27938001,110
2016-02-2217:50:00,10,20.89,45.09,19.6,45.36,21.39,42.36333333,20.0,43.86333333,18.456,52.514,6.466666667,88.73,18.5,42.55666667,20.29,47.86333333,18.68571429,46.11,5.68,751.8166667,98.66666667,3.5,50.16666667,5.45,28.05293086,28.05293086,390
2016-04-1618:10:00,0,22.76,49.52666667,21.2,48.8,24.79,40.96666667,21.83,38.41,21.0,49.73,10.46333333,32.49,21.39,33.378,24.2,40.93,21.1,42.65666667,8.63,748.5166667,81.83333333,2.833333333,38.16666667,5.68,1.496529637,1.496529637,110
2016-05-0710:00:00,0,23.85666667,39.4,28.36142857,30.72571429,25.03333333,37.29,23.68,37.496,22.36,82.23,23.85,1.0,22.79,34.58428571,23.6,41.89,22.2,42.59571429,19.3,752.5,51.0,3.0,40.0,8.9,30.66022922,30.66022922,90
2016-04-0308:00:00,0,20.79,43.5,19.16666667,46.15666667,21.6,40.09,19.6,42.9,19.2,46.7,11.86666667,66.93333333,19.89,38.9,21.2,44.5,19.42666667,42.93333333,11.8,752.0,91.0,4.0,23.0,10.4,42.89174939,42.89174939,50
2016-02-0812:10:00,0,20.96333333,44.9,20.2,42.93333333,22.92666667,45.19333333,21.0,42.96666667,18.89,54.5,7.856666667,85.45666667,18.93888889,37.765,21.39,49.02722222,19.0,43.96666667,7.63,739.3833333,79.66666667,9.0,40.0,4.27,24.81489255,24.81489255,300
2016-04-1921:50:00,0,22.1,38.96666667,20.03333333,38.4,22.1,37.36333333,22.1,35.72571429,20.39,54.02666667,7.526666667,27.19,20.79,30.178,22.29,40.4,19.89,35.69333333,7.15,766.6333333,77.66666667,3.0,40.0,3.47,21.10847012,21.10847012,60
2016-01-1917:00:00,0,19.26,39.83333333,18.0,40.2,19.0,39.56,18.06666667,37.33333333,16.39,54.9,-1.431111111,89.33,19.1,31.68333333,20.0,39.59,16.89,38.4,-0.5,757.4,74.0,1.0,22.0,-4.7,35.87820336,35.87820336,50
2016-05-2222:00:00,0,24.85666667,49.66333333,22.89,50.59,25.89,44.66333333,24.0,47.16333333,23.0,53.09,11.72666667,52.26,23.6,43.59,26.29,49.5725,23.05714286,48.82142857,12.3,751.3,94.0,6.0,62.0,11.3,23.98874378,23.98874378,80
2016-05-1108:20:00,0,24.76,48.16333333,23.6,49.4,26.0,43.2,24.86142857,45.64285714,23.79,52.93333333,17.46571429,51.13857143,24.39,44.516,25.5,48.36333333,23.456,48.334,14.8,748.7666667,91.66666667,3.333333333,28.0,13.4,32.20882324,32.20882324,60
2016-02-1200:50:00,0,22.0,41.5,21.16666667,40.59,21.53333333,42.59,20.39,42.0,19.2,56.285,2.7,91.9,20.1,39.92777778,23.2,48.06222222,18.6,43.7,3.0,747.85,95.0,2.166666667,21.66666667,2.28,47.5702821,47.5702821,40
2016-05-1806:30:00,0,23.2,41.595,20.89,44.22571429,24.39,38.4,23.0,39.16333333,21.34714286,48.53428571,10.9975,41.815,23.29,40.99,23.6,43.86,22.7,43.59285714,10.5,753.4,86.0,1.0,23.0,8.15,46.7324928,46.7324928,70
2016-05-2710:20:00,0,23.79,48.12666667,26.54,41.296,26.76333333,43.09666667,24.39,44.06666667,22.56666667,52.5,23.22666667,1.0,23.79,42.834,23.79,48.03,22.9175,46.2,16.9,756.2,75.66666667,1.333333333,61.66666667,12.5,29.20129155,29.20129155,290
2016-02-1018:00:00,30,20.5,42.36666667,20.0,40.36333333,20.79,41.09,19.0,41.2,18.87888889,48.88777778,5.656666667,93.4,19.92055556,38.32611111,23.0,45.4,19.1,42.73,5.1,744.7,91.0,4.0,40.0,3.8,49.68894796,49.68894796,90
2016-03-0507:30:00,0,20.0,37.29,17.2,40.59,20.89,38.0,18.5,36.5,18.29,43.32666667,1.9,79.3,18.29,32.5,20.7,43.66333333,18.39,41.59,1.2,741.0,96.5,1.0,40.0,0.7,33.15301741,33.15301741,40
2016-04-0314:00:00,0,22.46333333,42.79,23.5,38.59,22.29,40.79,21.6,41.9,19.5,48.09,19.26333333,13.36333333,21.89,38.12666667,23.1,43.96666667,20.13333333,43.12666667,19.0,751.7,54.0,5.0,40.0,9.5,43.5926419,43.5926419,90
2016-02-0304:40:00,0,21.1,43.79,20.5,42.4,21.96333333,45.9,20.63333333,45.43333333,19.5,62.545,3.863333333,96.06,18.5,41.02,20.89,52.645,18.2,49.29,4.7,757.7666667,89.66666667,4.333333333,32.66666667,3.17,47.17825085,47.17825085,60
2016-03-1615:00:00,30,21.46333333,40.86333333,20.5,38.8,22.76,39.59,21.63333333,34.2,18.63333333,44.46333333,10.345,11.645,20.79,25.2,22.84,34.79,19.7,37.76,8.5,764.2,48.0,8.0,26.0,-1.9,30.02583956,30.02583956,300
2016-01-2623:10:00,50,21.06666667,46.73,20.66666667,45.36,20.6,45.53,19.2,46.52666667,18.405,76.93388889,9.39,92.26666667,18.725,45.59111111,17.89,49.32055556,17.06666667,47.66333333,9.73,759.4166667,82.5,9.166666667,40.0,6.83,34.51360888,34.51360888,380
2016-02-1000:00:00,0,22.5,42.73,21.76,40.59,22.6,43.4,19.1,40.76,19.29,50.645,2.156666667,92.12333333,20.1,39.85722222,23.2,45.69,18.89,42.93333333,3.0,738.7,88.0,6.0,40.0,1.2,4.365795758,4.365795758,70
2016-02-1618:50:00,10,21.5,34.73333333,19.5,35.09,20.89,35.09,19.5,33.12666667,19.13333333,37.56,-0.566666667,59.32333333,21.29,25.26,22.7,32.86,18.29,38.96666667,1.25,770.1833333,67.5,1.333333333,40.0,-4.15,10.85026155,10.85026155,390
2016-02-2605:20:00,0,20.39,38.9,18.56666667,40.29,21.29,38.79,20.39,36.2,18.81857143,42.92857143,1.23,83.22666667,19.2,37.4,20.7,43.73,18.0,41.29,0.7,755.4333333,95.66666667,1.0,40.66666667,0.133,13.87219852,13.87219852,50
2016-01-1518:40:00,10,22.39,42.03,21.89,37.46,21.29,40.69666667,20.25123457,41.06395062,20.39,42.17833333,2.4,95.0,17.7,36.5,19.42666667,45.61166667,17.29,41.29,2.63,757.7666667,93.0,6.333333333,49.66666667,1.63,3.844851907,3.844851907,500
2016-02-1915:00:00,0,20.73,38.16333333,19.29,37.9,21.6,36.79,18.82333333,35.96333333,17.29,45.0,8.39,61.96333333,19.39,30.56666667,20.39,37.4,17.89,41.44,6.8,760.3,66.0,5.0,40.0,0.8,38.76370738,38.76370738,50
2016-03-0808:00:00,0,19.6,38.29,17.03333333,40.86333333,20.6,36.76,18.79,35.2,17.79,44.96666667,-0.466666667,78.36666667,18.2,34.0,19.79,42.1,17.5,38.93,-0.4,756.5,100.0,2.0,39.0,-0.4,3.370237164,3.370237164,50
2016-04-2002:20:00,0,21.39,38.29,18.6,41.06,22.39,37.73,21.6,35.4,20.1,49.245,3.596666667,43.26666667,20.5,31.5,21.89,43.5,20.0,40.29,4.77,767.4333333,84.66666667,3.666666667,40.0,2.4,17.35739817,17.35739817,50
2016-02-0210:20:00,20,21.73,47.86333333,20.82333333,46.16333333,22.39,45.03,21.0,48.26,19.58888889,56.42222222,9.066666667,99.9,18.71,45.2,20.31222222,52.32055556,18.29,51.09,8.8,757.2666667,97.0,6.0,49.0,8.3,10.95035467,10.95035467,60
2016-03-0514:50:00,0,19.6,36.9,18.0,38.73,20.1,36.12666667,18.35666667,36.03,18.34,47.845,7.896666667,55.76,18.16666667,30.66666667,21.79,39.76666667,18.2,37.23,5.85,742.6833333,63.66666667,1.0,37.33333333,-0.6,15.00243037,15.00243037,90
2016-02-2220:40:00,20,21.7,43.96666667,20.29,44.79,21.7,42.59,21.6,43.03,18.99,75.614,5.8,87.83333333,19.7,42.36,21.79,46.82666667,18.6,44.634,5.37,753.0666667,96.33333333,1.333333333,51.33333333,4.87,24.72190586,24.72190586,120
2016-01-2102:40:00,0,19.06666667,38.76,18.2,38.29,18.73,39.9,17.82333333,38.03,16.39,56.85722222,0.7,97.0,16.2,33.88777778,19.33444444,47.035,15.89,42.23,-1.2,762.2666667,92.0,1.333333333,56.0,-2.37,11.58725497,11.58725497,40
2016-01-2108:10:00,0,18.1,38.93333333,17.1,38.23,18.39,39.36333333,16.89,36.9,16.13888889,50.80166667,-2.833333333,91.73,15.89,32.36944444,18.6,43.26833333,15.8,40.83333333,-3.05,763.3666667,91.33333333,1.0,54.33333333,-4.3,43.86659197,43.86659197,20
2016-03-1610:10:00,0,20.7,40.4,20.59666667,39.4,22.16666667,39.89,21.32333333,35.86333333,18.7,47.56666667,5.463333333,40.3,20.1,31.16666667,21.6,38.22333333,19.745,37.44666667,5.67,764.8833333,64.33333333,7.5,30.83333333,-0.617,29.39749513,29.39749513,210
2016-04-0417:00:00,30,23.5,49.47,22.29,47.86333333,26.63333333,40.96333333,21.82333333,46.96333333,21.16666667,51.9,15.8,16.62666667,21.89,36.7,25.0,42.12666667,20.73,43.09,15.3,748.9,54.0,5.0,40.0,6.1,6.628507609,6.628507609,270
2016-03-2807:00:00,0,21.2,38.29,18.53333333,41.89,22.76,38.29,19.89,38.9,19.79,47.5,8.533333333,44.13333333,21.29,38.43333333,22.89,44.09,20.29,43.26,8.3,740.8,73.0,13.0,40.0,3.7,22.60612674,22.60612674,70
2016-04-2416:40:00,0,22.1,36.26,20.0,37.59,22.7,34.4,21.6,34.178,20.5,45.13333333,4.896666667,48.09333333,22.1,29.93714286,23.7,36.03,20.5,37.03,5.93,757.3666667,74.66666667,6.333333333,40.0,1.67,14.86386316,14.86386316,80
2016-04-0901:30:00,0,21.245,41.645,18.7,45.2,23.2,39.9,20.6,38.79,20.35,48.254,5.66,43.63333333,21.39,37.7,23.39,44.2,20.39,42.5,6.8,752.65,86.0,2.0,27.0,4.6,8.052142465,8.052142465,50
2016-04-2715:20:00,0,21.0,35.2675,20.13333333,34.4,21.29,34.5,20.7,34.5,19.1,40.26,10.12,14.965,20.0,27.96333333,21.82333333,36.53,19.29,33.43333333,8.43,753.1,65.33333333,6.0,40.0,2.23,47.62594311,47.62594311,100
2016-02-1510:40:00,10,19.5,40.66,18.36,37.79,20.13333333,38.83333333,18.7,37.29,17.7,53.145,2.963333333,74.96666667,18.79,32.38055556,20.55555556,38.74722222,17.89,39.26,3.43,758.0333333,72.33333333,6.0,40.0,-1.13,12.44364717,12.44364717,380
2016-04-1018:00:00,0,23.2,38.32666667,22.5,37.03,22.89,38.06,22.13333333,37.96333333,21.29,44.08,16.63333333,8.266666667,23.29,31.32333333,23.774,37.394,20.82333333,39.32666667,14.7,751.0,59.0,5.0,40.0,6.6,29.97009236,29.97009236,110
2016-05-2203:40:00,0,24.60818182,50.73436364,24.02162162,49.04927928,27.01563636,44.83818182,23.91621622,47.66189189,22.83783784,53.18027027,21.15243243,30.085,23.78108108,44.70216216,24.54527273,52.25090909,23.20709091,49.21818182,17.1,749.4666667,79.66666667,1.333333333,40.0,13.4,1.530044968,1.530044968,60
2016-05-2101:10:00,0,23.1,45.29,21.5,46.9,24.89,42.09,23.26,43.76,22.6,49.2,13.13,50.06666667,22.89,40.96,23.5,52.16,22.6,45.776,14.1,757.6166667,90.83333333,3.166666667,30.0,12.7,41.78834511,41.78834511,50
2016-02-2413:00:00,0,20.6,39.22333333,19.6,39.02666667,20.7,40.29,20.29,37.29,18.1,50.06,5.063333333,87.96333333,19.39,33.5,20.1,39.32666667,18.2,39.7,6.2,758.5,59.0,2.0,40.0,-1.4,2.986347594,2.986347594,50
2016-03-1621:00:00,30,22.7,36.03,20.29,36.93,23.32333333,35.59,21.89,34.09,18.7,44.0,4.463333333,24.96333333,20.16666667,25.0,23.7,33.4,19.6,34.93333333,4.6,765.4,64.0,5.0,22.0,-1.7,45.38247298,45.38247298,130
2016-03-2017:10:00,0,22.79,39.72333333,21.2,36.8,22.6,35.76,20.39,35.65666667,19.0,45.79,9.5,26.49666667,19.1,30.1,23.76,37.0,19.6,37.59,8.2,760.6166667,69.33333333,4.0,40.0,2.88,46.2057936,46.2057936,100
2016-04-1205:40:00,10,21.79,42.79,19.1,46.26,23.2,39.86333333,21.7,39.96666667,20.79,44.4,6.3,57.2,21.5,35.7,22.5,42.9,20.79,44.79,6.37,751.6,92.33333333,1.0,40.0,5.2,10.41641643,10.41641643,40
2016-02-0719:40:00,0,22.1,43.9,21.5,41.56,21.7,43.2,18.7,40.93333333,18.89,54.0,6.475,63.67,19.1,34.87555556,22.56111111,43.02444444,19.03333333,41.32666667,7.23,746.8666667,66.66666667,8.0,40.0,1.43,2.51007711,2.51007711,260
2016-05-2314:00:00,0,24.29,46.9,24.1,45.33333333,25.7,42.5,23.63333333,45.09,23.1,49.59,17.93,1.0,23.6,39.96,24.2,46.56,23.2,45.46666667,15.3,756.6,71.0,5.0,40.0,10.0,14.57696995,14.57696995,60
2016-04-1313:10:00,10,22.16666667,42.0,20.39,44.06,23.29,39.29,22.0,40.0,20.7,45.59,12.618,39.9,21.1,36.7,21.68571429,42.04,20.56666667,39.96666667,10.3,751.65,85.83333333,3.0,38.0,7.98,2.072679147,2.072679147,90
2016-05-0814:00:00,0,25.1,38.66333333,27.32333333,31.89,26.18571429,38.29,25.1,37.23,23.35666667,39.56666667,27.98285714,1.0,23.89,35.4,24.76428571,37.36714286,23.1,41.06666667,25.3,751.7,34.0,4.0,40.0,8.2,11.80127236,11.80127236,60
2016-02-0603:50:00,0,21.6,45.93333333,21.0,43.9,22.6,45.2,19.7,47.09,18.7,55.94444444,9.1,85.69333333,18.6,42.98333333,20.7,55.29222222,18.89,50.29,9.27,755.2166667,83.33333333,5.666666667,40.0,6.53,1.92632234,1.92632234,50
2016-05-0504:30:00,0,22.5,34.7,19.79,36.9,23.5,37.03,22.5,32.9,20.79,41.9,4.59,28.16666667,22.2,34.5,23.72571429,41.29,20.5,39.4,5.7,763.3,75.5,2.5,40.0,1.7,10.73548172,10.73548172,50
2016-02-1903:40:00,0,20.5,35.9,18.675,36.7675,20.2,37.9,18.29,36.5,17.1,45.51285714,1.1,82.43333333,17.5,31.79,20.0,43.9,17.54,39.812,0.567,758.5,99.0,2.0,17.33333333,0.433,19.93145697,19.93145697,30
2016-04-0305:00:00,0,20.79,43.09,18.89,46.0,21.66666667,39.76,19.6,42.4,19.29,46.53,11.8,65.0,19.89,38.545,21.23,44.23,19.5,42.59,11.8,751.8,93.0,3.0,64.0,10.7,41.19644284,41.19644284,40
2016-04-2315:50:00,0,23.0,36.62666667,21.7,34.93,24.2,34.4,22.52,33.272,20.79,42.26,10.89,1.0,22.15714286,28.52285714,24.0,35.79666667,20.79,38.32666667,9.27,757.25,52.0,6.0,40.0,-0.2,26.2857339,26.2857339,80
2016-01-1300:30:00,0,19.39,43.29,18.69090909,43.31,19.89,44.79,18.89,43.7,17.29,51.59,5.73,84.03333333,17.89,43.156,18.75,52.18555556,17.0,47.12666667,5.65,747.8,84.0,8.0,33.5,3.1,27.38232935,27.38232935,30
2016-04-0415:50:00,0,22.92666667,43.0,22.29,40.43333333,26.16666667,39.33333333,21.53333333,41.4,20.89,45.7,17.69,11.26333333,21.82333333,36.5,24.66666667,42.4,20.7,43.26,14.7,749.2333333,59.33333333,7.0,40.0,6.85,33.41666475,33.41666475,760
2016-02-0407:00:00,10,20.89,42.0,20.1,41.5,22.08888889,44.08,19.89,41.7,18.74,56.14,2.466666667,93.86666667,18.40833333,38.09,21.39611111,48.51,18.35666667,48.36333333,3.4,764.0,92.0,4.0,29.0,2.2,44.45967503,44.45967503,30
2016-03-1503:40:00,0,21.2,35.46666667,17.5,40.66333333,21.6,35.2,20.13333333,33.59,19.5,40.29,-0.433333333,53.83,20.7,27.5,22.0,39.5,19.42666667,38.5,-0.267,766.0666667,85.0,1.333333333,63.66666667,-2.53,1.755835628,1.755835628,30
2016-02-1713:50:00,0,20.6,34.79,19.29,34.4,20.1,37.59571429,19.6,33.79,17.79,44.7,2.826666667,69.5,19.5,26.63333333,21.26,33.93,18.0,38.195,3.27,758.6666667,67.5,1.166666667,24.33333333,-2.23,3.443427954,3.443427954,100
2016-03-2601:40:00,0,22.6,37.79,19.03333333,42.06666667,23.29,37.5,20.6,40.29,19.6,47.09,1.503333333,67.25611111,20.80111111,36.69277778,22.84,44.155,19.79,41.4,3.7,758.8,87.66666667,2.333333333,27.66666667,1.77,3.381380904,3.381380904,50
2016-01-2311:30:00,10,17.0,43.79,16.2,44.0,17.46333333,41.79,15.19,43.4,15.42055556,49.59555556,7.226666667,99.9,15.6,38.91666667,16.39,46.83888889,15.03333333,43.29,6.55,770.0,99.0,4.5,36.0,6.4,11.22823075,11.22823075,110
2016-05-0412:10:00,0,22.6,32.96666667,25.39,26.59666667,22.76,32.66333333,23.1,32.36333333,20.6,48.395,16.66333333,1.0,21.2,30.39,23.0,36.65666667,20.5,37.09,14.4,766.6833333,44.16666667,2.833333333,40.0,2.33,43.59106428,43.59106428,70
2016-02-2904:40:00,0,19.32333333,34.09,17.35666667,35.43333333,19.76,36.2,18.39,33.29,17.6,58.82666667,-0.266666667,67.7,19.89,34.76,20.7,42.23,18.2,40.96666667,0.0667,761.1,85.33333333,4.666666667,40.0,-2.2,48.87873522,48.87873522,50
2016-01-1801:00:00,0,21.5,40.69333333,19.89,40.09,20.2,39.7,21.0,39.69333333,19.2,64.49666667,-4.732777778,87.96111111,20.23,37.32666667,21.5,45.32666667,17.6,38.82666667,-3.3,763.0,86.0,2.0,28.0,-5.4,34.73766741,34.73766741,50
2016-02-2921:10:00,30,21.79,35.03,19.7,36.46666667,22.1,34.7,21.6,32.59,18.6,45.63,-1.066666667,54.82333333,20.7,25.0,22.79,35.46666667,18.29,38.36333333,-0.0333,763.5666667,80.83333333,1.833333333,21.66666667,-2.92,9.113278042,9.113278042,80
2016-03-3105:10:00,0,21.7225,39.2975,18.89,43.4,22.92666667,39.09,20.6,39.29,19.89,48.5,6.19,66.19,20.5,34.53,23.2,44.96666667,20.39,43.06666667,6.0,754.2,98.83333333,1.166666667,57.16666667,5.87,5.302278523,5.302278523,60
2016-05-1923:40:00,0,23.29,41.29,21.7,41.59,24.39,39.0,23.1,40.56,22.29,60.34285714,9.8,37.96666667,23.08,36.678,24.15,44.95,22.6,42.76,11.1,757.7333333,83.66666667,3.0,40.0,8.4,22.74600288,22.74600288,50
2016-05-0920:30:00,20,25.5,42.79,25.29,39.96666667,26.56,39.09,25.5,41.23,23.6,49.92666667,19.06,8.354,24.2,39.545,25.5,45.812,23.6,42.7,19.9,752.35,58.5,2.0,34.5,11.4,38.49159107,38.49159107,120
2016-01-2719:50:00,0,19.365,46.5,18.6,46.29,19.89,45.29,18.29,47.76,17.42055556,54.245,9.8,99.9,17.65555556,44.95555556,17.67222222,50.97222222,17.06666667,48.83333333,9.67,755.0,92.66666667,8.166666667,64.66666667,8.5,40.66578114,40.66578114,40
2016-03-0205:30:00,0,20.23,39.93333333,18.6,41.36333333,20.85666667,38.96666667,18.89,39.0,18.7,44.4,7.4,75.29666667,18.5,35.09,20.39,48.76,18.1,42.43333333,7.45,747.05,80.5,7.0,34.5,4.3,16.91637485,16.91637485,50
2016-05-0406:20:00,0,21.89,36.46666667,18.79,39.62666667,22.96333333,36.15666667,21.89,33.59,20.5,45.63333333,2.26,45.62333333,21.29,34.52428571,22.79,40.19333333,20.29,39.22,1.87,766.6333333,94.0,1.0,35.66666667,1.03,23.39835329,23.39835329,150
2016-02-0703:00:00,0,22.06666667,43.66333333,21.29,43.4,22.0,44.9,19.1,44.59,19.16666667,61.245,10.69,64.36666667,18.79,40.255,21.98777778,52.17833333,19.1,49.5,10.6,741.1,70.0,8.0,40.0,5.3,43.72186193,43.72186193,40
2016-01-1722:00:00,10,22.445,38.4,20.92666667,38.96666667,20.82333333,39.9,21.06666667,38.09666667,20.6,83.78,-4.416666667,88.22055556,20.5,34.6925,21.92666667,39.56666667,17.7,36.66333333,-1.9,764.4,82.0,2.0,28.0,-4.6,16.78728121,16.78728121,40
2016-02-2901:00:00,0,19.89,33.59,17.89,34.66333333,19.6,35.4,18.7,32.9,18.0,68.23,1.0,54.09666667,20.1,33.45,21.16666667,40.26666667,18.2,39.36,1.4,760.8,73.0,6.0,40.0,-2.9,33.71841128,33.71841128,40
2016-02-0321:50:00,10,22.7,41.925,21.89,41.79,22.49388889,43.53,21.13333333,40.79,19.50555556,71.81,4.59,88.42666667,18.56666667,35.59611111,22.53888889,43.64888889,18.2,41.4,4.65,765.0,85.5,3.833333333,40.0,2.37,15.87783345,15.87783345,80
2016-04-2017:40:00,10,22.79,28.19333333,22.0,26.36,22.5,34.56,22.5,29.42142857,20.29,35.43333333,15.96333333,1.0,22.7,26.89,22.2,32.66333333,20.2,34.36333333,15.5,765.2333333,31.66666667,6.333333333,40.0,-1.5,21.81091701,21.81091701,230
2016-05-2409:00:00,0,24.1,43.5,21.89,46.09,25.03333333,40.46666667,23.5,42.48,23.1,49.76,12.03333333,19.59666667,23.2,37.59,24.29,46.894,22.89,44.66333333,10.5,759.4,82.0,4.0,40.0,7.5,23.67182748,23.67182748,30
2016-05-0806:50:00,0,24.1,40.03,22.6,40.79,25.79,38.9,24.06666667,38.4,22.29,49.5,14.39,28.62857143,23.89,41.4,24.42666667,44.4,22.7,46.0,13.4,751.65,81.66666667,1.0,29.0,10.3,34.59740932,34.59740932,40
2016-05-2001:00:00,0,23.2,41.2,21.39,42.0,24.6,39.66333333,23.0,40.4,22.1,57.75,8.533333333,40.16,23.0,36.5,23.89,44.178,22.6,43.29,10.1,757.9,86.0,3.0,40.0,7.9,16.46635343,16.46635343,50
2016-05-2619:40:00,0,24.39,44.33,24.5,40.42,28.42666667,39.06,24.5,40.46666667,23.19,70.86,22.09333333,1.0,24.23857143,39.47,24.5,46.06,22.7,43.79,20.2,755.5,51.66666667,3.0,36.33333333,9.93,7.816151262,7.816151262,130
2016-03-2212:20:00,0,21.76,37.73,22.5,35.7,21.89,36.62666667,22.0,35.5,19.0,46.12666667,10.62666667,21.03333333,19.6,33.46666667,22.0,38.23,19.79,39.7675,11.0,757.5,56.33333333,2.333333333,31.33333333,2.63,43.60720771,43.60720771,60
2016-01-2401:00:00,0,18.79,41.9,18.2,41.4,18.2,43.59,15.89,47.29,15.45111111,51.05,5.59,99.9,15.6,40.01,19.28,51.715,15.19,47.09,5.3,769.5,92.0,4.0,24.0,4.1,9.652200795,9.652200795,50
2016-05-0215:10:00,0,22.6,35.59,23.7,31.16333333,22.89,35.5,22.6,33.7,20.7,82.56333333,20.35666667,1.0,20.67142857,28.36142857,23.26,39.26,19.79,36.9,16.6,762.05,32.5,3.166666667,38.16666667,0.1,25.13398854,25.13398854,90
2016-05-2200:10:00,0,24.70363636,49.26627273,24.38108108,46.84396396,26.80372727,43.67363636,24.01081081,46.77459459,22.94189189,52.47601351,22.60162162,20.39,23.90405405,43.74060811,24.39445455,51.04818182,23.17081818,48.26363636,17.9,751.8833333,79.83333333,2.0,40.0,14.3,45.61842653,45.61842653,60
2016-02-0607:10:00,0,21.2,45.7,20.63333333,43.93333333,22.2,45.1175,19.5,46.79,18.6,55.39388889,7.83,87.72666667,18.6,42.5,20.67222222,53.91944444,18.96333333,50.59,8.33,753.6666667,86.5,6.0,38.16666667,6.22,11.63352721,11.63352721,50
2016-02-0717:00:00,20,21.29,43.36333333,20.7,41.2,21.5,43.59,18.89,41.29,18.97555556,54.245,8.926666667,57.3,19.49388889,35.085,22.205,46.73555556,19.2,44.13333333,8.2,747.3,66.0,8.0,40.0,2.2,5.914690509,5.914690509,100
2016-01-1901:50:00,0,19.89,39.2,18.5,39.06,19.89,40.5,19.39,38.43333333,17.35666667,62.79,-5.4,85.96722222,17.83444444,33.82666667,19.79,44.92777778,16.89,39.96666667,-4.35,756.2666667,88.5,1.0,27.5,-5.98,46.25962806,46.25962806,40
2016-04-2815:50:00,0,20.92666667,35.26,20.23,33.46666667,21.5,34.79,20.7,33.76,18.7,42.32666667,11.03,6.1,19.7,28.76333333,20.79,36.7,18.89,32.66333333,7.77,756.3666667,71.0,5.5,30.0,2.75,49.32979387,49.32979387,50
2016-03-0105:30:00,0,20.42666667,35.53,17.89,37.5,20.89,36.0,19.79,33.7,18.39,40.0,-1.963333333,75.43333333,19.6,28.89,21.39,40.9,18.29,38.9,-2.15,762.0,97.5,2.0,33.0,-2.5,31.90717051,31.90717051,50
2016-03-1301:10:00,0,21.2,35.79,18.1,38.73,20.1,36.36333333,19.79,34.9,18.63333333,48.5,0.7,65.22666667,20.79,31.5,23.2,38.96333333,18.89,39.4,0.933,768.1166667,88.0,1.833333333,51.5,-0.867,4.835959477,4.835959477,50
2016-01-2017:50:00,10,17.39,37.16333333,16.39,37.12666667,17.79,37.2,16.29,36.4,16.1,51.71,1.2,96.69,16.2,31.2,20.13333333,41.10222222,15.5,35.7,0.133,760.6333333,89.5,2.0,52.16666667,-1.35,8.019942488,8.019942488,120
2016-03-2014:00:00,0,21.96333333,36.73,20.5,37.76,23.0,37.03,19.7,34.0,18.79,47.96666667,8.3,32.32333333,19.0,30.23,23.16666667,37.2,19.29,36.59,6.4,761.5,76.0,4.0,40.0,2.5,6.774031196,6.774031196,110
2016-03-1416:10:00,0,22.1,34.66666667,20.1,33.56,23.46333333,35.36,20.89,32.43333333,18.1,43.9,7.56,25.46666667,23.2,25.16666667,22.5,30.1,19.7,37.59,7.65,766.95,56.66666667,6.0,25.83333333,-0.517,20.34346273,20.34346273,460
2016-03-3001:20:00,0,21.79,40.9,19.42666667,43.0,23.0,39.0,21.56666667,39.79,20.1,46.5,9.5,50.66333333,21.0,34.0,24.2,44.93,20.29,40.345,9.53,750.3333333,79.33333333,6.333333333,40.0,6.07,33.63481966,33.63481966,60
2016-03-2110:40:00,0,21.29,38.62666667,19.29,41.65666667,22.0,36.9,19.7,37.79666667,19.5,42.36333333,9.69,42.62666667,19.29,33.09,22.1,40.73,19.6,39.79,8.03,761.7666667,77.66666667,3.0,36.0,4.33,46.31031203,46.31031203,50
2016-04-1506:00:00,0,21.79,42.5,19.5,46.0,23.73,40.09,22.06666667,40.76,20.5,51.29,9.69,61.86333333,21.07142857,37.5,23.0,47.79,20.79,46.43,9.6,747.8,94.0,5.0,29.0,8.6,8.665112825,8.665112825,90
2016-03-0721:30:00,30,21.29,38.225,19.2,39.16333333,21.46333333,36.52666667,19.76,35.09666667,17.4175,47.6175,-0.490909091,77.69,18.39,31.76,21.1,38.29,17.6,35.76,1.25,752.55,92.5,1.0,25.0,0.2,42.25508842,42.25508842,100
2016-05-0618:30:00,10,24.79,37.26333333,24.89,33.56666667,24.39,36.09,23.89,35.73,21.2,44.7,23.89,1.0,23.79,33.036,23.85666667,39.49,21.6,39.09,22.4,752.5,43.0,4.5,40.0,9.05,23.89704628,23.89704628,190
2016-04-3007:30:00,0,21.29,37.26666667,18.79,40.4,22.79,37.2,19.29,37.59,19.1,43.2,6.76,54.82666667,19.1,33.59,21.29,44.66333333,19.2,41.52666667,5.1,757.85,96.0,1.0,40.0,4.45,46.20949751,46.20949751,80
2016-05-1506:10:00,0,23.39,35.59,20.2,38.7,24.29,36.925,23.6,34.16333333,23.29,39.5,4.0,41.4,23.7,30.82333333,24.39,36.32666667,23.02857143,40.02571429,4.38,761.0166667,85.5,2.833333333,40.0,2.07,13.22478638,13.22478638,50
2016-01-2704:10:00,0,20.42666667,44.32666667,19.79,43.7,20.0,43.43333333,19.39,46.2,17.7,57.82666667,10.0,88.99333333,18.2,47.31055556,17.79,49.4,17.13333333,49.03,10.1,758.1166667,81.16666667,9.833333333,40.0,7.02,13.23611373,13.23611373,50
2016-03-2013:50:00,0,21.89,36.86333333,20.39,37.86,23.06666667,37.16333333,19.7,34.09,18.79,48.12666667,8.366666667,31.32666667,19.0,30.29,23.1,37.2,19.35666667,36.66333333,6.47,761.5,75.66666667,3.833333333,40.0,2.48,43.85968267,43.85968267,110
2016-03-0111:00:00,0,20.0,37.83333333,18.29,36.76,20.29,35.09,19.32333333,33.0,17.7,43.09,4.545,65.2,18.89,28.5,20.29,36.76,18.13333333,38.02666667,3.2,759.1,81.0,6.0,65.0,0.2,20.96987895,20.96987895,100
2016-04-2323:40:00,0,22.39,35.7,19.29,38.5,23.5,34.82666667,22.0,32.02571429,21.06666667,50.0,1.596666667,31.63333333,21.6,30.6,24.0,40.1,20.6,36.53,2.23,759.1,82.33333333,2.0,40.0,-0.567,44.51124126,44.51124126,60
2016-01-2209:00:00,0,18.5,38.56,17.365,38.3725,18.7,39.2,16.29,38.7,16.39,47.47777778,-0.733333333,94.52666667,16.2,32.9,18.29,43.33833333,16.0,42.03,-0.1,762.9,78.0,4.0,21.0,-3.6,27.79430388,27.79430388,340
2016-02-1018:20:00,20,20.5,42.79,20.1,40.56666667,20.79,41.09,19.0,41.93,18.81222222,48.82666667,5.56,93.4,20.0,38.64333333,23.0,45.64444444,19.0,42.295,4.93,744.9,92.33333333,3.666666667,47.66666667,3.8,27.88566046,27.88566046,360
2016-03-2123:30:00,20,22.5,37.29,20.2,39.2,21.82333333,36.43333333,22.39,37.23,19.39,51.06,7.123333333,47.09333333,19.6,36.33333333,22.56666667,41.86,19.2,37.23,6.05,759.6,82.5,1.5,64.5,3.25,46.63598669,46.63598669,70
2016-05-2306:20:00,10,24.0,47.76,21.66666667,50.7,25.7,43.0,23.39,45.43333333,22.89,50.73,11.39,52.73,23.39,41.2,24.96333333,49.26,23.29,50.09,11.0,753.7333333,95.33333333,2.666666667,52.66666667,10.3,15.67436855,15.67436855,50
2016-05-0808:40:00,0,24.23,42.69333333,26.76,36.36,26.2,38.29,24.26,39.13333333,22.29,48.93333333,22.994,1.0,23.89,42.916,24.39,44.66666667,22.89,45.5,17.7,752.0666667,64.33333333,1.0,35.66666667,10.8,22.13764034,22.13764034,370
2016-02-0702:00:00,0,22.29,43.43333333,21.56666667,43.09,21.79,44.7,19.1,44.56,19.2,62.065,11.39,57.19666667,18.79,40.09,22.00555556,51.52611111,19.1,49.29,12.0,741.8,58.0,10.0,40.0,3.9,38.49438564,38.49438564,40
2016-03-0819:10:00,20,20.03333333,48.69333333,17.96333333,45.03333333,20.1,37.32333333,18.79,35.36333333,17.5,48.29666667,6.06,79.12333333,18.39,29.06666667,20.35666667,36.4,17.6,36.03,5.32,757.1666667,70.33333333,3.0,40.0,0.283,24.87819927,24.87819927,110
2016-01-3117:10:00,0,22.1,43.66333333,21.53333333,42.59,21.6,44.79,19.5,47.16333333,17.79,53.10222222,9.19,99.9,19.13888889,46.41833333,21.205,51.385,16.73,47.43333333,9.35,751.3833333,96.5,6.666666667,24.16666667,8.78,36.56183572,36.56183572,140
2016-02-2718:10:00,0,20.89,35.03,19.46333333,33.65666667,20.79,35.03,20.0,32.0,17.89,44.29,4.866666667,34.66666667,20.7,26.716,22.39,33.96666667,18.1,39.7,4.63,751.3666667,58.5,5.166666667,28.66666667,-2.85,37.41916574,37.41916574,100
2016-04-1602:50:00,0,22.29,41.5,19.82333333,44.76666667,24.0,39.59,21.89,40.2,20.89,51.76,9.566666667,47.89,21.32333333,36.29,23.2,48.46666667,20.89,44.56,10.1,744.6833333,81.83333333,7.0,40.0,7.15,8.666536759,8.666536759,50
2016-03-2700:20:00,0,23.0,41.26,21.16666667,42.59,23.06666667,39.5,20.1,41.4,20.7,50.96666667,12.89,30.66333333,20.82333333,38.96333333,24.03333333,45.12666667,19.89,41.9,11.8,747.2,69.66666667,8.0,47.66666667,6.03,22.20352757,22.20352757,30
2016-03-1918:50:00,10,21.73,37.7,19.89,37.4,22.1,34.73,22.06666667,34.29,18.5,43.32666667,7.53,29.5,19.2,28.89,22.89,36.66333333,19.29,34.79,6.65,762.1833333,68.83333333,3.166666667,24.0,1.23,12.66595082,12.66595082,150
2016-04-1208:10:00,0,21.79,41.53,19.53,44.52666667,23.06666667,39.02666667,21.79,40.09666667,20.79,43.09,9.296666667,60.15666667,21.23,35.59,22.2,41.29,20.79,41.49,8.72,752.0166667,89.0,2.833333333,30.0,6.97,45.93693165,45.93693165,70
2016-01-2301:00:00,0,17.5,41.56,16.53333333,42.06,17.89,40.43333333,15.5,41.12666667,15.69,48.52,5.06,99.9,15.875,36.60555556,16.92666667,44.36333333,15.3,40.9,4.6,763.6,100.0,4.0,4.0,4.6,39.36074105,39.36074105,20
2016-02-2410:20:00,10,20.0,38.33333333,18.5,39.4,20.53333333,38.73,19.63333333,36.79,18.2,51.1,0.775,85.8725,18.6,35.356,19.7,41.56,17.7,40.96,2.8,759.5333333,89.33333333,1.0,46.66666667,1.53,48.35771137,48.35771137,50
2016-02-0316:40:00,10,22.0,43.43,20.79,42.56666667,22.50055556,47.33055556,21.42666667,40.93333333,19.0,54.4,5.9,77.75,18.89,35.0,21.79,44.29,18.6,45.13333333,5.23,761.6,80.0,6.0,40.0,2.03,36.01151709,36.01151709,300
2016-05-2015:20:00,0,23.1,47.29,23.29,44.97142857,24.6,41.79,23.79,44.5,22.0,49.2,20.7,18.82333333,23.0,42.99857143,22.7,49.55142857,22.6,45.2,16.1,758.3,81.66666667,4.666666667,40.0,12.9,39.80754681,39.80754681,50
2016-05-1122:30:00,0,25.2,48.5,23.89,48.4,26.25142857,44.99857143,25.5,45.42857143,24.1,60.72333333,14.66428571,53.31142857,24.85,43.2,26.46333333,51.4,23.89,48.178,16.0,745.8,85.0,5.0,40.0,13.4,41.9749998,41.9749998,60
2016-05-0114:30:00,0,21.79,35.86333333,22.26,32.63333333,22.29,34.66333333,20.92666667,34.86,19.5,41.65666667,13.6,1.0,19.26,28.53333333,22.6,36.86333333,19.6,38.045,12.1,765.4,48.0,4.5,40.0,1.15,16.62187324,16.62187324,120
2016-03-1906:20:00,0,21.1,37.2,18.2,40.23,21.39,36.5,19.79,34.9,18.29,46.62666667,5.3,57.0,19.56666667,31.06666667,21.92666667,42.09,19.7,40.86333333,4.67,761.8,88.0,2.0,50.33333333,2.87,7.719073782,7.719073782,50
2016-02-0900:40:00,0,22.79,42.5,22.13333333,41.2,23.29,42.7,21.39,43.59,20.80111111,48.39055556,5.875,75.495,19.1,37.23,22.23,48.86722222,18.89,43.73,6.27,744.7666667,79.33333333,10.33333333,26.0,2.87,42.57749468,42.57749468,50
2016-01-2110:30:00,20,17.79,37.59,16.89,36.9,18.0,38.46666667,17.29,37.2,16.29,45.26111111,-2.223333333,92.99666667,15.70222222,31.29,18.1,40.23,15.6,36.93333333,-0.25,764.35,83.0,1.0,58.0,-2.9,32.38824371,32.38824371,60
2016-02-0406:50:00,0,20.89,42.0,20.1,41.56,22.1,44.09,19.89,41.7,18.725,56.275,2.4,93.8,18.40222222,38.09611111,21.45111111,48.57444444,18.29,48.29,3.28,764.1333333,91.83333333,4.0,30.83333333,2.05,28.4212508,28.4212508,30
2016-03-1702:40:00,0,21.5,36.29,18.16666667,38.96333333,22.5,36.06,20.6,32.73,18.56666667,44.7,1.5,45.53,19.89,27.7,22.6,41.12666667,19.5,39.045,0.8,766.0,82.33333333,4.0,64.0,-1.87,22.06624293,22.06624293,30
2016-02-0520:30:00,10,22.89,45.63333333,22.35666667,43.46666667,22.29,45.5,20.53333333,50.19333333,18.75,56.91666667,9.39,90.36666667,18.53333333,43.68166667,21.18888889,51.97777778,18.6,48.2,8.95,759.45,91.0,6.5,23.0,7.55,46.14178063,46.14178063,100
2016-01-2806:40:00,0,18.79,46.59,18.1,46.59,19.7,45.09,17.89,47.5,17.29,53.21,6.656666667,99.6,17.39,43.99444444,17.46333333,50.38,16.79,48.09,6.23,761.8,90.33333333,2.0,29.0,4.8,44.42230144,44.42230144,20
2016-01-2513:30:00,0,20.29,43.59,19.5,43.09,20.2,44.29,18.2,45.0,18.2,47.9,11.36,81.36666667,17.90833333,40.745,19.33611111,46.64777778,16.89,49.0,12.4,762.6,58.0,5.5,40.0,4.2,38.75141175,38.75141175,50
2016-02-2617:40:00,0,20.5,35.29,19.0,35.23,20.79,35.43333333,19.6,33.4,18.06,42.916,6.7975,32.7675,18.5,28.02,19.5,34.96666667,17.85666667,35.43,4.77,751.8333333,72.0,3.0,22.66666667,0.0667,29.15263621,29.15263621,60
2016-01-2620:40:00,10,19.6,45.0,18.79,44.7,20.29,43.9,18.6,46.06,17.48777778,52.28111111,9.39,88.36666667,17.50555556,42.20888889,18.01666667,48.715,17.1,47.5,9.4,760.0,83.33333333,8.333333333,29.33333333,6.67,38.07620883,38.07620883,540
2016-04-2408:50:00,20,21.5,36.53,18.63333333,39.53,22.82333333,34.32666667,21.67142857,34.15285714,20.42666667,44.12666667,4.466666667,50.33333333,21.39,32.254,22.79,38.7,20.39,36.39,3.9,758.0666667,88.5,3.666666667,28.33333333,2.17,43.39611693,43.39611693,70
2016-05-1715:00:00,0,23.89,40.09,25.414,34.312,24.39,37.7,24.03333333,38.2,20.35,45.29,20.88,1.0,23.1,35.59,22.89,40.09,22.79,40.5,16.4,758.0,61.0,5.0,29.0,8.9,41.96034325,41.96034325,50
2016-01-2216:30:00,0,18.2,39.16333333,17.2,39.66333333,18.32333333,39.43333333,16.05,39.045,16.06666667,47.78611111,4.03,98.15666667,16.18888889,34.10444444,17.61111111,42.06722222,15.69,39.29,3.0,760.45,90.5,5.5,55.5,1.6,45.78838951,45.78838951,20
2016-01-2702:20:00,0,20.79,44.09,20.2,43.5,20.32333333,43.59,19.85666667,45.7,17.79,59.86888889,9.83,88.6,18.2,46.30222222,17.82888889,49.29833333,17.1,48.5,10.0,758.5,80.66666667,10.0,40.0,6.77,24.03209632,24.03209632,40
2016-01-1520:00:00,20,22.6,41.75666667,22.0,39.0,21.29,43.06666667,20.13333333,43.2,20.7,52.66333333,2.326666667,94.69,18.72666667,41.46333333,19.85666667,45.09,17.29,41.03,2.5,758.8,97.0,5.0,64.0,2.1,41.5122852,41.5122852,190
2016-05-1516:30:00,20,23.5,35.0,22.87,33.112,24.29,35.0,24.03333333,34.23,23.1,37.2,13.89666667,1.0,23.79,27.4175,25.79,34.05,22.89,32.62142857,13.6,761.2,46.5,4.0,40.0,2.25,40.61787535,40.61787535,110
2016-02-0317:40:00,30,21.79,44.56,20.7,43.53,23.40833333,45.14833333,21.5,41.26,18.90222222,54.7,5.656666667,76.9,18.725,35.09,21.88,43.62888889,18.5,43.96666667,5.37,762.3333333,80.0,4.666666667,40.0,2.1,2.581132669,2.581132669,190
2016-03-0314:20:00,0,21.08571429,37.47,19.89,37.27,20.2,38.0,22.075,35.785,18.0,45.0,7.126666667,65.59666667,19.95875,30.6875,21.26428571,37.26428571,18.6,41.7,6.57,748.4,75.33333333,5.333333333,40.0,2.43,3.776278265,3.776278265,60
2016-03-1317:40:00,10,22.2,33.66333333,21.495,32.7,20.7,35.5,20.82333333,32.76666667,18.2,43.7,9.66,22.39666667,23.1,26.0,25.1,30.89,19.39,37.79,9.07,768.3333333,57.66666667,6.0,28.0,1.1,49.42546489,49.42546489,80
2016-05-1401:10:00,0,25.1,39.7,22.7,41.4,25.39,34.05428571,25.17142857,39.22571429,23.89,49.86333333,9.13,32.09666667,24.89,36.5,25.89,43.245,23.89,44.834,9.43,753.3833333,85.0,4.0,22.0,7.02,2.823229926,2.823229926,70
2016-04-0306:10:00,0,20.79,43.32666667,18.89,46.29,21.6,39.9,19.6,42.7,19.23,46.53,11.73333333,64.52333333,19.96333333,38.76,21.2,44.4,19.39,42.76,11.9,751.7166667,91.83333333,3.166666667,20.33333333,10.6,48.07241937,48.07241937,70
2016-04-0112:20:00,0,22.03333333,39.59,23.1,36.66333333,22.26,37.96666667,21.2,38.56,19.7,46.0,10.66,39.92666667,20.82333333,33.29,23.2,40.2,20.5,41.56,8.87,761.3333333,77.33333333,1.666666667,21.66666667,5.1,25.79832972,25.79832972,30
2016-02-2905:40:00,0,19.2,34.29,17.2,35.59,19.79,36.4,18.39,33.5,17.5,57.76,-0.5,71.7225,19.89,35.12666667,20.6,42.0,18.1,41.09,0.0667,761.3666667,87.0,4.333333333,40.0,-1.87,43.60499663,43.60499663,40
2016-02-0701:40:00,0,22.39,43.36333333,21.63333333,43.0,21.7,44.79,19.1,44.59,19.2,62.32666667,11.39,56.62666667,18.79,40.09,22.1,51.63277778,19.1,49.2,11.6,741.9,60.0,9.333333333,40.0,4.03,0.300945423,0.300945423,40
2016-05-1417:40:00,0,24.92666667,32.12666667,23.6,30.72571429,23.46333333,30.56333333,24.79,32.43333333,23.89,38.7,12.03333333,1.0,24.76,27.29,26.5,34.10571429,23.29,30.89,11.7,758.3666667,50.33333333,7.666666667,32.66666667,1.57,42.18385813,42.18385813,490
2016-01-2723:30:00,0,19.2,47.0,18.5,46.93333333,19.79,45.2,18.1,48.2,17.39,54.075,9.8,99.9,17.55,45.47222222,17.6,51.4,17.0,49.09,9.8,755.65,95.5,6.5,62.5,9.15,47.96014673,47.96014673,50
2016-02-2500:50:00,10,21.5,37.63333333,19.6,38.53,20.6,38.59,22.29,37.0,18.89,52.76,-0.566666667,83.69,19.7,35.856,22.16666667,41.93333333,18.1,38.32142857,0.233,755.8,89.5,2.0,20.83333333,-1.35,3.052480146,3.052480146,50
2016-03-2821:00:00,10,23.39,38.7,21.1,40.15666667,23.29,38.5,21.0,38.5,20.23,47.03,7.599090909,47.17727273,21.39,32.36333333,23.51333333,37.44,20.39,37.5,8.1,744.4,79.0,3.0,40.0,4.7,31.713356,31.713356,80
2016-04-1314:50:00,0,22.0,42.23,20.5,43.7,23.2,39.09,22.0,40.4,20.76,45.9,12.6,39.42285714,21.1,37.2,22.5,43.4,20.53333333,40.5,10.1,752.0666667,90.83333333,2.166666667,23.0,8.65,19.46008821,19.46008821,90
2016-02-2209:50:00,10,21.0,44.4,19.6,45.06,21.56666667,42.5,20.5,43.56,18.39,53.96666667,9.39,85.46571429,18.39,41.73,21.1,48.79,18.79,47.57714286,8.97,751.7166667,94.5,7.833333333,39.83333333,8.1,6.646981661,6.646981661,40
2016-02-0202:30:00,0,22.5,45.9,21.6,45.29,23.29,45.7,20.89,48.9,20.0,59.59722222,10.19,99.9,18.79,46.09,20.79,56.49444444,18.0,51.7,10.3,759.45,94.0,7.0,49.0,9.4,22.07358837,22.07358837,40
2016-03-2919:10:00,20,22.6,41.73,20.79,40.93,22.79,39.16333333,21.39,38.76,20.2,49.46666667,10.93333333,20.29333333,21.32333333,30.7,24.6,38.5,20.5,37.4,11.1,751.25,60.16666667,3.833333333,40.0,3.57,30.52344533,30.52344533,120
2016-03-0502:50:00,0,20.7,37.2,18.0,40.0,21.1,37.7,18.89,36.29,18.53333333,44.03,0.6,77.43333333,18.5,32.29,21.2,43.36,18.39,40.5,0.183,740.2166667,98.66666667,0.333333333,55.16666667,-0.05,32.58635048,32.58635048,60
2016-01-3022:40:00,0,22.06666667,42.19333333,21.39,40.59,20.89,44.32666667,19.1,42.06666667,19.1,49.37611111,2.5,98.26333333,16.92666667,38.44777778,20.79,47.11388889,16.365,44.575,3.73,754.6666667,86.66666667,5.0,28.33333333,1.63,23.96123629,23.96123629,50
2016-02-0322:50:00,0,22.5,43.03,21.7,42.06,22.51666667,44.0,21.06666667,41.96666667,19.32333333,65.72333333,4.366666667,82.99333333,18.6,37.17555556,22.875,45.545,18.29,44.13333333,4.1,765.35,86.0,3.166666667,40.0,1.9,48.76444616,48.76444616,100
2016-05-2115:40:00,0,24.47057143,47.72228571,25.1,42.93904762,26.31171429,42.31142857,24.09147059,45.52941176,22.97794118,51.02316176,24.83823529,1.0,23.87265306,42.38128571,23.86857143,49.21428571,23.07428571,46.57742857,22.5,754.4666667,52.0,7.0,40.0,12.1,43.85987995,43.85987995,220
2016-03-1821:20:00,0,22.53333333,36.2,20.29,38.62666667,22.0,35.9,20.39,34.29,18.5,46.09,5.9,61.69333333,19.6,30.7,22.79,38.4,19.5,36.09,5.07,762.4333333,91.33333333,4.333333333,63.0,3.77,12.43410531,12.43410531,80
2016-05-0213:30:00,0,22.35666667,35.7,24.1,30.66666667,22.7,35.5,22.53333333,33.62666667,20.92666667,76.36666667,19.43,1.0,20.1,28.82,22.6,38.3,19.79,37.42857143,15.8,762.85,35.75,3.0,30.25,0.575,7.650498196,7.650498196,90
2016-05-2709:00:00,0,23.6,47.2,23.49714286,45.89714286,26.0,40.4,24.29,43.4,22.39,52.73,20.45666667,10.5,23.89,42.5,23.89,47.9,22.89,46.5,15.1,756.1,82.0,3.0,61.0,12.0,16.57613198,16.57613198,90
2016-02-0809:50:00,20,20.89,45.36333333,20.1,43.5,21.5,43.62666667,21.29,42.79,19.00555556,54.42444444,8.033333333,90.63333333,18.755,38.29,21.16666667,49.025,19.0,46.03,8.62,738.75,75.5,8.5,40.0,4.52,25.0439928,25.0439928,160
2016-04-2201:00:00,0,22.7,37.32666667,20.79,38.46666667,23.39,37.5,22.79,35.0,20.5,42.9,12.19,11.09,22.1,36.5,22.7,46.09,20.2,38.93333333,12.5,760.3,62.0,1.0,28.0,5.4,22.17032318,22.17032318,50
2016-03-1603:50:00,0,20.89,40.79,17.66666667,46.86333333,20.79,38.26,20.6,35.7,18.6,47.4,3.626666667,69.62333333,20.39,30.1,22.35666667,41.9,19.56666667,39.2,4.42,764.3333333,88.0,4.0,56.33333333,2.62,28.0392945,28.0392945,30
2016-02-1616:00:00,0,21.79,34.79,19.92666667,35.5,21.29,35.16333333,20.1,34.5,19.13333333,38.4,4.53,42.96666667,21.96333333,25.76333333,22.7,32.36333333,18.29,40.09,4.7,770.8,51.0,2.0,40.0,-4.6,30.12991699,30.12991699,40
2016-04-3018:30:00,0,21.89,40.26,20.5,40.29,24.2,37.06,20.2,37.93,19.79,50.79,11.16,3.29,19.7,30.96333333,22.79,37.43333333,19.39,37.7,9.65,760.8,67.0,6.0,40.0,3.7,13.95931961,13.95931961,70
2016-04-1601:00:00,0,22.6,41.66333333,20.2,44.7,23.89,39.4,22.0,40.2,21.0,52.53,10.22666667,45.16666667,21.39,36.29,23.39,47.23,20.82333333,44.12666667,10.6,744.5,77.0,6.0,40.0,6.7,37.15976333,37.15976333,50
2016-05-2506:50:00,0,23.39,38.82666667,20.7,42.09,24.7,37.43333333,23.32333333,38.36333333,19.29,41.19142857,8.1,45.47,22.79,34.59,24.0,42.156,22.5,43.13333333,6.68,757.1666667,97.0,1.0,24.0,6.28,0.388453272,0.388453272,70
2016-05-0901:20:00,0,24.5,38.5,23.2,37.62666667,26.39,38.2,24.73,36.075,23.46333333,39.56,15.52714286,7.77,24.29,38.554,24.39,41.4,23.23857143,43.47,16.0,751.8666667,61.33333333,2.0,40.0,8.47,6.469583977,6.469583977,50
2016-02-0408:40:00,20,20.79,43.66333333,20.0,42.63333333,21.67647059,42.82705882,20.1,42.53,18.7,55.95,3.863333333,95.23,18.39,38.345,21.1,47.32777778,18.39,47.59,4.0,762.8666667,94.0,6.0,55.33333333,3.13,49.2923121,49.2923121,60
2016-04-2301:10:00,0,22.5,39.09,20.1,40.43333333,25.0,36.62666667,22.34714286,35.5,20.89,54.86,7.3,53.26666667,21.5,32.7,23.5,46.29,20.5,39.86333333,7.72,756.9833333,87.33333333,4.833333333,27.16666667,5.77,22.2517043,22.2517043,50
2016-04-1221:20:00,0,22.89,43.0225,21.125,42.79,26.39,43.03,22.79,37.4,21.434,62.76,8.533333333,28.93,21.73,33.7,23.62857143,42.75714286,21.0,38.82666667,9.83,751.3333333,76.66666667,1.666666667,40.0,5.83,7.377560495,7.377560495,90
2016-04-2114:00:00,0,22.79,35.59666667,23.46333333,32.13,22.89,36.0,23.0,33.67142857,20.2,41.73333333,19.92666667,1.0,22.412,29.54,21.39,37.83333333,20.29,37.29,17.1,761.3,40.0,5.0,40.0,3.4,4.623820574,4.623820574,70
2016-04-1916:30:00,0,22.1,38.59,22.0,36.2,22.32333333,36.79,22.02,37.018,20.0,44.79,14.56666667,1.0,21.236,31.2,21.2,38.82666667,20.29,37.93333333,12.9,765.6,56.0,4.0,40.0,4.25,39.74669294,39.74669294,40
2016-01-1211:50:00,0,20.0,45.72333333,19.15,44.245,19.89,44.7,20.1,44.03,18.1,49.0,6.433333333,91.23,17.82333333,40.46666667,18.5,47.96666667,17.1,45.2,6.9,743.4666667,81.83333333,6.666666667,30.0,4.03,21.57368453,21.57368453,60
2016-03-0403:20:00,0,21.39,36.0,19.39,37.10571429,20.89,38.2,19.6,35.29,18.5,52.5,4.09,64.08,18.89,31.7,21.2,44.72571429,18.5,40.7,4.23,744.5,75.66666667,7.666666667,47.0,0.233,35.80823747,35.80823747,20
2016-04-2703:30:00,0,20.89,35.4,17.79,38.5,22.0,35.9,19.79,33.4,19.1,46.43333333,2.59,52.56,19.73,29.7,22.2,40.66333333,19.39,39.7,2.5,749.85,87.5,4.5,32.5,0.65,14.29192954,14.29192954,70
2016-03-1317:20:00,0,22.26,33.76,20.5,34.29,20.7,35.43333333,20.89,33.03,18.1,43.9,10.03333333,21.15666667,23.16666667,26.1,25.1,31.0,19.39,37.79,9.33,768.2666667,57.33333333,6.0,28.0,1.2,4.548039497,4.548039497,70
2016-04-0907:00:00,0,20.7,40.29,17.7,45.03,23.0,39.7,20.13333333,38.0,20.12857143,46.7,2.826666667,57.33,21.29,37.7,22.66666667,42.16333333,20.39,43.09,3.2,751.0,93.0,2.0,21.0,2.1,6.185432139,6.185432139,60
2016-01-1215:20:00,0,19.96333333,43.9,18.92666667,43.09,19.89,44.9,19.39,43.0,17.7,51.0,6.366666667,79.06,18.03333333,39.09,18.39,46.9,17.1,43.7,6.7,743.8333333,78.0,4.666666667,40.0,3.1,46.43075998,46.43075998,40
2016-01-1817:30:00,0,19.2,41.2,17.92666667,41.5,19.5,40.7,18.6,38.09,17.42,54.79,-1.697222222,88.93888889,18.79,34.4,19.39,41.75,17.06666667,37.26,-1.6,756.6,84.5,2.5,26.5,-3.95,25.58288148,25.58288148,40
2016-03-3121:50:00,0,22.79,39.0,20.79,40.93333333,21.89,38.5,20.6,40.73,19.945,48.3725,6.0,67.83333333,20.2,34.0,24.6,41.26666667,20.0,39.93,6.22,755.45,86.5,4.0,37.33333333,4.1,21.05643163,21.05643163,50
2016-03-0118:30:00,20,20.89,37.76666667,19.2,38.29,20.6,36.56,19.16666667,38.9,17.42666667,44.86,5.59,86.0,18.5,33.03,20.06666667,40.43,17.79,37.53,5.7,752.8,95.5,9.5,43.5,5.05,38.85544442,38.85544442,430
2016-03-1205:10:00,0,20.1,36.9,16.96333333,41.12666667,20.29,37.46666667,19.29,34.79,18.6,41.4,0.333333333,67.62333333,19.5,31.0,21.46333333,45.26,18.5,40.66333333,0.783,766.4333333,93.16666667,1.0,32.5,-0.183,48.92675756,48.92675756,30
2016-04-0315:10:00,0,22.7,42.5,23.26,39.2,22.6,40.76,21.6,42.0,19.6,48.29,20.1,13.63,22.2,37.86333333,23.6,45.66333333,20.2,43.4,19.0,750.95,51.5,3.833333333,40.0,8.65,31.47633497,31.47633497,80
2016-01-2716:20:00,0,19.6,46.0,18.79,45.9,19.79,45.2,18.5,47.5,17.5,54.56,11.33,80.13333333,17.71,44.9,17.7,50.79,17.1,48.76,11.0,755.2333333,81.33333333,9.0,40.0,7.93,1.522553235,1.522553235,40
2016-04-1713:50:00,0,22.79,39.83,21.82333333,38.53,23.0,37.9,22.1,36.418,20.79,53.33,10.86666667,8.86,21.39,28.49714286,22.82333333,35.43,21.0,40.62666667,8.17,756.05,77.0,4.333333333,40.0,4.3,46.7776314,46.7776314,70
2016-02-1101:30:00,0,20.89,43.7225,20.32333333,41.2,20.85666667,42.2,19.76,43.9,19.39611111,68.62666667,3.626666667,92.53,20.1,40.88777778,22.89,49.39611111,18.89,43.79,3.95,747.85,97.5,3.0,42.5,3.55,1.823511696,1.823511696,50
2016-04-2423:30:00,0,21.6,35.2,18.5,38.5,22.56666667,34.5,21.1,32.5,20.35666667,42.06,1.826666667,50.7,21.79,32.834,24.6,37.9,20.2,35.86,2.1,758.15,90.5,2.0,40.0,0.65,32.38021544,32.38021544,70
2016-05-1122:00:00,0,25.2,48.59,24.04,48.236,26.2,44.9,25.54,45.656,24.1,62.19333333,14.89,52.334,24.83285714,43.38428571,26.39,51.23,23.79,48.16857143,17.1,745.7,77.0,6.0,40.0,13.0,35.52961813,35.52961813,50
2016-04-1215:10:00,0,22.5,41.7,23.1,37.96666667,23.29,39.4,23.23,38.9,21.14,43.29,15.6,7.76,21.79,35.46666667,22.22571429,40.52571429,21.2,41.5,13.9,751.6,59.83333333,4.0,40.0,6.0,14.40344123,14.40344123,70
2016-01-1511:30:00,10,20.96333333,38.59,20.39,38.36333333,20.5,39.86333333,20.11851852,40.20925926,17.73,52.5,3.933333333,78.1,17.89,36.86333333,18.5,43.4,17.29,42.66333333,3.8,754.5,85.0,8.5,25.0,1.45,16.43718584,16.43718584,60
2016-04-0108:30:00,0,21.29,38.7,18.66666667,42.53,22.1,37.56666667,19.79,39.2,19.6,48.29,4.026666667,67.46666667,20.1,33.59,23.0,44.03,20.22666667,39.62666667,2.7,760.4,97.0,1.0,38.5,2.25,2.430664538,2.430664538,60
2016-05-1023:40:00,0,24.89,47.59,23.29,48.634,26.52,43.536,25.1,45.59,24.13333333,59.66333333,14.76333333,55.16,24.6,42.9,26.29,54.32142857,24.0,47.2,15.3,749.2,87.0,2.666666667,40.0,13.1,14.89868389,14.89868389,70
2016-03-0616:30:00,0,20.6,37.09,19.39,37.5,19.89,37.5,19.1,36.76666667,17.6,46.66333333,3.656666667,75.16,17.86,32.03,21.2,39.6,17.79,37.36333333,2.6,747.4,92.5,4.0,50.5,1.45,23.62147215,23.62147215,70
2016-05-0416:00:00,0,23.7,34.93333333,23.89,31.35666667,23.2,34.43,23.5,34.43333333,20.6,45.79,17.39,1.0,22.6,29.016,24.5,36.76666667,20.5,36.734,15.7,765.6,35.0,4.0,40.0,0.3,48.87230073,48.87230073,90
2016-05-1510:40:00,10,23.2,34.56,22.05571429,33.79,23.6,33.09375,23.6,33.46666667,23.2,37.634,12.86,1.0,23.6,28.92666667,24.6,36.095,23.15714286,35.35285714,9.7,762.0,62.66666667,4.333333333,40.0,2.87,29.52656619,29.52656619,110
2016-02-0705:40:00,0,21.6,44.79,20.89,44.29,22.29,45.0,18.92666667,45.36333333,19.06666667,59.89666667,8.426666667,91.7,18.82333333,41.32666667,21.7,54.735,19.2,50.56,8.13,741.8333333,89.33333333,7.333333333,25.0,6.47,30.97241226,30.97241226,30
2016-03-0823:50:00,0,20.7,38.06,18.0,40.59,20.1,38.09,19.5,35.2,18.29,47.12666667,5.06,76.26333333,18.39,33.86333333,20.7675,41.1175,17.5,37.96666667,4.6,754.1166667,75.16666667,5.833333333,40.0,0.533,33.91561427,33.91561427,40
2016-03-1917:40:00,0,21.32333333,36.09,19.39,37.59,22.1,34.32666667,21.63333333,34.96666667,18.5,43.4,8.83,24.82666667,19.2,28.76,22.7,36.86333333,19.39,35.0,6.97,762.1,68.0,3.666666667,25.66666667,1.47,45.66403311,45.66403311,80
2016-03-1915:50:00,0,21.32333333,35.73,19.29,37.56,22.63333333,34.23,21.26,34.43,18.5,43.9,10.03,23.93,19.2,29.2,22.46333333,37.29,19.46333333,35.5,6.93,762.3166667,69.33333333,3.0,37.83333333,1.62,38.95748743,38.95748743,60
2016-05-1904:20:00,0,23.0,40.86333333,20.5,43.795,24.53333333,39.29,22.92666667,40.2,21.1,50.272,6.966666667,50.2,23.2,39.89714286,23.92142857,42.47142857,22.5,43.75875,8.0,749.4666667,96.66666667,2.0,22.0,7.47,27.563179,27.563179,50
2016-05-0314:40:00,0,23.03333333,37.29,23.96333333,33.12666667,23.2,37.59,23.0,36.79,21.0,40.5,14.53333333,1.0,21.718,32.036,22.85666667,38.03,20.39,39.2,13.2,764.3666667,43.33333333,4.333333333,32.66666667,0.967,42.64840037,42.64840037,50
2016-02-2021:40:00,20,22.6,43.16333333,21.29,43.7,22.29,42.5,21.42666667,46.56666667,19.26428571,52.29571429,10.39,93.19,18.0,43.62666667,21.63333333,47.93333333,17.89,44.59,10.8,753.9666667,92.0,9.0,47.33333333,9.6,34.60344021,34.60344021,110
2016-03-0611:30:00,0,19.1,38.93333333,17.5,41.06666667,19.89,37.4,20.39333333,37.52666667,17.5,49.03,3.03,74.96333333,17.79,31.89,20.29,42.22333333,17.89,39.23,3.05,746.8,94.0,6.0,31.0,2.15,21.77807853,21.77807853,60
2016-04-2700:40:00,0,21.32333333,35.79,18.53333333,38.0,22.1,35.9,20.0,33.36333333,19.2,47.76,2.2,50.1,19.89,29.6,22.6,40.73,19.39,38.5,2.8,749.7,84.33333333,5.333333333,40.0,0.433,9.383914957,9.383914957,50
2016-01-2404:30:00,0,18.03333333,42.62666667,17.29,42.09,18.39,43.5,15.69,46.4,15.39,51.0,6.226666667,99.9,15.67,39.96666667,18.53333333,53.38777778,15.39,48.06,5.95,768.15,91.0,4.0,26.5,4.6,8.969539613,8.969539613,30
2016-01-2503:00:00,0,20.79,42.5,19.79,42.53,20.5,44.9,17.7,47.09,17.89,56.30222222,8.39,99.9,16.29,43.79611111,18.1,50.08,16.39,50.56,8.2,766.0,94.0,4.0,63.0,7.3,46.37718226,46.37718226,40
2016-02-0718:20:00,10,21.29,44.145,20.7,41.79,21.39,43.32666667,18.79,41.245,18.89,53.9,7.03,62.92333333,19.275,34.92777778,22.5,44.63277778,19.1,42.56666667,7.57,747.0666667,66.0,8.0,40.0,1.57,33.7264894,33.7264894,70
2016-03-1407:10:00,0,20.1,35.13333333,16.56666667,40.09,20.39,37.2,19.26,33.66333333,18.218,48.8,-0.9375,68.5325,21.1,34.63333333,22.445,42.095,19.29,40.29,-0.167,768.6666667,90.83333333,4.833333333,60.16666667,-1.5,36.10218763,36.10218763,90
2016-05-1213:00:00,0,25.29,47.4,26.1,43.53375,26.14285714,43.71285714,25.5,44.29,24.0,51.09,23.1,2.745,25.0,42.2,25.29,48.09,24.1,46.73857143,19.8,744.2,61.0,2.0,24.0,12.0,39.23549276,39.23549276,60
2016-04-2808:50:00,0,20.6,36.16333333,20.86666667,36.09333333,21.53333333,34.4,20.26,36.02666667,18.73,49.39,7.166666667,58.53333333,19.1,29.5,21.16666667,37.5,19.1,35.06,4.42,756.05,84.66666667,2.0,27.83333333,2.07,16.24408488,16.24408488,80
2016-04-2009:50:00,0,21.2,40.89666667,23.46,35.96666667,22.0,36.52666667,22.218,35.29,19.7,43.06666667,10.83,14.13,20.04,30.54,21.2,38.33333333,20.29,38.13333333,8.3,767.85,73.66666667,4.833333333,37.33333333,3.73,36.3602493,36.3602493,50
2016-05-1602:50:00,0,23.0,39.7,20.56,41.536,25.2,37.59,23.32333333,36.86333333,22.79,42.5,7.9,50.2,23.39,33.29,25.39,41.59285714,22.79,41.5,7.83,761.0666667,99.0,1.0,19.16666667,7.63,17.83548995,17.83548995,50
2016-01-1919:10:00,10,19.0,39.46333333,17.66666667,40.13333333,18.79,38.9,17.7,37.59,16.2675,54.351875,-4.691111111,82.94388889,18.40375,32.0,20.29,43.22571429,16.6,37.7,-2.75,757.95,88.16666667,0.833333333,63.66666667,-4.43,18.8651757,18.8651757,260
2016-05-1200:10:00,0,25.1,48.03,23.48428571,48.88428571,26.42142857,45.2,25.39,45.30571429,24.06666667,57.69333333,13.89,55.44,24.79,42.9,26.2,51.46333333,23.89,47.92857143,14.2,745.8666667,96.0,2.666666667,37.0,13.6,23.26150012,23.26150012,50
2016-04-0509:20:00,10,22.23,44.56,20.1,47.63333333,24.82666667,39.33333333,21.29,42.82666667,21.0,50.23,12.6,39.69333333,21.5,39.29,23.2,43.02666667,20.92666667,45.23,10.1,749.6,90.33333333,1.333333333,27.33333333,8.53,14.3080599,14.3080599,70
2016-03-1805:40:00,0,21.56666667,35.29,18.0,40.03,21.6,36.0,21.245,33.245,18.6,55.06,1.6,72.45,20.39,28.42666667,22.26,40.76,19.79,38.66333333,0.8,763.0,98.66666667,2.333333333,5.333333333,0.6,39.44716748,39.44716748,50
2016-05-1123:10:00,0,25.1,48.29,23.7,48.59,26.30428571,45.2,25.5,45.36857143,24.1,59.22333333,14.12571429,53.69428571,24.79,43.0,26.39,51.03,23.89,48.0,14.8,745.9,93.5,3.833333333,40.0,13.7,27.28470977,27.28470977,60
2016-03-1004:00:00,0,20.0,36.9,17.1,40.53,20.26,37.29,20.39,35.59,17.79,52.16333333,3.066666667,54.16666667,18.35666667,35.76,20.13333333,44.5,17.39,39.06,0.8,753.6,87.0,2.0,65.0,-1.2,35.99272928,35.99272928,30
2016-05-1212:30:00,0,25.1,47.66333333,25.87571429,43.53857143,26.1,43.79,25.39,44.47142857,24.0,51.2,22.09666667,8.3,24.89,42.4,25.26,48.2,24.1,46.9,19.1,744.3,63.0,2.5,24.5,11.8,5.18778055,5.18778055,50
2016-04-2409:10:00,10,21.5,36.66333333,18.73,39.22333333,22.92666667,34.4,21.7,34.32142857,20.92666667,65.89333333,5.296666667,53.55666667,21.40375,32.53375,22.79,38.7,20.46333333,36.76,4.15,758.0666667,87.16666667,4.0,26.5,2.2,16.42115092,16.42115092,100
2016-01-1722:10:00,10,22.39,38.73,20.89,39.09,20.76,39.86333333,21.06666667,38.56333333,20.46333333,81.56333333,-4.422222222,88.62555556,20.5,35.13333333,22.0,40.16,17.76,36.93333333,-1.97,764.35,82.16666667,2.0,28.16666667,-4.65,5.963215826,5.963215826,50
2016-03-2316:40:00,20,21.42666667,38.0,19.39,40.03333333,21.79,37.66333333,20.76,37.73333333,19.6,44.5,10.06666667,41.36,19.89,35.96666667,23.0,42.02666667,19.6,38.26,8.77,755.8,80.66666667,5.0,40.0,5.6,14.83047139,14.83047139,100
2016-05-0213:40:00,0,22.39,35.66333333,24.0,30.7,22.73,35.4,22.6,33.59,21.99333333,83.96666667,19.7,1.0,20.16,28.62,22.6,38.33,19.79,37.4,15.9,762.7666667,35.5,3.0,29.16666667,0.583,43.5487261,43.5487261,80
2016-03-2903:00:00,0,22.5,37.79,19.39,41.9,23.39,38.9,20.39,38.59,20.03333333,46.03,5.96875,61.7725,21.1,33.79,23.2,42.97,20.6,43.0675,6.0,747.2,84.0,8.0,40.0,3.4,3.824869951,3.824869951,60
2016-01-3015:30:00,0,20.66666667,44.86333333,20.35666667,43.62666667,20.16666667,45.03,19.53,45.86333333,17.79,65.57944444,6.833333333,99.9,16.81777778,42.74722222,19.785,51.09333333,16.35666667,47.2,6.4,752.05,88.5,5.5,34.5,4.6,35.72894067,35.72894067,100
2016-01-2215:20:00,0,18.35666667,38.9,17.29,39.2,18.39,39.29,16.13333333,38.7,16.1,47.7,4.69,93.66333333,16.205,33.58,17.74,41.58111111,15.8,39.1725,3.47,760.6,80.0,5.666666667,34.33333333,0.267,22.77877575,22.77877575,40
2016-05-1823:40:00,0,23.6,41.9,21.5,43.7,24.5,39.76,23.32333333,40.0,21.1,50.79,8.16,46.7,23.2,41.66333333,24.6,45.22571429,22.39,42.29,9.13,749.0333333,94.0,2.666666667,40.0,8.23,30.11819416,30.11819416,70
2016-05-1717:00:00,0,23.89,39.26,24.49857143,35.0,24.39,37.29,23.89,38.0,20.5,44.4,19.254,1.0,23.0,35.2,23.0,40.89,22.79,39.72571429,15.8,757.4666667,64.0,4.333333333,32.66666667,9.0,44.73793723,44.73793723,80
2016-02-1410:40:00,30,20.16666667,40.66333333,18.39,41.56,20.89,39.545,20.6,39.43333333,17.81777778,49.62055556,3.53,92.59,18.87333333,36.66666667,20.72,43.66333333,18.1,41.57,2.7,736.7,95.0,2.666666667,40.0,1.93,39.77711888,39.77711888,40
2016-03-0209:10:00,20,20.0,40.0,18.65,40.745,20.5,38.5,21.29,37.52666667,18.6,47.83333333,6.53,62.02666667,18.2,33.56666667,19.89,43.22333333,18.1,40.995,4.78,746.75,84.16666667,5.333333333,40.0,2.27,9.426946717,9.426946717,40
2016-05-1002:30:00,0,25.1,43.59,23.6,44.46666667,26.79,40.254,25.5,42.5,23.5,48.59,15.26333333,46.23333333,24.2,41.4,25.39,51.29,23.79,48.32142857,15.4,752.65,92.0,2.5,21.0,14.1,1.454015682,1.454015682,50
2016-05-1016:30:00,0,25.29,46.9,25.5,43.82142857,26.79,42.09,25.5,44.62666667,24.0,49.56,23.06333333,5.923333333,25.0,44.09,25.34714286,47.9,24.1,47.4,19.8,749.65,70.0,2.5,40.0,14.2,39.32369637,39.32369637,70
2016-03-1320:30:00,10,21.89,35.46666667,19.39,37.32666667,20.79,36.23,20.5,34.36,19.03333333,58.06666667,4.56,44.16333333,22.1,30.7,24.26,32.26,19.39,37.7,5.45,768.95,75.5,4.0,22.5,1.4,1.742477447,1.742477447,120
2016-02-1601:20:00,10,21.13333333,39.03,18.92666667,40.03,21.06666667,39.79,21.42666667,37.7,18.89,44.12333333,-1.963333333,80.86333333,19.1,32.2,21.5,41.96333333,18.0,39.9,-0.933,769.2,90.33333333,1.0,25.0,-2.37,5.68578901,5.68578901,30
2016-03-0402:50:00,0,21.51428571,36.09,19.5,37.0,20.81857143,38.06428571,19.6,35.29,18.55,52.57875,3.868571429,65.66571429,18.9175,31.625,21.2,44.5,18.5,40.53857143,4.33,745.1666667,73.66666667,7.5,40.0,-0.05,33.99521016,33.99521016,50
2016-03-1007:00:00,0,19.56666667,36.7,16.39,40.79,20.29,37.5,19.7,35.23,17.6,51.09,-0.266666667,61.76666667,18.32333333,36.26666667,19.89,43.56,17.39,40.12666667,-0.6,755.7,91.0,1.0,64.0,-1.9,0.21782798,0.21782798,40
2016-01-2114:00:00,0,18.2,36.86333333,17.32333333,36.23,18.0,38.29,18.66666667,35.89,16.52777778,40.71,2.933333333,96.69,16.80666667,29.215,18.7,36.99944444,15.89,36.32666667,4.4,763.9,56.0,2.0,65.0,-3.8,45.13211768,45.13211768,70
2016-04-2808:10:00,0,20.6,36.43333333,18.8,39.05666667,21.32333333,34.46666667,19.85666667,35.22333333,18.79,51.63333333,4.2,56.895,19.2,29.56666667,21.29,38.26,19.0,35.83333333,2.48,755.85,91.33333333,2.0,23.16666667,1.13,23.70081656,23.70081656,70
2016-05-1309:40:00,30,24.79,48.29,28.73,39.29666667,27.754,43.0,25.57142857,45.09,24.0,49.59,19.5,25.5,24.7,41.9,25.39,46.9,24.2,46.29,16.6,747.3,77.66666667,3.666666667,21.33333333,12.7,22.10964212,22.10964212,80
2016-03-1018:50:00,0,21.63333333,46.89333333,19.6,41.76,20.96,40.06,21.5,35.02666667,17.79,45.19666667,7.133333333,26.5,20.63333333,33.49666667,22.66666667,36.36333333,18.13333333,40.2,6.97,760.5833333,66.66666667,1.833333333,58.0,1.1,34.74794803,34.74794803,120
2016-05-0207:40:00,0,21.2,36.79,18.32333333,40.29,22.2,34.82666667,21.13333333,35.79,19.5,45.79,5.456666667,45.8,19.33,29.79,22.0,39.9,19.5,38.36714286,3.97,764.5,87.33333333,1.0,35.66666667,2.0,21.76197219,21.76197219,340
2016-03-1405:40:00,0,20.29,35.03,16.79,39.9,20.39,37.09,19.39,33.7,18.29,49.4,-0.416666667,68.125,21.26,34.26,22.6,41.09,19.29,39.9,-0.0333,768.4,90.33333333,3.666666667,61.33333333,-1.4,3.314850456,3.314850456,20
2016-01-2413:40:00,10,20.34,46.395,19.73,44.09,20.09666667,49.39333333,18.745,46.0,16.1,72.19388889,8.19,99.9,15.69,43.145,19.0,52.40444444,15.69,48.2,7.27,767.8,99.0,4.0,33.33333333,7.07,7.847620011,7.847620011,330
2016-03-1106:00:00,0,20.39,36.09,16.79,41.66333333,20.5,37.2,19.85666667,34.06,17.79,49.9,0.266666667,71.16333333,19.39,35.5,21.0,42.9,18.16666667,41.06,-1.0,763.6,94.0,1.0,32.0,-1.9,26.96755619,26.96755619,50
2016-05-1707:40:00,0,22.82333333,40.5,21.23,42.16333333,24.07142857,37.03571429,22.7,38.93,19.5,44.82857143,11.67,45.914,23.5,37.48,23.5,39.4,22.7,40.59,9.17,758.7666667,92.33333333,3.666666667,56.33333333,8.0,13.8416286,13.8416286,50
2016-02-1208:30:00,0,20.6,41.73,19.79,40.2,20.79,41.4,19.29,40.36333333,18.6,53.78722222,2.79,92.19,19.6,38.41944444,21.79,46.98111111,18.7,44.36333333,2.55,744.7,92.0,4.5,24.0,1.4,12.71321125,12.71321125,40
2016-05-1807:40:00,0,23.2,41.79,21.2,44.09,24.39,38.5,23.06666667,39.59,21.6,47.134,13.56666667,36.32333333,23.2,39.53,23.39,42.79,22.6,42.95714286,11.5,752.9333333,82.0,2.333333333,25.66666667,8.43,26.69387256,26.69387256,60
2016-02-0615:30:00,0,20.89,44.86333333,20.39,43.2,21.39,44.0,19.7,45.86333333,19.29,55.235,11.56666667,66.89666667,18.79,40.91111111,21.0,47.79,18.89,46.96666667,10.8,748.7,72.5,9.0,40.0,6.0,42.4055862,42.4055862,190
2016-03-2501:50:00,0,21.73,39.4,19.29,42.09,22.2,38.59,20.29,38.59,19.76,52.06,6.69,69.49333333,20.46333333,39.13333333,22.39,47.5,19.39,42.5,6.3,755.25,95.16666667,3.833333333,45.33333333,5.62,32.01991898,32.01991898,50
2016-03-2616:20:00,0,22.0,41.83333333,20.89,42.29,23.35666667,38.29,20.23,40.79,19.89,51.86333333,14.96333333,36.33333333,21.1,37.12666667,22.7,40.89666667,20.0,42.12666667,13.1,752.5,73.0,7.333333333,40.0,8.27,26.42536188,26.42536188,90
2016-04-2200:00:00,0,22.7,37.2,21.1,37.9,23.39,37.29,22.83,34.856,20.5,42.79,12.66,8.966666667,22.1,35.79,22.7,45.06,20.2,38.59,12.9,760.0,62.0,4.0,28.0,5.7,43.18905433,43.18905433,70
2016-05-0913:20:00,0,25.1,40.345,27.39,33.76666667,26.39,37.79,25.1,39.09,23.26,43.0,27.45285714,1.0,24.03333333,37.73,23.89,42.2,23.6,41.4,22.3,752.8666667,47.0,3.0,40.0,10.5,24.14412058,24.14412058,360
2016-02-0422:50:00,30,22.7,43.9,21.89,42.59,22.07222222,44.23666667,20.85666667,45.4,19.29,76.77666667,7.8,95.03,18.43277778,40.72277778,21.39,51.60444444,18.29,46.29,6.65,765.15,94.5,2.0,28.66666667,5.82,10.21410574,10.21410574,60
2016-05-0509:00:00,0,22.29,33.63,24.99666667,28.05666667,23.46333333,34.09,22.6,31.745,20.79,39.83333333,15.32666667,1.0,21.79,31.52571429,23.14285714,37.53857143,20.82333333,37.43333333,11.3,762.8,53.0,3.0,40.0,1.9,31.01819062,31.01819062,120
2016-02-0104:10:00,20,21.39,47.09,20.56666667,47.09,21.7,46.7,18.89,49.29,19.6,52.2,10.83,99.9,19.02777778,51.09555556,21.18333333,58.46111111,17.6,52.79,10.8,758.15,94.16666667,6.333333333,62.16666667,9.83,40.00957221,40.00957221,40
2016-05-1004:20:00,0,25.0,44.16333333,23.29,45.5,26.6,40.4,25.39,42.7,23.5,48.7,14.69,52.96333333,24.2,41.59,25.39,50.86857143,23.80428571,49.41428571,14.7,751.9333333,97.0,1.0,20.33333333,14.3,42.11456602,42.11456602,50
2016-04-0913:10:00,0,22.0,40.33333333,21.73,38.66333333,22.29,38.7,20.79,37.4,20.0,45.86857143,15.5,4.278571429,21.85666667,33.5,23.1,36.93333333,20.5,39.56,12.5,749.8333333,56.33333333,7.0,40.0,3.93,16.0513212,16.0513212,90
2016-01-1123:30:00,20,21.5,44.23,20.92666667,43.76,20.29,45.79,20.865,46.5675,19.29,50.86333333,5.623333333,86.59333333,17.7,43.4,19.39,50.46333333,16.89,45.43333333,5.6,736.6,89.5,6.5,31.0,3.95,20.56372148,20.56372148,70
2016-03-2818:20:00,0,23.6,42.36666667,22.0,39.66333333,23.73,38.93333333,21.5,39.59,20.29,46.09,9.835,31.15388889,21.89,31.6,23.29,35.531875,20.5,40.83,10.1,743.5333333,67.0,6.333333333,32.66666667,4.17,18.94494697,18.94494697,240
2016-03-2923:00:00,20,22.13333333,40.46666667,19.85666667,42.0,22.79,38.62666667,21.39,39.76,20.1,46.86333333,9.1,50.26,21.1,33.26,24.7,43.02666667,20.29,38.62666667,9.6,750.1,76.0,6.0,40.0,5.6,47.27923499,47.27923499,60
2016-05-1018:50:00,0,25.29,48.59,24.38,47.92285714,25.956,44.27,25.39,46.33333333,25.26,84.63333333,21.35666667,11.56333333,24.89,44.2,25.956,49.796,24.2,47.2,18.8,749.1333333,78.83333333,3.166666667,40.0,15.0,0.20858763,0.20858763,100
2016-04-0418:50:00,0,23.6,48.43333333,22.0,47.92666667,25.46333333,40.59,22.0,44.36,21.6,68.69333333,14.39666667,20.16333333,21.79,37.4,25.03333333,42.73,20.79,43.4,13.1,749.0166667,76.33333333,3.166666667,40.0,9.05,36.38934817,36.38934817,120
2016-01-1315:50:00,0,19.29,40.56666667,18.73,39.56,19.29,42.13333333,19.29,40.5,17.39,49.12666667,7.626666667,51.82333333,18.7,35.73,18.66666667,43.0,17.0,41.0,6.38,757.3833333,64.0,4.333333333,40.0,0.0833,26.36553885,26.36553885,80
2016-03-0905:30:00,0,19.7,37.0,16.5,41.2,20.56666667,37.9,18.53333333,35.12666667,17.6,47.0,4.09,63.36,18.42666667,35.26666667,19.89,43.43333333,17.6,40.09,3.85,748.4,71.5,6.5,40.0,-0.9,46.48757831,46.48757831,20
2016-05-1410:00:00,0,24.39,35.79,23.956,34.994,24.5,33.5,24.89,34.7,25.11875,78.5375,11.66,1.0,24.29,30.03333333,25.254,37.42,23.5,35.42857143,9.1,756.2,65.0,5.0,40.0,2.9,17.61518656,17.61518656,430
2016-03-2616:40:00,0,22.0,42.03,20.79,42.43333333,23.26,38.36333333,20.29,42.09333333,19.89,51.56,14.74,36.575,21.06666667,37.2,22.84,42.245,20.0,42.2,13.4,752.2,72.0,6.666666667,40.0,8.33,28.26464648,28.26464648,100
2016-04-1103:30:00,0,22.1,39.4,19.6,42.29,23.2,39.79,21.29,38.29,20.39,50.79,9.66,26.39,22.29,38.2,22.2,38.33714286,20.76,43.76,9.25,750.3,73.5,4.5,27.5,4.7,29.41468232,29.41468232,50
2016-04-0906:10:00,0,20.79,40.4,17.7,45.2,23.1,39.79,20.2,38.0,20.15714286,46.9,2.29,55.13333333,21.29,37.754,22.7,42.23,20.39,43.2,3.2,751.1666667,93.0,1.166666667,21.0,2.1,43.96937686,43.96937686,50
2016-05-1307:00:00,0,24.89,47.29,22.89,49.4,26.39,43.0,24.86142857,44.63714286,24.0,49.86333333,12.66666667,56.62666667,24.7,41.5,25.87,47.856,24.15571429,47.63714286,12.1,746.5,99.0,1.0,58.0,11.9,41.75974753,41.75974753,110
2016-05-2305:00:00,0,23.89,47.46666667,21.7,49.9,26.2,44.32666667,23.5,45.26,22.89,50.9,10.8,52.5,23.456,41.254,25.1,49.29,23.29,49.96,10.9,753.4,95.0,3.0,57.0,10.2,0.781173038,0.781173038,90
2016-04-2620:50:00,10,22.2,36.29,20.2,37.45,22.0,35.145,20.29,32.79,19.5,52.36666667,3.9,38.29666667,19.89,27.82666667,22.79,36.495,19.2,32.09,3.1,749.6166667,84.16666667,5.833333333,28.33333333,0.583,29.02490984,29.02490984,90
2016-04-0115:10:00,0,22.39,38.46666667,22.53333333,36.7,22.39,37.9,21.1,37.09,19.7,46.2,13.2725,25.6225,21.2,32.09,22.79,39.29,20.46333333,41.06,10.8,760.6333333,56.83333333,3.166666667,38.16666667,2.42,36.0969253,36.0969253,50
2016-05-2219:10:00,0,24.89,52.29,23.73,52.03,26.29,46.0,24.29,50.12666667,23.0,54.7675,15.46,38.43,23.7,47.13111111,26.1,53.28142857,23.2,50.69625,16.0,749.9166667,94.0,2.0,28.33333333,15.0,42.34737908,42.34737908,110
2016-05-1806:50:00,0,23.2,41.7,20.98428571,44.4,24.46333333,38.46666667,23.06666667,39.36333333,21.5,47.79571429,11.42666667,41.26,23.2,40.26,23.5,43.4,22.6875,43.47375,10.7,753.2666667,84.66666667,1.0,24.33333333,8.12,29.93813006,29.93813006,50
2016-01-2604:20:00,0,20.6,43.9,19.85666667,43.46666667,20.6,44.36333333,19.79,45.5,17.7,52.62055556,7.763333333,99.9,17.7,42.29,18.39,48.7,17.0,48.86333333,8.03,764.0,93.33333333,2.666666667,36.0,7.07,8.203058236,8.203058236,50
2016-04-2923:40:00,0,22.79,36.59,20.2,38.96666667,22.66666667,36.36333333,19.79,38.29,19.2,43.4,7.09,51.46333333,19.2,34.2,21.79,46.52666667,18.92666667,39.36333333,6.97,756.3666667,94.33333333,2.333333333,28.66666667,6.13,16.03854693,16.03854693,40
2016-02-0611:50:00,0,21.0,45.09,20.32333333,43.7,21.7,43.79,20.0,46.16333333,21.62444444,89.95888889,10.4,76.73333333,18.5,41.4,20.445,51.68,18.89,47.86333333,9.72,752.2166667,78.83333333,8.5,40.0,6.17,12.81496092,12.81496092,70
2016-01-2819:00:00,0,19.29,44.2,18.46333333,44.26,19.79,44.09,17.96333333,44.4,17.17222222,51.97222222,1.966666667,92.06,18.6,38.9,18.57222222,45.5,17.1,45.73,1.8,765.7,91.0,3.0,27.0,0.4,19.17556138,19.17556138,50
2016-04-0713:50:00,0,22.0,39.96666667,22.2,38.29,22.39,38.29,21.5,38.59,20.39,54.26,12.84,8.478,21.83428571,33.63714286,22.0,37.46666667,20.79,41.59,10.8,752.8,58.5,7.833333333,40.0,2.85,1.165248873,1.165248873,60
2016-03-1318:50:00,0,22.42666667,37.02666667,20.26,37.8,20.89,36.59,20.89,35.19333333,18.42666667,45.16333333,7.496666667,29.79333333,22.7225,30.2,24.89,34.53,19.39,37.96666667,6.97,768.65,68.0,3.5,25.5,1.42,34.68067528,34.68067528,140
2016-03-3109:50:00,0,21.39,39.0,18.92666667,42.5,22.39,37.76,20.5,39.7,21.65666667,89.6,8.16,63.56,20.29,34.59,22.92666667,42.93333333,20.1,39.86333333,6.6,754.3833333,92.5,2.833333333,37.33333333,5.48,35.7602327,35.7602327,90
2016-02-1204:40:00,0,21.1,41.0,20.29,40.32666667,21.2,42.26,19.7,41.86333333,18.79,55.29,1.633333333,91.3,20.0,40.46611111,22.36777778,49.48888889,18.7,45.0,1.83,746.5,95.0,2.666666667,63.33333333,1.13,21.93896133,21.93896133,60
2016-04-2416:20:00,0,22.03333333,36.23,20.1,37.29,22.7,34.4,21.7,34.4,20.46333333,45.33333333,6.626666667,36.26333333,22.1,30.2,23.7,35.86333333,20.56666667,37.09,6.27,757.3333333,70.33333333,6.666666667,40.0,1.13,35.05693693,35.05693693,80
2016-04-1220:20:00,0,23.03333333,44.19333333,21.5,43.26666667,25.46333333,43.06333333,22.89,37.7,21.79,78.88,10.06333333,18.09666667,21.89,33.7,23.55714286,43.09285714,21.1,41.59666667,11.0,751.1,72.66666667,1.666666667,40.0,6.2,42.97397541,42.97397541,310
2016-04-1105:00:00,0,21.92666667,39.2,19.5,42.43333333,23.2,39.79,21.2,38.2,20.39,50.22571429,10.1,23.93,22.2,37.9,21.87,37.552,20.79,43.9,8.8,750.1,75.0,4.0,28.0,4.5,27.52623433,27.52623433,80
2016-03-3003:40:00,0,21.6,40.4,19.2,42.79,23.1,39.09,21.1,39.5,20.06666667,46.46666667,8.89,42.93333333,20.96333333,34.0,23.79,44.66333333,20.39,41.5,9.1,750.8333333,75.66666667,5.333333333,40.0,4.97,26.99532441,26.99532441,50
2016-05-2300:40:00,0,24.5,48.32666667,22.2,50.4,26.29,45.03,23.79,46.2,23.0,52.16333333,11.3,52.59,23.57142857,42.47142857,25.79,50.26666667,23.2,49.5,11.4,752.1333333,96.66666667,4.0,57.66666667,10.8,49.28907221,49.28907221,60
2016-05-1103:20:00,0,24.7,47.29,22.83,49.536,26.7,43.4,24.945,45.4,24.0,57.2,14.8,57.736,24.5,42.79,26.03333333,52.2,24.02857143,47.05142857,14.6,748.8,94.66666667,2.0,36.33333333,13.7,43.00777988,43.00777988,50
2016-04-1403:10:00,0,21.29,41.29,18.29,45.4,23.7,39.59,21.5,38.5,20.5,46.7,3.79,55.86333333,20.79,35.09,22.79,44.2675,20.39,46.16333333,1.62,753.8833333,99.0,1.0,2.666666667,1.52,0.94265152,0.94265152,50
2016-02-1102:50:00,0,20.7,43.4,20.1,41.36333333,21.0,42.09,19.39,43.5,19.29,65.99277778,3.723333333,92.56,20.1,41.5,22.6,49.86277778,18.89,44.5,4.0,748.1666667,97.0,3.0,57.66666667,3.5,32.54076899,32.54076899,50
2016-02-1909:30:00,0,19.63333333,37.13333333,17.63333333,37.03,19.7,36.7,18.1,34.86333333,17.34714286,41.12571429,-0.566666667,85.73,17.1,30.29,19.23857143,38.72285714,17.39,36.96,1.15,760.5,91.0,2.5,42.0,-0.15,38.66741525,38.66741525,70
2016-03-2701:10:00,0,22.89,40.79,20.89,42.7,23.03333333,39.43333333,20.1,41.4,20.56666667,51.5,8.93,67.0,20.89,39.59,23.85666667,45.5,19.89,42.2,8.15,748.65,90.0,7.0,63.16666667,6.53,42.79836647,42.79836647,60
2016-03-2809:50:00,30,21.39,40.59,18.79,45.0,22.39,37.9,20.0,40.26,19.79,47.56,8.86,66.73,21.29,39.09,22.76,44.32666667,20.2,42.2,8.85,739.1666667,82.0,12.16666667,38.0,5.95,10.96217297,10.96217297,110
2016-02-2222:30:00,20,21.79,43.0,20.53333333,43.7,21.5,42.23,21.39,42.83333333,19.79,58.52285714,5.623333333,88.03,19.29,42.03,21.89,47.9,18.5,44.0,5.1,753.55,97.0,1.0,20.0,4.6,13.05876211,13.05876211,50
2016-02-2117:20:00,20,21.5,48.5,20.63333333,44.9,21.5,43.32,21.66666667,45.6,18.6,58.736,12.3,80.13,18.29,44.9,22.1,49.02666667,18.39,46.79,12.0,754.9333333,84.0,11.0,40.0,9.33,44.44119777,44.44119777,110
2016-02-1619:10:00,20,21.6,39.25666667,19.6,35.63333333,20.89,35.46333333,19.39,33.49333333,19.23,37.79333333,-1.163333333,61.19666667,21.1,25.2,22.7,33.23,18.29,38.7,0.883,770.15,69.16666667,1.0,38.16666667,-4.2,25.30868992,25.30868992,120
2016-05-2322:10:00,20,24.89,44.73,22.82333333,45.29,25.7,42.03,24.29,44.7,23.736,58.592,11.1,29.93,23.5,38.15285714,25.13333333,47.09,22.7,42.36333333,11.3,759.3166667,81.5,3.833333333,40.0,8.15,33.05355592,33.05355592,70
2016-04-2617:10:00,0,20.89,37.29,19.5,37.86333333,21.7,35.0,20.6,34.43333333,19.39,43.09,6.8,35.8,20.29,30.16666667,21.76,38.26,19.5,34.79,5.38,748.5833333,71.83333333,6.0,40.0,0.517,41.09994192,41.09994192,100
2016-02-2813:30:00,0,20.89,34.93333333,19.79,34.66333333,20.2,35.29,20.03333333,34.23,17.39,46.554,5.8,27.43,21.1,30.5,21.85666667,36.9,18.29,39.93333333,5.55,757.3,52.5,8.5,34.0,-3.5,32.95068833,32.95068833,40
2016-04-1312:50:00,10,22.1,41.7,20.35666667,43.66333333,23.32333333,39.23,22.0,39.9,20.73,45.5,12.434,38.874,21.1,36.46666667,21.6,40.95428571,20.5,39.76,10.5,751.55,83.5,2.666666667,40.0,7.73,43.38998839,43.38998839,90
2016-04-2214:50:00,0,22.79,36.16333333,23.0,33.79,26.63333333,36.53,23.1,34.2,20.7,42.0,16.9,1.0,22.0,30.39,22.79,37.16333333,20.63333333,38.82666667,13.3,758.5666667,55.16666667,6.0,40.0,4.42,12.46190739,12.46190739,80
2016-02-2916:20:00,0,21.73,32.93333333,19.79,33.26,23.6,38.46666667,19.79,31.46333333,17.16666667,47.2,6.3,22.76,22.79,24.13333333,23.1,30.06666667,18.5,38.2,6.03,762.4333333,47.33333333,5.0,40.0,-4.43,44.22251976,44.22251976,240
2016-03-0419:50:00,10,21.34714286,38.81142857,19.29,39.35875,21.79,37.02571429,18.89,35.63714286,18.05,45.6675,2.4125,75.47125,18.90571429,31.02857143,21.39,38.59,18.42142857,37.52571429,2.7,739.8666667,91.16666667,1.0,25.0,1.37,38.46277143,38.46277143,100
2016-03-1921:10:00,0,22.29,36.09,20.1,38.2,22.2,35.0,21.1,33.73,18.6,43.79,6.69,39.63,19.2,29.26,22.82333333,35.23,19.2,34.59,5.83,762.5833333,79.33333333,3.166666667,22.33333333,2.48,4.90003397,4.90003397,100
2016-02-1208:40:00,0,20.6,41.56,19.73,40.12666667,20.79,41.29,19.29,40.15666667,18.6,53.55722222,2.79,92.12333333,19.6,38.09722222,21.78,46.69166667,18.7,44.36333333,2.6,744.6333333,91.66666667,4.333333333,25.0,1.4,36.9925308,36.9925308,60
2016-04-2205:00:00,0,22.29,37.2,20.03333333,39.12666667,23.5,37.79,22.7,35.0,20.39,43.29,9.66,15.66333333,21.978,36.42,22.39,43.5,20.35666667,40.26,9.7,759.8,68.0,4.0,29.0,4.0,17.99605894,17.99605894,70
2016-05-1911:10:00,0,23.2,41.7,25.29,36.0,24.29,38.79,23.39,39.9,21.22571429,47.56714286,16.66666667,4.96,23.06,37.334,22.79,39.62142857,22.6,42.41,12.0,753.5,73.66666667,2.0,40.0,7.3,43.15250263,43.15250263,50
2016-02-2720:10:00,10,21.315,35.2675,19.96333333,35.32666667,20.89,35.32666667,19.7,32.92666667,18.35,69.574,2.59,43.03,20.0,26.6,22.29,36.59,18.06666667,38.56,2.88,752.6,64.5,5.0,26.0,-3.22,22.73587055,22.73587055,110
2016-05-0802:10:00,0,24.5,39.0,22.79,39.245,25.7,38.79,24.2,37.29,22.39,51.23,12.618,25.74,23.76428571,39.55142857,24.754,44.09,22.5,42.95714286,12.3,751.7833333,85.16666667,1.166666667,37.83333333,9.78,49.97212789,49.97212789,60
2016-01-1213:00:00,0,20.16666667,46.99333333,19.2,43.76,19.89,44.79,19.89,44.16333333,17.89,50.56,7.5,81.0,18.0,39.59,18.5,47.12666667,17.16666667,44.62666667,7.5,743.5,79.0,7.0,40.0,4.1,49.591931,49.591931,60
2016-01-1214:40:00,0,20.0,44.06,19.03333333,43.23,19.945,44.9,19.6,43.12666667,17.79,51.0,6.9,77.63333333,18.06666667,39.06,18.5,47.0,17.1,44.0,6.93,743.7,77.66666667,6.0,40.0,3.23,28.74360991,28.74360991,200
2016-05-1306:20:00,0,24.89,47.29,22.736,49.5,26.35666667,43.12666667,24.89,44.2,24.0,50.0,12.03333333,56.23,24.7,41.4,25.945,48.78,24.37571429,49.25142857,12.2,746.3,97.66666667,1.0,44.0,11.8,40.40483909,40.40483909,190
2016-03-0216:00:00,0,21.1,36.36333333,19.89,35.62666667,20.5,37.2,20.39,34.79,18.1,45.2,7.133333333,57.42333333,19.39,30.06666667,21.26,38.86,18.42666667,41.43333333,6.8,742.3,70.0,10.0,24.0,1.7,13.22304503,13.22304503,80
2016-02-1612:20:00,0,20.39,36.62666667,19.0,35.96333333,21.53333333,35.09,19.85666667,35.76,18.39,39.96333333,2.23,80.36,19.06666667,29.16666667,20.46333333,36.23,18.0,37.79,3.17,772.0333333,66.33333333,4.0,40.0,-2.6,36.08253383,36.08253383,40
2016-04-2901:10:00,0,20.5,34.09,17.82333333,36.53,22.35666667,35.2,19.89,32.5,18.79,40.7,2.863333333,31.36333333,19.29,28.2,21.73,40.53,18.79,36.76,3.51,755.5222222,80.44444444,3.722222222,40.0,0.422,43.27733002,43.27733002,70
2016-03-2700:50:00,0,22.89,40.93333333,21.06666667,42.76,23.06666667,39.5,20.1,41.29,20.6,51.43333333,9.996666667,61.89333333,20.89,39.33333333,23.89,45.23,19.89,42.06,9.17,748.25,84.16666667,8.0,59.16666667,6.38,2.300779859,2.300779859,30
2016-03-1601:20:00,30,21.29,41.29,18.2,46.79,20.73,38.5,21.2,37.2,18.7,47.5,4.433333333,69.36666667,20.6,29.89,22.7,43.03,19.6,38.7675,4.6,764.5,92.0,2.666666667,54.66666667,3.33,20.14746118,20.14746118,60
2016-01-2300:10:00,0,17.6,41.29,16.6,41.79,17.89,40.29,15.53333333,40.96666667,15.72055556,48.5,4.623333333,99.72666667,15.89,36.39388889,17.0,44.09,15.33,40.66333333,4.52,763.1,100.0,4.833333333,7.333333333,4.52,46.74584927,46.74584927,50
2016-03-1622:00:00,0,22.6,35.16333333,20.1,36.62666667,23.0,35.4,21.63333333,32.19333333,18.7,43.59,3.73,28.52666667,20.06666667,24.96333333,23.5,34.53,19.5,34.03,4.4,765.6,64.0,5.0,23.0,-1.8,29.58565869,29.58565869,90
2016-05-1207:40:00,0,24.79,47.03,23.48142857,48.55428571,26.02,43.4,25.1,44.2,23.82333333,52.59,14.82333333,58.33333333,24.6,41.53,25.5,48.4,24.0,47.09,12.5,744.3,99.0,1.0,30.33333333,12.3,49.95052963,49.95052963,50
2016-05-0422:10:00,0,23.39,33.82666667,21.7,33.95,23.13333333,35.59,23.0,33.0,21.1,40.79,8.36,9.293333333,22.5,34.08,25.0,38.46571429,20.39,34.79,10.5,764.3166667,58.33333333,2.833333333,40.0,2.65,41.60971233,41.60971233,70
2016-03-1121:00:00,10,21.5,35.46666667,19.6,37.0,20.39,35.5,20.0,33.43333333,17.79,45.26,5.063333333,38.63333333,20.5,27.92666667,22.73,35.06666667,18.5,39.2,6.0,766.0,73.0,2.0,64.0,1.4,2.222353534,2.222353534,80
2016-02-2006:10:00,0,19.16666667,38.53,17.5,40.4,20.6,37.754,17.7,38.59,17.0,45.312,6.433333333,91.33333333,17.79,33.9,19.5,45.9,17.7,42.59,6.65,753.95,93.33333333,9.666666667,42.0,5.62,19.36206118,19.36206118,50
2016-03-1004:40:00,0,19.89,36.9,16.89,40.59,20.29,37.29,20.2,35.53,17.79,51.9,2.0,56.49333333,18.29,35.76,20.1,44.12666667,17.39,39.36333333,0.667,753.8666667,87.0,1.333333333,65.0,-1.33,48.34461744,48.34461744,50
2016-02-2314:00:00,20,21.5,44.46666667,19.82333333,44.53,21.29,41.26,21.89,38.93333333,18.6,50.7,4.5175,86.475,19.1,35.93,20.39,42.02666667,18.5,40.15285714,5.8,756.5,81.0,3.0,40.0,2.8,42.1219731,42.1219731,70
2016-05-1512:40:00,0,23.2,35.76,23.2,33.254,24.1,34.9,23.79,33.86333333,23.18,37.516,14.66333333,1.0,23.7,28.29,25.2,35.09,22.93714286,33.38428571,11.1,762.1,56.0,5.0,40.0,2.63,48.42292236,48.42292236,100
2016-04-2115:20:00,0,23.0,34.9,23.39,31.73,23.1,35.32666667,23.0,33.16857143,20.79,38.29,21.29,1.0,22.83,28.62,21.53333333,37.65666667,20.2,36.7,18.6,760.7,38.66666667,4.666666667,40.0,4.23,13.39286529,13.39286529,50
2016-03-2612:40:00,20,21.5,41.29,20.0,43.12666667,24.2,39.89,20.23,40.96666667,20.1,67.03333333,14.06333333,45.1,20.89,37.96333333,22.35666667,41.26666667,19.89,41.82666667,12.3,754.7666667,70.0,9.333333333,40.0,6.87,0.308363221,0.308363221,130
2016-03-0315:30:00,0,21.39,36.83714286,20.08571429,36.72571429,20.39,37.55,21.62222222,34.60444444,17.95111111,44.77,7.768571429,54.91,20.48625,29.84,21.7,36.28125,18.6625,41.4625,7.75,748.75,67.0,4.5,40.0,1.95,17.42853187,17.42853187,60
2016-01-1607:50:00,10,21.2,39.96333333,20.315,39.55,20.63333333,42.23,20.06333333,43.03,18.96333333,48.46666667,0.966666667,95.12333333,18.6,42.16333333,19.73,49.5,17.89,47.29,1.17,762.4833333,96.0,3.0,63.0,0.567,29.39639662,29.39639662,390
2016-05-2321:20:00,20,25.1,44.7,23.2,44.59,25.7,41.79,24.2,44.26,23.89,60.88,11.93333333,26.26,23.6,38.0,25.23,46.39,22.6,41.0,12.0,759.2333333,79.0,5.333333333,40.0,8.43,23.29694334,23.29694334,70
2016-04-2223:30:00,0,22.7,39.2,20.6,39.46666667,24.89,36.09,22.478,35.178,21.1,59.83333333,9.533333333,24.03,21.5,32.29,23.7,44.16333333,20.5,38.62666667,9.65,756.95,72.0,5.0,34.5,4.85,27.00993076,27.00993076,50
2016-04-0320:30:00,0,22.2,44.53,21.66666667,44.09,22.63333333,41.76666667,21.26,45.16333333,19.79,49.5,16.23,34.3,21.29,41.65666667,24.39,47.82666667,20.29,45.2,17.1,749.35,67.5,2.5,40.0,10.9,24.21117625,24.21117625,110
2016-05-1806:40:00,0,23.2,41.7,20.89,44.4,24.39,38.4,23.0,39.29,21.456,48.016,11.16,41.46333333,23.23,40.59666667,23.6,43.66857143,22.7,43.5,10.6,753.3333333,85.33333333,1.0,23.66666667,8.13,46.94031532,46.94031532,50
2016-04-1517:10:00,0,22.63333333,39.66333333,21.79,38.26,24.16666667,37.2,22.5,38.46277778,20.79,43.82666667,16.99333333,6.893333333,22.0,32.49714286,23.35,40.576,20.89,42.52666667,15.2,746.5166667,54.27777778,8.611111111,32.66666667,5.96,8.383213205,8.383213205,70
2016-04-0703:40:00,0,21.1,41.29,18.2,44.66333333,23.1,39.59,20.79,39.09,20.29,51.1725,4.123333333,55.66666667,21.08571429,37.98571429,21.72571429,38.9,20.6,43.9,5.17,751.6333333,87.33333333,5.0,35.33333333,3.23,32.22722213,32.22722213,30
2016-03-1020:40:00,20,22.1,37.93333333,19.79,39.12666667,21.29,38.16333333,21.5,35.73,17.79,46.86333333,5.14,40.19,19.79,29.5,22.39,36.76,18.1,40.09,5.27,761.6666667,72.33333333,2.0,63.66666667,0.567,31.45494785,31.45494785,140
2016-04-1811:40:00,0,21.79,38.19333333,23.79,32.65666667,22.39,36.29,23.0,35.2,20.2,42.8,13.415,6.3425,20.65714286,29.28285714,21.7,36.89,20.82333333,38.65666667,10.1,761.9,55.33333333,3.666666667,36.33333333,1.3,35.73507153,35.73507153,90
2016-05-2023:20:00,0,23.26,44.86333333,21.79,45.536,24.79,41.79,23.32333333,43.29,22.7,51.65428571,13.22666667,41.86333333,22.89,40.36857143,23.478,50.478,22.56666667,44.79,13.5,758.2,87.66666667,1.333333333,36.33333333,11.5,3.037278645,3.037278645,50
2016-04-1403:30:00,0,21.29,41.29,18.29,45.43333333,23.6,39.5,21.42666667,38.43333333,20.5,46.7,3.626666667,55.73,20.79,35.09,22.7,44.16333333,20.39,46.09,1.45,753.85,99.0,1.0,2.0,1.35,42.80216834,42.80216834,50
2016-03-0509:00:00,0,19.85666667,38.33333333,17.2,41.06,20.7,37.46666667,18.39,36.9,18.29,42.66333333,2.56,79.83333333,18.2,32.2,20.53333333,43.06666667,18.39,41.33333333,1.8,741.5,96.0,1.0,42.0,1.2,39.35721483,39.35721483,30
2016-01-2511:00:00,0,19.85666667,44.33333333,19.29,43.9,20.13333333,44.2,17.96333333,46.03,18.0,49.00444444,8.19,99.9,16.5,42.65722222,17.84,48.9,16.6,48.82666667,10.6,763.3,68.0,4.0,40.0,4.8,15.73356182,15.73356182,50
2016-04-2015:10:00,0,22.76,32.66333333,22.89,30.13333333,22.39,35.56,22.79,32.75142857,19.79,40.19333333,15.42666667,1.0,22.218,26.296,22.5,34.22333333,20.29,35.46666667,14.4,766.3333333,37.5,6.166666667,29.16666667,0.0667,37.352634,37.352634,110
2016-02-0312:50:00,0,22.53333333,44.86,21.6,42.72333333,21.98777778,44.5,22.1,40.86,19.1,55.39388889,6.466666667,63.93,19.29,34.53666667,20.51666667,41.61222222,18.6,45.66333333,6.48,760.1666667,64.5,8.0,40.0,0.183,34.91097783,34.91097783,70
2016-05-1914:20:00,0,23.6,41.36333333,24.5,36.59,24.56666667,38.7,23.6,39.4,21.42142857,46.52571429,20.06666667,1.0,23.27714286,36.12428571,22.79,38.76857143,22.6,41.72571429,16.6,754.7333333,48.33333333,1.0,40.0,5.5,12.93664526,12.93664526,50
2016-02-2801:50:00,0,20.82333333,35.03,18.89,35.59,20.79,36.29,19.2,33.4,17.7,51.77714286,0.466666667,56.46666667,19.6,33.03714286,21.79,39.73,18.0,39.7,0.717,753.9833333,74.0,4.833333333,22.83333333,-3.47,41.63762021,41.63762021,50
2016-04-1810:10:00,0,21.5,39.43333333,23.56666667,36.66,22.39,36.73,22.76428571,37.06428571,20.1,44.29,11.23333333,27.99666667,20.61428571,31.39,21.7,38.29,20.92666667,39.29,8.18,761.8166667,74.33333333,3.0,38.16666667,3.77,28.01236733,28.01236733,60
2016-04-2513:30:00,10,20.79,37.79,19.2,39.2,22.0,34.9,21.29,36.634,19.89,40.79,10.19666667,38.59,21.0,32.45714286,22.53333333,37.29,19.79,36.0,8.7,751.45,80.0,5.0,34.5,5.4,33.85724791,33.85724791,50
2016-02-1705:30:00,0,20.39,35.4,17.89,37.09,20.6,38.43333333,18.89,34.9,18.35666667,50.9,-4.9,79.3,19.0,29.7,21.23,41.53,18.2,39.79,-3.2,765.0,87.0,2.0,20.0,-5.1,36.73680153,36.73680153,50
2016-01-2516:20:00,0,21.0,43.09,20.1,43.2,20.5,44.4,18.5,44.73,18.73,47.78722222,11.29333333,78.82666667,19.715,38.845,20.47555556,45.07,17.1,48.9,11.9,762.0333333,63.66666667,5.333333333,40.0,5.07,39.56356075,39.56356075,50
2016-05-2517:10:00,0,24.5,37.69333333,24.26,34.56,25.2,37.714,24.39,38.4,20.79,51.82285714,19.3,1.0,23.236,34.29,24.5,39.0,21.89,36.96333333,16.1,756.1833333,51.83333333,1.166666667,29.16666667,6.12,22.52353522,22.52353522,80
2016-05-0318:30:00,0,23.39,35.73333333,22.46333333,31.86,23.29,35.59,22.865,32.7,21.7,36.36333333,14.06666667,1.0,21.93125,27.78,23.89,35.76,20.456,37.134,13.9,764.7,39.0,4.5,34.5,0.0,33.09102887,33.09102887,130
2016-02-0102:40:00,10,21.7,47.0,20.79,46.7,21.7,46.5,19.0,49.29,19.7,52.275,11.3,99.9,19.0,50.43777778,21.29,58.46277778,17.39,52.12666667,11.2,757.1,91.33333333,7.666666667,50.0,9.87,6.793305313,6.793305313,20
2016-04-3016:20:00,0,21.89,37.05666667,21.1,36.13333333,23.85666667,34.4,20.2,37.69333333,19.7,50.8,12.39,2.966666667,19.63333333,30.2,22.79,37.9,19.5,38.0,10.6,759.9333333,62.66666667,6.0,40.0,3.73,10.61524516,10.61524516,560
2016-02-1616:10:00,0,21.79,34.73,20.0,35.43333333,21.29,35.09,20.1,34.43333333,19.2,38.4,4.5,43.145,22.0,25.63333333,22.76,32.23,18.29,40.09,4.6,770.7166667,51.5,2.166666667,40.0,-4.58,44.91486488,44.91486488,50
2016-03-2010:00:00,0,20.79,36.59,18.03333333,38.92333333,21.6,35.26,19.79,34.09,18.79,66.1,6.4,45.62333333,19.0,30.2,21.79,36.96666667,19.39,38.26,5.6,761.8,78.0,3.0,28.0,2.1,24.47622997,24.47622997,100
2016-02-0211:00:00,20,21.73,47.69333333,21.1,45.7,22.39,45.2,21.1,48.36333333,19.53888889,56.245,9.263333333,99.9,18.72,45.225,20.29,52.10222222,18.2,50.7,9.0,757.2,97.0,6.0,63.0,8.5,48.91368332,48.91368332,80
2016-05-0608:10:00,0,22.79,37.05,22.39,36.53,23.36,35.72666667,22.56666667,35.56,19.56666667,53.69666667,15.43333333,18.16666667,22.2,35.09,22.79,41.56,21.29,42.2,11.3,755.15,76.83333333,1.0,40.0,7.32,32.45798607,32.45798607,110
2016-03-1002:20:00,0,20.29,37.0,17.46333333,40.06,20.13333333,37.09,21.23,35.36,18.0,53.43,4.156666667,53.43333333,18.29,35.46666667,20.29,44.29,17.35666667,38.29,1.4,752.4,83.66666667,1.0,21.33333333,-1.07,31.97718583,31.97718583,40
2016-04-2518:30:00,20,21.16666667,42.06666667,19.39,43.49,21.79,36.29,21.1,37.84285714,19.79,42.46666667,6.4,57.59666667,20.7,33.2,22.79,39.79,19.6,36.86333333,6.75,748.6,93.5,5.0,38.0,5.75,32.49721256,32.49721256,110
2016-05-1703:10:00,0,22.79,39.4,20.5,40.73,24.6,37.9,22.79,37.4,20.26428571,42.56428571,8.937142857,38.38428571,23.5,36.2,24.05,40.245,22.7,40.59,9.1,759.9333333,86.83333333,2.0,33.83333333,6.95,33.43004517,33.43004517,60
2016-02-2518:40:00,10,21.06666667,45.76666667,19.46333333,38.3,21.6,36.43333333,21.03333333,34.22666667,17.83285714,46.26428571,4.123333333,68.16333333,19.1,30.79285714,21.39,37.0,18.06666667,36.56,3.5,756.8666667,78.33333333,2.0,28.33333333,0.0333,9.907470248,9.907470248,100
2016-05-2607:00:00,0,23.63506494,41.89168831,22.44584416,42.95324675,24.99376623,39.33311688,23.42506494,40.11038961,21.2938961,50.59016234,11.8061039,49.91688312,23.2074026,39.03636364,23.73311688,43.76928571,22.1,43.94766234,8.5,757.0,100.0,1.0,1.0,8.5,45.6706048,45.6706048,80
2016-04-1416:40:00,0,22.7,39.4,22.6,37.29,23.29,38.09,23.29,38.0,20.6,44.06,17.29,3.811428571,21.754,33.09,23.6,39.79,20.7,40.5,16.4,752.9666667,49.0,4.333333333,40.0,5.53,9.319779405,9.319779405,60
2016-02-1920:10:00,0,20.56666667,37.16333333,18.7,38.06,21.79,36.2,18.79,36.2,17.2,45.156,3.09,75.86666667,18.6,30.1,20.35,37.254,17.79,40.95285714,4.1,759.4333333,81.0,4.333333333,40.0,1.02,48.84129658,48.84129658,40
2016-03-2004:10:00,0,21.29,36.2,18.5,39.03,22.1,36.5,20.23,34.7,18.46333333,44.66333333,5.5,44.39,19.2,30.6,22.1,41.7,19.5,39.79,4.98,761.75,77.0,3.166666667,25.16666667,1.28,33.07603976,33.07603976,60
2016-03-1321:40:00,0,21.7,35.29,19.0,37.59,20.6,36.56,20.29,33.7,19.23333333,78.66666667,4.03,50.13,21.79,30.29,23.92666667,34.06333333,19.39,37.2,4.9,769.0333333,77.33333333,4.0,22.33333333,1.2,45.27178935,45.27178935,80
2016-01-1200:50:00,20,21.16666667,45.23,20.5,44.12666667,20.1,45.5,20.46,47.36,19.06666667,50.26,5.2,88.99,17.79,45.32666667,19.35666667,52.09,16.89,46.03,5.13,737.4,92.0,6.0,37.0,3.93,23.86150325,23.86150325,380
2016-05-0312:30:00,0,22.53333333,38.4,25.1,32.03,23.2,37.59,22.89,37.36333333,20.7,41.73,14.16,1.0,21.0,33.878,22.2,39.76,20.33285714,40.0,11.9,764.0,54.0,4.5,40.0,2.8,32.46831495,32.46831495,60
2016-03-0313:10:00,30,20.67142857,38.4,19.6,37.5,20.2,37.975,22.1,36.88285714,17.98428571,45.0,6.98,79.50666667,19.45285714,31.46857143,20.84714286,38.36857143,18.5,41.9,6.83,748.05,73.0,6.0,40.0,2.23,30.86222872,30.86222872,100
2016-02-2017:10:00,0,22.66666667,39.96666667,21.82333333,39.7,22.06,40.156,18.39,46.66333333,17.7,52.27714286,9.69,91.66,17.79,40.9,21.29,49.43,17.79,44.2,9.6,753.95,92.33333333,8.166666667,43.5,8.37,1.877224946,1.877224946,90
2016-04-2910:10:00,0,20.2,36.9,18.0,39.29,22.35666667,34.0,19.5,34.7675,18.6,40.43333333,8.926666667,31.3,19.0,30.82333333,20.63333333,37.43333333,18.6,35.79,7.17,754.7666667,80.5,5.833333333,36.66666667,4.03,28.43649555,28.43649555,50
2016-01-1823:30:00,20,20.53333333,38.86333333,19.39,39.09,20.2,40.7,20.5,37.86333333,17.6,66.18285714,-5.674444444,82.66555556,18.0,33.20555556,20.15,43.59,16.89,39.09,-4.7,756.6,87.5,1.0,64.5,-6.45,15.44645325,15.44645325,40
2016-01-2319:50:00,0,17.92666667,46.02666667,17.66333333,44.56,17.5,43.79,15.39,48.12666667,15.39,51.15722222,6.295,99.9,15.42666667,41.155,18.43277778,50.13277778,15.0,45.26,5.97,770.5333333,91.83333333,3.833333333,27.0,4.7,4.0284744,4.0284744,100
2016-05-2202:10:00,0,24.64909091,50.10518182,24.17567568,48.10414414,26.92481818,44.33909091,23.95675676,47.28162162,22.88243243,52.87844595,21.77351351,25.93,23.83378378,44.29006757,24.48063636,51.73545455,23.19154545,48.80909091,17.8,750.5333333,77.0,2.833333333,40.0,13.7,6.960896612,6.960896612,50
2016-03-2603:30:00,0,22.2,37.5,18.53333333,42.26,23.29,37.43333333,20.39,39.76,19.51818182,46.91818182,1.1,67.495,20.79,37.095,22.6,43.26545455,19.79,42.09,3.6,758.3,87.0,2.5,25.5,1.6,19.5883603,19.5883603,30
2016-03-0421:50:00,0,21.57142857,37.09,19.29,39.16857143,21.52857143,36.85285714,20.27714286,35.80857143,19.1,62.79857143,1.23125,75.47125,18.7,31.07142857,22.0,38.4,18.29,36.86857143,1.8,740.25,93.0,2.0,23.66666667,0.7,14.90229848,14.90229848,110
2016-03-1502:00:00,0,21.66666667,35.76,17.92666667,40.73,21.79,35.29,20.53333333,34.0,19.66666667,40.66333333,0.1,47.43333333,20.89,27.13333333,22.23,39.23,19.5,38.2,0.3,766.6,83.0,2.0,65.0,-2.3,8.094241458,8.094241458,40
2016-04-1312:20:00,0,22.1,41.29,20.29,43.5,23.5,39.7,22.06666667,39.66333333,20.73,45.66333333,12.45285714,36.52714286,21.1,36.0,21.7,40.536,20.5,39.59,10.8,751.4,79.0,1.666666667,40.0,7.23,4.508507694,4.508507694,50
2016-03-2821:50:00,10,23.29,38.43333333,20.79,40.2,23.2,38.53,20.89,38.59,20.2,46.59,7.061875,57.07125,21.39,33.12666667,23.745,39.488,20.5,39.72333333,7.52,744.65,79.83333333,5.5,40.0,4.2,9.684125835,9.684125835,80
2016-02-0300:00:00,30,21.85666667,44.66333333,21.29,42.79,21.62777778,45.42777778,21.5,45.79,20.0,68.09944444,4.466666667,95.83,18.52777778,40.9,21.51111111,51.91555556,18.1,46.59,5.4,758.5,85.0,6.0,40.0,3.0,41.0793931,41.0793931,60
2016-02-2616:50:00,0,20.6,35.5,19.2,35.4,20.89,36.03,19.7,33.66333333,18.1,43.36857143,8.16,33.25666667,18.6,27.98428571,19.6,35.26,18.0,36.53,5.35,751.9666667,66.66666667,2.833333333,25.0,-0.5,8.73699995,8.73699995,50
2016-03-1418:00:00,0,22.2,34.82666667,20.06666667,34.19666667,23.76333333,33.96333333,21.0,33.5,18.29,44.09,7.433333333,22.53333333,22.96333333,24.26,22.46333333,29.79,19.7,37.79,7.1,766.6,60.0,4.0,25.0,-0.2,2.628851158,2.628851158,310
2016-05-0610:30:00,0,22.79,38.2,27.1,30.85666667,23.7,36.4,23.76,35.82666667,19.6,48.4,22.19666667,1.0,22.29,35.09,23.1,40.46333333,21.45285714,40.29,17.2,754.45,52.5,3.0,40.0,7.35,1.149194338,1.149194338,100
2016-04-0820:50:00,0,22.03333333,43.06666667,19.89,45.5,23.29,39.79,21.1,39.0,20.6,56.01285714,9.125714286,27.76714286,21.29,33.7,24.39,38.9,20.29,37.4,8.72,753.3833333,81.5,1.833333333,26.0,5.72,26.65881878,26.65881878,130
2016-04-1514:10:00,0,22.6,41.29,21.79,39.83,24.42666667,37.03,22.39,39.30466667,20.7,47.245,16.69666667,8.833333333,21.5,34.63,22.5,40.46714286,20.89,44.03,13.3,747.8166667,65.5,7.833333333,40.0,6.95,31.04099366,31.04099366,80
2016-04-1807:20:00,0,21.26,38.86333333,17.7,44.56,22.29,36.5,21.6,35.82142857,20.2,44.7,0.566666667,54.33,20.6,30.79,21.89,38.4,20.32333333,38.66333333,1.0,761.2333333,97.66666667,2.0,61.33333333,0.633,27.44338979,27.44338979,40
2016-01-2217:20:00,0,18.15,39.545,17.1,39.93333333,18.29,39.59,16.0,39.29,16.0,47.9,3.79,98.93333333,16.1,34.5,17.56111111,42.46611111,15.66,39.46666667,3.07,760.3,94.0,6.0,47.33333333,2.2,39.7400145,39.7400145,40
2016-05-0905:00:00,0,24.2,38.23,22.53333333,38.46666667,26.39,38.29,24.6,36.2,23.2,39.3175,11.716,15.154,24.29,38.4,24.1,39.812,23.29,45.656,12.8,751.9,72.0,2.0,40.0,7.8,27.18661459,27.18661459,90
2016-02-2822:10:00,10,20.315,33.195,18.5,33.29,19.79,34.79,18.96333333,31.29,19.16666667,89.79666667,1.93,44.43333333,20.2,28.7,21.5,36.09,18.2,36.22333333,2.4,760.3666667,65.0,5.166666667,40.0,-3.52,9.301337693,9.301337693,60
2016-03-1508:20:00,0,20.6,35.06,16.79,40.23,21.29,34.96666667,19.6,32.53,19.0,42.29,-0.3,65.52666667,20.1,26.5,21.39,36.86,19.39,37.9,0.0,766.0,90.33333333,2.0,61.33333333,-1.47,34.13753273,34.13753273,70
2016-04-2801:30:00,0,21.2,35.7,18.1,37.975,21.39,35.0,20.5,35.2,19.26,59.1,0.0,51.59,19.42666667,29.63333333,22.16666667,42.66333333,18.89,36.1175,0.35,755.25,95.0,2.0,20.5,-0.35,7.004248642,7.004248642,50
2016-04-0316:00:00,0,22.7,42.4,23.0,39.56,22.7,40.82666667,21.6,42.0,19.6,48.4,19.895,12.145,22.16666667,37.79,23.82333333,46.62666667,20.2,43.5,18.6,750.7,59.0,3.0,40.0,10.4,47.74339702,47.74339702,90
2016-03-0805:30:00,0,19.79,38.0,17.34,40.95,21.0,37.4,19.35666667,36.29,18.1,43.09,-0.633333333,78.3,18.39,36.09,20.06666667,44.96666667,17.5,39.46666667,-0.65,755.25,99.5,1.0,16.5,-0.7,20.31785484,20.31785484,50
2016-04-2319:10:00,0,23.1,39.69333333,20.92666667,39.8,23.6,33.4,22.42142857,32.47142857,21.2,40.16333333,8.0,1.4,21.89,25.1,23.79,33.06,20.76,34.76666667,8.13,757.8666667,49.5,8.5,40.0,-2.0,45.74890264,45.74890264,140
2016-04-1803:10:00,0,21.7,38.73,18.1,43.29,22.39,37.4,22.67142857,36.66857143,20.39,44.29,0.033333333,50.12666667,20.89,31.0,22.5,39.59,20.5,39.2,1.3,760.6,95.5,1.0,24.66666667,0.667,7.731781725,7.731781725,60
2016-05-2523:40:00,0,24.14935065,38.98311688,23.19155844,37.86753247,24.90233766,37.61883117,23.93935065,38.7961039,21.35103896,50.44587662,16.29562771,20.83116883,23.31597403,36.63636364,24.21883117,41.85214286,22.1,40.24670996,11.1,756.9,90.0,2.333333333,49.0,9.5,23.57395442,23.57395442,50
2016-04-1122:10:00,20,22.6,43.7,21.1,43.86333333,23.2,40.62666667,22.7,42.0,21.1,45.9,11.6,34.095,21.89,36.79,23.61428571,42.26428571,20.79,41.16333333,12.6,751.05,68.66666667,4.0,40.0,6.83,48.55185524,48.55185524,60
2016-02-1507:50:00,0,19.53333333,40.93333333,17.7,42.06666667,20.2,40.56,18.5,40.2,17.89,58.215,1.463333333,84.76666667,19.285,38.25666667,21.1,45.22666667,17.82333333,44.15666667,1.47,755.0,79.33333333,6.166666667,40.0,-1.68,37.26015502,37.26015502,80
2016-02-0521:10:00,0,22.79,44.96666667,22.29,43.62666667,22.29,45.29,20.5,48.43,18.755,56.46111111,9.1,91.22666667,18.52777778,43.45,21.03333333,50.70166667,18.6,48.0,8.77,759.0833333,90.16666667,6.0,22.66666667,7.28,43.35683853,43.35683853,80
2016-01-2502:50:00,0,20.79,42.5,19.89,42.56,20.5,45.0,17.76,47.09,17.89,56.38166667,8.463333333,99.9,16.29,43.80833333,18.1,50.055,16.46333333,50.56,8.18,766.05,94.0,3.666666667,63.0,7.28,20.49591803,20.49591803,60
2016-04-1014:00:00,0,22.5,38.32666667,23.2,35.29,22.6,38.7,21.89,36.79,20.5,53.96,14.46333333,9.723333333,22.56666667,32.43333333,22.5,36.42857143,20.73,39.7,12.9,752.5,58.0,5.0,29.0,4.8,6.429213227,6.429213227,60
2016-03-2207:50:00,0,21.1,38.09,17.92666667,42.4,21.79,36.4,20.32333333,35.79,19.1,46.56,0.533333333,63.63333333,19.7,36.06,21.6,41.52666667,19.29,40.12666667,2.25,758.1833333,97.0,1.0,34.5,1.77,32.07340086,32.07340086,60
2016-05-2114:10:00,10,23.99614286,49.19957143,25.1,43.4447619,26.17842857,43.32285714,23.98294118,46.05882353,22.80588235,50.97882353,24.17647059,1.0,23.59530612,42.94507143,23.63714286,49.72857143,23.04857143,46.75485714,21.6,754.9666667,56.83333333,7.0,40.0,12.6,43.8707712,43.8707712,270
2016-04-2909:00:00,0,20.2,37.76,17.7,40.33333333,22.89,34.83333333,19.5,34.7,18.6,40.7,8.36,28.93333333,18.89,30.1,20.7,37.4,18.7,36.2,7.3,754.6,76.0,7.0,40.0,3.3,0.651854731,0.651854731,70
2016-05-0309:50:00,0,22.0,39.59,25.63333333,33.36,23.2,37.59,22.39,38.23,20.29,44.06,12.36,8.256666667,20.8025,36.08375,22.29,42.03,20.29,41.4,10.1,763.1,73.66666667,5.0,40.0,5.55,0.348934066,0.348934066,60
2016-03-1309:20:00,0,19.89,36.125,17.39333333,39.23333333,19.92666667,36.23,19.85666667,35.32666667,17.89,47.96333333,0.633333333,69.56666667,20.29,33.13333333,21.9725,39.425,19.2,39.83,0.933,769.8333333,87.0,4.666666667,59.66666667,-1.0,22.20724541,22.20724541,30
2016-02-1108:30:00,0,19.89,42.7,19.32333333,40.72333333,20.82333333,41.76666667,18.73,42.5,18.79,60.99333333,0.15,90.045,19.89,41.2,21.79,49.43888889,18.82333333,45.23,1.9,749.0,97.5,3.0,62.0,1.55,40.82398326,40.82398326,60
2016-02-1509:40:00,10,19.29,39.66333333,17.82333333,39.59,20.0,39.33333333,18.29,37.23,17.755,54.22666667,1.79,80.33,18.79,33.52944444,20.6,39.77333333,17.85666667,40.76666667,2.3,757.0333333,78.33333333,5.333333333,40.0,-1.17,4.914029664,4.914029664,60
2016-04-1509:10:00,0,22.29,46.09,20.1,49.32666667,25.2,40.59,22.1,41.52363636,20.5,51.29,11.8,51.46,21.01428571,37.35285714,22.6,44.83714286,20.79,46.0,9.75,748.3,89.33333333,5.166666667,38.16666667,8.12,42.39952769,42.39952769,430
2016-03-2103:40:00,0,21.7,37.4,18.65,41.245,22.1,36.9,19.79,36.73,19.39,45.59,3.9,66.32666667,19.29,32.23,23.0,44.73,19.6,40.59,4.7,761.1,95.33333333,1.0,49.33333333,4.03,3.235624672,3.235624672,50
2016-03-2702:40:00,0,22.84,40.09,20.39,42.7,23.2,39.5,19.89,41.2,20.39,51.79,7.69,71.9,21.0,40.26,23.5,48.36333333,20.0,42.79,7.27,748.8666667,95.66666667,2.0,64.0,6.67,10.66285041,10.66285041,60
2016-05-2711:10:00,0,24.16666667,48.46,26.89,39.56428571,27.7,42.76666667,24.5,44.5,22.53333333,52.59,23.26,1.0,23.83285714,42.94285714,23.79,48.29,23.0,46.16333333,18.5,756.1833333,70.33333333,1.833333333,63.33333333,12.9,26.67000802,26.67000802,70
2016-02-0415:30:00,0,22.0,45.32666667,21.6,43.56333333,22.39,43.62666667,20.39,45.43,18.57222222,53.85722222,9.823333333,99.26333333,18.39,41.9,20.2,47.29,18.35666667,47.9,9.8,761.9,88.5,6.0,40.0,8.0,49.361012,49.361012,70
2016-04-0623:20:00,0,21.5,41.9,19.0,44.09,22.79,39.5,21.2,39.5,20.6,55.06,6.234,47.4,21.0,37.16857143,22.6,37.9,20.5,40.22333333,7.43,751.7333333,78.0,6.333333333,28.66666667,3.77,49.86667247,49.86667247,50
2016-02-0401:10:00,0,21.89,42.9,21.1,42.0,22.5,43.96111111,20.6,42.12666667,19.1,60.11222222,2.09,88.3,18.6,38.09,22.7,47.635,18.29,46.82666667,1.78,765.65,91.83333333,3.0,28.83333333,0.567,38.20569845,38.20569845,50
2016-02-1403:40:00,0,21.0,40.0,19.1,41.4,21.32333333,40.9,18.89,41.29,18.08888889,52.00888889,3.2,92.46666667,19.2,38.98333333,21.5,47.76277778,18.16666667,45.06,2.7,734.0333333,97.33333333,2.0,37.33333333,2.33,37.77459227,37.77459227,60
2016-05-0620:40:00,0,24.6,38.4,24.0,36.5,24.7,37.2,24.06666667,37.26,21.5,55.69666667,16.49714286,2.957142857,23.39,34.42857143,24.76,40.79,21.6,39.7,19.4,752.3666667,49.0,2.333333333,28.0,8.4,13.02531252,13.02531252,100
2016-03-2811:20:00,0,21.7,40.79,20.43,42.65666667,22.39,38.2,21.0,39.46333333,19.89,46.7,11.32666667,50.16333333,21.2,37.09666667,23.0,42.56666667,20.29,43.43,9.17,740.1333333,85.66666667,10.0,55.33333333,6.73,49.41993293,49.41993293,210
2016-04-2508:50:00,10,20.89,36.4,18.16666667,39.93333333,22.1,34.4,20.79,34.79,19.96333333,42.13333333,7.156666667,52.46666667,21.2,31.5,23.29,37.56,20.0,35.93333333,4.33,754.6833333,88.66666667,3.666666667,26.5,2.55,48.49012584,48.49012584,60
2016-01-2504:30:00,0,20.56666667,42.7,19.5,42.93333333,20.6,45.0,17.63333333,47.06666667,17.7,56.0,7.56,99.9,16.29,43.765,18.0,50.0,16.5,51.03,7.95,765.4,95.5,3.0,62.5,7.25,39.32236254,39.32236254,30
2016-02-1722:10:00,0,21.29,34.82666667,19.89,35.73,20.2,36.02571429,18.85666667,35.36333333,19.0,50.354,-0.2,74.96666667,18.7,27.6,21.89,39.03,18.0,37.56333333,0.0667,755.7333333,89.5,2.0,62.0,-1.45,19.08753011,19.08753011,60
2016-05-2416:20:00,20,24.39,38.59666667,23.82333333,36.73,25.2,38.4,24.13333333,40.59,23.25142857,45.49857143,16.82666667,1.0,23.5,34.2,24.5,38.554,22.7,38.29,14.1,758.4666667,65.66666667,4.0,32.0,7.67,9.038398217,9.038398217,140
2016-02-1203:30:00,0,21.39,41.26,20.6,40.5,21.46333333,42.63333333,19.85666667,41.86333333,18.89,55.68166667,0.766666667,89.12333333,20.08888889,40.38777778,22.58333333,49.715,18.7,44.79,1.75,746.8,94.0,2.5,42.0,0.9,16.65473664,16.65473664,50
2016-03-2904:20:00,0,22.29,37.73,19.2,41.9,23.29,38.82666667,20.32333333,38.59,20.0,46.09,5.816666667,59.97666667,21.0,33.79,23.0125,42.764375,20.53333333,43.43333333,5.8,747.6333333,87.0,7.666666667,40.0,3.77,42.36076633,42.36076633,70
2016-03-0815:20:00,0,20.1,40.2,19.0,38.29,20.29,37.4,19.16666667,34.43,17.7,56.09,9.4,76.4,19.0,29.34,20.06666667,36.33333333,17.79,39.79,6.8,757.0,64.33333333,3.333333333,40.0,0.4,24.56561922,24.56561922,50
2016-01-1510:10:00,10,20.89,37.63333333,20.1,37.33333333,20.26,39.22333333,20.2,40.36333333,17.79,53.0,2.863333333,82.33333333,17.96333333,37.46666667,18.7,44.46666667,17.29,43.59,3.32,753.8,82.0,8.833333333,38.16666667,0.433,2.16091295,2.16091295,90
2016-01-2815:40:00,0,19.5,45.23,18.7,44.82666667,19.79,44.4,18.26,44.93,17.2,52.085,6.5,83.03333333,18.89055556,39.78722222,18.79,45.77722222,17.2,46.65666667,7.07,765.1,69.33333333,2.0,36.33333333,1.73,15.12542177,15.12542177,20
2016-01-2304:20:00,0,17.35666667,42.62666667,16.39,42.79,17.745,40.79,15.39,42.0,15.6,48.79,5.5,99.9,15.8,37.5,16.72,45.38777778,15.19,41.82666667,5.03,766.0333333,99.33333333,3.333333333,5.666666667,4.97,5.10568727,5.10568727,50
2016-05-1409:00:00,0,24.39,36.16333333,23.01428571,35.88142857,24.39,33.0225,24.79,35.4,23.58,37.254,11.22666667,1.0,24.29,31.03333333,25.2,37.856,23.75285714,38.86714286,9.0,755.8,60.0,5.0,40.0,1.6,10.44593952,10.44593952,70
2016-04-0616:50:00,0,21.89,42.29,20.29,43.22333333,22.7,38.7,21.35666667,41.0,20.5,45.76,11.13,44.69666667,20.89,36.09,23.445,43.245,20.73,39.7,11.2,751.2666667,79.0,7.166666667,40.0,7.67,11.16700426,11.16700426,150
2016-03-0919:50:00,0,20.53333333,37.89,18.26,40.6,20.2,37.0,20.56666667,33.7,18.43,62.0,5.366666667,43.06333333,18.16666667,32.33333333,21.2,37.73,17.29,35.5,5.75,747.7,66.83333333,6.0,40.0,0.0167,44.40562283,44.40562283,100
2016-02-0513:30:00,0,21.79,45.5,21.46333333,44.29,21.89,44.5,19.89,47.93333333,18.63888889,57.82777778,10.69,94.45666667,18.47555556,44.47777778,20.11111111,50.68166667,18.6,49.0,9.8,762.4,90.0,5.5,34.5,8.25,18.8944482,18.8944482,40
2016-02-0801:40:00,0,21.73,42.29,20.79,42.29,21.39,43.59,21.29,42.06,19.39,79.75888889,7.866666667,75.92333333,18.93888889,38.01,22.2,50.19277778,18.89,44.46666667,7.8,741.8666667,80.33333333,12.33333333,40.0,4.57,24.61424803,24.61424803,40
2016-03-0920:20:00,20,20.76,38.23,18.39,41.66333333,20.29,37.5,20.29,33.72666667,18.82333333,45.49333333,4.866666667,45.15666667,18.1,31.82333333,21.16666667,37.4,17.26,35.36333333,5.33,748.1,69.0,5.333333333,40.0,0.0667,19.13067121,19.13067121,140
2016-04-2203:20:00,0,22.5,37.4,20.39,39.09,23.5,37.79,22.73857143,35.02571429,20.39,43.09,10.89,9.89,22.0,36.236,22.5,44.16333333,20.29,39.79,10.9,760.1333333,64.66666667,4.0,32.66666667,4.47,16.74535241,16.74535241,60
2016-05-1722:30:00,0,23.7,41.53,22.51428571,40.68428571,24.5,38.536,23.56666667,39.2,21.39,60.39714286,12.8,23.15,23.1,40.3725,24.26,43.4,22.6,41.518,12.0,756.4,82.5,2.5,26.5,9.1,34.2932292,34.2932292,40
2016-04-2017:50:00,20,22.7,28.8,22.0,26.69333333,22.5,34.56,22.54,29.874,20.39,35.36333333,15.89,1.0,22.7,26.912,22.2,32.59,20.2,34.29,15.5,765.1666667,31.83333333,6.166666667,40.0,-1.4,41.84785482,41.84785482,540
2016-02-0118:40:00,10,24.03333333,45.83,23.2,43.22333333,24.66666667,44.86333333,19.7,48.43333333,21.08333333,49.85722222,11.5,76.395,18.86222222,44.43333333,20.66666667,51.715,17.79,49.2225,11.0,760.0,82.0,9.0,40.0,8.03,41.46348273,41.46348273,150
2016-02-2123:00:00,20,22.39,45.0,21.13333333,44.5,21.79,44.29,22.5,45.59,18.64285714,56.9,10.6,86.354,18.5,44.26,22.1,51.16333333,18.46333333,46.86333333,10.8,754.3,85.0,9.0,40.0,8.3,49.24398655,49.24398655,60
2016-03-2523:20:00,0,23.1,38.9,20.03333333,41.73,23.5,37.59,20.6,40.76,19.715,47.69388889,2.07,65.215,20.79,34.9,23.29,41.34777778,19.7,39.62666667,1.7,759.2,95.66666667,1.0,22.66666667,1.03,9.563432622,9.563432622,50
2016-04-2313:00:00,0,22.5,38.5,22.2,35.56,25.42666667,36.12666667,22.5,35.0,20.7,43.5,11.13,3.696666667,21.39,28.558,23.68571429,37.57714286,20.79,38.59666667,8.5,757.0,60.0,5.0,40.0,1.1,40.24765964,40.24765964,90
2016-03-0114:00:00,0,20.1,40.73333333,18.39,37.495,20.35666667,35.79,19.1,34.83333333,17.5,43.32666667,4.19,80.53333333,18.7,29.92666667,19.89,37.0,18.0,36.5,3.6,756.1,94.0,8.0,41.0,2.7,19.80305903,19.80305903,80
2016-04-0322:40:00,0,22.13333333,44.7,21.1,44.86333333,22.89,42.09,21.2,44.32666667,19.79,49.79,15.03333333,37.76666667,21.2,40.59,24.66666667,47.96666667,20.29,45.73,15.7,749.1333333,74.0,3.333333333,40.0,11.1,20.4326128,20.4326128,60
2016-03-0601:40:00,0,19.39,37.59,17.2,39.9,20.1,37.4,17.79,37.09,18.39,55.73,3.4,74.26333333,18.29,32.0,20.85666667,41.4,18.0,39.26,3.27,744.7,93.0,5.0,35.66666667,2.23,9.269159997,9.269159997,50
2016-05-0118:40:00,0,23.63333333,35.99,21.6,35.4,22.79,35.09,21.6,36.49,20.1,40.66333333,14.13,1.0,19.5,26.96333333,23.2,36.46333333,19.6,36.79,13.4,765.5,39.33333333,4.0,40.0,-0.1,10.0567717,10.0567717,120
2016-01-1713:00:00,0,22.1,38.06,21.29,36.59,22.1,39.36333333,21.5,38.9,18.1,48.79,1.0,96.8,20.26,36.43333333,20.85666667,43.73,18.0,39.96666667,2.9,765.5,71.0,2.0,40.0,-2.0,46.21831819,46.21831819,120
2016-03-3120:30:00,0,22.53333333,39.96666667,20.89,41.43333333,22.16666667,38.5,20.7,41.5,20.0,48.03,6.3,68.43333333,20.2,33.9,24.76,39.29,19.89,38.5,7.3,755.1,87.5,3.0,23.0,5.3,43.28585472,43.28585472,120
2016-04-3015:00:00,0,21.89,35.36,21.2,34.66333333,24.7675,36.0225,20.1,37.26,19.7,58.12333333,13.0,1.0,19.5,30.29,22.7,38.2,19.46333333,38.36333333,10.5,759.6,59.0,5.0,40.0,2.8,15.24785357,15.24785357,80
2016-02-1721:50:00,0,21.35666667,34.62666667,20.0,35.36,20.2,35.79285714,18.85666667,35.13333333,19.0,55.896,0.4,75.36666667,18.73,27.53333333,21.79,38.76666667,18.06666667,38.63333333,0.35,755.8,89.0,1.833333333,62.0,-1.25,11.64837243,11.64837243,60
2016-02-2716:10:00,0,21.0,35.86333333,19.7225,35.1725,21.2,36.12666667,20.39,33.12666667,18.0,45.85142857,7.226666667,24.96,21.0,26.66,22.6,34.43333333,18.16666667,39.82666667,6.08,751.2166667,48.66666667,6.833333333,38.16666667,-4.03,25.23011214,25.23011214,70
2016-05-1522:10:00,0,23.5,38.69,21.39,40.16857143,26.216,39.28,23.79,36.23,23.1,54.5,8.8,45.12666667,23.39,32.5,25.66,40.178,22.66,36.976,8.77,761.4166667,95.33333333,1.0,59.33333333,8.1,49.09872988,49.09872988,90
2016-02-2109:50:00,20,20.7,44.79,19.39,45.5675,21.456,41.96,19.42666667,45.36,18.05714286,53.0,10.66,90.46666667,18.1,42.845,20.5,52.9,18.29,47.2,10.6,756.6666667,89.83333333,8.166666667,30.83333333,8.97,41.22330493,41.22330493,60
2016-02-0702:20:00,0,22.2,43.43333333,21.5,43.2,21.82333333,44.73,19.1,44.59,19.2,61.745,10.93333333,61.46666667,18.79,40.09611111,22.1,51.87555556,19.1,49.4,11.5,741.5666667,62.0,9.333333333,40.0,4.37,14.20008774,14.20008774,40
2016-03-0309:00:00,20,20.2,39.26,18.39,40.0,20.7,38.56,20.89333333,37.66333333,18.2,44.94,3.333333333,81.65666667,18.2,32.82666667,20.29,42.33333333,18.29,41.46333333,3.7,744.1,93.0,5.0,29.0,2.6,16.73837244,16.73837244,60
2016-05-0123:30:00,0,22.29,35.09,19.63333333,36.76,22.26,35.72333333,20.89,34.09,20.06666667,52.36333333,4.8,14.59,19.5,29.16666667,23.6,40.46666667,19.6,38.2,6.7,766.0,68.5,1.5,40.0,1.25,21.70341675,21.70341675,60
2016-02-2807:00:00,0,19.89,35.09,17.89,36.2,20.5,36.7,18.79,33.62666667,17.5,50.09,-0.7,61.7,19.39,34.4,20.96333333,40.5,18.0,39.79,-0.4,755.4,80.0,6.0,23.0,-3.5,1.929854148,1.929854148,50
2016-04-2807:20:00,0,20.56666667,35.7,17.29,40.4,21.03333333,34.32666667,19.79,34.79,18.79,52.09,0.366666667,54.0,19.2,29.29,21.5,39.02666667,18.82333333,36.9,0.4,755.6,95.66666667,2.0,49.33333333,-0.233,27.42561486,27.42561486,70
2016-04-0816:40:00,10,21.7,43.16333333,20.7,41.9,23.92666667,40.6,20.89,39.03,20.05714286,49.38428571,13.36428571,14.08285714,21.6,33.59,23.55714286,39.32142857,20.7,41.09,10.8,753.4666667,63.33333333,4.333333333,40.0,4.0,40.56541837,40.56541837,260
2016-04-2704:50:00,0,20.7,35.4,17.63333333,38.9,22.1,36.0,19.7,33.59,19.0,45.96666667,2.7,53.76,19.7,29.79,22.1,40.5,19.39,39.96666667,2.88,750.0666667,88.5,5.666666667,27.5,1.17,29.53927845,29.53927845,60
2016-02-2215:10:00,0,21.1,46.15666667,19.89,46.56,21.89,42.9,20.2,45.29,18.5,53.59,10.69,90.12666667,18.5,44.23,20.5,48.79,18.79,47.516,9.58,750.8166667,97.16666667,5.833333333,42.83333333,9.12,48.02972956,48.02972956,50
2016-04-1719:10:00,0,23.0,42.06333333,20.73,41.95666667,22.84,37.4475,22.6,36.52428571,21.0,45.89666667,8.345,16.54,21.736,28.12,23.73,37.53,20.96333333,39.79,8.42,757.7833333,66.0,4.666666667,40.0,2.33,14.9969934,14.9969934,90
2016-01-1609:20:00,0,21.7,41.63333333,21.0,40.53,20.7,42.26666667,20.82333333,42.59,19.82333333,45.92333333,1.463333333,95.36666667,18.6,42.59,19.63333333,49.46333333,17.89,46.3725,1.53,762.9666667,96.33333333,3.0,48.66666667,0.933,25.08774125,25.08774125,70
2016-05-0109:20:00,0,20.66666667,38.52666667,22.92666667,35.29333333,22.82333333,35.09,19.92666667,37.43,19.29,42.2,9.6,17.8,19.1,31.46333333,21.35666667,41.16333333,19.56666667,40.73,7.07,765.9333333,80.66666667,4.666666667,29.0,3.97,49.59062696,49.59062696,160
2016-02-1801:00:00,0,20.79,35.59,18.79,37.2,19.79,36.97142857,18.5,35.62666667,18.71285714,41.55428571,-2.0,81.83333333,18.6,29.6,21.39,41.02666667,17.89,38.5,-0.5,755.5,91.0,3.0,61.0,-1.8,11.62146714,11.62146714,30
2016-04-1112:10:00,0,22.29,39.0,23.79,35.2,23.1,37.7,22.29,37.7,20.89,48.78375,18.96333333,2.233333333,22.0,33.5,22.31857143,38.47142857,21.1,39.23,16.2,750.2,50.16666667,5.166666667,40.0,5.72,4.226360726,4.226360726,80
2016-03-1206:00:00,0,20.0,36.9,16.73,41.2,20.29,37.53,19.2,34.79,18.56666667,41.5,0.066666667,68.96,19.39,30.89,21.32333333,45.03,18.5,40.9,-0.3,766.6,94.0,1.0,30.0,-1.1,34.87704336,34.87704336,50
2016-04-2915:50:00,0,22.1,37.76,20.79,37.16333333,24.0,34.93333333,19.6,37.29,18.89,41.93333333,11.09,38.66666667,19.1,33.62666667,20.32333333,38.7,18.6,37.03,7.67,755.8833333,84.0,3.5,30.83333333,5.1,15.78902083,15.78902083,60
2016-03-1816:20:00,0,21.39,35.59,19.39,37.43333333,21.29,34.79,20.89,33.4,18.6,46.29,9.2,37.63333333,19.79,29.0,22.2,34.7,19.7,37.79,7.07,762.1,79.66666667,4.0,40.0,3.7,11.3680989,11.3680989,50
2016-05-1614:10:00,10,23.39,41.43333333,22.89,37.54857143,24.57142857,36.98285714,23.6,35.79,22.62,40.718,16.35666667,1.0,23.5,29.96333333,25.1,37.514,22.89,39.65666667,12.8,761.0666667,56.33333333,1.0,40.0,4.25,48.08197711,48.08197711,90
2016-02-1421:20:00,20,21.0,41.12666667,19.29,42.16333333,20.39,41.96666667,19.29,41.34,20.19,85.87222222,3.03,84.4,19.6,35.16944444,22.30111111,40.78,17.5,37.5,2.2,744.7666667,88.33333333,5.333333333,25.33333333,0.4,30.72149543,30.72149543,160
2016-03-2804:10:00,0,21.5,38.2,18.89,41.7,22.7,38.2,20.03333333,38.93333333,19.89,47.5,7.795,54.145,21.39,38.23,23.1,42.82666667,20.29,42.76,8.67,744.1833333,73.66666667,10.0,44.16666667,4.08,28.11070076,28.11070076,60
2016-03-2703:50:00,0,22.79,39.79,20.06666667,43.22333333,23.32333333,39.59,19.89,41.09,20.2,51.29,7.59,72.06,21.0,40.43333333,23.32333333,49.73,19.89,43.29,7.03,748.8083333,96.83333333,2.0,64.0,6.61,0.137653598,0.137653598,60
2016-03-0305:40:00,0,20.5,37.66333333,18.66666667,38.66333333,21.0,38.9,19.29,36.79,18.0,48.82666667,3.626666667,81.72666667,18.39,33.0,20.7,46.29,18.29,42.0,4.23,742.6,86.0,5.666666667,40.0,2.1,9.107378649,9.107378649,40
2016-05-1700:30:00,0,23.0,39.26,20.98428571,39.39857143,24.29,37.29,23.1,36.9,21.0,40.0,9.452857143,21.39571429,23.5,34.69714286,24.39,40.09,22.6,38.38,9.6,760.45,77.5,1.0,40.0,5.9,30.56652047,30.56652047,50
2016-01-2410:10:00,20,18.39,46.0,17.79,44.36333333,19.42666667,44.5,18.76,43.76666667,15.39,51.88777778,6.5225,99.9,15.6,41.535,17.89,52.7,15.5,48.0,6.5,767.85,94.66666667,5.833333333,43.66666667,5.7,46.28387688,46.28387688,310
2016-03-2904:40:00,0,22.2,37.66333333,19.1,41.9,23.39,38.82666667,20.29,38.59,20.0,46.09,5.837777778,59.01444444,21.0,33.7,23.0,42.7,20.6,43.53,5.7,747.7666667,87.0,8.333333333,40.0,3.63,16.91255945,16.91255945,70
2016-05-1110:10:00,0,24.79,50.43333333,27.39,44.41285714,25.17142857,46.82142857,25.79,44.5,23.79,54.03,21.39285714,23.42142857,24.5,44.77714286,25.29,49.5,23.81,49.218,17.4,748.6833333,79.33333333,1.0,38.16666667,13.6,26.52255793,26.52255793,50
2016-03-1910:00:00,0,20.89,37.06,18.16666667,40.43333333,21.29,36.36333333,19.66666667,35.06,18.29,45.5,6.263333333,48.49,19.29,30.39,21.63333333,40.76666667,19.6,38.86333333,5.2,762.6,81.0,3.0,62.0,2.2,44.38685853,44.38685853,120
2016-02-0611:00:00,0,21.0,45.23,20.29,43.7,21.79,43.9,20.2,46.83333333,18.61666667,53.66333333,9.166666667,83.09666667,18.5,41.43888889,20.5,52.0,18.89,48.5,8.8,752.8,83.0,6.0,40.0,6.0,0.661059597,0.661059597,50
2016-03-2302:20:00,0,22.2,38.7,19.5,42.26,22.39,38.0,20.89,37.0,20.39,43.0675,5.333333333,65.23,20.0,37.2,22.79,43.03,19.79,41.0,5.3,755.8666667,95.0,2.0,58.66666667,4.5,34.60733289,34.60733289,30
2016-04-3006:00:00,0,21.5,37.09,18.7,40.46666667,22.89,37.2,19.29,37.59,19.06666667,43.16333333,5.0,53.145,19.1,33.59,21.29,44.59,19.1,41.2,4.8,757.3,96.0,1.0,40.0,4.2,6.298290391,6.298290391,50
2016-04-1023:40:00,0,22.6,39.66333333,20.29,42.0,22.76,39.4,21.6,38.5,20.7,53.29,9.226666667,30.96666667,22.5,37.62666667,23.2,38.2,20.79,41.76,10.6,750.6,69.66666667,3.666666667,40.0,5.2,40.62556801,40.62556801,50
2016-04-0200:30:00,0,21.5,38.7,19.2,41.73,22.2,37.29,20.29,38.09,19.5,45.62666667,8.1,53.19333333,20.29,33.5,21.79,39.5,20.0,37.7,8.25,759.5,78.5,2.5,34.5,4.65,25.8951175,25.8951175,40
2016-05-2417:30:00,20,24.5,39.76,24.0,37.56,25.2,37.66333333,24.365,40.5,23.5,44.9,16.29,1.0,23.6,34.0,24.5,38.5,22.7,38.06,14.1,758.25,66.5,4.5,40.0,7.8,35.57803549,35.57803549,130
2016-04-0215:40:00,0,21.1,39.9,20.5,39.7,21.79,37.66333333,20.0,38.76,19.46333333,44.93,14.6,18.09666667,20.29,34.32666667,21.39,39.79,19.73,38.32666667,10.7,755.6333333,73.0,2.666666667,22.0,6.03,24.73291674,24.73291674,60
2016-03-0508:20:00,0,19.89,37.4,17.1,40.79,20.8925,38.0475,18.39,36.5,18.2,43.3175,2.163333333,79.59,18.29,32.59,20.6,43.7,18.42666667,41.82666667,1.4,741.2333333,96.66666667,1.0,36.66666667,0.933,7.56041212,7.56041212,40
2016-04-1105:50:00,0,22.0,40.0,19.5,43.645,23.0,39.06,21.1,38.46666667,20.39,46.46,9.8,23.63333333,22.2,37.9,21.7,37.356,20.79,44.0,8.8,749.9333333,74.16666667,3.166666667,38.0,4.33,41.59306304,41.59306304,70
2016-04-2804:50:00,0,20.7,35.16333333,17.29,38.79,21.5,35.45,19.96333333,34.16333333,18.96333333,54.32666667,-0.7,51.69333333,19.29,29.5,21.79,40.7,18.89,38.0,0.0333,755.4,95.33333333,2.166666667,28.33333333,-0.617,26.93410588,26.93410588,60
2016-03-0222:50:00,0,21.96333333,37.0,20.53333333,36.59,20.79,38.5,20.6,35.53,18.7,49.93333333,0.8,81.4,18.5,30.99666667,21.7,39.4,18.1,37.42333333,2.5,744.8,88.33333333,6.5,29.16666667,0.783,49.46577391,49.46577391,40
2016-02-1503:40:00,10,20.05,41.1,18.2,41.93333333,20.2,41.0,18.73,40.4,18.21,60.91277778,2.5,91.8,19.39,38.845,21.66111111,46.36333333,17.79,43.79,2.43,750.3,93.0,6.0,32.66666667,1.33,45.77480995,45.77480995,70
2016-04-1423:40:00,0,22.53333333,41.4,20.63333333,43.29,23.39,39.79,22.5,39.79,20.79,53.72333333,10.55,50.69,21.2,36.56428571,23.64,48.134,20.7,43.5,11.4,751.2,83.0,3.333333333,27.33333333,8.53,0.510437135,0.510437135,50
2016-05-2421:40:00,20,24.6,40.29,22.7675,40.47,25.2,38.7,24.1,39.65666667,22.456,41.836,10.66,13.66333333,23.29,34.2,25.1,45.02571429,22.42666667,37.69333333,10.6,758.1,71.0,5.0,29.0,5.57,36.53921281,36.53921281,60
2016-05-1920:30:00,0,23.6,40.9,22.5,39.82666667,24.29,38.4,23.39,39.56,23.66,88.95,14.72666667,11.33,23.2,36.44,24.5,43.15285714,22.6,41.06666667,15.9,756.8,63.5,3.0,32.0,8.95,5.684959318,5.684959318,120
2016-03-0617:20:00,0,20.5,37.03,19.2,37.5,20.0,37.4,19.1,37.2,17.6,46.4,4.53,75.43333333,18.2,32.0,21.7,40.46666667,17.85666667,37.66333333,2.47,747.4,92.33333333,3.333333333,54.0,1.3,23.77221228,23.77221228,50
2016-03-1605:50:00,0,20.6,40.2,17.29,46.4,21.0,38.2,20.26,35.56,18.5,47.29,2.963333333,70.96333333,20.29,30.2,22.03333333,41.26666667,19.56666667,39.4,2.55,764.3833333,92.66666667,2.166666667,42.5,1.5,5.973987805,5.973987805,40
2016-04-2401:30:00,0,22.1,35.2,18.73,38.7,23.29,34.7,21.85,32.156,20.89,48.62666667,1.2,39.36,21.64285714,32.01285714,23.6,42.5,20.53333333,38.0,2.05,759.0,85.0,2.5,40.0,-0.25,21.16265214,21.16265214,60
2016-01-1415:00:00,0,21.5,40.43333333,20.89,39.29,21.5,42.06,18.89,42.73,17.03333333,53.32666667,5.123333333,92.76333333,17.46333333,38.09,18.0,44.93333333,17.2,46.15666667,5.5,747.4,84.0,6.0,40.0,3.0,21.73588204,21.73588204,80
2016-04-0520:30:00,10,23.0,42.32666667,20.76,44.5,24.89,38.29,21.5,41.4,21.29,54.65666667,9.55,32.7,21.89,33.9,23.82333333,37.43333333,20.79,38.9,10.7,752.85,71.5,3.5,40.0,5.65,38.64528129,38.64528129,80
2016-03-1815:50:00,10,21.39,35.7,19.29,37.62666667,21.29,34.86333333,20.89,33.29,18.53333333,46.5,9.563333333,33.23,19.73,28.82333333,22.03333333,34.79,19.7,37.7,7.72,762.1333333,74.83333333,3.833333333,38.16666667,3.47,35.30290172,35.30290172,50
2016-01-1403:20:00,0,18.79,42.2,18.13333333,41.5,19.79,43.26,18.39,41.96666667,17.7,63.63333333,3.0,92.6,18.1,42.36333333,19.2,50.79,16.7,46.76,3.27,752.6333333,89.0,5.666666667,36.0,1.67,24.30745522,24.30745522,40
2016-02-0712:30:00,0,21.2,44.56,20.5,42.36333333,21.53333333,43.59,18.79,43.32666667,19.06111111,59.57555556,8.926666667,64.33333333,18.79,37.79222222,20.90222222,47.13,19.1,45.13333333,8.0,745.9,73.5,8.5,40.0,3.45,26.93101614,26.93101614,50
2016-01-1804:30:00,0,20.575,40.59,18.89,40.4,20.29,40.4,19.89,38.0,18.5,60.4,-5.483333333,86.36444444,19.89,37.79,20.89,47.5,17.6,41.12666667,-4.0,761.1,85.0,3.0,27.0,-6.2,13.5940917,13.5940917,50
2016-01-2412:20:00,40,19.53333333,44.72333333,18.92666667,43.83333333,19.2,44.93333333,18.89,45.26666667,16.29,85.48166667,7.366666667,99.9,15.635,42.32277778,18.62777778,53.51,15.69,48.56,6.73,768.0,99.0,4.666666667,43.33333333,6.53,31.82106593,31.82106593,100
2016-01-2321:40:00,0,19.2675,43.2675,18.89,42.36,17.79,43.9,15.8,48.7,15.5,51.29,5.69,99.9,15.5,40.73,19.18888889,49.29222222,14.89,44.62666667,5.63,770.1666667,90.66666667,5.0,21.66666667,4.23,31.27914075,31.27914075,110
2016-03-0907:20:00,10,19.39,37.22333333,16.2,41.62666667,20.56666667,37.9,18.39,35.26,17.5,46.96666667,3.79,60.93333333,18.53333333,36.23,19.79,43.13333333,17.6,40.5,4.03,746.5333333,71.33333333,8.0,40.0,-0.7,9.477876185,9.477876185,40
2016-02-1111:00:00,0,19.89,42.79,19.29,41.03,20.42666667,40.86,18.7,41.66333333,18.7,57.92944444,5.396666667,93.33333333,19.89,39.93888889,21.7,47.79055556,18.79,43.12666667,4.0,749.5,94.0,4.0,64.0,3.1,44.83101857,44.83101857,440
2016-05-1022:20:00,0,25.0,48.0,23.6,48.09,26.36142857,43.79,25.12857143,45.59,24.29,61.96666667,14.69,52.43,24.6,43.09,26.31,53.24,24.0,47.236,14.9,749.4666667,87.66666667,2.0,40.0,12.9,35.43824417,35.43824417,50
2016-01-2716:40:00,0,19.6,46.0,18.76,46.0,19.89,45.29,18.445,47.45,17.5,54.51,11.3,79.93333333,17.7,44.89388889,17.7,50.79,17.1,48.76,10.9,755.1666667,81.66666667,9.0,40.0,7.87,22.15913598,22.15913598,50
2016-02-2815:00:00,0,21.53333333,34.46666667,20.1,34.79,20.29,35.29,20.29,34.93333333,17.42142857,46.32142857,6.3,24.06,22.23714286,29.79,22.7,35.53,18.5,39.7,6.0,757.6,51.0,9.0,40.0,-3.6,11.16508923,11.16508923,60
2016-03-1506:30:00,0,20.79,35.4,16.89,42.16333333,21.7,36.0,19.7,33.2,19.29,39.96666667,-1.633333333,61.29,20.39,27.79,21.7,39.03,19.39,39.09,-1.45,766.0,89.5,1.5,60.5,-2.95,4.53327354,4.53327354,50
2016-02-1319:30:00,10,22.13333333,43.99666667,20.39,41.99,21.46333333,41.02666667,19.6,42.32333333,18.24,51.56722222,4.19,91.33333333,19.1,35.645,22.6,42.225,18.0,38.5,3.5,731.1,96.0,4.5,64.5,2.9,27.18032618,27.18032618,90
2016-03-0423:40:00,0,21.32333333,37.4,18.79,39.7,21.39,37.5,19.46333333,36.0,18.79,47.39,0.9,77.03,18.6,31.92666667,21.79,39.86,18.29,38.36333333,0.767,740.4666667,95.33333333,1.0,49.0,0.1,12.80801105,12.80801105,50
2016-03-1902:40:00,0,21.7,36.79,18.92666667,39.86333333,21.7,36.53,20.0,34.82666667,18.39,46.79,5.06,67.39666667,19.63333333,31.13333333,22.2,42.9,19.7,39.59,4.73,762.2333333,91.33333333,3.333333333,63.0,3.43,4.301366466,4.301366466,50
2016-04-2107:00:00,0,21.53333333,37.03,18.79,40.16333333,22.7,36.0,22.0,33.9,20.0,47.0,5.526666667,34.45666667,21.37,33.616,21.89,40.46666667,20.1,38.56,4.1,763.2,81.0,2.0,26.0,1.1,30.1756132,30.1756132,30
2016-03-3021:10:00,0,22.63333333,38.93333333,21.06666667,39.66333333,22.6,37.79,21.1,39.29,20.39,47.9,7.59,49.4,20.6,33.66333333,24.2,39.29,20.29,38.2,7.52,753.8333333,85.0,3.833333333,40.0,5.18,12.1079702,12.1079702,70
2016-05-2410:10:00,0,24.125,43.2175,22.1,45.62666667,24.89,40.475,23.39,42.0,23.1,49.4,12.8,14.89,23.2,37.22333333,24.39,47.63333333,22.82333333,43.59666667,10.6,759.4166667,81.66666667,4.0,40.0,7.55,30.50896134,30.50896134,60
2016-04-1823:40:00,0,21.5,37.2,19.1,38.56,22.56666667,36.29,22.18571429,34.09,20.29,52.22333333,5.933333333,18.23,20.39,29.46857143,22.5,41.36333333,20.2,36.06,6.27,763.7,72.66666667,2.0,40.0,1.7,45.08547737,45.08547737,40
2016-04-0813:50:00,0,21.5,45.43333333,21.23,43.09,22.29,40.2,20.84,38.645,20.0,53.46,13.38,12.154,21.254,35.156,22.71285714,39.77714286,20.7,41.79,10.3,754.35,72.33333333,2.833333333,24.83333333,5.45,13.48620749,13.48620749,110
2016-02-0518:40:00,0,22.7,46.13333333,22.29,42.9,22.2,44.16333333,20.13333333,48.23,18.7,56.42777778,10.06666667,91.99333333,18.5,44.2,20.58333333,51.5,18.6,48.5,9.67,760.1,90.33333333,4.666666667,31.33333333,8.17,48.93532705,48.93532705,370
2016-04-2314:10:00,0,22.76,38.33333333,21.89,36.36333333,24.79,34.86333333,22.6,34.2,20.79,42.59,11.32571429,1.597142857,21.7,29.32333333,23.89,37.0,20.79,38.43,9.6,757.0,52.83333333,4.333333333,40.0,0.3,49.26401597,49.26401597,110
2016-04-1107:30:00,0,21.96333333,39.43333333,19.6,42.03,22.79,38.36333333,21.1,38.09,20.29,46.66,10.33,23.63333333,21.89,34.93,21.39,37.29,20.7,41.46333333,10.2,749.75,67.5,4.5,40.0,4.4,38.45257048,38.45257048,60
2016-05-0303:30:00,0,22.0,39.4,20.0,41.5,23.2,38.0,22.2,38.09,19.89,49.345,8.226666667,49.63,21.0,40.254,23.0,45.82666667,19.89,42.3175,9.45,760.2,87.5,5.0,34.5,7.4,23.66022951,23.66022951,60
2016-04-1117:30:00,0,22.5,41.43333333,22.5,39.12666667,23.2,38.9,22.1,40.5,21.12857143,44.79,17.53333333,14.43333333,22.2,37.09,23.89,42.332,21.0,41.43333333,14.9,750.65,69.5,3.5,40.0,9.35,5.766780232,5.766780232,360
2016-04-0915:50:00,0,22.29,39.46666667,21.96333333,37.36333333,22.5,37.9,21.0,36.09,20.1,44.30571429,17.236,1.0,22.6,32.29,23.89,35.66333333,20.39,35.09,14.3,748.8666667,48.66666667,7.166666667,40.0,3.47,29.79743528,29.79743528,360
2016-01-2610:20:00,0,20.0,45.12666667,19.2,44.9,20.5,44.4,19.39,46.2,17.52777778,53.0,9.66,99.9,17.5,43.09,18.18333333,49.59,17.1,48.9,9.53,762.5,93.0,5.333333333,62.0,8.47,0.506509142,0.506509142,30
2016-05-1102:50:00,0,24.745,47.29,22.89,49.47142857,26.7,43.4,24.978,45.4,24.0,57.36333333,14.67714286,57.68428571,24.57142857,42.77714286,26.06666667,52.4,24.06,47.054,14.6,748.9,94.0,2.166666667,40.0,13.6,3.821230505,3.821230505,50
2016-01-2713:50:00,0,19.7,46.0,18.89,45.79,19.89,45.2,18.6,47.29,17.5,54.91111111,11.5,82.69333333,17.79,45.0,17.7,50.59,17.1,48.79,11.1,756.1833333,82.0,9.333333333,30.83333333,8.2,47.47934821,47.47934821,40
2016-05-1314:00:00,0,26.1,45.15666667,27.63333333,38.76666667,28.27714286,40.61142857,25.754,43.356,24.2,48.63333333,24.0,1.0,25.29,40.16333333,25.1,46.59285714,24.456,45.156,21.3,747.9,56.0,5.0,29.0,12.1,12.13762534,12.13762534,170
2016-04-0406:20:00,0,21.6,44.29,19.79,46.46666667,23.1,41.7,21.0,43.59,19.79,49.59,11.3,51.93333333,21.0,39.4,23.39,50.59,20.5,48.13333333,11.6,748.1333333,88.0,4.0,40.0,9.6,21.61550572,21.61550572,50
2016-02-0811:40:00,0,20.89,44.42666667,20.16666667,42.73,22.03,45.43,21.0,42.73,18.89,54.52,7.3,85.26333333,18.85111111,37.9,21.19388889,48.68666667,18.92666667,43.96666667,7.53,739.3666667,81.33333333,9.0,47.66666667,4.5,9.388423024,9.388423024,300
2016-05-2406:40:00,0,24.0,44.8975,21.66666667,47.79,25.32333333,41.2,23.5,42.96333333,23.12857143,50.4,10.9175,30.55,23.2,37.9,24.29,46.26,23.0,47.4,10.1,759.6,83.66666667,3.666666667,40.0,7.4,6.529561582,6.529561582,80
2016-03-2312:00:00,0,21.89,41.93,19.79,44.49,22.1,39.43333333,21.39,40.56333333,19.79,47.93333333,10.1,38.75666667,19.89,35.26,21.7,40.72333333,19.79,39.29,9.0,756.3,75.0,4.0,40.0,4.8,20.73603362,20.73603362,50
2016-05-2714:30:00,0,25.56666667,46.63333333,26.37,41.378,28.56666667,41.15666667,24.7,45.96666667,22.89,53.03,25.02333333,1.0,24.0,43.29,23.82333333,49.32666667,23.1,46.62666667,21.9,755.8,59.0,2.0,21.5,13.4,8.991419757,8.991419757,60
2016-01-1600:20:00,0,22.89,40.2,22.03333333,39.0,21.0,41.9,21.0,43.7,20.2,58.83,2.06,94.46666667,18.79,40.46666667,20.6,47.82666667,17.89,47.0,2.35,761.2166667,96.66666667,3.333333333,30.0,1.82,42.58338199,42.58338199,30
2016-03-2220:20:00,20,22.66666667,40.13333333,21.1,40.26666667,22.5,38.0,21.32333333,37.16666667,20.03333333,53.13,7.53,47.09,19.6,32.76,23.29,38.56,19.79,39.13333333,6.33,756.1333333,83.33333333,2.333333333,24.0,3.7,23.42310848,23.42310848,110
2016-02-0120:30:00,40,23.89,46.36,23.0,43.93333333,24.0,45.5,21.39,49.22333333,21.85333333,77.53944444,10.89,84.76666667,18.83444444,44.68333333,21.06666667,52.11277778,17.79,49.29,10.4,759.8,88.5,9.0,51.0,8.6,4.115066689,4.115066689,80
2016-04-2505:00:00,0,20.89,35.5,17.66666667,39.66333333,22.6,35.2,20.7,33.4,20.1,43.4,2.4,54.93,21.7,34.356,24.2,40.76,20.2,39.0,1.8,756.4,96.0,2.0,21.0,1.2,35.44093074,35.44093074,80
2016-03-2021:10:00,0,23.0,37.26,20.39,39.8725,22.5,36.5,20.29,37.76,20.73,42.69333333,5.9,61.13333333,19.1,31.5,23.92666667,37.86333333,19.5,36.59,5.58,761.4666667,90.33333333,2.833333333,28.16666667,4.13,8.706035488,8.706035488,110
2016-03-1811:20:00,0,20.92666667,35.46666667,17.79,39.2,21.1,35.26,20.6,33.4,18.6,52.9,4.263333333,68.2,19.79,28.89,21.39,36.43333333,19.6,35.9,3.17,763.6,94.0,2.0,35.33333333,2.27,41.18135769,41.18135769,50
2016-01-2414:20:00,40,20.76,45.43333333,20.32666667,43.93,21.29,49.93,18.53333333,47.0,16.11611111,68.81833333,8.3,99.9,15.72055556,43.87555556,19.245,52.35,15.69,48.4,7.57,767.7,98.33333333,4.0,42.33333333,7.3,41.2413282,41.2413282,220
2016-05-0621:50:00,0,24.5,38.56,23.6,37.06,24.7,37.36333333,24.0,36.79,21.29,51.9,14.216,10.252,23.26428571,34.47142857,24.6,41.9,21.6,39.7,17.0,752.4833333,55.83333333,1.166666667,37.0,8.08,45.44679855,45.44679855,50
2016-05-2017:00:00,0,23.29,46.4,23.39,43.46,24.5,41.66333333,23.79,43.62666667,22.2,48.72285714,21.03333333,1.0,23.2,41.06428571,22.79,47.52428571,22.66666667,44.72333333,18.0,758.0,68.0,5.0,40.0,11.9,26.42726334,26.42726334,90
2016-05-0621:20:00,0,24.6,38.29,23.79,36.9,24.7,37.29,24.0,36.9,21.39,53.06666667,14.89571429,7.728571429,23.29,34.536,24.79,41.9,21.6,39.66333333,18.0,752.4333333,52.33333333,1.666666667,28.0,8.03,35.43642652,35.43642652,80
2016-03-0917:50:00,10,19.6,36.93,17.32333333,39.76,19.79,36.56,22.13333333,34.46666667,17.39,43.4,6.56,37.76666667,17.89,31.76,20.73,38.62666667,17.39,36.32666667,6.17,746.2666667,63.83333333,4.833333333,40.0,-0.267,21.75578758,21.75578758,90
2016-05-0605:10:00,0,22.89,36.29,20.6,38.2,23.89,37.29,22.6,34.5,19.39,41.2,7.763333333,40.56,22.5,36.9,23.0,42.7,21.1,41.09,9.02,755.7333333,79.5,4.0,40.0,5.62,5.411177711,5.411177711,50
2016-02-2021:20:00,20,22.63333333,43.23,21.42666667,43.62666667,22.29,42.5,21.22666667,47.39,19.2,53.48,10.39,93.3,18.0,43.43333333,21.7,48.12666667,17.89,44.5,10.8,753.9333333,92.0,9.0,54.66666667,9.6,43.62530098,43.62530098,100
2016-03-0804:40:00,0,19.92666667,38.09,17.5,41.0,21.0,37.29,19.63333333,36.32666667,18.2,43.29,-0.7,78.09,18.39,36.06,20.16666667,45.03,17.5,39.09,-0.5,754.8666667,99.0,1.0,22.66666667,-0.633,44.74097008,44.74097008,60
2016-01-2305:20:00,0,17.29,42.82666667,16.39,43.0,17.7,41.0,15.36,42.23,15.58333333,48.88166667,5.933333333,99.9,15.73277778,37.76,16.7,45.59611111,15.19,42.09,5.37,766.4,100.0,4.0,10.33333333,5.37,24.66168364,24.66168364,50
2016-03-1722:20:00,20,22.79,33.86333333,19.96333333,36.36,21.63333333,35.0,23.0,32.82666667,19.46333333,78.83333333,3.76,49.42333333,21.1,25.8925,23.2,34.8,19.89,36.43333333,3.1,764.4666667,84.33333333,2.0,61.66666667,0.667,3.455335379,3.455335379,60
2016-05-2412:10:00,0,24.0,40.79,22.76333333,41.2,25.1,39.12666667,23.6,41.66333333,23.39,58.16857143,15.09,1.4,23.1,35.56,24.79,43.634,22.79,39.86333333,11.9,759.5333333,74.0,3.166666667,30.83333333,7.27,47.90991275,47.90991275,180
2016-01-1711:30:00,0,22.1,37.93333333,21.19666667,35.13333333,21.85666667,41.1,21.85666667,39.1,18.1,50.06666667,0.1,96.35,19.46333333,37.9,20.26,45.62666667,17.89,41.43333333,1.85,765.5,81.5,1.5,29.0,-1.05,45.50304634,45.50304634,250
2016-02-2207:00:00,10,21.175,43.7225,19.79,44.62666667,22.0,43.7,20.79,44.0,18.46333333,55.52666667,10.154,74.534,18.5,41.36333333,21.63333333,52.09666667,18.7,47.79,10.0,752.1,82.0,9.0,40.0,7.0,38.95157529,38.95157529,60
2016-03-0322:10:00,10,22.5,36.96666667,21.0,37.57714286,21.11428571,37.72571429,20.1,34.7925,20.11428571,45.63857143,1.1125,76.235,19.27875,30.39375,21.89,40.06714286,18.39,36.94285714,1.42,749.3,92.0,3.0,23.0,0.217,19.17467617,19.17467617,50
2016-04-2619:40:00,0,21.89,38.19333333,20.29,38.59,22.0,35.93333333,20.32333333,32.9,19.7,62.36,5.66,28.7,20.0,27.73,22.7,37.12666667,19.35666667,32.5,5.53,749.1,66.66666667,5.666666667,40.0,-0.3,32.26121089,32.26121089,100
2016-02-0807:10:00,0,21.0,44.16333333,20.16666667,43.82666667,21.7,44.23,19.7,44.045,18.89,62.11166667,8.0,95.8,18.89,39.79,21.5,53.055,19.1,48.9,9.18,738.5666667,78.5,9.833333333,24.66666667,5.58,20.58264053,20.58264053,40
2016-04-1923:40:00,0,21.79,38.59,19.35666667,40.03,22.1,37.29,21.81857143,35.65285714,20.29,51.56,5.8,38.46666667,20.7,31.2,22.1,43.59,20.0,38.45,6.43,767.3,81.66666667,3.333333333,40.0,3.5,10.70521601,10.70521601,20
2016-02-1017:10:00,0,20.5,42.2,20.1,40.4,20.89,41.2,19.1,41.2,18.89,49.0,6.226666667,93.69,20.01111111,37.96,22.93277778,45.62222222,19.2,43.36333333,5.6,743.95,91.0,4.833333333,40.0,4.22,46.18519606,46.18519606,80
2016-01-3019:10:00,0,21.53333333,45.86,21.0,41.32666667,21.76,44.76,21.35666667,41.66333333,17.6,56.09,3.4,97.96,16.89,39.60833333,20.5,48.09611111,16.29,44.53,4.2,754.1,84.16666667,3.0,37.83333333,1.78,26.83843536,26.83843536,780
2016-05-0112:10:00,0,21.2,39.33,23.63333333,33.32666667,22.39,35.2,20.89,35.8725,19.29,42.7,11.92666667,1.0,19.1,29.85666667,22.03333333,38.36333333,19.6,39.46666667,10.3,765.9666667,69.16666667,5.166666667,40.0,4.72,12.3022032,12.3022032,100
2016-03-0219:00:00,0,21.39,42.1,20.39,38.09,20.89,39.76,19.85666667,37.16333333,18.0,46.12666667,3.526666667,73.52333333,18.79,31.29,21.815,40.6725,18.29,38.62666667,3.7,743.1,85.0,8.0,40.0,1.3,31.24869843,31.24869843,630
2016-02-1308:50:00,0,20.0,39.0,18.1,40.19333333,20.96333333,40.29666667,18.6,39.09,18.6,58.50944444,1.966666667,88.43333333,19.0,34.745,21.745,45.25,18.6,43.56,1.18,737.5833333,91.33333333,2.0,27.33333333,-0.0667,39.41430113,39.41430113,60
2016-03-0615:00:00,0,20.46333333,38.09,19.35666667,38.43333333,19.79,37.59,19.32333333,35.59,17.5,47.23,2.933333333,74.86666667,17.79,32.2,20.89,39.43,17.79,37.73,3.7,747.2,91.0,6.0,22.0,2.4,21.76307878,21.76307878,70
2016-03-0411:50:00,0,20.6,41.475,19.29,38.53857143,20.6,37.92857143,19.0625,36.15875,18.0,47.23857143,4.99875,81.665,18.39,32.52571429,20.15714286,39.79,18.29,38.7,4.45,739.2166667,92.66666667,3.0,43.5,3.38,48.84160273,48.84160273,40
2016-05-0617:10:00,0,24.79,35.76,25.025,32.57,24.26,36.06,23.89,35.46666667,20.66666667,44.93,24.39285714,1.0,24.0,32.834,23.7,38.0,21.5,39.0,22.7,752.6666667,38.0,5.0,40.0,7.75,37.01467968,37.01467968,90
2016-03-2721:00:00,20,22.39,37.93333333,20.2,41.16333333,22.7,37.29,20.6,39.53,20.1,45.59,8.0,51.6,21.23,33.16333333,23.89,37.36333333,20.2,38.26,8.6,750.1,74.0,6.0,40.0,4.2,14.08485345,14.08485345,100
2016-03-1402:00:00,0,20.79,35.29,17.63333333,39.2,20.29,36.9,19.7,34.26,18.5,51.0,0.9,64.06454545,21.5,33.83333333,23.02777778,40.61222222,19.29,39.09,1.8,768.8,88.0,3.0,63.0,0.0,47.65707572,47.65707572,50
2016-02-2207:30:00,10,21.2,44.9,19.7,45.06666667,21.89,43.43333333,20.7,43.9,18.42666667,55.53,10.0,75.47857143,18.5,41.29,21.6,51.72333333,18.7,47.9,9.6,751.95,86.5,8.5,52.0,7.4,38.43952653,38.43952653,60
2016-01-1310:30:00,20,19.2,44.16333333,18.7,43.93,19.5,43.82666667,20.05,42.6,17.89,54.33333333,5.726666667,79.89333333,17.6,41.03,18.1,48.66333333,17.1,46.86,5.25,756.3,84.5,5.0,34.5,2.75,47.14785296,47.14785296,80
2016-02-2220:20:00,30,21.7,44.29,20.26,44.86333333,21.79,42.76,21.6,42.86333333,18.79,72.538,5.866666667,87.76333333,19.7,43.43,21.6,47.03,18.6,44.9,5.43,752.9333333,95.66666667,1.666666667,37.66666667,4.83,22.35976781,22.35976781,110
2016-05-0522:10:00,0,23.84,34.4475,22.56666667,33.76666667,23.6,35.29,23.0,33.29,21.53333333,50.4,11.7725,7.325,22.7,33.99714286,23.1,40.83333333,20.89,36.776,13.6,757.65,60.83333333,2.0,40.0,5.98,28.4013823,28.4013823,50
2016-03-2900:30:00,0,22.79,37.9,19.89,41.23,23.2,38.59,20.6,38.79,20.1,46.09,5.623333333,59.09666667,21.23,33.73,23.5,43.4,20.5,42.23,6.15,745.95,87.0,7.0,51.0,4.1,18.12733858,18.12733858,50
2016-03-0919:00:00,10,20.06666667,37.33333333,17.79,39.9,19.9725,36.7,21.03333333,33.86333333,17.39,43.59,6.03,41.69666667,18.32333333,33.15666667,21.0,38.16333333,17.29,35.7,6.0,747.2,66.0,6.0,40.0,0.1,29.49781973,29.49781973,180
2016-04-2820:00:00,0,21.1,33.16333333,19.5,32.82666667,23.39,35.86333333,20.39,31.29,19.13333333,38.73,8.033333333,1.0,19.6,24.06666667,22.0,34.09,18.76,29.29,9.1,756.2,43.0,3.0,40.0,-2.9,23.28722333,23.28722333,90
2016-03-1415:50:00,0,22.03333333,34.23,20.1,33.1,23.7,36.22333333,20.89,32.12666667,18.1,43.96666667,7.3,26.5,23.1,25.35666667,22.53333333,30.5,19.63333333,37.7,7.47,767.0666667,57.0,5.833333333,26.5,-0.6,32.45411306,32.45411306,80
2016-01-2111:30:00,10,17.89,37.7,17.2,36.7,18.1,38.79,17.89,37.09,16.29,43.27,-0.466666667,95.43333333,15.89,31.05,18.1,39.39222222,15.69,36.4975,1.6,764.5,71.0,1.0,41.5,-3.2,2.515451133,2.515451133,50
2016-05-1310:10:00,20,24.79,48.2,29.16666667,38.59666667,27.45285714,42.47142857,25.62,45.036,24.03333333,49.59,20.03333333,19.56666667,24.79,41.82666667,25.34714286,46.85285714,24.2,46.072,17.3,747.4333333,75.66666667,3.833333333,22.16666667,12.9,38.75822946,38.75822946,60
2016-04-2705:00:00,0,20.7,35.5,17.6,38.9,22.1,36.0,19.6,33.59,19.0,45.9,2.7,53.86333333,19.7,29.89,22.1,40.5,19.39,40.03,3.0,750.1,88.0,6.0,28.0,1.2,3.721089358,3.721089358,80
2016-05-2211:10:00,0,24.40363636,53.88027273,23.25135135,53.77495495,27.46972727,47.33363636,23.71351351,49.56324324,22.61486486,54.68939189,18.04702703,50.86,23.51756757,46.76263514,24.86845455,54.82818182,23.28481818,51.26363636,15.8,750.7666667,93.5,3.333333333,38.16666667,14.8,17.25452237,17.25452237,470
2016-03-1314:10:00,0,21.53333333,34.96666667,20.5,34.2,20.39,35.9,21.0,33.62666667,18.0,45.23,8.8,26.43,22.2,27.85666667,24.29,33.33333333,19.2,38.59,8.88,769.1166667,58.5,6.166666667,25.83333333,1.13,28.33349088,28.33349088,40
2016-01-1921:00:00,20,19.56666667,40.15666667,18.65,40.29,20.46333333,41.43,19.79333333,36.46666667,17.79,50.06333333,-5.585,82.34444444,17.79,29.73,20.5,40.43333333,16.39,35.36333333,-4.5,758.2,94.0,2.0,61.0,-5.4,32.33145375,32.33145375,380
2016-01-2006:10:00,0,18.5,39.09,17.16666667,39.53,18.92666667,39.4,17.32333333,38.4,16.73,48.7,-3.411111111,91.18166667,17.0,33.0,19.1,45.09,16.29,42.32666667,-2.97,758.9,90.0,2.833333333,61.0,-4.38,15.71173217,15.71173217,80
2016-04-1919:50:00,30,22.29,40.12666667,20.89,37.86333333,22.32333333,37.0,22.21285714,36.94285714,20.89,70.62333333,10.49,7.356666667,21.1,29.17142857,22.2,39.02666667,20.0,34.09,11.2,765.8666667,58.33333333,4.0,40.0,3.18,48.56706052,48.56706052,110
2016-03-0213:00:00,0,20.89,38.99,20.39,37.12666667,20.7,39.06,21.2,37.06,18.2,46.9,9.726666667,32.45666667,19.2,30.42666667,20.16666667,37.4,18.39,41.9,8.6,745.1,54.0,8.0,40.0,-0.2,27.51699704,27.51699704,150
2016-05-0107:40:00,0,20.39,38.19333333,17.56666667,42.46666667,22.73,35.86,19.26,37.43,19.29,43.4,5.363333333,55.06666667,19.2,31.63333333,21.5,42.26,19.13333333,41.43333333,3.6,765.5,95.0,2.0,62.33333333,2.83,15.75793755,15.75793755,50
2016-03-2916:00:00,20,22.39,38.93333333,21.29,39.09,22.79,37.9,21.26,40.06,20.2,52.545,13.37647059,13.26411765,21.7,32.5,24.7,41.66333333,20.6,41.53,11.0,751.6,72.0,4.0,40.0,6.1,17.42184761,17.42184761,110
2016-01-2222:10:00,0,17.73,40.79,16.7,41.4,18.0,40.045,15.69,40.5,15.8,48.32666667,4.0,99.53,15.89611111,35.79,17.16666667,43.57,15.39,40.2,3.77,762.1666667,98.33333333,5.0,28.83333333,3.52,44.13160033,44.13160033,40
2016-02-0313:20:00,0,22.6,43.76666667,21.5,42.26666667,21.96944444,44.60833333,21.85666667,40.36333333,19.1,55.16944444,6.726666667,58.33,19.29,33.88055556,20.54444444,40.96,18.6,45.15666667,6.43,760.1333333,64.33333333,7.333333333,40.0,0.133,11.59635229,11.59635229,120
2016-02-1822:50:00,20,21.39,35.2,20.2,35.56,20.12857143,36.50857143,19.5,36.06,17.236,44.236,2.0,79.26333333,17.39,30.36,20.73857143,37.92285714,17.29,35.72857143,0.933,757.65,97.0,2.0,34.83333333,0.517,15.93569485,15.93569485,30
2016-02-1216:20:00,0,21.32333333,39.06,19.79,39.09,21.89,39.56,19.39,38.26,18.39,49.045,5.333333333,82.15666667,20.62777778,31.53888889,24.07222222,38.65111111,18.96333333,41.86333333,5.6,740.5,67.0,4.666666667,40.0,-0.167,12.82800582,12.82800582,100
2016-03-0603:40:00,0,19.2,37.7,17.03333333,39.93333333,20.2,37.59,17.66666667,37.16333333,18.1,54.59,2.826666667,78.62333333,18.2,32.2,20.7,43.12666667,18.06666667,40.66333333,3.17,744.9666667,93.0,5.333333333,32.66666667,2.07,4.184906965,4.184906965,50
2016-02-0404:50:00,0,21.2,42.09,20.46333333,41.76,22.19444444,43.85722222,20.1,41.62666667,18.86777778,57.18444444,0.566666667,90.52333333,18.5,38.09,21.71,48.66944444,18.39,48.2,2.12,765.2833333,90.66666667,3.0,38.16666667,0.683,16.52182091,16.52182091,40
2016-01-3114:10:00,20,22.0,40.9,21.5,39.79,21.49666667,42.96666667,19.79,43.43333333,17.7,51.255,8.066666667,99.9,17.1,42.2,20.235,50.70166667,16.73,46.16333333,7.43,751.8833333,95.33333333,6.166666667,55.16666667,6.77,11.64900253,11.64900253,120
2016-02-1400:20:00,10,21.7,39.93333333,19.89,40.79,21.39,40.53,19.2,41.09,18.2,52.09,3.4,92.165,19.1,37.46111111,21.735,44.87388889,18.0,42.36,2.83,733.0,98.33333333,2.333333333,26.0,2.6,8.168114792,8.168114792,60
2016-04-1207:20:00,10,21.79,42.23,19.2,45.76666667,23.0,39.43333333,21.7,40.5,20.79,43.86857143,7.3,57.52666667,21.29,35.5,22.29,41.98,20.79,43.03,7.7,751.8,91.66666667,2.333333333,26.66666667,6.37,1.203255879,1.203255879,80
2016-02-0616:30:00,0,21.1,49.25666667,20.46333333,45.66,21.5,44.66333333,19.7,46.59,19.39,54.64833333,11.39,66.53333333,18.89,40.725,20.97555556,47.045,18.89,46.93333333,10.8,747.85,73.5,7.5,40.0,6.15,19.46220727,19.46220727,420
2016-05-1215:40:00,0,25.6,46.7,26.1,43.12142857,26.29,43.5,25.68571429,43.88428571,24.1,52.4,24.2,1.666666667,25.29,41.79,25.39,49.62666667,24.14285714,46.38428571,21.2,744.1,57.66666667,3.333333333,25.0,12.6,29.2834269,29.2834269,80
2016-03-1907:00:00,0,21.0,37.06,18.2,40.5,21.56666667,36.79,19.79,34.9,18.29,46.62666667,5.375,57.195,19.5,31.0,21.79,41.9,19.7,41.0,4.8,761.8,88.0,2.0,21.0,3.0,37.67971926,37.67971926,50
2016-05-0816:40:00,0,25.16666667,36.59,26.2,31.42666667,26.2,37.59,25.0,35.79,24.16666667,33.23333333,27.62,1.0,24.1,31.95,24.87571429,34.1,23.1,38.4,25.5,750.9333333,31.66666667,4.0,40.0,7.33,22.12690852,22.12690852,60
2016-02-1606:20:00,10,20.1,37.9,17.79,39.845,20.79,40.29,19.39,37.59,18.03333333,48.32666667,-3.766666667,80.86333333,18.7,32.7,20.89,42.2,17.89,41.46666667,-2.93,770.7333333,95.33333333,0.333333333,46.0,-3.53,26.00167664,26.00167664,50
2016-03-2513:50:00,0,21.63333333,41.79,19.46333333,45.5,23.35666667,40.06,19.79,39.76,19.29,48.09,10.62666667,58.0,20.13333333,37.43,21.26,42.0,19.5,41.76,9.93,755.6,74.16666667,6.0,38.16666667,5.52,26.16214947,26.16214947,280
2016-04-2018:40:00,10,22.79,31.89,21.85666667,29.36,23.93,38.13333333,22.79,31.676,20.39,36.53,14.93333333,1.0,22.42142857,25.89,22.32333333,33.7,20.2,34.29,15.0,764.9,34.66666667,6.0,40.0,-0.5,32.9386009,32.9386009,250
2016-02-0615:50:00,0,20.9175,45.865,20.39,43.2,21.39,43.79,19.7,45.82666667,19.33444444,54.09777778,11.69,66.56,18.82333333,40.81666667,21.0,47.46,18.89,47.09,10.9,748.3666667,72.16666667,8.333333333,40.0,6.0,7.274659758,7.274659758,360
2016-01-1912:10:00,0,18.85666667,40.29,17.76,40.53,19.0,39.82666667,18.29,37.9,16.6,56.29,-2.561666667,90.83722222,17.51111111,33.01722222,18.81777778,41.59055556,16.7,38.73,-1.33,757.6,73.16666667,1.0,20.33333333,-5.58,41.64590874,41.64590874,40
2016-03-2507:50:00,0,21.0,40.56666667,18.39,43.9,22.13333333,38.53,19.89,38.9,19.39,49.56,6.59,73.69,20.29,39.3,21.79,44.13333333,19.5,43.56,6.35,753.3666667,97.0,6.0,48.5,5.85,45.28484474,45.28484474,50
2016-02-0805:50:00,0,21.1,43.9,20.26,43.59,21.7,44.0,19.89,43.76,19.0,63.31166667,7.56,95.59,18.90833333,39.575,21.6,53.5,19.06666667,48.33333333,7.83,738.7833333,91.0,7.166666667,37.0,6.43,40.52961671,40.52961671,20
2016-03-2923:50:00,20,21.92666667,40.56,19.66666667,42.46666667,22.89,38.9,21.56666667,40.2,20.1,46.5,9.39,49.86333333,21.1,33.62666667,24.5,43.66333333,20.29,39.43,9.77,750.0166667,79.33333333,7.666666667,40.0,6.27,29.30527491,29.30527491,70
2016-04-1823:00:00,0,21.6,37.2,19.29,38.145,22.5,36.2,22.29,34.09,20.35666667,53.52666667,5.5,15.63333333,20.39,29.1,22.73,40.93,20.2,35.13333333,6.0,763.7,70.0,2.0,40.0,0.9,15.0876874,15.0876874,50
2016-03-1112:50:00,10,20.06666667,35.06,19.29,34.4,19.53333333,34.23,20.7,33.59,18.1,61.4,7.8225,41.595,19.96333333,30.82333333,21.06666667,36.82666667,18.39,39.53,8.02,765.2166667,60.83333333,4.0,62.5,0.817,19.87281502,19.87281502,60
2016-03-1105:30:00,0,20.5,36.2,16.865,41.5675,20.39,37.2,19.89,34.0,17.82333333,50.03,0.333333333,70.85666667,19.5,35.5,21.03333333,43.03,18.1,41.09,-0.65,763.6,93.5,1.5,33.5,-1.6,38.88142928,38.88142928,50
2016-03-0918:10:00,0,19.76,37.0,17.5,39.66333333,19.79,36.59,21.72666667,33.9,17.39,43.4,6.366666667,38.73,18.16666667,33.42333333,20.79,38.7,17.39,36.26,6.08,746.5333333,64.33333333,5.166666667,40.0,-0.233,36.58670961,36.58670961,100
2016-05-1315:40:00,0,26.1,42.8,26.76,38.09,29.1,38.23857143,25.68,42.116,24.29,46.36333333,23.79,1.0,25.82333333,37.43,25.18571429,42.75142857,24.5,42.39571429,23.1,747.9333333,45.0,6.666666667,40.0,10.5,18.36302859,18.36302859,100
2016-03-1103:50:00,0,20.79,36.7,17.39,41.16333333,20.7,37.5,20.1,33.79,18.0,50.53,-0.033333333,66.83,19.6,35.26,21.23,43.59,18.1,41.06,0.383,763.4,89.83333333,1.0,42.0,-1.05,20.10151718,20.10151718,40
2016-03-1206:40:00,0,19.89,36.9,16.6,41.4,20.29,37.5,19.16666667,34.79,18.5,41.59,-0.2,68.79666667,19.39,30.92666667,21.2,44.5,18.5,41.06,-0.433,766.7333333,94.0,1.0,17.33333333,-1.23,44.93943542,44.93943542,50
2016-03-0821:10:00,0,20.96333333,39.16333333,18.6,41.24,20.32333333,37.79,21.1,36.33,18.56666667,59.02666667,4.866666667,78.93333333,18.32333333,31.4,20.79,37.56,17.5,35.46666667,4.45,756.1166667,74.83333333,4.0,40.0,0.317,40.57334057,40.57334057,100
2016-01-1509:10:00,10,20.79,35.19333333,19.7,35.1,20.1,37.93,19.69333333,41.92666667,17.89,54.63333333,2.5,85.13333333,18.1,38.79666667,18.85666667,46.06333333,17.29,44.5,3.2,753.2833333,80.33333333,9.833333333,40.0,0.05,49.69569393,49.69569393,370
2016-03-2812:00:00,0,22.1,40.82333333,21.3925,40.67,22.53333333,38.43333333,21.2,39.39,19.89,46.16333333,12.22666667,32.09333333,21.29,35.69333333,23.1,41.59666667,20.39,43.43333333,10.3,740.8,73.0,8.0,40.0,5.6,8.394395688,8.394395688,130
2016-01-2123:20:00,0,20.63333333,36.82666667,19.96333333,36.5,19.85666667,40.26,17.1,37.93333333,17.90222222,42.56444444,-2.03,94.23,16.67777778,31.43833333,19.51111111,42.98222222,15.89,39.79,-0.4,764.9,89.33333333,2.666666667,59.66666667,-1.97,34.49460809,34.49460809,50
2016-05-0302:10:00,0,22.2,39.59,20.29,41.59,23.16666667,38.0,22.35666667,38.7,19.89,49.59,9.696666667,45.39666667,21.0,40.634,23.1,46.5,19.89,41.94,10.9,760.0,93.5,6.166666667,50.83333333,9.88,44.2646691,44.2646691,60
2016-04-2503:00:00,0,21.1,35.29,17.85666667,39.26,22.7,35.09,20.87,33.072,20.2,43.09,1.6,52.59666667,21.7,34.0,24.32333333,41.43333333,20.2,38.5,1.2,757.3,96.0,3.0,22.0,0.6,47.23220773,47.23220773,40
2016-04-0103:00:00,0,21.79,38.9,19.1,41.73,22.46333333,38.96666667,20.2,39.4,19.73,49.0,4.33,63.03,20.2,34.09,23.6,46.53,20.1,42.7,4.9,758.1,92.0,3.0,64.0,3.7,10.05567199,10.05567199,50
2016-02-1104:30:00,0,20.39,43.0,19.79,41.16333333,20.89,41.79,19.1,43.2,19.10555556,64.06055556,1.533333333,90.09,20.1,41.38166667,22.31777778,50.79,18.89,45.23,2.2,748.6,97.5,3.0,62.0,1.85,21.08500014,21.08500014,50
2016-01-2000:40:00,0,19.7,39.0,18.66666667,39.16333333,19.1,39.09,18.29,37.96666667,17.6,51.19333333,-4.749444444,88.42166667,17.39,32.36333333,20.1,44.0,16.39,39.86333333,-4.7,758.7333333,94.0,1.666666667,52.66666667,-5.6,11.13529884,11.13529884,30
2016-04-0922:40:00,0,22.46333333,41.46666667,20.16666667,43.79,22.82333333,39.62666667,20.6,38.4,20.1,46.736,7.971428571,52.52285714,21.79,35.79,23.16666667,39.56,20.0,38.76,8.27,750.1333333,92.0,3.0,24.0,7.0,25.58436007,25.58436007,30
2016-01-2119:50:00,0,20.1,42.16,19.13333333,37.2,18.7,39.9,17.7,39.09,18.255,40.79722222,-1.966666667,92.39666667,17.08888889,28.65388889,19.48777778,37.64888889,16.0,37.23,-0.633,764.6666667,84.0,1.833333333,63.16666667,-3.03,1.089311426,1.089311426,150
2016-03-1022:40:00,0,22.0,37.63333333,19.5,40.03,21.2,37.59,21.06666667,33.9,19.06666667,46.99666667,2.7,52.53,19.7,32.13333333,22.1,38.32666667,18.1,39.36333333,3.17,762.5,81.33333333,1.333333333,61.66666667,0.3,12.26874675,12.26874675,60
2016-02-0202:50:00,0,22.39,45.9,21.5,45.4,23.29,45.79,20.79,48.79,20.00555556,59.46611111,10.19,99.9,18.83444444,46.18166667,20.84555556,56.40333333,18.0,51.86333333,10.4,759.4166667,92.66666667,7.666666667,43.0,9.33,41.79676325,41.79676325,50
2016-03-1214:50:00,10,20.79,34.69333333,19.63333333,32.86,19.89,34.63333333,20.79,33.66333333,17.89,42.63333333,9.566666667,22.36666667,21.89,27.56666667,25.1,37.5,18.89,39.09,9.22,766.8333333,55.33333333,3.833333333,22.0,0.683,4.058425478,4.058425478,80
2016-02-1815:20:00,0,20.39,34.0,18.63333333,34.76666667,19.79,36.4,19.1,33.59,17.39,43.29,6.19,51.3,17.7,27.89,19.54,35.0,17.7,36.0,3.5,755.9,75.33333333,3.666666667,21.33333333,-0.5,25.45173063,25.45173063,50
2016-03-1300:20:00,0,21.39,35.9,18.5,38.93333333,20.0,36.29,19.85666667,35.13333333,18.85666667,47.7,1.0,62.06666667,20.79,30.76,23.32333333,37.33333333,18.89,39.2,1.33,768.1666667,87.33333333,2.0,56.0,-0.533,42.10468794,42.10468794,60
2016-02-2511:00:00,20,20.2,40.5,19.29,40.43333333,20.5,39.15666667,21.89,37.29,17.89,48.65285714,3.863333333,87.0,19.0,32.272,20.42666667,38.43333333,18.16666667,37.4,4.5,756.9,76.0,3.0,21.0,0.6,16.85518248,16.85518248,770
2016-02-2420:10:00,0,21.56666667,37.53,20.2,37.56,21.0,37.59,20.16666667,37.53,18.99333333,70.33,1.666666667,81.4,19.92285714,32.32571429,22.2,38.43333333,18.2,36.29,2.05,756.05,82.5,1.833333333,38.0,-0.65,26.28776008,26.28776008,110
2016-02-0819:30:00,0,23.7,47.13,23.39,40.7,24.96333333,43.86333333,21.32333333,44.03,20.20388889,51.33333333,7.333333333,66.45666667,19.29,35.09,22.56111111,44.525,18.89,41.29,7.75,742.25,70.5,12.0,32.5,2.65,39.1192378,39.1192378,90
2016-02-2511:50:00,20,20.39,41.4,19.6,39.26,22.03,41.65666667,22.2,36.96333333,17.89,48.5,5.4,84.26,19.1,31.52857143,20.46333333,37.59,18.23,37.65666667,5.25,756.9833333,66.0,3.833333333,36.83333333,-0.733,43.00419913,43.00419913,250
2016-01-1806:00:00,0,20.23,40.7,18.6,40.29,20.2,40.59,19.63333333,37.9,18.29,59.59,-5.483333333,86.77277778,19.7,38.03,20.7,47.09,17.6,41.7,-4.5,760.3,87.0,3.0,22.0,-6.4,2.636844211,2.636844211,50
2016-04-2717:50:00,0,21.0,35.03,19.39,35.2,21.16666667,34.09,20.34,33.545,19.0,39.9,6.3,40.45090909,19.70818182,28.39,22.7,37.7,19.2,32.7,7.05,753.75,63.66666667,3.666666667,40.0,0.5,45.27318504,45.27318504,160
2016-04-2201:10:00,0,22.63333333,37.32666667,20.79,38.53,23.39,37.56,22.79,35.0,20.5,42.93333333,12.19,10.83,22.1,36.4,22.6,45.9,20.26,39.06,12.2,760.3,63.83333333,1.166666667,27.83333333,5.48,29.70092189,29.70092189,50
2016-03-3115:20:00,0,21.2,39.4,19.5,41.43333333,22.0,37.66333333,20.6,40.06,20.29,45.545,9.33,53.43,20.29,34.32666667,24.39,40.36333333,19.96333333,38.16333333,8.1,754.3,80.66666667,4.333333333,32.0,4.93,24.2201768,24.2201768,100
2016-02-2322:50:00,0,21.79,40.6,20.15,40.845,21.03333333,40.32666667,20.79,38.09,19.7,89.14,0.133333333,84.12333333,19.1,36.86,20.79,44.46333333,18.2,39.58,0.583,760.3,96.16666667,1.833333333,23.5,0.05,6.016470585,6.016470585,50
2016-04-2715:50:00,0,21.0,34.82666667,19.85666667,34.2,21.29,34.46666667,20.6,34.06,19.1,40.09,8.7,21.05666667,20.0,27.79,22.16666667,36.4,19.26,33.06,9.38,753.1,62.83333333,6.0,40.0,2.58,48.20488612,48.20488612,100
2016-03-0106:00:00,0,20.29,35.5,17.79,37.53,21.0,36.0,19.7,33.79,18.32333333,40.09,-1.5,76.52666667,19.5,29.025,21.29,40.79,18.29,39.0,-1.3,761.8,98.0,2.0,33.0,-1.6,23.88901484,23.88901484,40
2016-05-2514:10:00,0,23.73,37.79,24.4175,34.425,25.1,38.0,24.0,37.9,20.42666667,79.53333333,17.41875,1.0,22.87333333,33.98333333,23.85,40.334,21.58823529,36.79647059,14.7,756.4666667,57.16666667,2.0,30.0,6.25,36.12853974,36.12853974,80
2016-04-1719:00:00,20,23.0,42.79333333,20.79,42.76333333,22.89,37.4,22.6,36.334,21.06666667,46.43,8.5,15.83,21.75142857,28.1,23.73,37.72333333,20.96333333,39.79,8.6,757.7,65.0,5.0,40.0,2.3,17.38963805,17.38963805,100
2016-02-1716:20:00,0,21.0,33.73,19.32333333,33.9,20.2,35.47142857,19.39,33.09,17.73857143,43.76428571,4.5,62.3,20.23,25.82333333,21.96333333,33.62666667,18.1,38.59,2.87,757.1333333,74.33333333,2.333333333,21.66666667,-1.3,15.23056283,15.23056283,70
2016-04-0503:20:00,0,22.23,43.73,19.7,47.4,24.7,41.0,21.39,42.7,20.89,59.02666667,9.6,54.29666667,21.76,41.79,23.85666667,48.66333333,20.82333333,46.12666667,9.7,748.9666667,86.66666667,1.0,40.0,7.53,46.64708164,46.64708164,70
2016-01-2820:40:00,0,19.1,44.0,18.2,44.09,19.7,43.59,17.79,44.2,17.1,51.91111111,1.1,93.59333333,18.2,39.0,18.265,45.45,17.0,44.9,2.73,765.9333333,90.0,3.333333333,27.0,1.2,40.08628543,40.08628543,40
2016-05-0206:40:00,0,21.2,36.4,18.0,40.29,22.1,35.06,20.2,34.36333333,19.6,46.23,1.93,40.66,19.29,29.7,22.29,41.33333333,19.57142857,39.36857143,1.73,764.6333333,93.0,1.0,27.33333333,0.7,34.81507131,34.81507131,80
2016-04-0807:30:00,0,21.0,40.29,18.29,44.9,22.29,38.5,20.39,38.5,19.73,47.7,6.093333333,60.16333333,21.12857143,38.29,21.2,41.22666667,20.6,43.7,4.9,754.4,98.0,1.5,61.0,4.6,39.5921692,39.5921692,80
2016-04-1319:30:00,0,22.2,43.86333333,20.39,45.13333333,24.26,42.03,22.35666667,40.96333333,20.90222222,47.98777778,10.838,35.24,21.0,37.0,23.29,43.745,20.5,42.9,10.9,751.9,73.5,2.5,40.0,6.2,40.72086016,40.72086016,240
2016-03-1421:10:00,10,22.79,36.52666667,20.0,39.33333333,22.5,35.43333333,20.6,34.86333333,21.15666667,86.02333333,3.4,33.26666667,21.6,24.5,22.29,30.99666667,19.6,37.5,3.17,766.7,70.16666667,2.166666667,22.0,-1.82,4.712688969,4.712688969,120
2016-05-1909:20:00,0,22.96333333,41.4,22.63333333,40.46666667,24.29,38.56,22.79,40.16333333,21.16,48.48,14.53,38.79666667,23.0,38.2,23.0,40.29,22.5,41.79,9.93,752.3,86.33333333,1.333333333,34.0,7.73,11.37466007,11.37466007,20
2016-03-2619:10:00,0,21.85666667,41.86333333,20.29,42.8,23.0,38.32666667,20.39,42.82666667,19.89,49.9,13.89,34.25,21.0,36.9,23.7,45.0,20.0,41.59,13.2,750.6333333,68.33333333,5.333333333,40.0,7.33,41.72263031,41.72263031,470
2016-02-2515:20:00,20,21.0,39.5,19.5,38.69333333,23.2,37.82666667,22.2,35.66333333,17.89,47.036,4.433333333,77.0,19.39,29.72571429,20.53333333,35.56,18.2,38.1,4.6,756.7333333,70.33333333,2.0,36.0,-0.4,21.39600974,21.39600974,220
2016-05-0511:00:00,0,22.6,30.59333333,26.63333333,22.23333333,23.29,32.96333333,22.79,30.3,21.46333333,57.29,18.85666667,1.0,21.79,27.654,23.34714286,35.89285714,20.85666667,36.73,15.0,762.3,39.0,5.0,40.0,1.2,1.323145372,1.323145372,80
2016-01-2204:30:00,0,19.125,37.475,18.13333333,37.36333333,19.16666667,40.06,16.6,38.2,16.79,46.33277778,-2.0,94.06,16.39,32.715,18.86222222,46.765,15.96333333,42.5,-1.0,764.1,87.0,3.0,62.0,-2.9,30.57658967,30.57658967,50
2016-02-2820:50:00,10,20.6,33.79,18.7,34.59,20.1,35.2,19.2,33.06333333,19.92666667,86.66666667,3.09,38.26666667,20.6,29.6,21.26,36.0,18.29,39.93333333,3.05,760.25,61.16666667,5.333333333,30.83333333,-3.77,43.90381904,43.90381904,100
2016-02-1710:30:00,0,19.7,34.02666667,18.22666667,34.26,19.89,36.09,19.39,33.09,18.16,45.59,-1.566666667,83.76333333,18.32333333,27.72666667,20.2,35.66333333,17.5,35.5,0.05,761.75,79.5,1.0,43.0,-3.15,6.288870575,6.288870575,80
2016-02-2319:00:00,10,21.2,42.36333333,19.32333333,42.19333333,21.06666667,40.36333333,21.6,38.79,18.456,48.812,2.9,85.99333333,18.79,34.95,20.73,41.32666667,18.33,39.59,4.0,759.1,86.0,1.0,40.0,1.9,41.54412353,41.54412353,110
2016-02-2214:20:00,0,21.16666667,46.7,19.89,46.82666667,22.0,42.73,20.2,44.9,18.5,53.9,10.83,88.99666667,18.5,43.76,20.56666667,48.4,18.7,46.95714286,10.3,750.9333333,95.66666667,6.0,49.0,9.57,11.56467246,11.56467246,50
2016-05-0602:30:00,0,23.23,35.79,21.1,37.16333333,23.82333333,36.93333333,22.7,34.09,20.0,41.2,9.0,32.26666667,22.6,37.0,23.1,45.0,21.0,40.06428571,9.25,756.8,78.5,2.5,40.0,5.75,11.09365699,11.09365699,60
2016-02-1304:20:00,0,20.7,38.09,18.63333333,39.09,20.92666667,39.79,18.92666667,39.09,19.1,62.32,1.263333333,89.0,19.23,34.43333333,22.39,45.79,18.5,42.29,0.767,740.0,90.33333333,2.333333333,23.33333333,-0.7,9.282630414,9.282630414,50
2016-03-1407:30:00,0,20.1,35.93,16.5,40.36,20.32333333,37.12666667,19.2,33.4,18.39,47.132,-0.835714286,69.05785714,20.92666667,33.22666667,22.33444444,40.73111111,19.29,40.2,-0.1,768.8,90.5,4.5,60.5,-1.5,14.5515958,14.5515958,40
2016-01-1809:20:00,0,19.79,41.2,18.13333333,41.7,19.89,40.79,19.1,38.2,18.0,58.16333333,-4.45,89.44722222,19.29,36.4,20.2,44.36,17.32333333,39.12666667,-3.9,759.5,86.33333333,1.666666667,22.33333333,-5.87,6.286461069,6.286461069,40
2016-02-2200:40:00,20,22.0,44.36333333,20.7,44.4,21.89,44.0,22.29,45.2,18.6,56.79,10.08,79.376,18.5,43.06,22.0,52.56,18.5,46.79,10.0,753.4,85.0,7.666666667,40.0,7.53,34.95861645,34.95861645,60
2016-01-1204:50:00,0,20.16666667,46.36333333,19.5,44.7,20.29,45.59,19.79,46.46666667,18.5,50.0,4.8,94.22666667,17.89,45.59,19.1,54.4,17.1,49.2,4.98,739.85,91.33333333,5.166666667,40.0,3.63,41.97201751,41.97201751,60
2016-04-2223:50:00,0,22.6,39.09,20.5,39.56,24.79,36.09,22.39,35.134,21.0,57.75666667,8.96,30.96666667,21.56,32.4,23.63333333,44.59,20.42666667,38.82666667,9.42,756.9833333,71.33333333,5.0,38.16666667,4.48,35.65026917,35.65026917,60
2016-02-2314:20:00,20,21.5,43.69333333,19.79,43.96333333,21.2,41.29,21.79,38.96666667,18.6,50.772,4.43,87.63333333,19.06666667,35.76,20.29,41.79,18.5,40.42857143,6.33,756.5333333,80.66666667,3.0,40.0,3.27,41.02381923,41.02381923,60
2016-01-2315:20:00,0,16.89,44.925,16.13333333,44.76,17.29,42.53,15.1,44.2,15.39,50.09,8.0,99.9,15.6,39.79,17.56666667,50.5,15.0,44.29,7.2,770.4333333,96.0,4.0,58.33333333,6.57,18.89089026,18.89089026,80
2016-04-0713:10:00,0,21.89,40.15666667,22.1,38.5,22.39,38.26,21.5,38.59,20.39,55.23,13.21142857,7.714285714,21.48428571,33.92714286,21.7,37.79,20.79,41.76,9.43,752.8,64.5,7.166666667,40.0,3.05,29.60641542,29.60641542,30
2016-05-0122:30:00,0,22.5,35.29,20.03333333,36.2,22.39,35.59,21.06666667,34.26,20.16666667,55.53333333,5.226666667,9.56,19.5,28.79,23.6,38.895,19.53333333,37.56,7.75,766.0,65.0,2.0,40.0,1.5,11.48093591,11.48093591,70
2016-05-1609:00:00,0,22.89,40.86333333,20.5,43.4375,24.6,37.254,22.96333333,37.79,22.7,42.36,10.36,49.16666667,23.2,33.7,24.42666667,41.43333333,22.79,42.37142857,8.5,761.1,86.0,2.0,29.0,6.2,1.853223948,1.853223948,80
2016-05-1119:50:00,0,25.5,49.2,24.80428571,47.4,26.2,45.5,25.7,46.254,24.76333333,82.0,16.29,44.13714286,24.98428571,44.23857143,26.7,51.19666667,23.934,48.4,18.1,745.55,67.66666667,1.666666667,40.0,12.0,48.3605398,48.3605398,90
2016-02-2310:30:00,0,20.53333333,42.53,19.1,43.4,21.2,41.26,22.03333333,40.36,18.7,50.79,5.76,87.72666667,18.89,38.36333333,20.6,44.63333333,18.5,42.69142857,5.6,755.65,85.5,4.5,33.5,3.25,28.3412265,28.3412265,80
2016-04-1217:50:00,0,22.96333333,54.82333333,22.39,42.93333333,23.35666667,39.56333333,23.16666667,38.26,21.39,46.2,14.63,6.766666667,22.32333333,34.5,23.0,42.44,21.2,41.56333333,13.7,751.2166667,58.5,3.0,40.0,5.63,15.32015802,15.32015802,130
2016-05-1514:40:00,0,23.39,34.73,23.33,32.0,24.2,34.32,23.79,32.7,23.2,37.09,15.39666667,1.0,23.82333333,27.39,25.6,34.7,23.0,34.21,12.7,761.6,48.33333333,4.333333333,40.0,2.07,27.89165621,27.89165621,100
2016-03-1203:20:00,0,20.39,36.9,17.29,40.79,20.2,36.9,19.5,34.9,18.7,41.66333333,1.5,67.1,19.7,30.82333333,21.6,44.73,18.5,40.23,1.77,766.5333333,89.33333333,2.0,39.66666667,0.167,25.25297086,25.25297086,40
2016-02-1723:50:00,0,21.03333333,35.59,19.23,36.73,19.89,36.80571429,18.7,36.0,18.89,42.994,-1.79,80.16333333,18.7,29.23,21.6,39.79,17.96333333,38.0,-0.35,755.3166667,90.33333333,2.833333333,62.0,-1.7,20.3761626,20.3761626,60
2016-03-0709:20:00,0,18.92666667,37.9,17.1,39.82666667,19.39,37.4,18.1,35.95,18.03333333,52.42666667,2.06,76.93333333,17.46333333,31.26,20.03333333,40.3,17.53333333,38.65666667,0.967,748.0,96.66666667,2.0,48.33333333,0.5,45.71952871,45.71952871,60
2016-03-2804:00:00,0,21.5,38.2,18.89,41.59,22.79,38.2,20.1,39.0,19.89,47.5,8.196666667,49.39333333,21.39,38.16333333,23.13333333,42.79,20.29,42.7,8.8,744.3,72.0,10.0,40.0,3.9,45.50844535,45.50844535,50
2016-03-0311:40:00,30,20.06666667,38.16333333,19.2,37.66,19.79,38.06,21.5,36.7,18.0,45.23857143,5.074,82.114,18.40375,32.475,20.1,39.77714286,18.43714286,41.45714286,4.8,747.1666667,86.33333333,5.333333333,24.33333333,2.63,47.02219822,47.02219822,90
2016-01-2508:20:00,0,19.96333333,43.79,19.0,44.09,20.2,44.4,17.39,46.9,17.89,50.405,6.5,99.9,16.29,43.09,17.79,49.48888889,16.5,49.9,6.97,764.0666667,94.33333333,3.0,23.0,6.17,15.6593598,15.6593598,50
2016-02-2723:10:00,0,21.5,35.0,19.89,35.09,20.89,35.7,19.39,32.76,17.89,53.48,1.033333333,50.96,19.7,30.51,22.29,37.76,18.0,38.23,1.6,753.65,69.66666667,5.0,24.5,-3.38,29.88300702,29.88300702,80
2016-01-2015:30:00,0,17.6,36.29,16.6,36.59,18.0,37.36333333,16.5,36.0,16.37888889,52.49333333,2.03,97.16,16.29,30.78,19.79,40.48888889,15.69,35.79,0.6,760.3,81.5,2.0,61.5,-2.25,33.9420405,33.9420405,90
2016-05-1117:30:00,0,25.5,50.96666667,25.6,48.014,26.23857143,46.66857143,25.89,48.174,24.0,55.13,21.214,18.478,25.29,45.62142857,26.7,51.3,24.1,48.61285714,22.4,746.4,57.5,1.5,40.0,13.6,26.57115457,26.57115457,100
2016-04-1517:00:00,0,22.7,39.66333333,21.79,38.12666667,24.16666667,37.06,22.5,38.17833333,20.79,43.9,17.32666667,4.966666667,22.0,32.4,23.29,40.5,20.89,42.59,15.3,746.6,53.66666667,8.666666667,32.0,5.87,0.625119091,0.625119091,80
2016-02-1400:50:00,10,21.6,39.9,19.79,40.79,21.39,40.53,19.1,41.09,18.11111111,52.09,3.4,92.19,19.1,37.715,21.7,45.32055556,18.0,43.06,2.73,733.15,98.83333333,2.833333333,18.5,2.6,45.635239,45.635239,60
2016-04-2122:50:00,0,22.79,37.0,21.39,37.12666667,23.2,36.79,22.89,34.7,20.6,42.59,14.0,5.933333333,22.1,35.2,22.82333333,42.56,20.2,38.03,13.8,760.1333333,60.0,3.0,40.0,6.08,21.10344811,21.10344811,70
2016-05-0806:30:00,0,24.16666667,40.0,22.6,40.9,25.79,38.93333333,24.1,38.29,22.29,49.59,14.318,28.858,23.89,41.536,24.5,44.43333333,22.6,45.79,13.6,751.55,81.0,1.0,29.0,10.4,25.62193207,25.62193207,50
2016-02-1712:30:00,0,20.1,36.76666667,19.1,35.2,20.0,37.52571429,19.73,35.33333333,17.89,45.53,1.736,81.914,18.89,26.73,20.35666667,33.9,17.89,36.29,2.3,760.05,71.0,2.0,22.0,-2.45,25.76481671,25.76481671,60
2016-03-2910:50:00,0,21.79,38.7,20.39,40.59,22.79,37.2,20.29,38.79,20.46333333,55.63,11.14222222,38.13166667,20.89,33.62666667,23.32333333,43.22,20.5,39.59,8.38,750.7166667,75.83333333,7.166666667,40.0,4.37,47.93006093,47.93006093,80
2016-01-2401:50:00,0,18.6,42.09,17.96333333,41.59,18.26,43.66333333,15.86,46.96666667,15.40833333,51.015,5.69,99.9,15.6,39.96666667,19.1,51.7,15.26333333,47.36333333,5.3,769.1666667,92.0,4.0,23.16666667,4.1,11.44488016,11.44488016,40
2016-03-0904:20:00,0,19.89,37.09,16.73,41.06,20.29,37.96666667,18.7,35.2,17.7,47.09,4.03,67.19,18.5,35.16333333,20.03333333,43.82666667,17.6,39.9,3.8,749.6333333,72.66666667,7.0,40.0,-0.667,31.53593895,31.53593895,40
2016-04-2216:50:00,0,22.82333333,36.53,22.6,34.56,27.46333333,38.19333333,22.89,34.47142857,20.73,42.0,15.13,1.0,21.934,30.56,23.29,38.59,20.6,37.96666667,13.3,757.6833333,57.5,6.0,40.0,4.95,14.30995874,14.30995874,120
2016-05-0505:00:00,0,22.39,34.66333333,19.7,37.09,23.6,37.03,22.39,32.79,20.79,41.82666667,4.433333333,29.96333333,22.1375,34.475,23.68,41.052,20.5,39.59,5.0,763.3,79.0,2.0,40.0,1.7,11.24440989,11.24440989,30
2016-05-1806:10:00,0,23.2,41.36333333,20.89,43.88428571,24.39,38.5,23.03333333,39.03,21.36142857,48.81857143,10.66,42.7,23.2675,41.575,23.6,44.09,22.7,43.82142857,10.3,753.5333333,87.33333333,1.0,21.66666667,8.18,5.43264962,5.43264962,130
2016-05-0405:20:00,0,21.89,36.43333333,18.89,39.1,23.06666667,36.73333333,21.96333333,33.59,20.6,46.5,1.426666667,41.19333333,21.39,35.47142857,23.0,41.66333333,20.39,40.356,2.03,766.6,93.33333333,1.0,40.0,1.03,37.63069032,37.63069032,70
2016-04-2905:10:00,0,20.1,34.43333333,17.23,37.62666667,22.1,35.2,19.6,33.0,18.63333333,41.43333333,3.933333333,36.53,19.1,28.76,21.29,40.03,18.79,38.9,4.86,754.425,74.58333333,5.583333333,40.0,0.675,6.015171134,6.015171134,50
2016-04-1308:50:00,20,22.1,39.86333333,19.39,43.72333333,23.29,37.73,22.0,37.86,20.83,47.534,9.752857143,46.29857143,21.2,36.69333333,22.254,40.32,20.29,39.56,7.0,750.6,93.5,1.333333333,40.0,6.07,29.84353112,29.84353112,90
2016-01-2811:30:00,0,18.82333333,46.32666667,18.29,45.93333333,19.6,44.5,18.2,45.9,17.2,52.555,5.33,99.9,17.46333333,42.15111111,17.48722222,48.46666667,16.89,46.62666667,6.4,765.2,81.0,1.5,34.5,3.3,16.23321751,16.23321751,40
2016-01-3010:10:00,0,19.0,46.09,18.66666667,45.36333333,19.6,44.5,16.39,47.5,16.7,51.91111111,8.426666667,99.9,16.79,43.77,18.275,54.4,16.39,48.95,8.5,752.7,92.0,11.0,27.5,7.2,41.43510921,41.43510921,40
2016-03-2707:50:00,0,22.39,38.9,19.29,44.0,23.29,39.4,19.7,40.4,20.0,50.09,5.53,70.56,21.06666667,40.56,22.85666667,47.56,20.1,44.0,6.3,750.3666667,89.83333333,6.0,40.0,4.73,48.35554579,48.35554579,50
2016-05-1518:40:00,20,23.6,37.45,22.17142857,37.09,24.2,35.634,24.2,34.73,23.0,38.09,11.03,13.29666667,23.6,29.46333333,25.79,35.13375,22.79,33.82142857,11.5,760.9333333,61.66666667,3.0,32.66666667,4.37,44.85817403,44.85817403,110
2016-04-2106:40:00,0,21.6,37.0,18.7,40.43,22.63333333,35.93333333,22.0,33.94285714,20.0,46.86333333,5.026666667,35.83,21.39,33.96,21.89,40.82,20.2,38.76,4.07,763.2333333,81.33333333,2.0,27.0,1.1,35.91402969,35.91402969,50
2016-02-2700:10:00,0,21.0,37.4,19.39,36.93333333,20.5,37.06,19.79,35.2,19.51428571,69.78142857,0.966666667,64.52666667,18.7,34.4,20.7,43.09,17.7,38.46666667,1.78,750.9333333,84.0,2.166666667,20.33333333,-0.683,43.33025748,43.33025748,50
2016-02-2208:20:00,10,21.16666667,44.76,19.7,45.12666667,21.79,43.16333333,20.6,43.5,18.5,54.96333333,9.8,77.936,18.42666667,41.36,21.39,49.82666667,18.66,47.46,9.07,751.8,91.33333333,7.666666667,64.0,7.73,0.760321401,0.760321401,50
2016-04-2520:50:00,10,22.29,38.53,20.23,40.15666667,21.63333333,36.59,21.1,37.89857143,20.35666667,68.16666667,5.69,55.045,20.6,32.62142857,23.29,40.46333333,19.5,36.4,5.72,748.3,91.5,2.833333333,37.33333333,4.4,29.7733714,29.7733714,90
2016-05-1022:40:00,0,24.89,47.9,23.54,48.29,26.39,43.72571429,25.1,45.59,24.29,61.33333333,14.69,53.03,24.6,43.0,26.37,53.572,24.0,47.2,14.9,749.4333333,88.33333333,2.0,40.0,12.9,10.96313461,10.96313461,60
2016-05-0106:20:00,0,20.46333333,37.56,17.39,41.7,23.0,36.59,19.2,36.5,19.2,45.3725,2.93,53.62333333,19.29,31.56666667,21.6,42.29,19.1,41.66333333,2.07,764.9666667,95.66666667,2.0,62.33333333,1.37,20.31594185,20.31594185,50
2016-04-1106:20:00,0,22.0,40.4,19.5,43.76666667,22.89,38.9,21.2,38.66333333,20.39,47.79571429,9.6,24.245,22.16666667,37.4,21.58571429,37.44285714,20.79,43.93333333,9.17,749.8333333,71.66666667,3.666666667,40.0,4.23,3.553961613,3.553961613,40
2016-04-1718:30:00,0,23.1,46.52666667,20.92666667,44.29,22.89,37.5,22.7,36.60571429,21.1,46.82666667,8.8,17.9,21.87,28.236,23.66666667,38.19333333,20.92666667,39.59,8.95,757.5,66.5,5.5,40.0,2.95,48.58923354,48.58923354,120
2016-03-2511:40:00,0,21.1,41.16333333,18.66666667,45.1,22.23,40.06666667,19.7,39.53,19.2,47.7,9.233333333,75.19,20.0,37.7,21.29,42.12666667,19.39,41.09,8.23,754.2,95.0,4.0,63.33333333,7.53,45.00256067,45.00256067,600
2016-01-2707:20:00,10,19.96333333,45.66333333,19.29,44.56,19.7,44.2,19.0,46.53,17.60555556,56.10833333,10.16,87.93333333,18.2,47.12722222,17.79,49.68777778,17.29,49.66333333,10.1,757.3333333,83.0,9.666666667,40.66666667,7.2,14.47924845,14.47924845,40
2016-03-1323:30:00,0,21.29,35.36333333,18.39,38.29,20.39,36.79,20.0,33.82666667,18.89,53.26666667,3.126666667,56.53333333,21.63333333,32.06,23.5,38.56333333,19.29,38.16333333,3.5,769.25,83.0,3.5,42.5,0.9,7.387772377,7.387772377,50
2016-04-2009:30:00,0,21.16666667,39.03333333,22.76333333,36.86333333,22.0,35.96666667,22.0,35.29,19.7,42.56666667,10.16666667,18.49333333,20.02,30.62,21.2,38.5,20.32333333,37.23333333,7.5,767.95,77.0,4.5,32.0,3.6,1.390567678,1.390567678,60
2016-01-1803:00:00,0,20.89,40.59,19.23,40.23,20.29,40.09,20.26,38.43,18.73,61.53,-5.19,87.63611111,20.05,37.65,21.13333333,47.29,17.6,40.2,-4.0,761.9,87.0,2.0,25.0,-5.9,44.6785644,44.6785644,30
2016-02-2500:10:00,20,21.7,37.5,19.85666667,38.56,20.6,38.59,22.63333333,36.9,19.05,52.145,-1.2,82.0925,19.7,35.29,22.35666667,41.46333333,18.05714286,37.92857143,0.367,755.8,87.5,2.0,20.16666667,-1.55,9.409785725,9.409785725,70
2016-05-0604:50:00,0,22.9725,36.2225,20.6,38.09,23.89,37.29,22.6,34.5,19.42666667,41.32666667,8.066666667,40.76666667,22.5,36.82142857,23.0,42.7,21.1,41.09,9.18,755.8666667,78.66666667,3.833333333,40.0,5.62,22.15138479,22.15138479,50
2016-05-0704:50:00,0,23.7,37.93333333,21.58571429,39.2,24.53333333,38.2,23.56666667,36.62666667,21.1,47.96666667,10.89,22.66333333,22.754,34.0,23.7,42.86333333,21.79,43.4,11.9,751.9333333,64.16666667,1.0,40.0,5.27,22.65806058,22.65806058,60
2016-03-2113:10:00,0,21.29,36.4,19.5,37.95,21.79,36.23,20.29,35.73,19.29,42.43333333,11.16,20.59666667,19.2,30.79,21.79,37.7,19.5,37.32666667,9.27,761.4333333,63.16666667,3.0,40.0,2.52,0.289422099,0.289422099,50
2016-05-2705:00:00,0,24.0,45.0,22.2,45.59,26.7,40.4,24.46333333,42.26,22.39,55.9,13.06666667,39.76333333,24.15714286,45.23857143,24.23,49.93333333,22.76,46.4,13.4,755.5,90.0,2.0,45.0,11.7,38.5142484,38.5142484,60
2016-05-2511:20:00,0,23.39,38.59,24.63333333,34.66333333,24.89,38.23,23.7,37.29,19.29,39.7,16.7,1.0,22.6,33.96333333,23.456,39.316,21.79,35.92666667,12.8,756.9333333,61.66666667,1.0,27.66666667,5.67,15.48302928,15.48302928,50
2016-05-1116:00:00,0,25.6,46.76,26.57142857,41.59571429,26.2,44.09,26.1,44.018,24.06666667,50.63333333,24.58571429,3.852857143,25.39,42.79571429,26.46333333,49.26,24.1,48.536,23.7,746.9,47.0,3.0,40.0,11.6,15.60396935,15.60396935,70
2016-04-1801:40:00,10,21.89,38.7,18.39,42.7,22.39,37.7,22.1,37.0,20.5,44.66333333,0.7,50.46333333,21.0,30.89,22.79,38.93333333,20.6,38.59,2.6,760.3666667,91.66666667,1.0,40.0,1.3,36.85765468,36.85765468,60
2016-04-2422:50:00,0,21.63333333,35.29,18.7,38.12666667,22.6,34.4,21.2,32.4,20.39,41.66333333,1.533333333,46.6,21.79,32.036,24.5,37.2,20.2,35.23,2.37,758.2166667,89.66666667,3.0,40.0,0.767,36.61927963,36.61927963,60
2016-04-0622:20:00,10,21.7,42.16333333,19.2,43.9,22.73,39.59,21.32333333,39.59,20.76,58.26666667,6.66,42.06,20.89,36.20428571,22.89,37.44,20.5,39.06,8.07,751.6333333,73.66666667,7.0,36.33333333,3.57,38.14534082,38.14534082,50
2016-01-2219:40:00,0,18.0,40.29,16.89,40.86333333,18.2,39.79,15.8,39.96666667,15.89,48.2,3.9,99.59,16.0,35.245,17.29555556,43.2,15.5,39.96666667,3.67,760.9333333,96.33333333,6.666666667,44.33333333,3.1,6.926928007,6.926928007,30
2016-01-1508:10:00,10,21.36,34.4,19.63,33.29,19.59333333,35.79,18.1,42.29,18.0,55.93333333,2.4,87.0,18.39,42.03,19.0,48.06,17.39,46.45,3.2,752.8666667,78.33333333,8.333333333,40.0,-0.25,6.416393747,6.416393747,50
2016-04-1000:50:00,0,22.0,40.59,19.46333333,44.06,22.89,39.7,20.4175,38.6175,20.0,46.656,7.0,57.09,21.7,37.2,22.79,41.59,20.1,41.43,6.68,751.1166667,96.33333333,1.166666667,30.83333333,6.08,45.75431115,45.75431115,50
2016-05-1921:00:00,0,23.53333333,41.32666667,22.5,40.59,24.29,38.53,23.29,39.79,22.99714286,80.05142857,13.73333333,17.62666667,23.2,36.82142857,24.6,44.334,22.56666667,40.5,15.5,757.0,69.0,3.0,24.0,9.9,13.98178807,13.98178807,70
2016-01-2910:30:00,0,18.0,43.5,17.1,44.2,19.1,42.09,16.89,43.82666667,16.7,50.4,6.433333333,85.39666667,17.06666667,39.09611111,17.2,45.43888889,16.29,43.29,6.35,763.85,81.0,8.5,40.0,3.3,39.62704965,39.62704965,40
2016-02-1008:30:00,20,20.89,42.3,20.2,41.02,21.815,40.79,18.6,41.09,19.0,51.47,3.2,92.33333333,19.725,40.55277778,21.89611111,48.62833333,19.1,45.93333333,3.3,740.05,94.0,6.0,40.0,2.4,36.09061643,36.09061643,80
2016-02-2403:10:00,0,20.79,39.7,18.7,41.0,21.06666667,40.56,20.2,38.29,18.61428571,63.42142857,-1.426666667,82.53,19.03333333,38.93333333,20.42666667,46.46333333,18.29,43.65285714,-1.12,760.3833333,98.16666667,1.833333333,57.66666667,-1.4,23.81086906,23.81086906,50
2016-01-2903:10:00,0,18.5,43.29,17.6,44.0,19.39,42.56,17.29,43.53,16.89,51.09,2.126666667,98.43333333,17.48777778,38.78,17.56111111,45.0,16.53333333,43.2,3.95,764.55,80.33333333,6.0,40.0,0.8,19.21535103,19.21535103,20
2016-04-0215:00:00,0,21.2,39.79,20.6,39.59,21.85666667,37.56,20.0,38.7,19.39,44.7,14.745,17.09,20.29,34.09,21.39,39.79,19.79,38.29,10.0,756.1,73.0,2.0,22.0,5.3,24.34070341,24.34070341,70
2016-05-2516:20:00,0,24.2675,38.1725,24.39,34.7,25.02,37.79,24.39,39.86333333,20.6,53.62,18.76,1.0,23.2,34.16333333,24.5,39.82666667,21.79,36.7,15.9,756.2,54.33333333,1.666666667,35.66666667,6.67,37.71301452,37.71301452,240
2016-04-0317:20:00,0,22.5,42.53,22.35666667,40.26666667,22.5,40.53,21.5,42.46666667,19.7,48.59,19.7,12.89,21.85666667,38.29,24.0,45.96666667,20.29,43.79,19.1,750.0,56.66666667,3.666666667,40.0,10.3,47.85732229,47.85732229,110
2016-01-2610:30:00,0,20.0,45.2,19.2,44.9,20.5,44.4,19.35666667,46.29,17.51666667,53.0,9.8,99.9,17.47555556,43.10055556,18.16666667,49.65722222,17.1,48.86333333,9.65,762.45,92.5,5.5,62.5,8.5,10.7270962,10.7270962,50
2016-05-0414:40:00,0,23.39,34.4,24.2,30.03,23.2,33.9,23.29,33.26,20.6,46.36333333,17.53333333,1.0,22.18571429,29.22428571,24.1,35.26666667,20.5,36.79,15.3,766.0,35.33333333,3.0,40.0,0.1,7.950534893,7.950534893,80
2016-01-1723:50:00,10,21.89,39.9,20.29,40.0,20.39,39.79,21.1,39.79,19.575,68.5925,-4.617777778,88.65333333,20.2675,36.5,21.7,43.975,17.6,38.4,-2.72,763.7666667,85.5,2.0,25.66666667,-4.9,3.098518378,3.098518378,60
2016-04-1318:30:00,10,22.2,43.83333333,20.6,45.53,23.2,39.53,22.39,41.36333333,20.89,46.0,12.17833333,33.03166667,21.06666667,37.46666667,23.29,44.45,20.5,43.2,10.6,751.9,78.0,2.0,31.5,6.7,20.16472887,20.16472887,210
2016-03-2203:40:00,0,21.7,37.5,19.0,40.09,22.2,37.29,21.03333333,36.5,19.2,47.76,4.823333333,52.22666667,19.79,37.26,22.0,43.86,19.29,40.46666667,4.3,758.6333333,91.0,1.333333333,62.66666667,2.97,41.75140695,41.75140695,60
2016-04-0723:50:00,0,21.7,38.7,19.26,41.4,22.6,38.03,20.89,38.12666667,20.0,47.7,7.0,46.46,21.32333333,36.4,22.1,38.36333333,20.6,41.26666667,6.57,754.1666667,83.33333333,3.166666667,40.0,3.97,31.71625524,31.71625524,30
2016-01-2509:50:00,0,19.79,44.0,18.89,44.29,20.1,44.09,17.39,46.7,17.89,49.62666667,7.123333333,99.9,16.29,43.09,17.705,49.43888889,16.5,49.36333333,8.63,763.6666667,86.33333333,3.0,37.83333333,6.38,11.49795197,11.49795197,40
2016-04-1619:20:00,0,22.79,45.26666667,20.79,45.8,24.6,40.32666667,21.79,39.82142857,20.92666667,48.56,8.726666667,35.39333333,21.23857143,33.13714286,24.35666667,41.56,21.0,40.43333333,8.53,748.6666667,81.66666667,2.333333333,32.66666667,5.5,36.19897126,36.19897126,100
2016-01-2001:40:00,0,19.42666667,39.2,18.29,39.32666667,18.89,38.82666667,18.03333333,38.23,17.39,49.645,-5.232777778,83.65611111,17.29,32.7,19.79,44.6,16.39,40.79,-4.84,758.7444444,93.33333333,1.777777778,51.66666667,-5.81,35.06785537,35.06785537,50
2016-05-0607:10:00,0,22.79,37.29,20.6,38.93333333,23.89,36.9,22.5,35.29,19.6,58.32333333,9.53,39.52666667,22.39,36.25714286,22.79,41.86333333,21.1,41.214,9.78,755.2,78.83333333,2.666666667,40.0,6.25,8.442293364,8.442293364,60
2016-04-1502:30:00,0,22.2,42.09,20.0,45.06,23.63333333,40.12666667,22.29,40.5,20.6,52.06,9.8,60.745,21.2,37.22571429,23.29,48.4,20.76,45.09,9.3,749.5,99.0,2.0,59.0,9.15,46.33486253,46.33486253,60
2016-04-2202:20:00,0,22.53333333,37.4,20.56666667,39.0,23.42666667,37.73,22.79,35.09,20.5,43.06,11.53333333,9.826666667,22.0,36.272,22.6,45.0,20.29,39.5,10.8,760.2666667,70.33333333,2.666666667,27.66666667,5.5,44.58001861,44.58001861,70
2016-02-2817:10:00,0,21.29,31.92666667,19.82333333,31.7,20.2,34.29,19.73,31.06666667,17.39,45.03,5.966666667,25.96333333,21.92666667,28.92666667,22.46333333,34.59,18.5,39.9,5.4,758.0833333,50.5,6.833333333,40.0,-4.17,19.76896632,19.76896632,60
2016-05-1001:20:00,0,25.2,43.29,23.79,43.66333333,26.7675,40.0,25.7,42.06,23.5,48.7,15.756,41.374,24.2,41.03,25.434,50.678,23.736,47.0,16.1,752.8666667,85.66666667,2.333333333,33.66666667,13.7,27.33731481,27.33731481,50
2016-02-2814:50:00,0,21.46333333,34.5,20.1,34.82666667,20.29,35.29,20.29,34.845,17.456,46.416,6.4,24.06333333,22.1,29.85,22.7,35.66333333,18.42666667,39.62666667,5.95,757.55,51.16666667,8.833333333,38.0,-3.57,46.86590056,46.86590056,50
2016-03-1307:00:00,0,20.1,35.09,16.5,40.16333333,20.2,37.0,19.29,34.2,18.0,49.0,-1.0,71.12333333,20.5,33.9,22.23,39.32666667,19.0,40.59,-1.1,769.2,94.0,2.0,42.0,-2.0,16.26659345,16.26659345,40
2016-04-0204:20:00,0,21.2,38.9,18.7,42.59,22.0,37.2,20.1,38.2,19.39,45.4,7.3,57.22333333,20.1,33.7,21.53333333,39.5,19.79,37.59,7.03,758.6666667,85.0,1.666666667,23.66666667,4.67,34.09802808,34.09802808,50
2016-04-1511:10:00,10,22.6,44.66666667,20.85666667,44.89333333,25.93,40.99,22.2,41.323,20.53333333,50.86,14.33,36.16333333,21.02777778,37.12055556,22.5,43.7,20.79,44.79,11.3,748.5833333,80.16666667,6.833333333,40.0,8.02,28.27662644,28.27662644,250
2016-01-2904:10:00,0,18.39,43.09,17.5,43.9,19.1,42.29,17.2,43.43333333,16.89,51.0,3.163333333,99.09,17.39,38.75210526,17.5,45.0,16.5,43.09,4.25,764.75,81.83333333,6.0,40.0,1.33,6.600862357,6.600862357,40
2016-03-0105:10:00,0,20.53333333,35.5,18.0,37.29,20.89,35.93333333,19.82333333,33.73,18.39,40.0,-2.463333333,74.45666667,19.6,28.79,21.42666667,41.06666667,18.29,38.9,-2.72,762.1333333,97.16666667,2.0,33.0,-3.1,29.40413847,29.40413847,40
2016-04-1110:50:00,0,22.1,39.0,23.73,35.43,23.03333333,37.62666667,22.2,37.76,21.15571429,77.01428571,18.13333333,2.566666667,21.79,33.4,21.42142857,38.32142857,21.2,38.82666667,15.1,750.0666667,52.5,4.333333333,38.16666667,5.38,25.18886854,25.18886854,90
2016-04-0201:40:00,0,21.39,38.79,19.0,42.0,22.1,37.32666667,20.2,38.09,19.39,45.5,7.866666667,53.56666667,20.26,33.56,21.79,39.5,19.92666667,37.7,7.93,759.2,79.33333333,2.333333333,36.33333333,4.5,11.00243167,11.00243167,50
2016-02-1006:40:00,0,21.0,41.59,20.39,40.0,22.42666667,43.03,18.7,41.0,19.1,51.225,2.7,92.19,19.79,41.07,22.03888889,48.43888889,19.1,46.32666667,2.5,739.4666667,94.0,7.0,40.0,1.6,46.45543151,46.45543151,60
2016-05-1804:00:00,0,23.1,40.59,21.04285714,42.29,24.79,39.36333333,23.16666667,38.4,21.17142857,51.82142857,9.726666667,41.96666667,23.26,40.56,23.7,43.76428571,22.7,43.59,9.2,754.6,92.0,2.0,20.0,7.9,36.5469527,36.5469527,60
2016-01-2602:20:00,0,21.0,43.73,20.26,43.06,20.63333333,44.43333333,20.7,44.73,17.79,52.33277778,9.86,99.9,17.74,42.2,18.57777778,48.56,17.0,48.23,9.63,764.7,88.66666667,3.333333333,23.0,7.87,20.40443829,20.40443829,50
2016-03-1518:40:00,10,21.26,42.59666667,19.39,40.62333333,20.89,36.1,20.89,35.43333333,19.1,42.89,8.166666667,43.46666667,21.6,28.1,23.0,35.53,19.7,37.9,6.9,763.6666667,81.0,7.0,23.0,3.8,45.36665063,45.36665063,280
2016-05-1305:20:00,0,24.89,47.5,22.7,49.356,26.6,43.76,24.956,44.356,24.0,50.2,11.26333333,54.7,24.79,41.62666667,26.03333333,49.0,24.29,49.0,12.2,746.0,96.33333333,1.0,37.0,11.6,35.05162831,35.05162831,50
2016-02-2620:50:00,0,21.03333333,37.62666667,19.89,37.53,20.79,36.4,20.86666667,35.7,19.274,49.62,3.466666667,55.12333333,18.6,30.89,20.56666667,37.96666667,17.7,35.29,3.45,751.4333333,81.5,2.166666667,20.16666667,0.467,27.37396427,27.37396427,100
2016-04-1403:40:00,0,21.29,41.29,18.23,45.43333333,23.6,39.5,21.5,38.5,20.5,46.68428571,3.5,55.59,20.79,35.07714286,22.7,44.09,20.39,46.09,1.37,753.8333333,99.0,1.0,1.666666667,1.27,25.63390814,25.63390814,60
2016-02-1603:10:00,0,20.73,38.29,18.39,39.79,21.0,40.2,20.29,37.96666667,18.42666667,47.4,-2.326666667,82.16666667,18.96333333,32.5,21.2,42.73,17.96333333,40.66333333,-1.6,769.9,95.0,1.0,27.5,-2.25,41.16468744,41.16468744,60
2016-03-2801:40:00,0,21.7,38.29,19.1,41.59,23.0,38.4,20.2,39.2,19.92666667,47.4,8.89,41.59,21.39,37.96666667,23.5,42.09,20.29,42.12666667,8.87,747.0,72.0,8.666666667,40.0,4.0,5.78144918,5.78144918,60
2016-05-1320:00:00,0,26.0,39.02666667,25.1,37.36333333,27.6,33.67,25.46857143,40.13714286,24.82666667,48.72666667,17.86666667,1.596666667,25.39,35.79,26.29,42.845,23.736,37.858,18.4,749.6,48.0,9.0,40.0,7.0,43.16632195,43.16632195,140
2016-04-0805:10:00,0,21.1,39.59,18.29,43.96666667,22.39,38.79,20.5,38.59,19.79,47.9,4.433333333,55.19666667,21.2,37.9,21.39,42.09,20.6,43.4,5.88,753.9166667,95.33333333,2.0,27.33333333,5.22,22.82097422,22.82097422,50
2016-01-1311:10:00,10,19.23,45.03,18.7,43.145,19.39,43.5,19.79,41.82666667,17.76,53.76,5.933333333,76.0,17.5,40.12666667,18.0,47.7,17.0,45.65666667,5.58,756.7833333,80.16666667,5.166666667,30.83333333,2.35,30.17940338,30.17940338,70
2016-02-1609:50:00,10,19.7,38.09,17.76,39.79,21.79,38.5,19.06666667,35.52666667,18.2,42.73,-2.123333333,84.82333333,18.29,29.79,20.2,38.245,17.73,38.12666667,-0.333,772.2,97.0,1.0,61.0,-0.767,48.29424357,48.29424357,70
2016-05-1020:50:00,0,25.1,48.29,24.1,47.79,25.89,43.48,25.254,46.09,24.39,63.75666667,15.36666667,40.72333333,24.56,44.2,26.29,54.22333333,23.90375,47.9875,17.3,749.15,78.0,3.0,40.0,13.4,20.34941944,20.34941944,100
2016-04-0609:00:00,0,21.89,42.43333333,19.82666667,47.05666667,23.42666667,38.4,21.2,41.46666667,20.7,48.23,10.59,41.92333333,21.1,35.2,21.2,39.0,21.1,45.19333333,7.5,754.0,87.0,5.0,29.0,5.5,37.2832721,37.2832721,70
2016-02-0605:30:00,0,21.39,45.9,20.79,43.9,22.39,45.16333333,19.6,46.9,18.7,55.71,8.5,86.93333333,18.6,42.7,20.7,54.745,18.89,50.5,8.7,754.45,84.0,6.5,40.0,6.2,44.66496196,44.66496196,50
2016-02-2808:40:00,10,19.79,35.9,17.89,36.4,20.29,36.09,18.675,32.875,17.456,48.674,0.033333333,60.02666667,19.2,32.776,20.7,39.36,18.0,39.63333333,0.3,756.7333333,74.66666667,5.666666667,23.0,-3.7,25.5470919,25.5470919,30
2016-03-1720:00:00,20,22.89,36.1,20.32333333,36.96333333,21.89,35.46666667,22.125,32.97,19.39,65.15666667,4.496666667,29.23333333,21.73,24.6,23.6,31.23,20.0,35.2,5.5,764.3,71.0,2.0,65.0,0.6,39.47724705,39.47724705,130
2016-02-0412:20:00,10,20.7,47.73,19.85666667,42.36,21.39722222,43.22555556,20.7,42.79,18.6,52.7,7.093333333,98.15666667,18.1,38.63888889,20.39,44.69666667,18.2,44.93333333,6.77,761.3666667,95.66666667,6.333333333,36.0,6.1,10.89704015,10.89704015,330
2016-04-2602:20:00,0,21.26,37.86333333,18.29,40.0,21.79,36.29,21.1,35.554,19.7,49.53,1.745,54.545,20.5,31.5,22.76,43.46666667,19.5,38.43333333,2.6,748.7333333,91.66666667,3.0,40.0,1.4,14.44412849,14.44412849,40
2016-03-1807:50:00,0,21.26,36.16333333,17.7,40.56666667,21.39,35.76,21.0,33.4,19.46333333,80.63,2.7,74.15666667,20.13333333,28.7,22.0,39.43,19.79,38.82666667,2.17,763.3833333,99.83333333,3.0,6.166666667,2.15,48.24221602,48.24221602,60
2016-02-0922:00:00,0,22.89,42.93,22.29,40.79,22.5,43.4,19.29,40.73,19.39,50.62666667,3.06,92.26333333,20.29,38.43777778,23.31777778,42.765,18.89,40.53,3.7,737.8,91.0,8.0,40.0,2.3,46.12503899,46.12503899,140
2016-03-2412:30:00,0,21.1,39.66333333,19.26,42.03,21.89,37.86333333,21.1,37.0225,19.29,47.09,11.42666667,25.49666667,20.2,34.845,21.76,40.5,19.46333333,39.13333333,8.85,756.8,65.0,4.0,43.0,2.55,5.553545337,5.553545337,50
2016-02-1219:30:00,30,21.82333333,38.72333333,20.13333333,38.63333333,21.29,38.96666667,19.03333333,37.96,18.36777778,48.255,3.29,86.96333333,19.92055556,31.57777778,24.0,39.71444444,18.7,39.16333333,2.75,741.25,81.5,3.0,40.0,-0.15,44.35280589,44.35280589,120
2016-04-0220:50:00,0,21.03333333,40.9,19.39,42.93333333,21.79,38.4,19.79,39.7225,19.39,45.5,11.53333333,46.42666667,20.1,36.09,21.35666667,41.59,19.6,39.7,11.7,753.1833333,84.0,3.0,20.33333333,9.0,34.37260399,34.37260399,60
2016-04-1213:00:00,0,22.6,42.0,24.6,36.66333333,23.16666667,39.4,23.63333333,38.62666667,21.2,43.5,18.46333333,4.123333333,21.89,35.46666667,22.5,40.56428571,21.29,41.93333333,15.3,751.7,54.0,4.0,40.0,5.9,37.1448527,37.1448527,60
2016-01-2910:50:00,0,18.0,43.53,17.13333333,44.2,19.1,42.09,16.89,43.9,16.7,50.345,7.126666667,83.39666667,17.08888889,39.18777778,17.19444444,45.515,16.29,43.4,6.65,763.75,80.33333333,8.166666667,40.0,3.5,37.58601698,37.58601698,40
2016-03-1810:30:00,0,21.1,35.66333333,17.79,39.53,21.1,35.4,20.63333333,33.4,18.7,55.83,3.966666667,72.46666667,19.85666667,28.85666667,21.56666667,36.79,19.66666667,36.36333333,2.7,763.6,97.0,2.5,20.5,2.25,16.20770114,16.20770114,60
2016-03-0705:20:00,10,19.2,36.9,17.0,39.5,19.7,38.73,18.7,36.5,17.29,56.76,1.2,77.3,17.7,31.89,20.66666667,43.79,17.66666667,40.86333333,0.0333,747.1333333,100.0,1.0,18.66666667,0.0333,24.56310163,24.56310163,40
2016-03-1514:50:00,20,21.29,33.26666667,20.29,33.0,20.7,34.06,21.1,31.6,19.29,42.96333333,11.46333333,20.96333333,22.26,25.7,23.03333333,32.5,19.7,37.7,10.5,764.1333333,57.16666667,5.0,65.0,2.27,6.675293704,6.675293704,50
2016-01-3015:40:00,0,20.7,44.9,20.39,43.36333333,20.1,45.0,19.315,45.745,17.77,64.53944444,6.56,99.9,16.85666667,42.61055556,19.775,50.97222222,16.35666667,47.12666667,6.37,752.1666667,86.33333333,5.666666667,36.33333333,4.23,47.78953458,47.78953458,100
2016-01-3021:00:00,0,22.2,45.16666667,21.6,43.06,21.2,46.02666667,19.92666667,41.66333333,18.99833333,52.26,1.566666667,95.69,16.89,38.565,20.745,46.82,16.29,43.76666667,2.9,754.3,87.0,4.0,29.0,1.0,12.38872879,12.38872879,110
2016-05-1005:30:00,0,25.0,44.76666667,23.2,46.32666667,26.5,40.518,25.29,42.545,23.5,48.59,14.69,56.72333333,24.17142857,41.59,25.33,50.29,23.89,49.9,14.7,751.45,96.5,2.0,23.0,14.2,32.49652484,32.49652484,60
2016-02-2110:40:00,30,20.7,44.76,19.46333333,45.66333333,21.39,42.0,20.5,45.46666667,18.0,52.9,11.1,89.09,18.1,43.23,20.5,52.7,18.35666667,47.56,10.9,756.5666667,88.66666667,8.666666667,36.33333333,9.13,39.50421308,39.50421308,60
2016-05-1012:40:00,0,24.89,47.79,25.1,45.4,26.6,42.0,25.39,45.29,23.79,50.29,21.9,16.89666667,24.55714286,44.98571429,25.1,48.92857143,24.0,47.7,17.7,750.8666667,85.33333333,4.333333333,40.0,15.1,27.79125718,27.79125718,60
2016-01-2900:10:00,0,18.7,43.5,17.79,44.09,19.5,43.09,17.5,43.79,17.0,51.42222222,0.9,96.59,17.72,38.91111111,17.79555556,45.205,16.7,43.79,3.07,765.1833333,85.5,5.0,40.0,0.867,11.70127401,11.70127401,50
2016-02-0419:40:00,20,23.2,48.09333333,22.79,43.72333333,22.53888889,45.31722222,20.66666667,48.9,19.69888889,77.95722222,8.39,93.46666667,18.39611111,41.29833333,21.51111111,49.63777778,18.5,47.06,8.27,764.1666667,88.66666667,2.666666667,40.0,6.5,49.95973394,49.95973394,210
2016-04-2014:40:00,0,22.63333333,32.72333333,23.0,30.23,22.29,35.56666667,22.79,33.14,19.79,41.83333333,15.03,1.0,21.89,26.36142857,22.56666667,35.03,20.29,35.82666667,14.0,766.6,41.0,6.0,27.66666667,0.767,29.52148827,29.52148827,110
2016-04-0904:50:00,0,20.89,40.76,17.92666667,45.26,23.1,39.79,20.29,38.29,20.2,47.2,2.826666667,53.09666667,21.29,37.736,22.89,42.2,20.5,43.2,4.38,751.65,91.33333333,2.0,23.5,3.12,36.12647725,36.12647725,70
2016-03-0221:20:00,20,22.1,38.06666667,20.89,37.32666667,20.96333333,39.03,21.23,37.15666667,19.2,54.79333333,1.79,82.3,18.6,30.82333333,22.1,38.56,18.13333333,37.03,2.5,744.3,86.33333333,9.0,32.66666667,0.467,27.92231338,27.92231338,100
2016-03-2617:30:00,10,21.96333333,41.7,20.76,42.5,23.1,38.4,20.32333333,42.59,19.89,50.86333333,15.23333333,35.13,21.1,37.4,23.32333333,43.56666667,20.0,42.29,13.8,751.55,68.0,6.0,40.0,7.85,33.29763326,33.29763326,110
2016-05-1311:20:00,20,25.0,48.5,28.82333333,38.1,27.11428571,42.91,25.75142857,44.83714286,24.06666667,49.33333333,21.96333333,4.96,24.89,42.0,25.2,47.29,24.29,46.2,19.3,747.6666667,71.0,3.666666667,24.66666667,13.9,4.79905894,4.79905894,560
2016-04-2916:50:00,0,22.23,37.5,21.1,37.09,23.35666667,35.0,19.7,38.7,19.0,42.09,12.16,26.66666667,19.2,33.9,20.7675,40.475,18.7,37.43333333,8.27,755.7333333,86.83333333,3.833333333,38.16666667,6.15,36.59459874,36.59459874,100
2016-01-3004:10:00,0,19.29,44.09,18.6,43.76,19.82333333,44.73,16.6,46.5,16.715,51.7,9.13,83.32666667,16.79,42.45555556,18.6,53.66333333,16.39,48.7,9.03,756.6,83.0,11.16666667,40.0,6.3,17.04887458,17.04887458,20
2016-02-2418:00:00,0,21.1,37.09,19.6,36.79,20.7,37.59,20.2,35.96666667,18.06666667,47.26,5.396666667,83.19,20.0,30.1,22.5,39.52666667,18.39,38.7,4.8,755.8,76.0,1.0,40.0,0.9,24.80606454,24.80606454,90
2016-04-2201:50:00,0,22.6,37.4,20.63333333,38.82666667,23.39,37.7,22.79,35.09,20.46333333,43.0,11.89,10.73333333,22.0,36.32142857,22.6,45.26,20.26,39.36333333,10.9,760.3,71.16666667,1.833333333,27.16666667,5.82,19.60461152,19.60461152,70
2016-05-0919:10:00,10,25.6,42.7,25.6,38.79,26.6,38.656,25.63333333,41.73,23.73,56.02666667,20.956,2.28,24.2,38.63333333,25.1,45.254,23.6,41.88375,21.9,752.1333333,46.83333333,2.833333333,40.0,9.9,9.420372872,9.420372872,110
2016-03-1104:00:00,0,20.73,36.7,17.29,41.32666667,20.7,37.4,20.1,33.79,17.96333333,50.5,-0.166666667,66.49666667,19.6,35.26,21.2,43.46666667,18.13333333,41.09,0.4,763.4,90.0,1.0,41.0,-1.0,37.16641809,37.16641809,60
2016-01-2709:20:00,0,19.79,45.9,19.13333333,45.09,19.85666667,44.96666667,18.79,46.79,17.6,55.7,9.69,96.96,18.0,45.48333333,17.76,50.09,17.2,49.09,9.77,757.3333333,88.33333333,10.0,31.66666667,7.9,15.40404959,15.40404959,40
2016-04-0201:50:00,0,21.39,38.79,19.0,42.0,22.1,37.29,20.2,38.09,19.39,45.5,7.8,53.76,20.2,33.5,21.76,39.5,19.89,37.7,7.92,759.15,79.16666667,2.166666667,38.16666667,4.45,8.782819449,8.782819449,40
2016-03-1307:10:00,0,20.1,35.09,16.46333333,40.16333333,20.2,37.0,19.23,34.12666667,18.0,49.0,-1.0,71.06333333,20.5,33.9,22.2,39.29,18.89,40.59,-1.02,769.2666667,94.0,2.333333333,42.83333333,-1.92,38.00170316,38.00170316,40
2016-05-1607:20:00,0,22.7,39.59,20.2,42.254,25.0,38.21125,23.0,37.2,22.7,42.2,8.3,52.09,23.2,33.59,24.56666667,40.96666667,22.79,42.86857143,7.67,760.7666667,97.0,1.0,47.66666667,7.2,18.89878076,18.89878076,50
2016-05-1602:10:00,0,23.0,39.7,20.6,41.4,25.29,37.59,23.39,36.79,22.89,42.79,8.0,49.93333333,23.39,33.2,25.5,40.79857143,22.79,41.12142857,7.97,761.3333333,99.0,1.0,27.83333333,7.77,4.731414292,4.731414292,70
2016-03-0909:20:00,0,19.42666667,38.16333333,16.29,42.22333333,20.1,37.29,19.7,36.26,17.76,48.5,4.933333333,52.73,18.2,32.76666667,19.5,39.86,17.7,41.16333333,4.6,745.1666667,67.0,8.0,40.0,-1.03,9.232358891,9.232358891,360
2016-02-1700:40:00,0,21.55,35.45,19.26,35.2,20.32333333,37.16333333,19.7,35.0,19.23,55.5,-4.56,77.16666667,19.5,28.5,21.73,38.96666667,18.2,39.09,-3.47,767.8,90.66666667,1.666666667,63.33333333,-4.8,35.29741951,35.29741951,40
2016-03-0320:00:00,0,21.71285714,36.98571429,20.34714286,37.33714286,21.0625,37.23375,20.39,34.6175,20.41142857,87.08142857,1.97125,68.09625,19.54285714,29.51428571,22.18571429,37.48428571,18.6,39.67857143,2.6,749.8,88.0,2.0,40.0,0.8,47.25513555,47.25513555,100
2016-01-3115:50:00,0,22.1,42.03,21.6,40.845,21.26,43.46666667,19.42666667,44.8,17.7,51.845,8.19,99.9,18.36,45.79166667,20.755,50.46111111,16.73,46.7,8.02,750.8833333,97.0,7.0,32.66666667,7.6,19.83811304,19.83811304,140
2016-02-1107:30:00,10,20.0,42.4,19.39,40.7,21.0,41.79,18.79,42.26,18.89,61.65222222,0.166666667,89.36666667,20.0,41.145,21.95111111,49.99222222,18.89,45.7,1.5,748.8,98.5,3.5,60.0,1.25,38.1949986,38.1949986,60
2016-03-1421:20:00,30,22.79,36.26666667,20.0,39.12666667,22.5,35.4,20.6,34.79,20.63,87.76333333,3.25,33.2925,21.53333333,24.5,22.29,32.06,19.53333333,37.5,3.13,766.7,70.33333333,2.333333333,22.0,-1.83,27.52407639,27.52407639,110
2016-05-0417:40:00,0,23.7,31.32333333,23.39,28.46,23.29,34.56,23.39,32.5,21.06666667,41.09,17.32333333,1.0,22.6,27.218,24.7,36.52666667,20.6,35.76428571,16.1,764.9333333,34.33333333,3.333333333,40.0,0.4,16.05649819,16.05649819,130
2016-05-1202:50:00,0,24.89,47.59,23.0,49.09,26.6,44.678,25.29,44.656,23.89,55.23,12.56,55.5,24.7,42.23857143,26.0,51.79,24.0,47.97142857,13.0,745.1666667,95.83333333,1.0,55.66666667,12.4,28.15263054,28.15263054,50
2016-05-1613:40:00,0,23.23,42.43,22.81,37.554,24.7,37.0,23.39,35.66333333,22.6,39.76428571,16.3,1.0,23.39,30.32333333,25.0,37.23857143,22.89,38.95,12.1,761.2333333,59.0,1.0,40.0,4.27,16.19396053,16.19396053,340
2016-02-1715:40:00,0,21.1,33.93333333,19.5,34.0,20.2,35.714,19.6,33.2,17.79,44.02571429,3.863333333,64.33,20.6,25.89,22.2,33.76,18.1,38.59,3.3,757.4333333,71.0,2.0,21.66666667,-1.53,23.00123548,23.00123548,60
2016-01-2504:40:00,0,20.5,42.7,19.5,43.0,20.6,44.9,17.7,47.2,17.7,55.93888889,7.366666667,99.9,16.29,43.705,18.0,49.98888889,16.5,51.09,7.8,765.3333333,96.0,3.0,62.0,7.17,40.50290287,40.50290287,20
2016-04-2004:10:00,0,21.2,38.0,18.2,41.29,22.39,37.9,21.39,35.2,19.96333333,48.16333333,2.126666667,47.19666667,20.36142857,31.33285714,21.79,42.79,20.0,41.09,3.57,767.3,88.0,3.0,28.83333333,1.75,10.87012261,10.87012261,40
2016-02-1301:10:00,0,21.29,38.26,19.29,38.7,21.0,39.43333333,19.6,39.43,19.79,73.81722222,1.166666667,84.56333333,19.40833333,34.10833333,23.02777778,44.11277778,18.5,40.62666667,0.883,741.4,90.16666667,1.166666667,23.83333333,-0.5,41.47434453,41.47434453,50
2016-03-2508:40:00,10,21.0,40.43333333,18.39,44.2,21.89,38.09,19.79,38.7,19.32333333,49.29,6.8,73.8,20.2,38.06,21.7,42.93333333,19.39,42.43333333,6.47,753.5333333,97.0,6.0,53.33333333,5.97,26.5874427,26.5874427,300
2016-03-1707:20:00,10,20.6,36.245,17.0,40.3425,21.85666667,35.29666667,20.0,32.55,18.39,44.83333333,-1.7,56.745,19.6,27.36,22.06666667,39.8,19.56666667,39.2,-0.3,766.4,88.33333333,1.333333333,62.33333333,-2.07,36.55618301,36.55618301,60
2016-04-1010:20:00,0,21.5,40.5,23.13333333,37.9,22.39,38.4,21.32333333,38.86333333,20.43714286,51.89714286,10.46,39.03,21.5,38.12333333,21.5,38.518,21.0,40.56,8.33,753.5,75.66666667,2.333333333,40.0,4.27,45.71597564,45.71597564,100
2016-03-1909:50:00,0,20.92666667,37.12666667,18.1,40.43333333,21.29,36.4,19.7,35.245,18.29,45.62666667,6.115,48.5725,19.35666667,30.46333333,21.7,40.93333333,19.6,39.12666667,5.18,762.55,81.16666667,3.0,62.5,2.22,12.15882277,12.15882277,360
2016-05-1514:10:00,0,23.39,34.93,23.48428571,32.99571429,24.2,35.09,23.82333333,33.03,23.2,37.36333333,15.7475,1.0,23.82333333,27.66333333,25.6,34.94,23.0,35.22285714,12.6,761.75,48.83333333,4.833333333,40.0,2.17,49.03900219,49.03900219,90
2016-04-1421:20:00,10,22.79,41.96666667,21.39,42.23,23.46333333,39.46666667,22.7,39.4,20.92666667,59.93333333,13.06666667,22.46,21.29,36.29,23.89,44.385,20.7,41.96333333,13.3,751.5,69.66666667,2.0,40.0,7.87,40.44001582,40.44001582,60
2016-05-2410:00:00,0,24.13333333,43.29,22.1,45.76,24.89,40.26666667,23.39,42.0,23.1,49.46666667,12.56666667,15.75666667,23.2,37.4,24.35666667,47.5,22.82333333,43.79,10.6,759.4,82.0,4.0,40.0,7.6,14.25795802,14.25795802,60
2016-03-1513:00:00,10,20.85666667,34.46,20.2,33.56666667,20.29,34.36333333,21.0,31.79,18.7,42.03,9.463333333,22.96,21.23,25.73,22.06666667,33.09,19.6,38.0,9.5,765.2,57.0,5.0,20.0,1.3,28.95509626,28.95509626,130
2016-05-2311:40:00,0,24.1,47.7,22.66666667,48.82666667,25.39,42.7,23.39,45.32666667,22.89,50.2,14.23333333,40.19666667,23.39,41.0,24.29,46.9,23.1,46.96666667,12.9,755.9666667,84.0,4.333333333,30.0,10.2,23.418983,23.418983,60
2016-05-0908:30:00,0,24.29,39.22333333,25.4975,36.14,26.26,37.03,24.58333333,37.34611111,23.0,42.0225,20.57142857,1.0,24.0,35.856,23.83,39.834,23.46333333,41.13333333,16.1,752.65,65.5,2.5,40.0,9.5,38.9067069,38.9067069,70
2016-03-1216:20:00,0,20.6,32.06666667,19.1,31.695,19.7,32.76666667,20.6,33.16333333,18.26,57.76,10.1,21.55666667,22.5,26.56666667,24.945,33.345,18.96333333,39.06,9.8,766.7,52.0,3.333333333,21.66666667,0.333,40.81407173,40.81407173,70
2016-03-2516:10:00,0,22.46333333,41.0,20.26,43.73,24.53333333,38.6,20.1,37.96666667,19.39,48.09,11.19,39.36333333,21.2,33.82666667,22.42666667,41.0,19.73,41.93333333,10.1,756.5833333,68.5,5.666666667,40.0,4.53,29.02876443,29.02876443,110
2016-05-0409:20:00,0,22.1,37.63333333,25.49333333,32.43,23.1,35.06,22.46333333,34.33333333,20.42666667,44.36,14.19666667,1.0,21.2,33.476,22.5,38.56,20.5,37.44,9.77,766.8666667,66.33333333,1.333333333,40.0,3.73,41.4566266,41.4566266,80
2016-02-0620:20:00,10,22.7,44.76,22.03333333,43.59,21.6,44.4,19.29,45.045,19.1,56.61055556,9.8,69.43333333,18.7,39.71,21.35666667,48.70444444,18.76,45.26,11.3,744.5333333,64.66666667,8.0,40.0,4.87,49.86468183,49.86468183,90
2016-04-1816:00:00,20,21.7,35.5,21.7,33.2,22.39,34.82666667,22.39,33.65285714,20.1,39.7,13.39666667,1.693333333,20.6,28.02,21.445,34.8,20.6,34.86333333,10.3,762.3,56.0,5.0,40.0,1.7,45.0242334,45.0242334,70
2016-04-0809:40:00,0,21.2,40.69333333,20.06666667,41.43333333,21.96333333,37.93,20.39,38.72333333,19.79,46.2675,11.43333333,37.69333333,21.0,37.29,21.29,41.76,20.7,41.56666667,6.67,754.5333333,90.66666667,1.0,35.0,5.23,31.15221435,31.15221435,100
2016-02-2219:40:00,20,21.7,45.15666667,20.2,45.3,21.7,42.76666667,20.1,42.93333333,18.514,55.52,6.03,87.72666667,19.32333333,43.59,21.26,47.12666667,18.6,45.2,5.5,752.7666667,96.0,2.333333333,22.66666667,4.93,32.22241683,32.22241683,120
2016-01-2418:00:00,10,21.63333333,43.7,20.92666667,42.9,20.7,45.46333333,17.66666667,46.66333333,19.01111111,50.11833333,8.0,99.9,16.0,44.5,19.46944444,50.47222222,15.89,49.06666667,8.0,767.5,96.0,4.0,64.0,7.4,8.750924387,8.750924387,70
2016-04-1022:20:00,0,22.82333333,40.12666667,20.82333333,41.59,22.89,39.29,21.73,38.79,20.89,55.55428571,8.6,39.59333333,22.6,37.2,23.64285714,38.83714286,20.7,40.76,11.5,750.7333333,72.33333333,3.666666667,40.0,6.6,4.214642395,4.214642395,50
2016-05-1403:20:00,0,24.89,39.03,22.254,41.156,24.89,33.5,25.1,38.5,23.89,48.46666667,9.3,24.19,24.7,36.0,25.76428571,41.62142857,23.89,45.45714286,8.7,754.1,81.66666667,2.666666667,23.66666667,5.67,33.09145004,33.09145004,60
2016-04-1516:10:00,0,22.7,39.2,21.79,37.86333333,24.0,36.5,22.5,38.60222222,20.79,44.02666667,17.13333333,3.996666667,22.1,32.55142857,23.0875,40.18625,20.89,42.82666667,15.6,747.0166667,50.61111111,8.944444444,28.66666667,5.39,13.51027243,13.51027243,80
2016-03-2500:20:00,0,22.0,39.5,19.7225,42.0,22.0,38.29,20.39,38.7,20.0,53.53,6.726666667,64.73,20.39,38.63333333,22.56666667,45.2,19.29,40.82666667,6.3,755.6333333,96.0,3.0,42.33333333,5.7,34.36813452,34.36813452,60
2016-04-0221:50:00,0,21.03333333,41.12666667,19.2,43.5,21.7,38.5,19.79,40.09,19.39,45.59,12.16666667,48.79666667,20.03333333,36.29,21.29,41.93333333,19.6,40.0,10.8,753.1166667,90.83333333,1.333333333,55.0,9.27,2.691363322,2.691363322,50
2016-05-1513:20:00,0,23.29,35.09,23.29,33.5,24.2,34.925,23.89,33.46666667,23.2,37.36333333,15.26333333,1.0,23.7,28.06666667,25.40571429,34.98428571,22.89,32.9,11.7,762.0,53.0,5.0,40.0,2.47,45.15688772,45.15688772,100
2016-02-2002:10:00,0,19.5,37.2,17.79,38.7,20.86142857,37.06428571,17.89,37.12666667,17.1,44.29,5.3,82.96666667,18.0,32.03,19.5,42.45666667,17.6,39.52666667,5.43,755.7333333,88.16666667,10.66666667,25.83333333,3.53,7.533874444,7.533874444,50
2016-05-0606:40:00,0,22.79,37.26,20.6,38.52666667,23.89,37.23,22.5,34.76,19.7,59.82666667,8.66,40.26666667,22.5,37.254,22.79,42.0,21.1,41.4,9.27,755.2666667,80.0,3.333333333,40.0,5.97,8.972571115,8.972571115,80
2016-04-0414:30:00,0,22.79,41.73333333,22.42666667,40.02666667,25.93,40.86,21.73,42.29,20.89,46.53333333,17.82333333,11.89,21.89,36.16333333,24.39,42.93333333,20.79,44.26,15.1,749.55,60.0,7.0,40.0,7.3,22.02720145,22.02720145,300
2016-01-1612:10:00,0,22.16666667,41.29,21.6,40.5,21.06666667,42.66333333,20.5,42.09,20.26,44.46666667,3.26,96.26333333,19.35666667,43.4,19.89,50.8,17.96333333,45.12666667,4.9,763.8666667,83.5,3.333333333,23.66666667,2.25,25.36871274,25.36871274,60
2016-03-1802:00:00,0,22.29,35.29,18.82333333,38.73,21.39,35.5,22.0,32.79,18.82333333,60.13333333,1.826666667,63.22333333,20.7,27.79,22.6,40.9,19.79,37.7,1.3,763.9,91.0,2.0,55.0,0.0,31.66606165,31.66606165,40
2016-03-0319:50:00,0,21.67142857,36.95714286,20.25142857,37.35285714,20.95285714,37.32142857,20.5,34.76428571,18.55,66.47375,2.325,67.525,19.57142857,29.46857143,22.2,37.63714286,18.6,40.14142857,2.9,749.85,86.5,2.166666667,40.0,0.85,37.45603294,37.45603294,130
2016-05-0611:20:00,0,23.0,38.2,26.89,30.2,23.76,36.7,24.06666667,35.7,19.79,47.86333333,23.29,1.0,22.31857143,35.0,23.2,39.59,21.5,40.0,18.5,754.2,49.33333333,3.0,40.0,7.57,37.02181672,37.02181672,80
2016-02-0822:20:00,20,23.6,41.06,23.1,39.83,23.82333333,43.03,21.6,42.93,21.57111111,73.58055556,7.366666667,66.06,19.18888889,35.43333333,22.29,44.26666667,18.82333333,41.03,7.4,744.1333333,70.66666667,10.33333333,27.0,2.43,18.10147178,18.10147178,60
2016-04-1016:40:00,0,23.2,38.0,22.79,36.1175,22.79,38.09,22.1,36.975,21.2,42.356,17.79333333,1.666666667,23.56666667,30.89,23.5,35.5,20.85666667,39.5,14.8,751.3666667,55.33333333,4.666666667,40.0,5.83,26.53562909,26.53562909,60
2016-02-1905:20:00,0,20.13333333,36.09,18.29,37.29,20.2,38.112,18.1,36.53,17.01428571,45.71285714,0.566666667,83.59333333,17.39,31.89,19.89,43.9,17.6,40.29,0.7,759.0333333,99.66666667,2.666666667,9.0,0.667,18.17763856,18.17763856,50
2016-02-0402:00:00,0,21.66666667,42.66333333,20.89,42.0,22.6,43.77,20.5,42.09,19.0,59.145,1.2,88.13333333,18.6,38.09,22.40277778,47.61333333,18.35666667,47.4,2.2,765.9,91.0,3.0,28.0,0.9,41.5591254,41.5591254,50
2016-01-1520:50:00,20,22.96333333,40.46333333,22.29,39.59,21.29,42.09,20.76333333,42.99666667,20.79,47.99666667,1.866666667,94.43333333,18.85666667,40.0,20.29,44.83333333,17.245,41.045,2.25,759.2166667,97.0,4.166666667,64.0,1.77,22.52427186,22.52427186,130
2016-04-1400:40:00,0,21.63333333,41.93333333,18.76,45.79,23.66666667,39.46666667,21.7,39.2,20.6,47.09,3.845,52.5,20.89,35.856,23.0,45.5,20.39,45.9,3.97,753.6,95.66666667,0.333333333,4.0,3.37,34.68814066,34.68814066,60
2016-04-2318:10:00,0,23.0,34.2,21.03333333,33.15666667,23.6,32.82666667,22.5,32.356,21.2,39.46666667,8.696666667,1.0,22.1,25.26428571,23.79,32.26,20.73,37.76333333,8.08,757.6333333,48.66666667,7.333333333,40.0,-2.22,0.311539869,0.311539869,190
2016-02-2221:20:00,20,21.79,43.56,20.4725,44.2675,21.6,42.4,21.46333333,43.1,20.456,83.374,5.69,88.0,19.53333333,41.03,22.0,46.4,18.5,44.29285714,5.23,753.3,97.0,1.0,50.0,4.8,22.90594429,22.90594429,110
2016-03-0919:30:00,0,20.39,38.63,18.1,39.82666667,20.06666667,37.02666667,20.76,33.93333333,17.39,43.93,5.8,43.0,18.2,32.46333333,21.16666667,37.93333333,17.29,35.53,5.85,747.5,66.5,6.0,40.0,0.05,38.8213021,38.8213021,130
2016-04-1310:30:00,0,22.2,42.44,20.1,45.3,23.29,38.82666667,22.1,39.46666667,20.79,46.79,12.296,31.476,21.1,35.29,21.934,39.44,20.5,39.645,9.15,750.85,81.0,1.0,40.0,5.95,42.98972444,42.98972444,60
2016-04-3005:30:00,0,21.5,37.16333333,18.7,40.32666667,22.89,37.2,19.39,37.7,19.1,43.2,4.966666667,52.96666667,19.16666667,33.59,21.39,44.73,19.1,41.12666667,4.9,757.25,95.5,1.0,40.0,4.25,47.35071016,47.35071016,50
2016-05-2623:20:00,20,24.42666667,44.53,23.31857143,43.56428571,26.7,38.76,24.76,43.26,22.6,60.1,14.96,20.66666667,24.29,43.9,24.6,50.4,22.6,44.5,15.5,756.1,77.0,3.666666667,63.66666667,11.4,17.24039395,17.24039395,60
2016-05-0119:20:00,0,23.26,35.06,21.42666667,34.8,22.79,35.0,21.5,35.36333333,20.1,40.43333333,13.66,1.0,19.5,26.865,23.29,37.79,19.63333333,36.43333333,13.0,765.5333333,41.66666667,3.666666667,40.0,0.3,1.851090312,1.851090312,100
2016-05-1904:50:00,0,23.0,40.86333333,20.39,43.9,24.39,39.2,22.89,40.09,21.1,50.2,6.833333333,50.5,23.1,39.7,23.87,41.794,22.5,43.736,8.0,749.5666667,96.16666667,2.0,22.0,7.42,22.96821197,22.96821197,60
2016-03-3001:40:00,0,21.76,40.9,19.39,43.09,23.0,39.0,21.5,39.79,20.1,46.5,9.5,48.82666667,21.0,34.09,24.16666667,45.46666667,20.35666667,40.56,9.57,750.4666667,77.66666667,6.666666667,40.0,5.83,45.51319736,45.51319736,60
2016-03-3019:40:00,0,22.39,39.2,21.29,39.36333333,22.7,37.66333333,21.2,38.46666667,20.84,45.795,8.63,38.76666667,20.7,32.66333333,24.0,38.26,20.39,37.93333333,9.43,753.3333333,69.66666667,3.333333333,40.0,4.13,48.15480814,48.15480814,100
2016-02-0322:30:00,0,22.6,42.73,21.745,41.845,22.48166667,44.045,21.1,42.09,19.39,67.02333333,4.5,84.6,18.6,36.87388889,22.78,45.68777778,18.29,43.16,4.3,765.25,86.0,3.5,40.0,2.1,7.199304609,7.199304609,100
2016-04-2508:10:00,20,20.89,36.7225,18.0,40.53,22.1,34.53,20.66,34.29,20.0,43.1,5.866666667,54.95666667,21.29,32.014,23.5,38.33333333,20.0,36.76666667,3.67,755.0166667,91.33333333,2.333333333,24.5,2.35,47.20075885,47.20075885,70
2016-03-1108:50:00,0,20.1,38.69333333,16.79,42.4,20.39,37.4,19.7,34.93333333,17.89,46.29,0.266666667,72.49666667,19.175,33.4975,20.5,40.49,18.2,39.89,1.25,764.75,91.66666667,1.0,16.33333333,-0.0333,47.62770587,47.62770587,140
2016-02-0904:50:00,0,21.79,42.5,21.2,41.32666667,23.1,42.93333333,20.39,42.9,20.29,46.785,6.23,72.79,19.02222222,37.81444444,21.7,49.515,19.0,46.59,6.22,743.3166667,79.33333333,8.166666667,28.16666667,2.88,12.27008045,12.27008045,50
2016-02-2607:30:00,0,20.2,39.46333333,18.2,40.82666667,21.16666667,38.59,20.1,36.5,18.61428571,43.83714286,1.2,83.36666667,19.2,37.67857143,20.5,44.03,18.0,41.76,0.95,754.95,95.5,1.0,40.0,0.3,8.165042091,8.165042091,40
2016-02-1214:40:00,0,21.0,40.59,19.5,39.66333333,22.53333333,42.6,19.29,38.79,18.39,49.7,6.0,82.72666667,20.13888889,32.69888889,23.30666667,39.97222222,18.79,40.66333333,5.93,740.9,66.0,5.0,40.0,-0.0667,8.557579934,8.557579934,230
2016-05-0606:50:00,0,22.79,37.2,20.6,38.86,23.89,36.96666667,22.5,34.93333333,19.625,59.9225,8.945,40.0,22.43714286,36.89571429,22.79,41.96666667,21.1,41.4,9.43,755.2333333,79.5,3.166666667,40.0,6.03,16.20624095,16.20624095,70
2016-04-2716:50:00,0,20.92666667,34.76,19.7,34.9,21.13333333,33.9,20.5,33.59,19.06666667,39.9,6.498181818,37.08727273,19.87571429,28.23714286,22.64545455,37.04090909,19.2,32.59,7.7,753.4333333,66.16666667,6.833333333,40.0,1.7,14.34023882,14.34023882,70
2016-04-2920:10:00,0,23.39,36.73,21.5,37.79,22.79,35.96666667,20.2,39.32666667,19.1,43.59,7.626666667,39.36666667,19.2,34.29,22.0,40.95,18.79,37.7,7.77,755.55,84.66666667,3.833333333,40.0,5.37,16.74685073,16.74685073,100
2016-04-1408:50:00,20,21.39,41.09,19.23,44.63333333,22.79,38.03,22.53333333,39.36,20.39,44.59,7.9,62.29666667,20.5,34.55846154,22.1,40.79,21.9725,38.3475,4.12,754.3,100.0,1.0,33.0,4.12,18.5119941,18.5119941,80
2016-04-2514:40:00,10,20.79,38.2,19.1,39.59,21.89,35.09,21.29,36.48571429,19.89,40.79,7.866666667,59.43333333,20.89,32.59,22.39,37.4,19.79,36.0,7.97,750.7333333,85.66666667,5.666666667,36.33333333,5.63,36.83613087,36.83613087,70
2016-03-1621:50:00,0,22.6,35.26,20.175,36.7675,23.0,35.4,21.7675,32.7225,18.7,43.66333333,3.863333333,28.13333333,20.1,25.0,23.575,34.3925,19.5,34.09,4.43,765.5666667,64.0,5.0,22.83333333,-1.78,39.24643075,39.24643075,90
2016-03-0820:10:00,40,20.5,40.39,18.2,41.65666667,20.2,38.09,18.99666667,37.12333333,17.5,48.65666667,5.466666667,79.12666667,18.29,29.6,20.6,36.79,17.6,35.59,5.23,756.8666667,72.5,3.166666667,40.0,0.633,40.99564183,40.99564183,110
2016-01-1506:00:00,0,22.29,39.79,21.29,39.29,21.29,43.5,18.2,42.5,18.2,53.96666667,2.4,94.42666667,18.39,42.32666667,19.2,48.79,17.39,47.7,3.2,751.8,72.0,10.0,40.0,-1.4,43.70748304,43.70748304,50
2016-04-0314:10:00,0,22.53333333,42.7,23.39,38.59,22.32333333,40.7,21.6,41.9,19.5,48.09,19.53,13.09,22.03333333,37.96666667,23.2,44.12666667,20.13333333,43.2,19.0,751.5833333,53.33333333,4.833333333,40.0,9.3,6.881030905,6.881030905,100
2016-01-2201:40:00,0,19.96333333,37.29,19.0,36.79,19.1,39.56,16.82333333,38.12666667,17.26,44.88,-1.9,94.53,16.6,32.4,19.27,44.77333333,15.92666667,41.5,-0.3,764.7,88.33333333,3.0,61.66666667,-2.03,42.46768442,42.46768442,50
2016-04-1314:00:00,0,22.1,42.4,20.5,43.96333333,23.29,39.29,22.0,40.5,20.73,45.79,12.318,40.476,21.1,37.03,22.1,43.09,20.6,40.36333333,10.0,751.9,90.0,3.0,28.0,8.4,27.58189978,27.58189978,90
2016-01-2918:40:00,0,19.35666667,45.46333333,19.025,44.4725,19.26,43.93,16.7,45.7,16.6,50.79,8.8,85.09,16.79,41.7,17.7,50.46666667,16.1,45.4,8.93,762.2666667,82.66666667,9.666666667,40.0,6.13,45.29705147,45.29705147,90
2016-03-0709:30:00,0,18.92666667,37.9,17.1,39.66333333,19.39,37.29,18.1,35.9,17.89,51.9,2.23,76.8,17.46333333,31.26,20.0,40.13333333,17.56666667,38.4,1.05,748.05,96.5,2.5,52.0,0.55,41.39197425,41.39197425,60
2016-01-2915:00:00,0,17.89,44.59,17.1,44.93333333,19.0,42.29,16.79,44.86333333,16.6,50.2,8.6,84.76,16.98777778,40.215,17.02222222,46.86944444,16.23,44.43333333,8.3,762.7,85.0,10.0,40.0,5.9,43.37100909,43.37100909,30
2016-02-0205:10:00,0,22.1,46.16333333,21.2,45.79,23.2,46.09,20.29,49.2,19.79,58.62666667,9.66,99.9,18.79,46.2,20.785,56.09,18.2,52.5,9.47,758.8333333,94.83333333,6.833333333,63.33333333,8.65,7.80760505,7.80760505,40
2016-04-1108:40:00,0,21.89,39.09,20.23,40.4,22.89,37.76,21.15,38.0,20.33,43.97,13.66333333,12.43333333,21.79,34.09,21.22571429,37.52571429,23.13,37.53333333,12.2,749.8,60.66666667,5.333333333,31.33333333,4.57,46.05054371,46.05054371,60
2016-01-1720:20:00,30,22.5,43.29333333,20.78181818,40.05,20.92666667,40.62666667,21.2,37.29,20.43,80.28,-3.545,91.8725,20.5,31.445,22.39,39.9,17.79,37.345,-1.3,764.7,75.33333333,2.333333333,35.33333333,-5.13,24.63579176,24.63579176,100
2016-04-0901:20:00,10,21.29,41.7,18.73,45.2,23.16666667,39.96666667,20.6,38.9,20.39,48.4,5.993333333,43.56,21.39,37.736,23.39,44.2,20.39,42.46666667,6.87,752.7,85.33333333,2.0,27.33333333,4.57,10.38024351,10.38024351,50
2016-05-2206:40:00,0,24.52636364,51.99272727,23.71351351,50.93954955,27.19727273,45.83636364,23.83513514,48.42243243,22.74864865,53.78391892,19.91027027,38.395,23.67567568,45.52635135,24.67454545,53.28181818,23.23818182,50.03636364,14.4,749.6666667,97.33333333,2.333333333,25.33333333,14.0,24.0553704,24.0553704,60
2016-01-1609:30:00,0,21.745,40.995,21.03333333,40.4,20.7,42.09,20.7,42.59,19.89,45.39,1.633333333,95.43333333,18.6,42.53,19.63333333,49.43333333,17.89,46.23,1.65,763.05,96.0,3.0,41.5,1.0,20.99866599,20.99866599,60
2016-03-0606:40:00,0,18.79,37.9,16.79,40.09,20.2,37.96666667,17.5,37.29,17.79,53.23,2.76,76.43333333,18.1,32.5,20.46333333,43.26,18.0,41.59,3.0,745.3333333,91.0,7.333333333,40.0,1.7,23.17256993,23.17256993,50
2016-03-0212:20:00,0,20.79,40.19666667,20.5,37.7,20.7,38.59,21.29,37.69333333,18.2,47.2,8.6,34.69666667,19.06666667,31.03333333,20.075,38.07,18.39,42.09,8.07,745.7666667,57.33333333,8.666666667,40.0,0.0667,17.2898658,17.2898658,50
2016-04-1509:50:00,0,22.39,45.46333333,20.29,48.93333333,24.96333333,39.66333333,22.1,41.29,20.5,51.4,12.34,46.078,21.04285714,37.33714286,22.57142857,44.59,20.79,45.82666667,10.4,748.3,86.66666667,5.833333333,30.83333333,8.18,12.77335894,12.77335894,220
2016-03-0215:10:00,0,21.29,36.96666667,20.26,35.83333333,20.7,37.29,20.6,34.93,18.1,45.4,9.8,36.8,19.6,30.23,21.1,37.4,18.5,41.76,8.05,742.6333333,64.16666667,9.166666667,28.16666667,1.53,42.59356337,42.59356337,60
2016-04-1822:50:00,0,21.6,37.2,19.39,37.9,22.5,36.12666667,22.29,34.09,20.39,53.86,5.5,15.02666667,20.39,29.06,22.79,40.65666667,20.2,34.86,6.17,763.6333333,69.33333333,2.0,40.0,0.917,43.6327304,43.6327304,60
2016-03-3120:50:00,0,22.7,39.72333333,21.0,41.06,22.2,38.46666667,20.7,41.46666667,20.0,47.9,6.045,68.14,20.2,33.76,24.79,39.09,19.89,38.4,6.97,755.1666667,88.5,3.666666667,23.66666667,5.17,4.68989861,4.68989861,70
2016-05-1903:10:00,0,23.1,41.0,20.6,43.7,24.6,39.32666667,23.0,40.2,21.1,50.4,7.226666667,50.42666667,23.2,40.156,24.08,43.294,22.5,43.4,8.08,749.2333333,97.0,2.0,25.33333333,7.58,22.1893796,22.1893796,40
2016-04-2304:30:00,0,22.2,38.7,19.5,41.36333333,24.79,37.29,22.1,35.4,20.7,51.66333333,6.59,50.2,21.39,32.7,23.1,44.79,20.6,41.2,6.6,756.5,85.5,4.5,40.0,4.25,39.02833675,39.02833675,60
2016-05-1820:00:00,20,23.7,43.9,22.68,42.634,24.39,40.0,23.79,42.62666667,21.1,52.0,12.43,39.65666667,23.0,41.4,24.66,45.94,22.39,41.45571429,12.4,748.5,92.0,4.0,28.0,11.1,10.3324694,10.3324694,160
2016-02-2400:40:00,0,21.39,40.5,19.35666667,41.16333333,21.0,40.5,20.5,38.545,19.12857143,74.45428571,-0.066666667,85.15666667,19.0,37.66333333,20.66666667,46.02666667,18.26428571,41.7,0.567,760.6666667,96.33333333,1.333333333,48.66666667,0.0333,38.00577214,38.00577214,50
2016-05-1406:20:00,0,24.6,37.86333333,21.89,39.94285714,24.2,32.06,24.89,37.63714286,23.79,46.62666667,9.1225,13.15,24.5,34.96666667,25.5,40.53857143,23.934,45.29,8.73,754.8333333,70.33333333,5.0,27.66666667,3.5,14.6329611,14.6329611,50
2016-04-2806:20:00,0,20.6,35.93,17.1,40.26,21.2,34.56,19.79,34.03,18.85666667,52.8,-0.7,52.36333333,19.23,29.32333333,21.66666667,40.93,18.89,38.06,-0.467,755.4333333,96.33333333,1.333333333,63.66666667,-1.0,32.11726503,32.11726503,60
2016-03-1107:10:00,0,20.2,36.16333333,16.6,41.86333333,20.5,37.59,19.7,34.09,17.79,49.76,-0.633333333,68.89666667,19.42666667,36.13333333,20.79,43.06666667,18.2,41.23,-0.75,764.25,93.33333333,1.0,18.0,-1.7,21.79238892,21.79238892,80
2016-04-2811:00:00,10,20.79,35.56,22.2675,31.9425,21.5,35.0,21.23,35.59666667,18.7,45.29666667,11.95,14.7,19.1,28.76,20.84,36.2725,19.1,33.5,6.85,756.3,71.5,3.0,40.0,2.0,3.996279382,3.996279382,70
2016-03-1111:50:00,0,19.6,32.76,18.5,33.245,19.13333333,32.79,20.46333333,33.26,17.79,44.12666667,6.433333333,51.62333333,19.29,31.35666667,20.39,37.59,18.29,40.03,6.32,765.3,71.33333333,3.666666667,59.0,1.4,3.760543873,3.760543873,50
2016-02-1610:10:00,0,19.79,38.29,18.06666667,39.7,21.66333333,37.76666667,19.2,35.66333333,18.2,42.43333333,-1.0,85.72666667,18.29,29.89,20.2,38.03,17.79,37.595,0.2,772.2166667,96.5,1.166666667,61.5,-0.333,25.78912079,25.78912079,390
2016-03-3109:10:00,0,21.5,39.56666667,18.89,43.29666667,22.39,38.03,20.6,40.03,20.16666667,58.23333333,7.466666667,67.19333333,20.23,34.53,22.89,43.16333333,20.2,40.32666667,6.2,754.3166667,94.5,2.166666667,26.66666667,5.42,24.04006163,24.04006163,50
2016-03-1911:30:00,0,20.89,36.76,18.29,39.59,21.2,36.22666667,19.6,34.4,18.29,44.73,7.433333333,41.69333333,19.29,30.1,21.7,39.86333333,19.5,37.82666667,5.75,762.75,76.0,3.5,44.0,1.75,36.32224377,36.32224377,690
2016-03-1921:50:00,0,22.29,35.9,20.0,38.09,22.1,35.0,21.0,34.09,18.6,43.53,6.466666667,42.56666667,19.2,29.525,22.7,34.79,19.2,34.7,5.57,762.5166667,80.66666667,3.833333333,23.66666667,2.42,35.1936912,35.1936912,100
2016-01-1502:10:00,0,23.6,39.09,22.6,39.0,21.2,43.46666667,18.5,43.4,18.5,55.09,0.833333333,94.62333333,18.5,42.4,19.39,49.4,17.2,47.36333333,0.55,749.5166667,97.83333333,10.16666667,55.5,0.2,0.091842911,0.091842911,50
2016-04-3022:30:00,10,21.32333333,38.09,18.79,40.76,23.2,35.96666667,19.89,38.4,19.6,48.7,5.3,33.49666667,19.56666667,31.42666667,22.39,36.79,19.2,37.0,6.0,762.95,78.5,3.5,40.0,2.5,23.33351775,23.33351775,110
2016-04-1322:40:00,0,21.89,42.73,19.39,45.5,23.5,39.2,21.89,39.66333333,20.76,47.5,4.981428571,50.99285714,21.0,36.2,23.2,44.874,20.39,44.13333333,5.67,753.2333333,95.66666667,1.0,45.0,5.0,38.51045202,38.51045202,60
2016-03-0818:20:00,10,19.79,38.76,18.0,37.73,20.1,36.7,18.7,33.29,17.5,48.26,7.063333333,78.26,18.53333333,28.6,20.16666667,36.09,17.7,37.16333333,5.7,756.9333333,67.33333333,3.0,40.0,0.0667,31.80307947,31.80307947,110
2016-02-2604:50:00,0,20.5,39.0,18.6,40.26,21.29,38.7,20.5,36.2,18.89,43.0,1.2,82.96333333,19.2,37.26714286,20.73,43.9,18.0,41.09,0.65,755.55,95.33333333,1.0,39.66666667,0.05,31.01464275,31.01464275,50
2016-01-2811:20:00,0,18.79,46.29,18.29,46.0,19.6,44.46666667,18.2,45.9,17.2,52.59,5.063333333,99.9,17.39611111,42.16333333,17.445,48.51722222,16.79,46.59,6.3,765.1666667,82.66666667,1.666666667,32.66666667,3.5,20.90375128,20.90375128,40
2016-03-0208:00:00,20,20.0,40.16333333,18.39,40.9,20.6,38.7,18.76333333,38.92666667,18.39,45.26666667,6.4,75.76333333,18.29,34.86333333,20.16666667,45.43,18.13333333,42.23,6.5,745.9,83.0,9.0,40.0,3.7,17.02150063,17.02150063,230
2016-02-0420:00:00,20,23.2,46.5,22.73,43.66333333,22.6,44.98222222,20.79,48.59666667,21.75777778,87.70166667,8.3,93.83,18.39,41.055,21.46944444,49.69111111,18.39,46.93333333,8.1,764.4,89.0,2.0,40.0,6.4,0.269998075,0.269998075,100
2016-02-1614:00:00,0,21.2,36.26,19.5,36.59,21.29,36.03,19.9175,35.4,18.7,39.79,3.9,58.42666667,20.35666667,28.03333333,21.79,34.295,18.2,40.36333333,4.4,771.6,59.0,3.0,40.0,-3.1,15.82578402,15.82578402,70
2016-05-1117:10:00,0,25.46333333,50.79,25.456,48.936,26.2,46.46571429,25.89,47.476,24.0,53.1,22.12,12.67,25.29,44.61,26.6,50.1,24.1,48.22571429,22.6,746.5333333,56.5,1.833333333,40.0,13.4,47.38615372,47.38615372,90
2016-04-1620:50:00,0,22.7,43.46333333,20.29,44.79,24.39,39.59,21.7,38.79,20.89,47.0,6.595,39.3,21.14285714,32.73857143,24.5,40.76666667,20.85666667,39.33333333,7.58,749.1333333,85.5,2.166666667,29.16666667,5.3,8.129471319,8.129471319,100
2016-01-1811:30:00,0,19.6,41.2,18.26,41.59,19.79,40.7,19.1,38.0,17.79,57.2,-1.375555556,94.60777778,19.1,35.5,19.82333333,43.06666667,17.26,38.26,-1.8,758.65,77.0,3.0,40.0,-5.4,3.324652789,3.324652789,40
2016-05-2108:10:00,10,23.1,48.45666667,23.65666667,47.19666667,24.66666667,42.96666667,23.1,45.03,22.48166667,48.695,18.23333333,38.19666667,22.79,43.156,23.39,51.4,22.89,48.494,14.7,756.3166667,90.0,4.0,26.5,13.2,1.618159225,1.618159225,330
2016-03-0112:50:00,0,20.0,37.195,18.39,37.12666667,20.39,35.79,19.2,33.86333333,17.6,43.2,4.626666667,67.95666667,18.7,29.2,20.0,36.62666667,18.1,36.76,3.53,757.5166667,86.83333333,8.833333333,40.0,1.45,13.31561182,13.31561182,60
2016-01-2419:10:00,10,21.7,43.26,20.89,42.59,20.76,44.66333333,17.5,46.59,19.13333333,48.95,7.9,99.9,16.0,44.5,19.19944444,50.35444444,15.8,48.62666667,7.92,767.55,95.83333333,3.0,63.0,7.3,12.58821141,12.58821141,40
2016-03-1416:30:00,0,22.1,34.76,20.1,34.09,23.6,35.99,20.89,32.83333333,18.1,43.93333333,7.9,24.0,23.2,25.0,22.5,30.1,19.7,37.7,7.75,766.85,56.0,6.0,25.5,-0.55,40.44847956,40.44847956,550
2016-04-1215:30:00,0,22.5,41.59,22.92666667,38.16333333,23.29,39.29,23.2,38.9,21.1,43.236,15.63,3.496666667,21.79,35.16333333,22.2,40.17571429,21.1,41.4,13.6,751.6,53.5,4.0,40.0,4.0,49.78978727,49.78978727,60
2016-01-2211:50:00,0,18.39,38.79,17.5,38.79,18.5,39.29,16.29,38.46666667,16.27,47.57,2.56,91.39333333,16.225,33.025,18.05555556,41.84111111,15.89,40.03,2.45,762.1833333,71.83333333,4.833333333,21.83333333,-2.2,11.99395849,11.99395849,40
2016-02-1913:00:00,0,20.39,39.89,19.1,39.72333333,22.7,41.6175,18.79,36.0,17.29,45.62142857,5.433333333,87.63333333,18.29,31.39,19.79,38.59,17.7,41.334,6.2,761.0,79.0,4.0,29.0,2.8,36.16999033,36.16999033,260
2016-04-1821:10:00,10,21.79,37.4,20.0,36.06,22.39,35.76,22.6,34.26428571,20.55,59.05,6.593333333,9.933333333,20.39,27.5,22.79,36.73,20.2,31.03333333,8.08,762.9666667,63.5,2.833333333,40.0,1.42,10.44750505,10.44750505,60
2016-02-1716:10:00,0,21.0,33.79,19.39,33.9,20.2,35.5,19.5,33.2,17.7,43.79,4.5,62.69333333,20.35666667,25.82333333,22.03333333,33.59,18.1,38.59,2.93,757.2166667,73.66666667,2.166666667,21.83333333,-1.35,27.43413228,27.43413228,50
2016-04-2518:20:00,20,21.1,42.73333333,19.26,43.9,21.79,36.2,21.1,37.656,19.79,42.26666667,6.333333333,57.99,20.73857143,33.28571429,22.73,39.79,19.6,36.9,7.17,748.6,93.66666667,4.666666667,33.66666667,6.2,47.81430891,47.81430891,120
2016-04-1215:50:00,0,22.5,41.43333333,22.85666667,38.2,23.29,39.2,23.2,38.82666667,21.14,43.0,16.03333333,1.7,21.79,34.96666667,22.2,39.86857143,21.13333333,41.23,13.3,751.6,47.16666667,4.0,40.0,2.0,4.039719002,4.039719002,50
2016-04-2209:00:00,10,22.2,37.93333333,21.1,37.0,23.16666667,36.62666667,22.85,35.2,20.39,43.26666667,12.0,10.36666667,21.6,32.63714286,22.0,39.5,20.5,37.86,9.1,759.9,74.0,3.0,40.0,4.7,46.73028325,46.73028325,720
2016-05-1804:30:00,0,23.1,40.59,21.0,42.5,24.79,39.36333333,23.1,38.5,21.16,51.48,9.86,42.06333333,23.2,40.59,23.7,43.772,22.7,43.7,9.6,754.3,90.5,1.5,20.0,8.1,17.5547701,17.5547701,50
2016-02-1711:50:00,10,20.0,37.66666667,19.1,35.76,20.125,36.9,19.63333333,33.76666667,18.0,45.59,0.7,84.65,18.65,26.89,20.2,34.33333333,17.79,35.66333333,1.82,760.7333333,72.66666667,1.833333333,22.66666667,-2.57,43.28189497,43.28189497,40
2016-05-1810:50:00,0,23.29,42.59,23.16666667,41.46666667,23.76333333,39.16333333,23.2,40.32666667,21.12,46.59,19.03333333,4.3,22.89,38.5,23.2,43.2,22.6,41.33714286,15.7,751.6833333,67.33333333,5.666666667,37.83333333,9.67,28.44437686,28.44437686,90
2016-05-0817:30:00,0,25.1,36.0,26.0,31.39,26.29,37.38428571,25.0,35.43333333,24.35666667,31.92666667,27.18,1.0,24.1,31.274,24.718,34.3,23.1,37.9,25.9,750.75,27.5,5.5,40.0,5.55,27.63595663,27.63595663,60
2016-05-1414:50:00,0,25.13333333,32.35666667,24.256,29.634,24.6975,33.475,24.236,29.436,23.79,41.47142857,13.63,1.0,24.7,28.29,26.33285714,35.44285714,23.29,31.86142857,12.1,757.65,47.33333333,7.833333333,38.0,1.08,11.77361783,11.77361783,130
2016-03-2208:30:00,0,21.1,38.09,18.03333333,42.32666667,21.79,36.59,20.29,35.79,19.1,46.79,2.39,67.39666667,19.7,35.36333333,21.5,40.96666667,19.56666667,39.26666667,4.0,758.15,92.0,1.0,48.5,2.75,35.50109356,35.50109356,50
2016-03-1111:10:00,10,19.89,33.52666667,19.13333333,33.66,19.63333333,33.69666667,20.29,32.76,17.79,44.53,5.366666667,57.83,19.1,31.6,20.29,38.03,18.29,39.82666667,5.18,765.3,76.66666667,2.333333333,55.0,1.4,13.1109944,13.1109944,20
2016-04-1213:10:00,0,22.6,42.0,24.46333333,36.66333333,23.16666667,39.46666667,23.6,38.59,21.2,43.5,18.5,3.626666667,21.89,35.4,22.43125,40.4375,21.29,41.9,15.2,751.6833333,54.33333333,4.0,40.0,5.92,45.79189554,45.79189554,60
2016-03-1908:50:00,0,21.0,37.99,18.1,41.26,21.39,36.53,19.7,35.29,18.29,46.26,5.866666667,56.39,19.39,30.92666667,21.7,41.76666667,19.63333333,40.09666667,5.08,762.2833333,82.66666667,2.833333333,57.66666667,2.38,10.16704352,10.16704352,120
2016-01-1522:10:00,10,23.2,38.93333333,22.46333333,38.76,21.26,41.79,20.76,42.72333333,21.99666667,80.62666667,2.4,94.59,19.1,38.96666667,20.7,44.29,17.2,40.5,2.28,760.1,95.83333333,3.833333333,25.83333333,1.67,19.69745285,19.69745285,360
2016-05-0514:20:00,0,23.6,30.4,24.76,26.06666667,23.1,32.7,22.73,30.26333333,21.0,41.06,19.53333333,1.0,22.75142857,26.39,23.39,34.2,20.79,35.53,18.1,760.8666667,28.33333333,3.666666667,40.0,-0.667,5.729043251,5.729043251,60
2016-04-0601:10:00,0,22.39,40.9,19.35666667,45.9,24.06666667,38.76,21.0,40.9,20.85666667,53.0,5.69,55.7,21.6,35.59,22.89,40.59,20.85666667,44.33333333,6.92,754.3,92.16666667,3.0,25.5,5.67,42.18462824,42.18462824,50
2016-05-1817:50:00,0,23.6,42.2,23.43714286,39.34,24.29,38.9,23.39,39.36333333,21.0,45.94,14.66666667,22.42666667,22.7,37.13333333,23.92666667,42.86,22.456,39.158,15.4,748.95,60.66666667,7.0,30.0,7.68,47.2815485,47.2815485,240
2016-02-0212:30:00,40,21.89,47.33333333,21.39,45.29,22.39,45.5,21.26,48.86333333,19.5,55.79,8.945,99.59,18.7,45.10333333,20.10555556,51.52944444,18.2,50.4,8.45,756.8,95.0,5.5,62.5,7.7,28.87685419,28.87685419,60
2016-04-2305:10:00,0,22.1,38.59,19.39,41.4,24.79,37.36333333,22.1,35.4,20.7,51.22333333,6.4,48.05666667,21.39,32.68428571,23.0,44.356,20.6,41.26,6.25,756.3666667,88.0,3.833333333,40.0,4.37,9.921314358,9.921314358,50
2016-02-1321:50:00,0,22.35666667,40.09,20.79,41.2,21.5,40.56,19.35666667,39.76,18.23,51.63277778,3.9,91.69,18.80111111,34.775,21.84,39.95,17.79,38.5,3.13,731.75,97.83333333,3.166666667,49.0,2.82,35.46545332,35.46545332,70
2016-01-2610:50:00,0,20.0,45.29,19.2,44.9,20.5,44.4,19.29,46.4,17.5,53.0,10.13,99.9,17.5,43.245,18.12222222,49.7,17.1,48.79,9.88,762.35,91.5,5.833333333,63.5,8.57,2.432767255,2.432767255,40
2016-04-0919:30:00,10,22.79,42.53333333,21.06666667,42.46666667,22.79,39.36333333,20.7,36.15666667,20.1,45.2,11.72142857,17.04285714,22.0,31.76,23.92666667,35.36333333,20.0,33.63333333,12.6,748.55,54.0,5.5,40.0,3.4,18.09954839,18.09954839,110
2016-02-2305:00:00,0,20.79,43.2,19.1,44.7,21.79,42.76,20.6,41.4,19.06,50.356,4.0,87.69,19.29,43.5,21.39,50.06,18.58,46.356,3.7,753.7,95.0,2.0,22.0,2.9,33.75530306,33.75530306,60
2016-03-2723:30:00,0,22.0,38.2,19.5,41.29,22.96333333,38.2,20.39,39.5,20.0,47.09,8.033333333,49.5,21.39,37.03,23.89,39.6,20.29,41.12666667,8.3,748.8,76.5,7.0,40.0,4.35,47.87930324,47.87930324,50
2016-02-0403:10:00,0,21.5,42.5,20.7,41.9,22.5,43.79,20.29,41.9,18.97555556,58.20888889,1.2,89.29333333,18.58333333,38.12666667,22.1,48.67,18.39,48.0,1.95,765.8666667,89.0,3.0,24.0,0.35,3.400593193,3.400593193,40
2016-02-0313:40:00,0,22.6,43.19333333,21.5,42.0,21.98777778,44.7,21.79,40.26,19.06666667,54.93777778,6.763333333,56.2,19.2,33.51,20.61666667,41.20277778,18.6,44.76666667,6.27,760.0666667,64.66666667,6.666666667,40.0,0.0667,34.23522604,34.23522604,100
2016-05-1406:10:00,0,24.6,37.93333333,21.89,40.0,24.26,32.13333333,24.89,37.7,23.79,46.7,9.19,13.16,24.53333333,35.0,25.5,40.59,23.92142857,45.25142857,8.77,754.7666667,71.16666667,5.0,27.33333333,3.7,49.08165882,49.08165882,70
2016-03-2206:00:00,0,21.29,37.2,18.32333333,40.7,22.2,37.4,20.6,36.0,19.1,47.0,0.766666667,58.96333333,19.79,36.93333333,21.89,43.82666667,19.29,41.2675,1.6,758.1,98.0,1.0,4.0,1.3,39.18562112,39.18562112,60
2016-02-1212:30:00,0,20.39,40.8,19.675,38.4475,21.42666667,41.2,19.16666667,38.9,18.39,50.5,4.226666667,90.66666667,19.39,34.155,21.85722222,42.21555556,18.53333333,39.83333333,4.55,742.5,74.0,5.5,40.0,0.25,29.55580129,29.55580129,140
2016-02-1122:00:00,20,22.79,40.9,22.0,40.0,21.7,42.4,21.56666667,42.56,19.78,57.46,3.0,92.0,20.2,37.92222222,23.29,43.73888889,18.5,40.56,3.7,748.6,96.0,2.0,22.0,3.1,17.28708962,17.28708962,130
2016-04-1823:20:00,0,21.5,37.2,19.2,38.36333333,22.5,36.29,22.22571429,34.09,20.29,52.83333333,5.69,16.86666667,20.39,29.25142857,22.63333333,41.03,20.26,35.72333333,6.13,763.7,71.33333333,2.0,40.0,1.3,46.65159523,46.65159523,50
2016-04-2504:20:00,0,21.0,35.36333333,17.7,39.56,22.6,35.09,20.736,33.2,20.1,43.29,2.29,55.06,21.7,34.4,24.29,41.29,20.2,38.9,1.4,756.7333333,96.66666667,2.0,22.33333333,0.867,0.811683375,0.811683375,70
2016-03-1218:50:00,10,20.6,32.96666667,19.06666667,33.2,20.0,33.4,20.2,32.79,18.39,42.86333333,7.06,24.65666667,21.85666667,25.7,24.96333333,34.09,18.89,39.2,7.15,767.0333333,65.5,3.0,63.33333333,1.08,13.57879988,13.57879988,390
2016-03-1211:30:00,10,19.7,34.9,19.42666667,34.06,19.5,35.4,20.46333333,34.2,18.0,44.32666667,6.623333333,49.15666667,19.32333333,30.26,21.63333333,41.56,18.7,40.09,6.3,767.5,78.5,1.5,50.0,2.65,0.90996807,0.90996807,80
2016-02-0817:40:00,0,22.23,43.46333333,21.76,40.4,23.89,42.02666667,21.29,42.23,18.89,52.775,7.3,69.36666667,19.42055556,35.15777778,22.78,44.98333333,19.0,41.62666667,7.97,741.0666667,71.0,11.33333333,39.0,2.97,27.84979295,27.84979295,320
2016-05-1002:20:00,0,25.1,43.59,23.6,44.32666667,26.79,40.2,25.53333333,42.46666667,23.5,48.59,15.3,45.19666667,24.15714286,41.30571429,25.39,51.02571429,23.79,48.094,15.6,752.7,91.0,2.666666667,21.0,14.0,0.186220498,0.186220498,70
2016-03-1022:50:00,0,22.0,37.82666667,19.42666667,40.09,21.13333333,37.59,21.0,33.9,18.92666667,48.19666667,2.56,53.42666667,19.7,32.46333333,22.1,38.52666667,18.1,39.46333333,3.18,762.55,80.66666667,1.166666667,61.83333333,0.2,20.21242446,20.21242446,50
2016-03-1808:00:00,0,21.29,36.36333333,17.76,40.7,21.39,35.7,20.92666667,33.4,19.39,79.69666667,2.76,74.15666667,20.1,28.7,22.0,39.09666667,19.79,38.66333333,2.2,763.4,100.0,3.0,7.0,2.2,27.14260133,27.14260133,60
2016-01-1422:30:00,0,23.2,40.16333333,22.26,39.7,21.6,43.0,19.1,45.56,19.13333333,54.42333333,3.463333333,64.56666667,19.0,39.73,19.7,46.1,17.0,44.06333333,2.45,749.55,81.0,7.5,31.5,-0.6,46.92068727,46.92068727,40
2016-01-2507:10:00,0,20.1,43.7,19.1,43.86333333,20.35666667,44.5,17.5,47.12666667,17.85111111,51.33777778,6.3,99.9,16.29,43.2,17.85111111,49.53277778,16.6,50.32666667,6.55,764.4333333,95.0,3.0,57.66666667,5.85,14.40631647,14.40631647,30
2016-03-3015:10:00,0,21.7,40.06666667,21.1,38.96666667,22.5,38.56,21.5,39.5,20.1,46.22333333,14.4,11.99,20.89,32.62666667,24.39,39.56,20.39,38.63333333,10.7,753.55,65.0,3.166666667,40.0,4.37,49.12229166,49.12229166,90
2016-04-2204:30:00,0,22.35666667,37.2,20.2,39.06,23.5,37.86333333,22.7,35.0,20.39,43.26,10.22666667,12.66333333,21.93714286,36.22571429,22.5,43.7,20.32333333,40.12666667,10.1,759.9,66.0,4.0,34.5,4.0,40.83155697,40.83155697,70
2016-04-2423:10:00,0,21.6,35.26,18.6,38.23,22.6,34.5,21.2,32.46,20.39,41.86333333,1.5,48.53333333,21.79,32.438,24.56666667,37.66333333,20.2,35.53,2.17,758.1833333,90.83333333,2.666666667,40.0,0.75,22.72380326,22.72380326,60
2016-04-2114:30:00,0,22.79,33.86,23.29,31.06666667,22.92666667,35.26,22.956,32.9,20.5,38.36,20.13333333,1.0,22.58571429,29.14285714,21.39,37.32666667,20.23,37.2,17.8,761.1,40.0,5.0,40.0,4.0,11.29520407,11.29520407,60
2016-05-0916:00:00,30,25.29,39.36333333,26.6,34.5,26.39,37.754,25.29,39.7,23.5,43.0,27.578,1.0,24.2,37.06,24.0,41.634,23.6,41.0,22.2,752.5,50.0,3.0,40.0,11.1,19.15596211,19.15596211,70
2016-03-0613:50:00,0,19.73,39.02666667,18.63333333,39.2,19.82333333,37.56666667,20.03333333,36.26666667,17.5,47.5,3.56,75.09,17.76,32.26,21.0,40.9,17.79,38.2,4.87,746.9166667,90.5,6.166666667,40.0,3.35,28.64101277,28.64101277,80
2016-04-1021:50:00,0,22.89,40.26,21.06666667,41.2,22.85666667,39.16333333,21.79,38.9,21.0,56.196,8.83,37.26333333,22.6,36.79,23.79,38.79,20.7,40.26666667,11.9,750.8166667,72.5,4.0,37.83333333,7.02,36.47105459,36.47105459,70
2016-01-2210:50:00,0,18.29,38.59,17.29,38.53,18.53333333,39.2,16.2,38.4,16.29,47.59,1.226666667,95.22666667,16.2,33.0,18.06666667,42.16333333,15.8,40.23,1.02,762.6333333,76.5,4.0,20.83333333,-2.77,23.87014667,23.87014667,30
2016-03-1809:50:00,0,21.1,35.79,17.79,39.9,21.29,35.5,20.7,33.4,18.79,59.73333333,3.7,73.66,19.89,28.79,21.7,37.16333333,19.63333333,36.86,2.48,763.6,98.16666667,3.0,10.0,2.22,2.269899461,2.269899461,30
2016-01-1619:50:00,40,23.29,40.79666667,22.09375,38.9425,22.6725,45.52,20.79,40.65666667,18.89,52.31,1.0,96.3,19.580625,36.73875,21.11428571,42.5,17.79,40.36333333,1.0,764.9333333,91.16666667,1.333333333,40.0,-0.233,41.49385637,41.49385637,230
2016-02-2811:50:00,0,19.92666667,35.56,19.42666667,34.4,20.0,35.53,19.6,33.9,17.39,46.9,4.496666667,35.69666667,19.62,31.312,20.6,38.03,18.2,39.9,4.25,757.3,55.16666667,9.0,26.0,-4.0,28.67662183,28.67662183,60
2016-04-1014:10:00,0,22.6,38.16333333,23.2,35.29,22.6,38.7,21.92666667,36.76,20.5,53.67857143,15.02666667,8.19,22.63333333,32.29,22.6,36.29,20.73,39.7,12.9,752.45,58.33333333,5.0,30.83333333,4.85,36.21225714,36.21225714,60
2016-04-0709:00:00,0,21.0,41.43333333,18.96333333,44.5,22.5,38.29,20.7,39.09,20.73,73.95666667,7.407708333,42.69979167,20.89,35.83,21.2,38.79,21.63333333,38.4,5.3,752.5,86.0,6.0,29.0,3.1,11.74940148,11.74940148,40
2016-05-0106:40:00,0,20.39,37.5,17.39,41.62666667,23.0,36.59,19.2,36.5,19.2,45.26,3.163333333,53.92333333,19.29,31.6,21.6,42.29,19.16666667,41.59,2.13,765.1333333,96.33333333,2.0,61.66666667,1.53,20.89294085,20.89294085,50
2016-05-1400:50:00,0,25.1,39.7,22.815,41.245,25.456,34.254,25.2,39.29,23.96333333,50.0,9.3,33.96666667,24.89,36.56,25.89,43.29,23.89,44.79,9.58,753.2166667,85.0,4.5,22.0,7.17,7.773238409,7.773238409,70
2016-02-2802:20:00,0,20.7,35.0,18.79,35.7,20.73,36.4,19.13333333,33.4,17.7,51.554,0.2,56.66666667,19.6,33.29,21.7,40.43,18.03333333,39.79,0.633,754.1,74.0,5.0,23.0,-3.57,16.44790884,16.44790884,50
2016-04-2911:10:00,0,20.2,37.09,18.1,39.59,22.0,34.09,19.5,35.32666667,18.6,40.4,9.323333333,37.16333333,18.92666667,31.96333333,20.5,37.93333333,18.6,36.23,7.43,755.1333333,84.5,4.833333333,21.5,4.9,42.3829199,42.3829199,70
2016-02-0319:40:00,20,22.42666667,46.19666667,21.6,43.46333333,22.765,44.69944444,21.63333333,43.9,18.89,54.29,5.463333333,74.93333333,18.6,35.29,22.29,42.79,18.39,42.7,5.17,763.6333333,80.66666667,3.333333333,40.0,2.03,4.226655385,4.226655385,160
2016-04-1014:20:00,0,22.66666667,38.09,23.13333333,35.29,22.6,38.66333333,22.0,36.7,20.52,52.596,15.3,7.99,22.76,32.23,22.69857143,36.23857143,20.79,39.7,12.9,752.4,58.66666667,5.0,32.66666667,4.9,3.716911434,3.716911434,50
2016-03-1812:10:00,0,20.89,35.62666667,17.89,39.2,21.0,35.23,20.6,33.29,18.5,51.36,5.06,61.46666667,19.79,29.0,21.32333333,36.29,19.5,35.59,3.93,763.55,88.5,2.0,46.83333333,2.18,18.29436083,18.29436083,90
2016-02-1919:00:00,0,20.79,38.29,19.06666667,38.86333333,22.35833333,36.36333333,18.8,36.53,17.29,45.9,3.86,69.76666667,19.0,29.79,20.79,38.2,17.79,41.22571429,4.1,759.9,82.0,3.0,40.0,1.3,22.40467628,22.40467628,40
2016-01-2220:40:00,0,17.82333333,40.46333333,16.79,41.09,18.1,39.96666667,15.72666667,40.2,15.89,48.29,3.59,99.4,16.0,35.5,17.285,43.39388889,15.5,40.09,3.7,761.5,97.0,6.333333333,52.66666667,3.2,24.76339726,24.76339726,40
2016-02-0708:10:00,0,21.29,45.2,20.6,44.2,22.1,45.26,18.89,45.43333333,19.0,59.38777778,6.563333333,90.89333333,18.81222222,41.22,21.39,54.045,19.29,50.79,6.97,743.6166667,89.0,6.166666667,40.0,5.22,15.78968961,15.78968961,50
2016-01-1203:10:00,0,20.5,46.2,19.82333333,44.53,20.29,45.46666667,20.53333333,46.0,18.7,50.09,3.863333333,92.96666667,17.85666667,45.96666667,19.2,54.96666667,17.0,47.9,4.82,739.0166667,92.16666667,4.333333333,40.0,3.63,14.68016864,14.68016864,20
2016-05-0419:50:00,0,23.7,33.2,22.79,31.13333333,23.29,35.09,23.2,32.2,21.29,40.03,15.66,1.0,22.39,28.69714286,24.90571429,35.72,20.5,33.72666667,14.8,764.3333333,43.33333333,3.166666667,40.0,2.32,20.19857472,20.19857472,90
2016-05-1000:20:00,0,25.29,43.12666667,24.0,43.0,26.79,39.79,25.79,41.76,23.5,48.29,16.236,35.276,24.2,40.7,25.5,50.59,23.7,45.978,16.8,753.0333333,80.66666667,3.333333333,40.0,13.5,32.3473604,32.3473604,60
2016-03-1900:00:00,0,22.39,36.4,19.7,39.12666667,21.79,36.26,20.2,34.62666667,18.46333333,46.56,5.5,62.46666667,19.7,30.89,22.5,42.12666667,19.6,37.76,5.3,762.5,88.0,3.0,62.0,3.5,43.32804413,43.32804413,60
2016-05-2309:30:00,0,24.1,47.7,22.0,50.26,25.39,42.59,23.39,45.4,22.89,50.59,12.29333333,52.82666667,23.39,41.0,24.5,46.96666667,23.2,48.145,12.2,755.05,88.0,2.0,50.5,10.3,24.76199651,24.76199651,50
2016-05-2119:30:00,10,24.83090909,47.30881818,24.86036036,43.90354354,26.52118182,42.12090909,24.13693694,45.59153153,23.08063063,51.5370045,24.53387387,7.463333333,24.06801802,42.45853604,24.19336364,49.44454545,23.12245455,46.99090909,21.4,753.05,59.5,5.5,40.0,13.2,30.60772289,30.60772289,110
2016-03-3121:40:00,0,22.79,39.06,20.82333333,40.9,22.0,38.4,20.6,40.86333333,19.96333333,48.29,6.0,67.9,20.2,33.96666667,24.6,40.8,20.0,39.73,6.33,755.4,87.0,4.0,34.66666667,4.3,16.6663136,16.6663136,60
2016-03-1411:20:00,0,20.39,34.7,20.89,33.2,21.93,36.7,20.23,32.76666667,18.1,44.93,4.193333333,47.9,20.6,28.16666667,21.6,33.82666667,19.39,38.7675,3.4,768.6666667,76.0,5.333333333,50.0,-0.467,30.02577083,30.02577083,110
2016-02-0418:30:00,0,22.79,43.62666667,22.39,42.43333333,22.40833333,43.30833333,20.5,46.4,18.7,54.225,9.89,89.19,18.39,41.91111111,21.40222222,49.93333333,18.39,47.5,9.05,763.35,88.0,4.5,40.0,7.15,25.66711199,25.66711199,350
2016-04-2613:10:00,0,21.0,36.7,20.56666667,35.73,21.79,35.2,20.85666667,34.79,19.39,44.03,5.923333333,52.0,20.29,30.29,21.66666667,38.06,19.6,35.06,5.08,748.05,80.83333333,5.0,40.0,1.97,26.57218026,26.57218026,50
2016-05-1709:50:00,0,23.1,40.4,26.46,34.16,24.2,37.2,23.445,38.545,19.6,45.46,16.52285714,12.05714286,23.29,35.9,23.17142857,39.2,22.79,41.2,11.4,758.9,81.83333333,4.0,64.66666667,8.38,35.44717662,35.44717662,60
2016-01-3010:40:00,0,19.23,46.12666667,19.0,45.045,19.7,44.7,16.39,47.59,18.00944444,76.25388889,8.463333333,99.9,16.79,43.95,18.265,54.41111111,16.46333333,48.93,8.5,752.4,92.0,11.0,50.0,7.2,7.232517935,7.232517935,60
2016-02-2721:10:00,0,21.7,35.0,20.35666667,35.4,21.1,35.12666667,19.6,32.23,18.1,59.13,1.95,47.145,19.772,26.7,22.29,36.06,18.0,36.36333333,2.25,753.1333333,66.83333333,5.0,26.0,-3.37,11.04258957,11.04258957,110
2016-01-1317:20:00,0,19.29,40.66333333,18.7,39.7,19.29,42.09,19.0,39.93333333,17.29,48.9,5.063333333,57.8,18.66666667,36.43,19.2,44.4,17.0,40.26,4.57,757.3,73.0,3.0,40.0,0.0667,11.31903981,11.31903981,90
2016-05-1904:40:00,0,23.0,40.9,20.46333333,43.96666667,24.42666667,39.23,22.89,40.1175,21.1,50.236,6.9,50.5,23.1,39.65285714,23.89,41.99714286,22.5,43.79,8.0,749.5333333,96.33333333,2.0,22.0,7.43,5.531692435,5.531692435,50
2016-05-1423:10:00,0,24.2,34.32666667,21.54,35.576,24.0,34.754,24.0,32.06,23.79,38.2,5.433333333,19.8,24.2,29.03333333,25.53333333,35.46666667,22.79,33.5725,6.78,760.3166667,73.16666667,2.833333333,40.0,2.22,21.09635713,21.09635713,40
2016-03-2212:00:00,0,21.66666667,38.0,22.6,35.7,21.89,36.59,22.0,35.53,19.0,46.2,10.36,21.53333333,19.6,33.66333333,21.89,38.545,19.79,39.43,10.6,757.6,57.0,2.0,27.0,2.4,25.22862927,25.22862927,50
2016-05-0521:20:00,10,24.0,34.03,23.0,32.995,23.6,34.93333333,23.0,32.93333333,21.85666667,72.63333333,13.23333333,3.493333333,22.64,31.81,22.92666667,37.5,20.89,36.09285714,15.2,757.7,53.33333333,3.333333333,40.0,5.53,34.4637949,34.4637949,70
2016-05-1614:40:00,0,23.5,37.395,22.66,33.754,24.37,36.18,23.6,35.13333333,22.7,40.11,17.89,1.0,23.7,29.56,25.2,36.34285714,22.89,39.79,12.8,760.9666667,54.33333333,1.0,40.0,3.8,12.65044726,12.65044726,100
2016-01-2213:10:00,0,18.42666667,38.73,17.42666667,38.86,18.5,39.26,16.29,38.56,16.2,47.59,4.063333333,90.15666667,16.29,33.2,17.96944444,41.525,15.86,39.56,3.53,761.4,69.83333333,6.0,23.83333333,-1.5,38.49082327,38.49082327,50
2016-05-0914:40:00,0,25.29,40.36666667,26.85666667,34.23,26.29,37.7,25.1,38.79,23.32333333,43.29,26.998,1.0,24.16666667,37.4,23.89,41.9,23.6,41.26428571,22.6,752.8,47.66666667,3.0,40.0,11.0,36.95016077,36.95016077,60
2016-01-2714:30:00,0,19.7,46.0,18.89,45.9,19.89,45.2,18.5,47.4,17.5,54.79,11.56666667,81.23,17.79,44.91666667,17.72,50.65111111,17.1,48.79,11.2,755.8,81.5,9.5,34.5,8.2,10.05133784,10.05133784,40
2016-02-1317:50:00,0,21.5,39.23,20.29,39.4,21.13333333,39.5,19.73,38.4,18.29,51.218,4.5,90.22666667,18.89,35.29,22.31222222,41.59,18.1,38.59,3.53,730.9333333,95.83333333,5.0,40.0,2.9,26.64814441,26.64814441,80
2016-03-2601:30:00,0,22.66666667,37.86333333,19.1,42.2,23.29,37.5,20.6,40.32666667,19.6,47.09,1.626666667,67.32944444,20.82333333,36.59833333,22.89,44.285,19.79,41.29,3.35,758.8,88.5,2.0,27.5,1.55,22.8760059,22.8760059,60
2016-04-1419:30:00,10,22.89,41.86,21.89,40.66333333,23.39,39.7,22.96333333,38.79,20.89666667,54.2,14.53,14.69666667,21.39,35.19428571,24.2,42.878,20.7,41.36333333,14.4,752.15,63.0,2.5,40.0,7.35,40.63011488,40.63011488,160
2016-01-2305:00:00,0,17.29,42.79,16.39,42.93333333,17.7,41.0,15.39,42.2,15.6,48.79,5.726666667,99.9,15.72666667,37.7,16.7,45.5,15.19,42.0,5.1,766.3,100.0,4.0,11.0,5.1,3.948709194,3.948709194,40
2016-03-2801:00:00,0,21.79,38.29,19.2,41.5,23.0,38.32666667,20.2,39.2,20.0,47.4,8.6,43.82666667,21.39,37.76666667,23.6,41.3,20.29,41.9,8.6,747.6,74.0,8.0,40.0,4.2,3.189484065,3.189484065,50
2016-05-0702:10:00,0,24.0,37.9,22.06666667,38.96666667,24.39,37.59,23.7,36.7,21.1,49.23,11.69571429,20.0,22.89,34.4,23.89,44.62666667,21.73,43.03,14.8,752.4833333,53.83333333,2.166666667,40.0,5.43,36.02366927,36.02366927,40
2016-05-0610:50:00,0,22.89,38.29,27.06666667,30.7,23.7,36.59,23.89,35.79,19.7,48.32666667,22.66666667,1.0,22.29,35.0,23.1,39.93333333,21.5,40.2,17.7,754.35,50.83333333,3.0,40.0,7.32,21.15147522,21.15147522,70
2016-01-1816:30:00,0,19.29,41.29,18.1,41.5,19.6,40.59,18.7,38.09,17.5,55.2,0.0,94.62722222,18.89,34.29,19.56363636,41.86,17.1,37.5,-0.85,756.7,76.0,2.0,34.5,-4.7,1.955002767,1.955002767,40
2016-04-0512:10:00,0,22.1,42.59,20.7,43.5,23.5,38.46666667,21.2,41.62666667,20.46333333,45.99666667,14.22666667,23.59333333,21.29,37.7,23.23,41.29,20.89,42.56666667,11.1,750.65,79.66666667,4.666666667,40.0,7.77,7.641019789,7.641019789,140
2016-04-1920:00:00,30,22.29,39.96666667,20.82333333,37.73,22.29,37.09,22.29,36.834,20.79,67.65,10.0,8.796666667,21.1,29.2,22.2,38.76666667,20.0,34.03,11.0,765.9,60.0,4.0,40.0,3.4,44.19944125,44.19944125,110
2016-03-1009:30:00,10,19.5,37.93333333,17.59666667,41.16666667,19.89,37.0,20.06666667,35.83333333,18.0,43.43333333,2.633333333,66.26333333,18.23,34.09,19.53333333,41.4,17.7,38.82666667,3.0,757.3,81.5,1.0,63.5,0.05,48.92902249,48.92902249,50
2016-03-0222:00:00,0,22.1,37.43333333,20.89,37.09,20.89,38.59,21.03333333,35.92666667,18.89,52.03,0.833333333,81.56333333,18.56666667,30.79,21.89,39.2,18.16666667,36.79,2.5,744.3,85.0,9.0,40.0,0.2,28.24612411,28.24612411,70
2016-04-2518:40:00,10,21.32333333,41.36333333,19.46333333,43.09666667,21.79,36.29,21.1,37.96,19.79,42.53,6.3,57.43,20.7,33.12142857,22.79,39.79,19.6,36.79,6.33,748.6,93.33333333,5.333333333,42.33333333,5.3,34.46542753,34.46542753,110
2016-01-1901:40:00,0,20.0,39.2,18.56666667,39.0,19.815,40.425,19.5,38.46666667,17.37888889,62.95777778,-5.461111111,85.70277778,17.89,33.8,19.79555556,44.77833333,16.89,39.82666667,-4.4,756.3333333,89.0,1.0,35.0,-5.97,5.828429619,5.828429619,40
2016-03-0723:20:00,20,21.0,37.4,18.6,39.26666667,21.1,36.9,21.29,35.33333333,18.2,57.245,-0.066666667,77.83333333,18.29,32.96666667,20.7,39.06,17.5,35.93333333,0.533,753.3333333,96.0,1.666666667,35.33333333,-0.0333,16.18093807,16.18093807,60
2016-03-0517:40:00,10,20.0,34.4,17.79,36.85,21.5,34.7,18.39,34.62666667,18.1,46.66333333,6.19,52.22333333,18.9725,28.9175,22.03333333,35.93333333,18.29,36.845,5.07,743.2,68.33333333,2.666666667,40.0,-0.333,1.146424352,1.146424352,60
2016-03-2917:20:00,20,22.5,43.0,21.2,40.0,22.79,38.02666667,21.5,38.72333333,20.2,49.59,13.16,13.0,21.7,30.93,24.85666667,39.96333333,20.6,40.16333333,11.8,751.3666667,58.33333333,6.0,32.0,3.8,48.01867075,48.01867075,100
2016-01-1313:20:00,0,19.1,41.96333333,18.46333333,41.16333333,19.29,43.0,19.16666667,41.7,17.5,51.22333333,7.0,62.19333333,17.39,38.2,17.79,45.73,16.89,42.32666667,5.97,757.6666667,75.66666667,5.0,28.33333333,1.9,3.222876939,3.222876939,20
2016-04-2306:30:00,0,22.0,38.26,19.2,41.4,24.66666667,37.36333333,22.0,35.29,20.66666667,50.26,6.4,48.69333333,21.29,32.59,22.89,44.13714286,20.6,41.29,5.95,756.2,88.0,3.5,40.0,4.15,20.19130514,20.19130514,50
2016-02-2914:40:00,0,21.2,35.16333333,19.29,33.7,22.32666667,35.7,19.7,32.13333333,17.1,47.82666667,6.156666667,24.96666667,21.85666667,25.53333333,22.42666667,31.56666667,18.39,38.7,5.93,762.2333333,47.33333333,6.0,40.0,-4.63,8.632371528,8.632371528,250
2016-04-0917:50:00,0,22.53333333,41.63333333,21.6,39.96333333,22.7,39.53,20.89,35.79,20.18571429,45.45571429,15.04,1.7,22.29,31.23,24.29,35.5,20.29,33.53,13.1,748.3333333,51.83333333,6.166666667,40.0,3.45,3.776519233,3.776519233,90
2016-05-1721:30:00,0,23.82333333,41.43333333,23.0,40.12142857,24.39,38.29,23.6,39.4,21.58571429,65.16714286,12.3,20.48,23.1,39.75142857,24.46333333,42.62666667,22.5,39.62714286,13.6,756.45,75.0,3.0,33.5,9.2,45.88282309,45.88282309,50
2016-05-2715:50:00,0,25.5,45.63333333,26.08,41.196,28.13333333,40.26,24.7,45.3,23.03333333,52.12666667,26.23,1.0,24.2,43.6,23.89,48.93,23.2,46.59,22.6,755.55,55.66666667,2.0,22.66666667,13.2,47.98130949,47.98130949,100
2016-02-1106:40:00,0,20.03333333,42.53,19.53333333,40.82666667,21.0,41.7675,18.82333333,42.53,19.0,62.17944444,0.533333333,89.83333333,20.0,41.22,22.01111111,50.21,18.89,45.66333333,1.7,748.7333333,99.0,3.666666667,60.0,1.5,39.54104764,39.54104764,50
2016-04-1020:50:00,0,23.0,40.2,21.5,40.82666667,22.89,39.0,21.89,38.82666667,21.2,58.014,10.16,31.32666667,22.79,36.09,23.978,39.572,20.79,39.7,11.5,750.8666667,77.5,4.0,29.16666667,7.62,44.32991784,44.32991784,100
2016-03-3120:40:00,0,22.6,39.82666667,20.945,41.245,22.2,38.4,20.7,41.5,20.0,47.96666667,6.156666667,68.26333333,20.2,33.82666667,24.79,39.16333333,19.89,38.46666667,7.13,755.1333333,88.0,3.333333333,23.33333333,5.23,20.17720641,20.17720641,90
2016-04-1322:30:00,0,21.96333333,42.86333333,19.46333333,45.5,23.5,39.2,21.89,39.7,20.7,47.5,5.09,51.054,21.0,36.2225,23.29,44.64285714,20.39,44.0,6.0,753.2,95.5,1.0,39.0,5.3,12.25540318,12.25540318,50
2016-03-1719:50:00,30,22.89,36.69333333,20.39,37.29666667,21.85666667,35.46666667,22.1,32.79,19.12333333,57.56666667,4.83,28.09333333,21.79,24.6,23.6,31.35666667,20.0,35.09,5.72,764.2833333,70.33333333,2.0,57.66666667,0.667,20.16632635,20.16632635,180
2016-02-2606:40:00,0,20.26,38.96666667,18.35666667,40.5,21.2,38.93333333,20.2,36.29,18.7,42.834,1.29,83.69,19.2,37.634,20.6,43.9,18.0,41.59,1.1,755.1,95.66666667,1.0,40.66666667,0.467,41.98301651,41.98301651,60
2016-03-1500:10:00,10,22.16666667,36.12666667,18.73,40.2,22.2,35.5,21.1,34.79,19.89,42.36,1.43,39.76666667,21.1,26.6,22.39,37.65666667,19.5,37.9,1.28,766.55,76.33333333,2.833333333,21.83333333,-2.55,39.61618389,39.61618389,60
2016-05-0819:20:00,0,25.03333333,35.09,25.53333333,30.85666667,26.2,36.59,24.89,34.7,24.32333333,30.29333333,25.096,1.0,24.1,29.89,24.5,33.44,23.1,37.4,24.7,750.6,28.66666667,4.666666667,32.66666667,5.07,13.35753216,13.35753216,50
2016-03-1120:50:00,10,21.39,35.4,19.6,37.0,20.32333333,35.5,20.0,33.5,17.79,45.2,5.33,38.76666667,20.5,27.85666667,22.79,35.33333333,18.5,39.09,6.13,765.95,72.83333333,2.0,64.0,1.5,37.21440844,37.21440844,90
2016-02-0615:40:00,0,20.89,45.03,20.39,43.2,21.39,43.93333333,19.7,45.79,19.30666667,54.575,11.69,66.49333333,18.79555556,40.83888889,21.0,47.64277778,18.89,47.03,10.9,748.5333333,72.33333333,8.666666667,40.0,6.0,16.61422246,16.61422246,340
2016-05-0915:10:00,0,25.29,39.9,26.76,34.5,26.245,37.59,25.11666667,39.05833333,23.39,43.2,27.04285714,1.0,24.2,37.2,24.0,41.79,23.6,41.03857143,22.4,752.75,49.16666667,3.0,40.0,11.3,10.64666406,10.64666406,80
2016-04-2803:40:00,0,20.89,35.4,17.53333333,38.5,21.5,35.2,20.1,34.5,19.1,55.63333333,-0.366666667,51.96333333,19.39,29.6,21.89,41.2,18.89,37.46666667,-0.167,755.4,96.33333333,2.666666667,50.66666667,-0.667,12.60019371,12.60019371,40
2016-03-2816:20:00,0,23.7,47.25666667,22.73,40.19333333,24.0,40.46666667,21.6,39.39,20.2,46.39,11.43277778,28.60388889,22.16666667,31.7,23.32888889,36.46666667,20.6,41.9,10.5,742.8333333,66.66666667,8.333333333,40.0,4.4,19.52748941,19.52748941,110
2016-02-1805:00:00,0,20.0,35.7,17.79,37.59,20.0,37.754,18.0,35.09,18.29,40.09,-1.666666667,84.3,18.39,30.0,21.1,41.0,17.89,39.7,-0.7,754.6,84.0,4.0,65.0,-3.1,17.13070497,17.13070497,50
2016-04-0822:20:00,0,21.79,42.62666667,19.56666667,45.09,23.06666667,39.7,20.89,39.0,20.5,50.04,7.9,36.4,21.29,35.49857143,24.1,41.43,20.29,39.43333333,7.9,753.1666667,83.33333333,1.0,26.33333333,5.23,40.22747441,40.22747441,60
2016-02-0502:30:00,0,21.89,44.53,21.1,43.79,22.1,44.63277778,20.56666667,45.79,19.0,67.39388889,7.95,98.0,18.5,41.59,21.1,55.235,18.39,48.93333333,7.7,764.8,99.0,2.5,37.0,7.5,9.534476651,9.534476651,50
2016-04-1016:00:00,0,23.1,38.2,22.89,36.29,22.73,38.16333333,22.1,37.0,21.0,43.156,16.76333333,5.656666667,23.42666667,31.2,23.39,35.59,20.79,39.5,14.4,751.7,52.0,4.0,40.0,4.7,49.79781923,49.79781923,50
2016-01-3021:10:00,0,22.2,44.56333333,21.6,42.8,21.2,45.76666667,19.76,41.86,19.15,51.45444444,1.426666667,95.49666667,16.89,38.39833333,20.79,46.53055556,16.29,43.56,2.95,754.35,86.5,4.166666667,29.0,0.95,19.9043174,19.9043174,100
2016-02-2914:50:00,0,21.26,35.03,19.39,33.7,22.42666667,35.5,19.7,32.29,17.1,47.76,6.123333333,24.73,22.03333333,25.29,22.5,31.36,18.39,38.7,6.02,762.2166667,46.16666667,6.0,40.0,-4.87,43.792228,43.792228,210
2016-02-2307:30:00,0,20.6,43.46333333,18.79,45.0,21.56666667,42.03,20.2,41.46333333,18.89,50.2,3.73,87.65666667,19.29,43.29,21.2,49.23,18.6,47.0,3.85,754.3,95.0,1.5,42.5,3.1,39.08696959,39.08696959,50
2016-04-2505:50:00,0,21.0,36.59,17.6,41.32666667,22.29,34.76,20.6,33.718,20.03333333,43.43333333,2.826666667,55.36,21.64285714,34.42857143,24.2,40.65666667,20.2,39.0,2.47,755.9833333,95.16666667,2.833333333,21.0,1.7,43.67693244,43.67693244,70
2016-01-2904:00:00,0,18.445,43.145,17.5,43.9,19.13333333,42.29,17.2,43.43333333,16.86777778,50.97777778,2.963333333,99.03,17.39,38.763,17.5,45.0,16.5,43.09,4.2,764.8,82.0,6.0,40.0,1.3,24.79970636,24.79970636,50
2016-04-2606:30:00,10,20.79,37.3,17.5,41.5,21.6,35.59,20.5,34.65666667,19.5,47.0,0.833333333,55.29,20.29,30.79,22.29,41.36333333,19.5,39.2,1.65,747.95,90.0,4.5,29.0,0.15,39.64911362,39.64911362,60
2016-01-2915:50:00,0,17.89,45.06,17.1,45.26666667,18.9175,42.425,16.79,45.06,16.6,50.2,8.726666667,84.36666667,16.90833333,40.43888889,17.0,47.09611111,16.2,44.59,8.47,762.5333333,84.16666667,10.0,40.0,5.9,33.61457427,33.61457427,30
2016-03-2000:10:00,0,22.0,36.0,19.39,38.36333333,21.82333333,35.56666667,20.7,34.79,18.5,43.9,5.8,48.09666667,19.29,30.39,22.5,40.43333333,19.39,37.695,5.12,762.4666667,83.66666667,3.0,23.83333333,2.57,16.82475415,16.82475415,60
2016-04-1616:30:00,0,22.5,47.86666667,21.23,45.65666667,25.03333333,39.79,21.93714286,38.59,20.89,46.93333333,9.933333333,45.23333333,21.39,33.59,23.96333333,41.13333333,21.1,43.5,9.35,747.9,77.5,4.0,40.0,5.5,18.51816517,18.51816517,820
2016-02-2109:40:00,20,20.7,44.59,19.39,45.5,21.52857143,42.0,19.39,45.2,18.06,53.054,10.6,90.46666667,18.1,42.7,20.6,52.93333333,18.29,47.2,10.6,756.6333333,89.66666667,8.333333333,32.66666667,8.93,14.05743392,14.05743392,40
2016-02-2610:40:00,0,20.1,38.06,18.53333333,38.56,20.6,36.9,19.82333333,35.65666667,18.23857143,45.12428571,4.73,77.0,18.6,32.98,20.0,40.59,18.0,39.72333333,3.23,754.7333333,81.33333333,1.0,34.0,0.3,42.49167145,42.49167145,70
2016-05-1521:00:00,0,23.53333333,38.09,21.66,39.59,25.125,39.55,23.96333333,35.9,23.56666667,66.76,9.19,40.53,23.39,32.03,25.6,39.26428571,22.68571429,35.63714286,9.1,761.1,90.0,2.0,20.0,7.6,19.97828366,19.97828366,260
2016-03-2211:30:00,0,21.5,38.0,22.675,35.8975,21.89,36.59,21.82333333,35.7,19.0,46.29,9.823333333,28.03333333,19.6,33.9,21.6,39.06666667,19.7,38.53,10.1,757.7,58.5,2.0,33.5,2.3,26.48250785,26.48250785,50
2016-02-2615:50:00,0,20.79,36.12666667,19.29,36.03,21.06666667,36.16333333,19.79,34.23,18.11428571,43.95571429,8.396666667,35.26666667,18.7,28.39,19.7,35.62666667,18.0,37.79666667,5.67,752.3833333,49.16666667,2.0,40.0,-4.18,43.23153542,43.23153542,50
2016-05-1210:30:00,0,24.89,48.0,24.7,46.09,26.0,43.85285714,25.2,44.9,23.82333333,51.62666667,19.32333333,33.06333333,24.7,42.79,25.39,48.66333333,24.0,47.29,16.6,744.35,75.0,3.0,21.0,12.1,17.10123178,17.10123178,50
2016-03-1211:10:00,0,19.7,35.29666667,19.26,34.22333333,19.5,35.43333333,20.445,34.4,18.0,44.29,6.16,56.06333333,19.23,30.39,21.5,42.06,18.6,40.0,5.5,767.5,85.5,1.166666667,42.66666667,3.15,49.06722136,49.06722136,140
2016-01-1310:50:00,10,19.29,44.79666667,18.79,44.0,19.5,44.0,19.92666667,42.4,17.85666667,54.02666667,5.9,74.86666667,17.6,40.46333333,18.1,48.16333333,17.0,46.19333333,5.42,756.5666667,82.16666667,5.0,30.83333333,2.52,46.64549144,46.64549144,40
2016-03-1407:00:00,0,20.1,35.0,16.6,40.03,20.39,37.2,19.2,33.59,18.2,48.9,-0.95,68.35,21.1,34.43333333,22.4725,41.9,19.29,40.29,-0.2,768.6,91.0,5.0,60.0,-1.5,47.35673274,47.35673274,40
2016-01-3016:40:00,10,21.0,43.29666667,20.6,42.36333333,20.29,44.46666667,18.79,45.4,17.7,60.21055556,5.763333333,99.9,16.87888889,41.29555556,19.98777778,49.655,16.39,46.26,6.1,752.4666667,80.66666667,6.0,40.0,2.97,3.996775893,3.996775893,510
2016-01-2209:40:00,0,18.39,38.4,17.29,38.32666667,18.6,39.26,16.2,38.59,16.39,47.5,-0.4,94.16,16.2,32.9,18.17777778,42.82777778,15.86,41.22333333,0.0333,762.8333333,78.66666667,4.0,20.33333333,-3.27,18.35249538,18.35249538,60
2016-02-1018:50:00,10,20.6,49.12,20.2,41.69666667,20.79,41.26,19.03333333,42.72666667,18.79,49.08444444,5.263333333,93.23,20.1,38.90277778,23.1,47.30666667,19.0,42.09,4.68,745.2,94.33333333,3.166666667,59.16666667,3.8,39.09823752,39.09823752,230
2016-01-2016:50:00,0,17.5,36.59,16.42666667,36.73,17.89,37.29,16.39,36.2,16.21,51.71,1.826666667,97.12333333,16.2,30.945,20.12777778,42.36944444,15.6,35.59,0.35,760.3,86.33333333,2.0,58.5,-1.67,25.60034061,25.60034061,80
2016-01-2819:10:00,0,19.29,44.2,18.39,44.12666667,19.79,44.09,17.92666667,44.4,17.16666667,51.96666667,1.9,92.2,18.52777778,38.9,18.50555556,45.49444444,17.1,45.66333333,2.07,765.7166667,90.5,3.166666667,27.0,0.6,14.8976806,14.8976806,40
2016-01-1600:10:00,0,22.89,40.12666667,22.1,38.93333333,21.0,41.9,21.13333333,43.79,20.2,59.49666667,2.0,94.4,18.79,40.4,20.6,47.56,17.89,47.06,2.38,761.1583333,96.83333333,3.166666667,29.0,1.86,2.868633915,2.868633915,50
2016-03-2715:10:00,0,22.79,37.03,21.7,36.96666667,22.79,37.7,20.7,38.93333333,20.1,48.72333333,14.4,17.16333333,21.82333333,33.2,23.89,37.86333333,20.29,40.65666667,12.0,750.75,56.33333333,9.333333333,40.0,3.38,18.87823286,18.87823286,70
2016-02-2316:30:00,20,21.39,44.95666667,19.6,44.595,21.2,41.2,21.92666667,38.82666667,18.56,50.312,4.966666667,87.9,19.16666667,34.59,20.32333333,40.79,18.5,40.656,5.5,757.5,77.0,4.0,40.0,1.65,42.66544684,42.66544684,50
2016-01-1700:50:00,0,22.23,39.5,21.29,38.29,21.39,42.36333333,20.82333333,41.32666667,18.55,53.2225,0.475,96.475,19.6,39.59,21.29,47.36333333,17.76,42.76,0.75,764.5,96.0,2.833333333,57.5,0.167,36.35905106,36.35905106,50
2016-04-2702:40:00,0,21.0,35.4,18.0,38.26,22.0,35.9,19.79,33.29,19.1,46.76,1.99,52.62333333,19.79,29.6,22.29,41.2,19.39,39.36333333,2.63,749.7666667,84.66666667,5.0,40.0,0.333,12.83375493,12.83375493,50
2016-05-0201:10:00,0,21.89,35.56,19.1,37.4,22.2,35.7,20.7,34.0,19.89,50.06,4.366666667,17.93,19.42666667,29.32333333,23.1,42.69333333,19.6,38.9,5.2,765.9333333,75.33333333,1.0,40.0,1.12,21.82590072,21.82590072,50
2016-01-2501:50:00,0,21.0,42.4,20.1,42.26,20.56666667,44.73,17.89,47.09,18.0,56.62055556,8.39,99.9,16.29,43.9,18.2,50.0,16.39,50.16333333,8.1,766.3833333,94.0,2.0,62.83333333,7.2,14.29269994,14.29269994,40
2016-04-1819:30:00,0,21.89,39.16333333,20.76,37.13333333,22.42666667,36.43333333,22.6,35.4,20.96,64.39,10.49,1.926666667,20.6,27.62857143,22.39,35.65666667,20.39,32.8,10.9,762.35,54.0,5.5,40.0,1.95,27.97781107,27.97781107,120
2016-01-2417:20:00,20,21.66666667,45.33333333,21.0,44.15666667,20.56666667,46.36333333,17.7,46.7,18.87333333,52.19333333,8.1,99.9,15.89,44.59,19.725,51.24,15.69,48.5,7.93,767.5,96.0,4.666666667,63.33333333,7.33,4.386120464,4.386120464,140
2016-04-1409:40:00,20,21.42666667,41.53,20.89,42.5,22.7,38.2,22.79,39.73,20.39,44.5,10.89666667,63.56333333,20.6,35.66333333,22.0,41.2,20.82333333,39.7,7.23,754.3666667,93.33333333,1.666666667,54.66666667,6.23,1.653065591,1.653065591,50
2016-03-2422:00:00,10,22.29,39.46333333,20.5,41.06333333,22.2,37.9,20.7,38.82666667,20.6,64.43,7.09,57.29333333,20.39,37.36333333,22.7,42.73,19.1,37.73,6.5,756.1,93.0,3.0,61.0,5.4,35.54119793,35.54119793,70
2016-04-1416:00:00,0,22.6,39.645,22.66666667,37.29,23.2,37.96666667,23.29,37.83333333,20.6,44.46666667,17.33,2.101,21.87,33.027,23.5,40.02666667,20.7,40.7,15.8,753.1,55.0,3.0,40.0,6.8,6.82178319,6.82178319,100
2016-04-2016:40:00,0,22.89,30.7,22.42666667,28.22333333,22.39,35.5,22.72428571,29.99428571,20.0,37.65666667,16.2,1.0,22.7,26.62857143,22.35666667,33.03,20.23,34.73,15.3,765.6666667,34.0,7.0,40.0,-0.8,43.53108921,43.53108921,60
2016-03-2607:50:00,0,21.42666667,37.43333333,18.03333333,42.9,23.26,37.79,20.0,39.29,19.39,46.7,4.889090909,71.66272727,20.7,37.9,22.2,43.09,19.79,42.5,5.75,756.75,82.33333333,4.833333333,24.5,2.92,3.914162097,3.914162097,70
2016-02-0106:50:00,10,21.1,47.4,20.2,47.4,21.6,46.86333333,18.7,49.2,19.39,52.01,10.5,99.9,19.1,50.86777778,20.79,57.44388889,17.7,53.22333333,10.4,759.05,94.0,6.0,30.33333333,9.37,30.07275745,30.07275745,50
2016-01-1408:00:00,0,18.39,43.93333333,17.76,42.7,19.5,43.0,18.79,42.13333333,17.2,59.36,3.79,91.73,17.82333333,41.19333333,18.7,49.06666667,16.7,46.96333333,3.7,748.9,92.0,8.0,20.0,2.5,8.859726787,8.859726787,100
2016-05-1218:50:00,0,25.6,49.56,25.21285714,46.79,26.2,45.52571429,25.5,44.236,24.16666667,51.93333333,20.66333333,8.433333333,25.1,42.5,26.7,48.7,24.2,47.02571429,19.6,744.1,59.0,2.333333333,38.16666667,11.4,35.12984659,35.12984659,110
2016-04-1012:10:00,0,21.96333333,39.73,23.63333333,35.53,22.6,38.7,21.85666667,37.46666667,20.87,62.09,12.895,22.825,21.82333333,34.43,21.7,37.554,20.79,40.59,11.3,753.1166667,62.0,4.0,40.0,4.32,31.30983446,31.30983446,60
2016-03-1100:20:00,0,21.5,37.9,18.7,39.9,21.1,37.9,20.6,33.7,18.32333333,51.56,1.826666667,58.23,19.66666667,34.0,21.79,40.22333333,18.2,40.0,1.9,763.0,84.66666667,1.0,60.33333333,-0.433,28.0098965,28.0098965,50
2016-01-2815:20:00,0,19.39,45.29,18.6,44.82666667,19.79,44.43333333,18.23,45.09,17.2,52.07,6.623333333,83.6,18.66611111,40.00944444,18.66666667,46.07,17.1,46.53,7.13,765.1,69.66666667,2.0,32.66666667,1.87,30.8140093,30.8140093,20
2016-01-1504:50:00,0,22.66666667,39.56,21.7,39.2,21.29,43.62666667,18.29,42.86333333,18.29,54.29,1.9,95.9,18.46333333,42.33333333,19.29,49.29,17.29,47.59,2.95,751.2166667,77.16666667,10.0,37.5,-0.75,33.16713626,33.16713626,50
2016-04-2923:50:00,0,22.7,36.59,20.16666667,39.03,22.7,36.4,19.7,38.29,19.2,43.4,7.03,51.66333333,19.2,34.26,21.79,46.82666667,19.0,39.5,6.98,756.3833333,94.66666667,2.166666667,25.83333333,6.22,14.80576431,14.80576431,60
2016-03-1913:50:00,0,21.32333333,36.7,19.1,38.96666667,23.5,37.22333333,19.6,33.73,18.42666667,44.43333333,9.83,26.76333333,19.2,29.39,22.1,37.06,19.46333333,36.33333333,6.48,762.5166667,70.33333333,4.0,24.0,1.45,34.58577263,34.58577263,230
2016-03-1717:30:00,30,22.82333333,31.92666667,20.99333333,32.29666667,21.7,33.62666667,22.13333333,33.19333333,18.7,39.79,10.33,15.46333333,22.7,23.5,23.79,33.2,20.1,36.26,9.85,764.35,51.5,4.5,24.0,0.25,47.76734203,47.76734203,100
2016-05-1717:10:00,0,23.89,39.1725,24.39,35.094,24.39,37.23857143,23.89,38.0,20.6,44.4,19.17142857,1.0,23.0,35.2,23.06666667,41.22333333,22.754,39.59,15.8,757.4222222,64.25,4.277777778,32.97222222,9.01,29.65217388,29.65217388,80
2016-04-1612:10:00,0,22.29,43.56666667,21.85666667,41.7,25.39,41.19666667,21.754,40.0,20.79,47.2,12.53333333,24.36666667,21.22571429,35.32142857,23.23,42.96333333,21.1,43.82666667,9.47,746.9333333,73.33333333,5.833333333,40.0,4.92,25.09732052,25.09732052,80
2016-05-1718:10:00,0,24.0,42.53,24.2,36.714,24.48428571,37.30714286,23.79,37.96666667,20.64,44.42,18.83571429,1.0,22.9725,35.30375,23.5,41.72666667,22.71285714,39.19714286,15.4,757.1555556,65.75,3.944444444,34.80555556,9.06,33.85540991,33.85540991,90
2016-03-0114:30:00,0,20.2,38.6,18.53333333,38.36333333,20.35666667,36.09,19.1,35.46333333,17.5,43.86333333,4.366666667,82.12666667,18.6,30.26,19.79,37.2,18.0,36.59,4.05,755.6,92.5,8.5,53.0,2.9,46.91490362,46.91490362,40
2016-05-1902:10:00,0,23.23,41.12666667,20.79,43.71285714,24.6,39.4,23.1,40.09,21.1,50.5,7.4,50.13333333,23.2,40.36333333,24.2,43.816,22.5,43.2,7.6,749.1166667,96.16666667,2.0,27.66666667,7.02,11.82590614,11.82590614,50
2016-04-2600:50:00,0,21.5,38.5,18.7,40.0,21.7,36.29,21.39,36.9,19.89,50.73,2.73,53.76,20.6,31.79,22.945,43.5,19.5,37.5,2.9,748.95,91.0,2.333333333,40.0,1.52,4.706813965,4.706813965,50
2016-05-0203:20:00,0,21.5,35.7,18.42666667,38.09,22.29,35.79,20.5,34.4,19.7,47.86333333,2.363333333,31.36333333,19.39,29.5,22.7,42.29,19.6,39.4,2.93,765.4666667,89.0,1.0,40.0,1.23,36.84400264,36.84400264,50
2016-04-1614:30:00,0,22.5,45.66333333,21.76,42.86,25.26,41.52666667,22.1,39.89714286,20.89,47.09,12.19,11.23333333,21.39,33.13714286,23.7,42.23,21.1,41.93,10.7,747.4,69.0,4.5,33.5,5.15,9.525741579,9.525741579,250
2016-04-1504:40:00,0,21.89,42.4,19.7,45.76,23.79,40.09,22.16666667,40.7,20.53333333,51.59,9.6,61.7,21.1,37.45714286,23.1,48.16857143,20.79,45.79,9.6,748.2,93.66666667,4.0,33.33333333,8.63,19.02807025,19.02807025,60
2016-04-3003:30:00,0,21.79,37.09,19.2,39.9,22.89,37.09,19.5,37.93333333,19.1,43.29,5.5,52.29,19.2,33.9,21.5,45.73,19.1,40.86333333,5.4,756.95,96.5,2.0,26.0,4.85,39.07143961,39.07143961,60
2016-04-1404:30:00,0,21.2,41.0,18.2,45.32666667,23.6,39.43333333,21.35666667,38.29,20.48428571,46.57714286,3.76,57.59,20.772,34.9,22.66666667,43.86333333,20.39,45.9,1.45,753.85,99.0,1.0,33.5,1.35,43.67326703,43.67326703,50
2016-05-1701:10:00,0,22.89,39.29,20.79,39.612,24.39,37.536,23.0,36.9,20.79,40.29,9.338571429,25.97857143,23.5,35.01875,24.32333333,40.46666667,22.6,38.97,9.27,760.2833333,78.5,1.0,40.0,5.73,48.10424012,48.10424012,60
2016-03-2805:20:00,0,21.39,38.29,18.7,41.9,22.73,38.09,20.0,39.0,19.89,47.5,7.726666667,52.26333333,21.32333333,38.59,23.06666667,43.86333333,20.29,43.0,7.87,743.0666667,81.33333333,10.33333333,56.66666667,4.77,7.599938987,7.599938987,60
2016-03-2612:10:00,20,21.39,40.53,19.63333333,43.52666667,23.56666667,40.36666667,20.1,40.79666667,20.2,71.33333333,13.36,46.46333333,20.7,38.52666667,22.2,41.76,19.89,41.82666667,11.7,755.0166667,71.5,9.833333333,40.0,6.67,48.38058806,48.38058806,290
2016-04-0306:20:00,0,20.79,43.4,18.89,46.4,21.6,39.93333333,19.6,42.7,19.29,46.7,11.37,63.8675,19.89,38.76,21.2,44.4,19.39,42.79,11.9,751.7333333,91.66666667,3.333333333,20.66666667,10.6,38.92736809,38.92736809,50
2016-02-0911:10:00,0,21.29,43.22333333,20.5,42.0,22.1,41.59,19.89,43.09,19.89,46.35111111,5.966666667,89.53333333,18.77,37.59,21.29,50.12666667,19.0,46.23,5.0,733.0,97.33333333,2.5,55.83333333,4.63,36.01870262,36.01870262,110
2016-05-2520:30:00,0,24.37142857,37.72714286,23.51357143,35.67142857,24.86285714,36.87857143,24.16142857,38.22857143,21.37571429,50.38357143,18.23428571,8.271428571,23.36285714,35.6,24.42857143,41.02428571,22.1,38.64857143,15.7,756.2,60.5,1.5,33.0,8.0,30.87495344,30.87495344,160
2016-03-0812:10:00,0,19.6,38.56,18.66666667,37.59,20.1,36.2,19.0,35.9,17.5,44.59,7.133333333,81.53,18.2,32.36333333,19.5,38.96666667,17.66666667,37.46,5.57,757.3,77.66666667,3.0,40.0,1.9,5.449024017,5.449024017,390
2016-01-2302:30:00,0,17.39,42.0,16.5,42.5,17.79,40.59,15.5,41.62666667,15.655,48.65722222,5.59,99.9,15.8,37.055,16.82888889,44.88611111,15.3,41.43333333,5.0,764.6,100.0,3.0,2.0,5.0,37.96470256,37.96470256,40
2016-02-1723:20:00,0,21.1,35.3975,19.46333333,36.59,19.89,36.576,18.7,36.16333333,19.0,44.02857143,-1.7,78.82666667,18.79,28.85666667,21.7,39.53,17.96333333,37.73,-0.8,755.3666667,91.33333333,2.333333333,62.0,-2.0,34.77332591,34.77332591,50
2016-04-1702:00:00,0,21.89,40.09,18.6,45.16333333,23.89,38.7,21.2,38.0,20.66666667,46.56,1.663333333,50.89,21.0,33.09,23.7,40.9,20.89,44.06,3.9,751.2,94.0,1.0,40.0,3.0,22.68366021,22.68366021,50
2016-04-2502:30:00,0,21.2,35.29,17.92666667,39.2,22.7,35.09,20.89,33.0,20.2,43.0,1.666666667,52.3,21.7,33.8725,24.39,41.4,20.2,38.29,1.15,757.5,96.0,2.5,23.5,0.55,15.58896161,15.58896161,70
2016-05-2023:40:00,0,23.2,44.9,21.71285714,45.84,24.79,41.79,23.29,43.4,22.62857143,51.22571429,13.345,44.05,22.89,40.55142857,23.39,51.29,22.6,44.9,13.8,758.1,89.33333333,1.666666667,32.66666667,12.0,21.95228657,21.95228657,40
2016-02-2213:20:00,0,21.1,46.62666667,19.89,46.82666667,22.39,42.59,20.29,44.5,18.5,54.06,11.3,84.09,18.5,43.09,20.63333333,48.12666667,18.65,46.645,10.5,751.4,91.0,6.666666667,36.66666667,9.07,49.36658597,49.36658597,130
2016-04-1608:00:00,0,21.96333333,43.0,19.96333333,45.53,23.89,39.33333333,21.6,40.29,20.73,49.26666667,9.663333333,52.46666667,21.17142857,36.47142857,22.79,46.33333333,21.0,45.43333333,8.8,745.6,89.0,4.0,24.0,7.1,43.84092417,43.84092417,60
2016-05-1710:00:00,0,23.1,40.4,26.66666667,33.63333333,24.2,37.2,23.6,38.5,19.62857143,45.52571429,17.414,8.936,23.29,35.9,23.1,39.29,22.79,41.2,11.6,758.9,81.0,4.0,65.0,8.4,1.589786494,1.589786494,50
2016-03-1312:00:00,0,20.39,36.79666667,20.73,34.53,20.1,36.4,21.0,35.36,17.92666667,48.06,6.366666667,37.95666667,20.73,29.72666667,22.92666667,36.56333333,19.2,39.23,6.4,769.6,66.0,6.0,23.0,0.5,40.94732653,40.94732653,60
2016-03-2914:50:00,0,22.2,39.2,21.16666667,39.43333333,22.79,37.79,21.1,40.0,20.2,53.06,12.75611111,19.02,21.46333333,32.86333333,24.35666667,42.29,20.6,40.76666667,10.4,751.3,60.0,6.333333333,38.16666667,2.95,10.375486,10.375486,100
2016-02-1504:20:00,0,20.0,41.16333333,18.1,41.9,20.23,40.93333333,18.7,40.4,18.2,60.23,2.29,91.76333333,19.39,38.745,21.52777778,46.59,17.79,44.06,2.37,751.0,91.66666667,6.333333333,27.0,1.1,46.76092326,46.76092326,30
2016-04-0114:40:00,0,22.39,38.62666667,22.7,36.59,22.29,37.9,21.2,37.23,19.7,46.2,13.53333333,29.9,21.29,32.2,22.82333333,39.43333333,20.5,41.2,10.7,760.7,58.0,2.666666667,36.33333333,2.67,0.85137533,0.85137533,50
2016-04-0913:40:00,0,22.1,39.16666667,21.79,37.33333333,22.32333333,38.73,20.79,37.12666667,20.0,45.516,15.96,3.493333333,22.13333333,33.29,23.29,37.12666667,20.6,39.545,12.5,749.6333333,54.33333333,7.0,40.0,3.43,44.23831854,44.23831854,370
2016-04-0207:30:00,0,21.0,39.09,18.5,43.12666667,21.82333333,37.43333333,19.89,38.2,19.29,45.29,7.56,60.5,20.0,33.9,21.29,39.59,19.7,37.79,6.8,758.0,87.5,1.0,42.5,4.85,42.81900773,42.81900773,30
2016-04-0203:10:00,0,21.29,39.0,18.89,42.4,22.1,37.29,20.1,38.09,19.39,45.4,7.5,55.62666667,20.2,33.59,21.6,39.5,19.82333333,37.62666667,7.35,758.8,83.16666667,2.0,37.5,4.6,26.00228941,26.00228941,40
2016-02-1906:20:00,0,20.0,36.2,18.1,37.5,20.16,38.2,18.0,36.5,17.0,45.79,-0.633333333,80.72666667,17.39,32.0,19.745,43.515,17.6,40.5,-0.3,759.4333333,99.0,2.0,29.66666667,-0.433,29.64292243,29.64292243,40
2016-03-2106:00:00,0,21.35666667,37.5,18.29,42.16333333,22.2,37.09,19.6,36.7,19.2,45.9,5.03,69.25666667,19.2,32.36333333,22.76,43.9,19.6,41.09,4.6,761.1,97.0,1.0,56.0,4.1,36.25051378,36.25051378,50
2016-03-2910:20:00,0,21.79,38.59,19.92666667,41.36333333,22.85666667,37.26,20.2,38.79,20.5,61.42333333,10.12222222,42.66388889,20.79,33.56,23.2,43.09,20.46333333,39.69333333,7.73,750.4666667,75.33333333,7.666666667,40.0,3.67,15.18142171,15.18142171,80
2016-02-0412:30:00,0,20.79,46.82666667,19.85666667,42.69333333,21.71166667,44.25,20.6,42.5,18.59444444,52.755,7.463333333,98.26,18.15555556,38.83777778,20.35111111,44.845,18.2,45.0,7.0,761.35,95.5,6.0,34.0,6.3,26.27988881,26.27988881,260
2016-04-0919:00:00,0,22.72666667,43.72333333,21.13333333,41.76666667,22.7,38.93333333,20.79,35.76,20.1,44.736,12.614,11.59,22.13333333,31.56666667,24.06666667,34.99,20.06666667,32.86,13.3,748.3,50.0,6.0,40.0,3.0,8.525248943,8.525248943,110
2016-03-1712:00:00,0,21.1,34.46666667,21.6,32.79,21.29,34.09,21.66666667,33.0,18.42666667,40.76666667,8.063333333,25.93333333,20.13333333,26.0,21.79,33.56666667,19.79,38.2,8.3,766.2,55.0,4.0,22.0,-0.4,30.9529386,30.9529386,180
2016-02-0714:10:00,0,21.2,45.29,20.5,42.0,21.39,43.0,18.89,42.145,19.0,56.07333333,9.626666667,59.99666667,19.08888889,36.7,21.0,44.4,19.2,44.79,8.35,746.5333333,67.5,7.833333333,40.0,2.65,13.26320571,13.26320571,50
2016-02-2904:10:00,0,19.42666667,34.03,17.39,35.29,19.7,36.09,18.5,33.36333333,17.6,59.33333333,-0.233333333,64.83,19.89,34.45,20.73,42.4,18.2,41.0,0.167,761.1,82.83333333,4.166666667,40.0,-2.5,46.24389906,46.24389906,60
2016-04-0504:20:00,0,22.2,43.79,19.63333333,47.43333333,24.7,41.0,21.29,42.7,20.89,57.83333333,9.6,53.56,21.79,41.93333333,23.76,48.2,20.815,46.3175,10.4,748.8666667,83.33333333,1.666666667,40.0,7.57,24.33464531,24.33464531,50
2016-04-1518:00:00,10,22.63333333,40.56666667,21.7,39.16333333,24.16666667,37.73,22.49388889,39.785,21.2,44.0,15.66,10.93,22.0,33.52571429,23.5,41.29,21.0,42.29,14.8,746.1,57.33333333,8.333333333,36.0,6.43,32.24493717,32.24493717,160
2016-03-0901:10:00,0,20.39,37.5,17.5,40.59,20.16666667,38.09,19.2,35.29,18.0,47.2,5.09,71.92666667,18.42666667,34.76666667,20.39,42.3175,17.6,38.79,4.57,753.0833333,72.16666667,5.833333333,40.0,0.0,29.70811272,29.70811272,50
2016-04-0522:20:00,0,22.89,41.59,20.2,45.12666667,24.6,38.7,21.29,41.7,21.175,53.6475,7.03,44.66,21.79,34.93333333,23.5,39.69333333,20.79,40.33333333,8.73,753.8666667,80.66666667,3.0,40.0,5.63,24.57260177,24.57260177,50
2016-04-1117:40:00,0,22.56666667,42.1,22.42666667,39.33333333,23.16666667,38.93333333,22.1,40.56,21.2,45.134,17.4,14.0,22.2,37.2,23.89,42.55714286,21.0,41.56,14.8,750.6666667,70.66666667,3.333333333,40.0,9.47,38.85669784,38.85669784,370
2016-02-1818:30:00,0,20.03333333,34.76666667,18.7,35.43333333,19.79,35.7,18.4725,34.8725,17.26,42.76,3.433333333,68.13,17.5,29.2,20.14,37.2,17.456,35.156,2.3,756.65,87.0,2.5,22.5,0.3,28.22630125,28.22630125,160
2016-05-0523:40:00,0,23.6,35.0,22.0,35.16333333,23.6,35.56,22.89,33.7,20.85666667,43.69333333,10.13,17.02666667,22.6,35.52571429,23.29,44.56,21.0,38.26428571,11.5,757.3333333,69.66666667,2.0,40.0,6.03,13.82984533,13.82984533,60
2016-03-0115:50:00,10,20.5,37.16333333,18.92666667,37.9,20.5,36.06,19.0,36.23,17.5,44.09,4.656666667,83.52333333,18.56666667,31.2,19.7,37.62666667,17.89,36.86333333,4.42,754.4333333,96.0,9.0,26.66666667,3.85,4.851179232,4.851179232,50
2016-03-1112:10:00,10,19.63333333,33.5,18.85666667,33.5,19.2,33.53,20.56666667,33.4,17.7,44.0675,6.83,47.52666667,19.56666667,31.23,20.56666667,37.32666667,18.29,40.03,6.88,765.2833333,68.16666667,4.0,60.5,1.28,35.39875691,35.39875691,100
2016-05-2701:20:00,0,24.2,44.59,22.79,44.5,26.79,39.79,24.73,42.29,22.39,57.645,14.3,29.96666667,24.2,44.7,24.39,50.4,22.7,45.09,14.4,755.8333333,80.33333333,2.0,62.0,11.0,22.00018356,22.00018356,50
2016-05-1005:20:00,10,24.96333333,44.6,23.2,46.02666667,26.5,40.5,25.29,42.7,23.5,48.59,14.69,56.39,24.1,41.59,25.30428571,50.33714286,23.89,49.82142857,14.7,751.5,96.66666667,1.666666667,22.33333333,14.2,16.01732278,16.01732278,80
2016-04-3006:10:00,0,21.5,37.16333333,18.66666667,40.46666667,22.85666667,37.16333333,19.29,37.59,19.06666667,43.16333333,5.123333333,53.56666667,19.1,33.59,21.29,44.59,19.1,41.2,4.8,757.35,96.16666667,1.0,40.0,4.22,48.74610669,48.74610669,40
2016-03-1310:00:00,0,20.03333333,38.26666667,19.06666667,37.1,19.89,36.26,20.35666667,34.76666667,17.89,46.76666667,1.99,65.32333333,20.2,32.49,22.1,39.22333333,19.2,38.79,2.4,769.7,81.0,6.0,63.0,-0.6,1.550317858,1.550317858,100
2016-05-0600:10:00,0,23.56666667,35.23,21.79,35.59666667,23.63333333,35.62666667,22.89,33.9,20.7,43.12666667,9.566666667,21.43,22.6,36.054,23.29,44.66666667,21.0,38.718,11.0,757.3,72.5,2.0,40.0,6.1,46.6161239,46.6161239,50
2016-01-2006:30:00,0,18.5,39.59,17.1,39.8,18.85666667,39.26,17.29,38.425,16.79,47.5725,-3.575,90.13444444,16.98,33.04090909,19.1,45.09,16.29,42.36333333,-2.9,758.9,90.0,2.5,61.0,-4.35,0.92732039,0.92732039,50
2016-02-2905:30:00,0,19.2,34.29,17.29,35.66333333,19.76,36.4,18.39,33.4,17.5,57.93333333,-0.433333333,71.16666667,19.89,35.0,20.6,42.0,18.16666667,41.09,0.05,761.3,87.0,4.5,40.0,-1.9,7.542997063,7.542997063,40
2016-03-2106:10:00,0,21.29,37.645,18.29,42.23,22.2,37.09,19.6,36.7,19.2,45.96666667,5.156666667,69.73,19.2,32.4,22.7,43.9,19.66666667,41.29666667,4.75,761.1,97.0,1.333333333,56.83333333,4.25,39.47609314,39.47609314,90
2016-01-3115:20:00,0,22.06666667,41.89333333,21.46333333,40.83333333,21.1,43.29,19.42666667,44.0,17.7,51.65722222,8.1,99.9,17.1,42.96555556,20.58888889,50.37555556,16.73,46.5,7.77,751.1333333,97.0,7.0,37.66666667,7.3,25.7449823,25.7449823,90
2016-05-1614:30:00,0,23.5,39.33,22.86142857,34.94285714,24.39,36.78142857,23.6,35.52666667,22.64,40.4,17.55666667,1.0,23.6,29.67142857,25.2,36.516,22.89,39.62142857,12.8,761.0,55.0,1.0,40.0,3.95,6.552422477,6.552422477,80
2016-01-2921:40:00,0,20.39,44.0,20.0,43.2,20.03333333,43.82666667,16.7,46.12666667,16.71,51.67555556,9.1,84.73,16.79,42.33277778,18.1,48.9,16.2,46.09,9.1,761.6333333,83.0,9.666666667,40.0,6.3,14.95005863,14.95005863,80
2016-05-1607:40:00,0,22.7,39.59,20.2,42.2,25.0,38.29,23.0,37.2,22.7,42.2,8.463333333,52.06,23.2,33.59,24.5,40.9,22.81857143,42.90714286,7.73,760.8333333,95.0,1.0,34.33333333,7.0,40.88148711,40.88148711,90
2016-04-0719:30:00,20,22.2,38.56,20.42666667,39.5,22.5,37.93333333,21.2,36.4,20.2,49.15666667,9.484666667,12.72066667,21.60470588,31.04239029,22.32333333,37.29,20.7,39.7,9.15,752.95,60.5,5.0,40.0,1.75,26.28615021,26.28615021,110
2016-03-0912:10:00,0,19.5,37.7,16.66666667,40.29666667,19.76,36.12666667,18.89,34.09,17.5,44.33333333,6.726666667,40.43333333,17.92666667,30.39,19.1,37.7,17.7,37.745,6.42,744.3,59.33333333,9.0,40.0,-1.08,34.53225851,34.53225851,50
2016-01-2223:20:00,0,17.66666667,41.06,16.6,41.62666667,18.0,40.29,15.6,40.7,15.75722222,48.4,4.333333333,99.69,15.89,36.12055556,17.06111111,43.87444444,15.39,40.5,4.23,762.6666667,100.0,5.0,8.0,4.23,38.3164974,38.3164974,20
2016-02-2918:10:00,20,21.6,32.86333333,19.6,32.52666667,23.1,35.52666667,19.7,32.33333333,17.2,46.0,4.896666667,34.46666667,22.32333333,23.29,22.89,30.86,18.5,38.23,4.18,763.0666667,64.0,3.833333333,38.0,-2.2,31.75013789,31.75013789,280
2016-04-0711:40:00,0,21.5,40.96666667,22.0,38.96666667,22.29,38.4,21.39,38.9,20.39,57.76,12.56,12.96,21.04285714,34.88428571,21.2,38.59,20.85666667,40.86333333,8.77,752.8,69.66666667,7.0,40.0,3.4,49.46486373,49.46486373,50
2016-05-2102:20:00,0,23.03333333,45.59,21.35666667,47.4,24.96333333,42.26,23.2,43.9,22.52857143,48.47142857,13.03333333,50.72666667,22.8025,41.10375,23.5,51.53857143,22.64,46.634,14.2,757.1,90.33333333,4.0,40.0,12.6,36.20995402,36.20995402,60
2016-02-2207:50:00,0,21.16666667,45.0,19.7,45.2,21.85666667,43.26,20.7,43.73,18.42666667,55.36,9.921428571,77.26857143,18.5,41.3725,21.5,50.9,18.7,47.75428571,9.33,751.85,89.5,8.166666667,60.0,7.67,43.75444265,43.75444265,50
2016-01-2502:40:00,0,20.85666667,42.5,19.89,42.5,20.5,44.93333333,17.79,47.0,17.89,56.4,8.39,99.9,16.29,43.79,18.1,50.015,16.39,50.4,8.17,766.1,94.0,3.333333333,63.0,7.27,6.143570354,6.143570354,50
2016-01-2015:00:00,0,17.7,36.26,16.6,36.5,18.0,37.29,16.53333333,35.86333333,16.39,52.89277778,2.23,97.22666667,16.35111111,30.7,19.61666667,40.515,15.76333333,35.96666667,0.6,760.3,80.0,2.0,62.0,-2.5,38.10436953,38.10436953,80
2016-03-1817:20:00,0,21.39,36.5,19.2,38.43333333,21.29,35.09,20.79,33.7,18.5,46.09,7.333333333,48.76666667,19.79,29.56666667,22.315,36.295,19.6,37.93333333,6.03,762.1,86.33333333,4.0,40.0,3.83,13.7827146,13.7827146,90
2016-03-2800:10:00,0,21.89,38.29,19.39,41.5,23.0,38.29,20.29,39.4,20.0,47.29,8.16,48.06666667,21.39,37.7,23.79,40.56,20.29,41.53,8.43,748.35,75.66666667,8.0,40.0,4.28,26.40321787,26.40321787,70
2016-02-0214:30:00,10,21.79,48.79666667,21.2,47.52666667,22.39,46.09,20.7,47.56,19.46333333,55.91722222,8.6,99.09,18.7,44.12777778,20.0,50.43888889,18.29,50.83333333,7.85,756.15,93.0,5.5,23.0,6.8,38.70290581,38.70290581,60
2016-01-1621:20:00,30,23.29,38.7,22.2,38.1725,22.29,42.43333333,21.06666667,40.46,18.79,51.7,1.066666667,96.4,20.1,36.72333333,21.2,42.26,17.73,40.0,0.433,765.0,96.66666667,4.0,17.0,0.0,23.62790577,23.62790577,100
2016-02-1109:00:00,0,19.89,43.0,19.32333333,41.29,20.76,41.59,18.7,42.29,18.79,60.775,1.066666667,91.03,19.89,41.09833333,21.78,49.09,18.79,44.76,2.5,749.2,97.0,3.0,63.0,2.1,1.045306446,1.045306446,70
2016-05-2313:50:00,0,24.29,46.9975,24.06666667,45.7,25.7,42.5225,23.6,45.2,23.1,49.68428571,18.32333333,1.0,23.6,40.09,24.2,46.7,23.1,45.62666667,15.1,756.5333333,71.16666667,5.0,40.0,9.87,16.39137382,16.39137382,60
2016-04-1404:50:00,0,21.2,41.0,18.1,45.4,23.6,39.4,21.32333333,38.29,20.39,46.5,3.9,57.82666667,20.79,34.9,22.6,43.79,20.39,45.79,1.62,753.8833333,99.0,1.0,55.16666667,1.52,1.059866382,1.059866382,60
2016-03-1705:40:00,0,20.79,36.29,17.29,40.32666667,22.2,36.09,20.2,33.0,18.46333333,45.06,0.066666667,54.59,19.7,27.92666667,22.2,40.29,19.53333333,39.4,-0.3,765.9333333,87.0,2.333333333,62.33333333,-2.17,8.885936183,8.885936183,50
2016-05-2423:40:00,0,24.29,40.4,22.0,41.43333333,25.2,39.145,24.29,40.59,21.79,38.7,9.226666667,22.56666667,23.2,34.9,24.736,46.112,22.5,40.15666667,9.43,758.1666667,80.33333333,1.666666667,29.0,6.13,45.15304307,45.15304307,50
2016-02-0901:20:00,0,22.6,42.29,21.89,41.2,23.2,42.7,21.16666667,43.4,20.7,47.765,5.833333333,75.25666667,19.1,37.42222222,22.2,49.045,18.89,44.26,6.23,744.8,79.0,9.333333333,32.0,2.73,31.23940689,31.23940689,50
2016-04-0318:20:00,0,22.39,43.06,22.2,41.53,22.6,40.9,21.29,43.06,19.7,48.59,18.92666667,16.59333333,21.6,39.16333333,24.1,47.09,20.29,43.9,17.7,749.7,64.66666667,2.666666667,40.0,11.0,41.59312675,41.59312675,110
2016-04-0603:00:00,0,22.16666667,40.9,19.0,46.2,24.1,39.16333333,20.89,40.73,20.79,52.0,5.226666667,58.56333333,21.39,35.59,22.7,41.09,20.89,45.26,6.4,754.0,95.0,4.0,22.0,5.6,5.664186366,5.664186366,50
2016-04-1517:40:00,0,22.7,40.12666667,21.7,38.86333333,24.1,37.53,22.48777778,39.26555556,21.06666667,43.86333333,16.13333333,10.12666667,22.0,33.31142857,23.46857143,41.15285714,20.92666667,42.13333333,15.0,746.2666667,56.11111111,8.444444444,34.66666667,6.24,12.39268845,12.39268845,90
2016-05-1917:10:00,0,24.06666667,39.33333333,24.12857143,35.55428571,24.66666667,38.22333333,23.7,38.66333333,21.79,44.67857143,20.26333333,1.0,23.6,34.32666667,24.05,40.38625,22.6,39.96666667,17.6,755.5333333,45.33333333,3.0,40.0,5.47,17.48831173,17.48831173,90
2016-02-0117:10:00,20,23.76333333,46.06666667,23.0,42.4,25.16666667,44.96333333,19.89,49.86,21.7,46.655,11.66,78.99333333,18.89,44.79,19.71,50.59,17.7,49.5,11.3,759.9166667,80.5,9.833333333,40.0,8.12,14.3076101,14.3076101,430
2016-03-1905:10:00,0,21.29,37.1725,18.39,40.2,21.5,36.59,19.89,35.0,18.29,46.7,5.19,60.19333333,19.6,31.1,22.0,42.4,19.7,40.5,4.6,761.8,88.0,1.166666667,65.0,2.8,40.34700705,40.34700705,20
2016-01-1800:40:00,0,21.6,40.19333333,19.945,40.0,20.26,39.76,21.1,40.0,19.29,65.49666667,-4.535,88.62277778,20.2,37.2,21.6,45.46666667,17.6,38.59,-3.13,763.2333333,86.0,2.0,27.0,-5.23,26.12306362,26.12306362,40
2016-01-1421:00:00,20,22.7,42.63333333,21.76,41.0,21.92666667,43.4,18.89,46.26666667,19.13,68.66333333,4.3,63.56333333,19.39,43.32666667,19.29,46.7,16.96333333,43.1,4.0,749.1,70.0,10.0,40.0,-1.0,28.90809583,28.90809583,130
2016-01-1623:10:00,10,22.79,38.86333333,21.79,37.79,21.53333333,41.9,21.6,40.62666667,18.63333333,52.2,1.066666667,96.43333333,19.79,38.3425,21.5,43.565,17.7,40.72333333,0.917,764.5,93.5,2.833333333,27.5,0.0,11.25667015,11.25667015,70
2016-03-0108:00:00,0,20.1,35.56,17.7,37.29,20.63333333,35.73,20.06666667,34.0,18.1,41.06666667,-0.233333333,79.4,19.1,28.29,20.89,38.96333333,18.2,38.59,-0.3,761.1,97.0,3.0,33.0,-0.7,26.95088715,26.95088715,90
2016-04-2515:00:00,0,20.79,38.29,19.1,39.73,21.89,35.23,21.29,36.42857143,19.89,40.79,8.13,59.59,20.89,32.754,22.39,37.46666667,19.76,36.12666667,7.5,750.6,88.0,6.0,40.0,5.6,47.06818413,47.06818413,60
2016-03-0807:50:00,0,19.6,38.46333333,17.06666667,41.09,20.7,37.19333333,18.79,35.23,17.79,44.82666667,-0.733333333,78.22666667,18.2,34.33333333,19.79,42.66666667,17.5,39.3,-0.433,756.4333333,99.83333333,2.0,35.0,-0.45,42.91307461,42.91307461,50
2016-02-2220:50:00,20,21.7,43.82666667,20.32333333,44.59,21.7,42.59,21.53333333,42.96333333,20.19714286,88.61,5.726666667,87.9,19.66666667,41.79666667,21.89,46.66333333,18.57142857,44.59,5.33,753.1333333,96.66666667,1.166666667,58.16666667,4.88,34.04493624,34.04493624,310
2016-04-2010:50:00,10,21.5,39.49,24.29,33.26666667,22.1,37.23,22.5,36.2,19.7,43.26,11.8,6.533333333,20.1,30.14285714,21.15,37.745,20.29,38.59,9.45,767.8,66.16666667,5.833333333,40.0,3.38,45.04883232,45.04883232,60
2016-04-2306:40:00,0,22.0,38.2,19.2,41.4,24.6,37.29,22.0,35.29,20.63333333,50.09,6.4,48.39,21.29,32.59,22.85,44.054,20.6,41.29,5.93,756.2,88.0,3.666666667,40.0,4.13,18.75948471,18.75948471,60
2016-03-2008:10:00,0,20.7,36.45666667,18.0,39.7,22.0,36.7,19.89,34.46666667,19.93,82.76666667,5.5,46.26,19.16666667,30.6,21.79,41.79,19.5,40.62666667,5.02,761.85,81.0,3.166666667,20.16666667,1.93,48.76764853,48.76764853,110
2016-05-1017:00:00,0,25.29,47.26,25.29,45.154,26.79,42.09,25.56666667,44.62666667,24.0,49.5,22.32333333,9.593333333,25.0,44.112,25.5,48.634,24.16,47.4,19.8,749.5,68.0,2.0,40.0,13.8,9.805423825,9.805423825,80
2016-05-2515:30:00,0,24.1,38.26666667,24.5,34.9,25.1,38.09,24.2,38.7,20.39,57.22571429,18.73666667,1.0,23.1,34.09,24.31,40.178,21.71588235,36.99411765,15.3,756.25,57.0,2.0,40.0,6.8,35.7201754,35.7201754,80
2016-01-1718:50:00,10,22.1,40.76666667,20.29,40.7175,20.89,39.2,21.85666667,37.06,18.79,52.3425,-3.03,90.83333333,20.92666667,32.26,22.65,41.61333333,18.1,38.82666667,-0.967,764.8,79.66666667,2.0,40.0,-4.15,0.567009649,0.567009649,530
2016-05-2609:30:00,0,23.6,43.86,27.57142857,35.73857143,24.89,39.93333333,24.26,42.59,21.39,50.06,18.15,15.49,23.1,39.75142857,23.5,44.73,22.5,44.03,12.3,757.3,92.5,1.0,44.5,11.1,9.708080627,9.708080627,80
2016-01-2108:00:00,0,18.1,39.06,17.1,38.36333333,18.39,39.53,17.0,37.03,16.03888889,52.37722222,-2.626666667,92.59666667,15.89,32.49833333,18.60555556,43.665,15.8,41.39,-2.8,763.3,91.0,1.0,57.0,-4.1,11.24267422,11.24267422,30
2016-03-1221:40:00,0,21.79,36.2,19.6,38.23,20.39,36.06,20.1,35.26,19.35666667,49.39,3.03,52.82666667,21.0,28.29,24.0,32.9,18.96333333,38.9,4.03,767.8,82.0,2.666666667,59.0,1.13,7.798729755,7.798729755,420
2016-03-2408:20:00,0,21.29,39.93333333,18.55,44.0,22.1,38.4,20.5,37.09,19.39,48.29,6.59,59.06,20.32333333,37.36333333,22.16666667,42.86333333,19.5,41.43333333,6.37,756.6333333,84.33333333,1.666666667,20.66666667,3.93,31.84077104,31.84077104,20
2016-05-1912:00:00,0,23.2,41.59,24.92666667,36.29,24.29,38.79,23.5,39.9,21.29,47.23857143,18.09333333,2.633333333,23.1,37.16857143,22.79,39.7,22.6,42.518,12.8,754.0,67.0,2.0,40.0,6.8,29.52709128,29.52709128,60
2016-03-1303:00:00,0,20.79,35.5,17.46333333,39.7,20.2,36.7,19.6,34.62666667,18.39,48.96666667,-0.1,68.79666667,20.7,32.93333333,22.89,39.43333333,18.92666667,39.79,0.5,768.4,89.0,1.0,46.0,-1.2,24.05450579,24.05450579,60
2016-04-0201:00:00,0,21.39,38.7,19.13333333,41.86333333,22.1,37.29,20.2,38.06,19.42666667,45.53,8.0,53.5,20.29,33.59,21.79,39.5,19.92666667,37.7,8.0,759.4,80.0,3.0,29.0,4.7,48.31263432,48.31263432,50
2016-03-2506:20:00,0,21.1,39.59,18.5,43.29,22.35666667,39.0,19.89,38.59,19.39,50.0,6.433333333,73.09,20.39,40.26,22.06666667,46.43,19.5,43.79,6.1,753.4666667,95.66666667,6.0,39.0,5.47,40.83207201,40.83207201,30
2016-01-2420:20:00,10,22.1,42.03,21.39,41.56,20.66666667,44.22333333,19.29,46.96666667,19.84666667,70.66666667,8.033333333,99.9,16.1,44.59,18.79,49.83888889,16.0,49.26,8.03,767.6666667,95.0,3.333333333,62.33333333,7.33,45.56110163,45.56110163,270
2016-02-1512:00:00,10,19.85666667,40.23,19.1,38.09,21.115,38.545,19.1,36.93333333,17.63333333,52.12666667,4.5,61.0,19.29,31.0,20.7,37.245,17.9175,39.245,5.0,759.2,63.0,5.0,40.0,-1.5,43.84724681,43.84724681,60
2016-03-2602:10:00,0,22.5,37.7,18.82333333,41.93333333,23.29,37.5,20.5,40.2,19.6,47.0,1.391111111,67.01666667,20.79,37.02,22.79,43.91666667,19.79,41.59,4.33,758.75,86.0,3.0,27.83333333,2.13,22.24646927,22.24646927,50
2016-04-2010:40:00,0,21.39,39.73,24.23,33.46666667,22.1,37.36333333,22.5,36.29,19.7,43.32666667,11.8,6.66,20.1,30.254,21.13333333,37.9,20.29,38.66333333,9.3,767.8,67.33333333,5.666666667,40.0,3.47,42.06214461,42.06214461,60
2016-04-2315:30:00,0,22.89,37.13333333,21.7,35.29,24.245,34.45,22.5,33.5,20.79,42.66333333,10.52666667,1.0,21.934,29.456,24.0,36.52666667,20.76,38.13333333,9.8,757.15,50.0,6.0,40.0,-0.2,14.57685428,14.57685428,90
2016-03-2208:50:00,0,21.1,38.09,18.16666667,42.29,21.79,36.59,20.46333333,35.9,19.0,46.7,3.193333333,68.66,19.7,35.26,21.5,40.7,19.6,39.2,4.93,758.1166667,88.66666667,1.0,57.5,3.18,20.83896273,20.83896273,50
2016-02-1316:50:00,0,21.5,39.53,20.39,39.5,21.1,39.29,20.26,38.46666667,18.29,51.46111111,4.8,88.29333333,19.08333333,35.97888889,22.13333333,41.66944444,18.2,38.9,3.72,731.1666667,95.0,5.0,20.16666667,2.92,26.02065334,26.02065334,90
2016-04-1215:00:00,0,22.5,41.7,23.16666667,37.82666667,23.29,39.4,23.29,38.9,21.1625,43.29,15.6,11.4,21.79,35.5,22.29,40.59,21.2,41.5,14.0,751.6,63.0,4.0,40.0,7.0,9.901546291,9.901546291,60
2016-02-0816:30:00,20,21.5,43.13333333,20.79,41.46333333,24.79,43.53,21.5,42.36333333,18.88444444,53.04944444,8.926666667,62.49333333,19.6,35.09,22.6,45.3,19.0,42.12666667,7.95,740.55,71.5,11.5,52.5,3.05,41.0901511,41.0901511,140
2016-05-0801:20:00,0,24.6,38.9,23.03333333,38.79,25.7,38.59,24.23,37.32666667,22.39,51.96333333,12.89,23.15285714,23.7,39.4,24.79,44.4,22.5,42.5,12.8,751.7333333,83.66666667,1.666666667,40.0,10.1,41.44044827,41.44044827,40
2016-03-0215:20:00,0,21.29,36.9,20.26,35.7,20.63333333,37.23,20.6,34.79,18.1,45.32666667,9.86,34.39,19.6,30.06666667,21.1,37.2,18.5,41.7,7.8,742.5666667,65.33333333,9.333333333,27.33333333,1.57,49.01755342,49.01755342,60
2016-01-1723:20:00,10,22.1,39.9,20.5,39.66333333,20.39,39.7,21.2,39.7,19.7,71.53333333,-4.628888889,88.06444444,20.29,36.2,21.79,42.86333333,17.66666667,38.09,-2.47,763.9666667,84.0,2.0,27.66666667,-4.9,13.63901582,13.63901582,70
2016-01-1605:20:00,0,21.7,39.9,20.79,39.5,20.5,41.82666667,19.56666667,43.0,19.1,50.93333333,-0.7,94.9,18.6,41.7,19.89,49.06,17.92666667,47.23,0.567,762.5,96.0,3.0,20.0,-0.0333,33.79268802,33.79268802,50
2016-05-2705:50:00,0,23.79,45.0,22.2,45.754,26.6,40.5,24.34,42.2225,22.39,55.62666667,13.22666667,42.0,24.2,45.156,24.2,50.06,22.76,46.59,13.3,755.5,89.16666667,2.0,45.83333333,11.5,28.12660224,28.12660224,60
2016-05-1008:10:00,0,24.79,47.4,23.1,48.545,26.51428571,41.82142857,25.1,45.86333333,23.79,54.33333333,15.8,58.13333333,24.2,43.59,25.1,48.59,23.89,47.9,15.6,751.0,90.83333333,3.166666667,36.83333333,14.1,5.197623896,5.197623896,60
2016-02-2110:20:00,30,20.7,44.79,19.46333333,45.59,21.39,42.0,20.46333333,45.46333333,18.0,52.9,10.89,89.39666667,18.1,43.09,20.5,52.73,18.29,47.36333333,10.8,756.6333333,89.33333333,8.333333333,32.66666667,9.07,48.40096311,48.40096311,70
2016-01-1212:20:00,0,20.1,45.69333333,19.2,43.9,20.0,44.79,20.0,43.845,18.0,49.4,6.656666667,84.39666667,17.92666667,40.03,18.55,47.545,17.1,45.0,7.17,743.5,80.33333333,7.0,32.0,4.03,35.7783033,35.7783033,220
2016-03-0818:40:00,20,19.85666667,38.53,17.89,38.5,20.1,36.62666667,18.7,34.26333333,17.5,48.06,6.563333333,78.5,18.5,28.85666667,20.29,36.52666667,17.7,36.86333333,5.5,757.0666667,68.66666667,3.0,40.0,0.133,34.32251631,34.32251631,760
2016-02-0513:20:00,0,21.745,45.645,21.39,44.36333333,21.88444444,44.57,19.89,47.9,18.63888889,57.83277778,10.6,94.53,18.48777778,44.48888889,20.13333333,50.7,18.6,49.0,9.8,762.5,90.0,5.333333333,32.66666667,8.27,17.70946225,17.70946225,70
2016-02-0720:50:00,30,22.39,42.46666667,21.7,41.06,21.7,43.0,20.26,40.5,18.89,53.575,6.263333333,67.26333333,19.0,34.845,22.275,41.95166667,19.0,41.0,7.18,746.2833333,68.66666667,8.833333333,40.0,1.73,14.59078406,14.59078406,90
2016-02-2802:10:00,0,20.73,35.0,18.79,35.59,20.79,36.29,19.2,33.4,17.72571429,51.62142857,0.266666667,56.86,19.6,33.2,21.7,40.15666667,18.0,39.7,0.667,754.05,74.0,5.0,23.0,-3.53,41.65552491,41.65552491,60
2016-03-2218:50:00,0,22.0,37.3,20.6,36.59,22.1,35.79,21.29,34.59,19.2,44.46666667,10.03,25.95666667,19.6,31.79,22.89,38.09,19.79,39.29,8.93,756.0666667,71.83333333,4.166666667,29.16666667,3.97,26.06369806,26.06369806,620
2016-05-1900:20:00,0,23.5,41.66333333,21.26428571,43.66857143,24.6,39.7,23.29,39.79,21.1,50.79,7.763333333,47.86333333,23.2,41.16333333,24.42142857,45.55714286,22.412,42.63,8.67,749.1333333,95.0,3.0,36.33333333,7.97,35.13457198,35.13457198,60
2016-04-2407:40:00,0,21.5,36.76,18.39,40.52666667,23.0,34.4,21.5,33.376,20.5,45.2675,4.466666667,47.76666667,21.45285714,32.82428571,22.89,39.43333333,20.42666667,38.72333333,3.17,757.9,92.33333333,1.666666667,40.0,1.97,47.24438199,47.24438199,70
2016-05-1206:10:00,0,24.79,47.12666667,22.6,49.656,26.23857143,43.59857143,25.1,44.09,23.89,52.62666667,11.96333333,56.16333333,24.6,41.5,25.7,49.478,24.0,47.7,11.8,744.3833333,97.33333333,1.0,54.16666667,11.5,45.51515516,45.51515516,40
2016-03-0506:10:00,0,20.16666667,37.2,17.35666667,40.5,20.7,37.62666667,18.6,36.29,18.29,43.4,1.6,79.19,18.39,32.46666667,20.79,43.2,18.39,41.4,0.7,740.5666667,96.83333333,1.0,44.33333333,0.267,0.763332483,0.763332483,40
2016-02-0722:30:00,20,22.29,42.0,21.5,40.93333333,21.7,43.09,21.03333333,40.9,20.10333333,76.68055556,7.2175,67.0,18.91444444,35.45055556,21.79,41.23833333,18.89,40.9,7.8,745.2,69.5,12.0,40.0,2.55,14.61125531,14.61125531,60
2016-04-0120:30:00,0,21.89,38.2,19.92666667,39.7,22.29,37.4,20.6,37.7,19.6,45.59,9.226666667,45.86,20.6,32.79,22.2,39.29,20.2,37.79,9.25,759.75,71.0,1.0,40.0,4.2,40.25174703,40.25174703,30
2016-01-1911:20:00,0,18.7,40.56,17.5,40.82666667,19.03333333,39.82666667,18.29,37.96666667,16.68888889,56.62055556,-3.929444444,87.94944444,17.43277778,33.35222222,18.79,42.065,16.6,38.5,-2.13,757.4666667,79.0,1.0,49.33333333,-5.37,15.23576217,15.23576217,20
2016-03-1805:30:00,0,21.56666667,35.29,18.0,39.86333333,21.6,36.0,21.29,33.26,18.6,55.12666667,1.463333333,72.23,20.39,28.39,22.23,40.73,19.79,38.59,0.6,763.0,98.0,2.0,7.5,0.3,9.06680373,9.06680373,50
2016-01-3106:50:00,0,20.13333333,42.7,19.2,42.23,20.89,44.5,17.82333333,43.73,17.6,54.44444444,3.745,99.245,17.05555556,39.93111111,19.79,53.555,16.82333333,49.93333333,4.27,754.3,94.83333333,4.0,24.33333333,3.53,5.429661821,5.429661821,40
2016-04-2420:10:00,0,22.1,35.76,19.53333333,37.4,22.39,34.03,21.5,32.57875,20.6,41.09,4.656666667,30.62666667,21.89,29.46857143,24.35666667,35.76,20.29,33.03,5.1,757.8333333,73.66666667,4.666666667,40.0,0.7,3.293259477,3.293259477,110
2016-01-3008:40:00,0,18.79,45.56,18.1,45.12666667,19.85666667,44.9,16.5,47.29,16.7,51.91111111,8.3,99.9,16.81222222,43.20777778,18.33444444,54.71,16.5,49.7,8.57,753.7,89.66666667,12.0,34.66666667,6.97,40.07923811,40.07923811,50
2016-03-1302:20:00,0,20.92666667,35.7,17.66666667,39.23,20.2,36.46666667,19.7,34.79,18.5,48.96666667,0.066666667,67.56,20.76,32.66333333,23.03333333,39.46333333,18.92666667,39.7,0.567,768.2666667,88.33333333,1.0,48.0,-1.2,20.7949584,20.7949584,30
2016-05-1117:50:00,0,25.42666667,50.9,25.5,47.79,26.29,46.59,25.89,47.916,23.96333333,55.89333333,18.59,31.734,25.27714286,45.95285714,26.79,51.35,24.12857143,49.64285714,22.1,746.2666667,58.5,1.166666667,40.0,13.7,17.80036245,17.80036245,100
2016-01-2710:00:00,0,19.73,45.96666667,19.1,45.29,19.89,45.0,18.79,46.9,17.58888889,55.545,9.69,98.93333333,17.98166667,45.29,17.745,50.2,17.2,49.0,9.7,757.4,91.0,10.0,45.0,8.3,8.401013317,8.401013317,40
2016-02-2413:40:00,0,20.6,38.93,19.6,38.59,20.73,39.93333333,20.29,37.2,18.1,49.46666667,6.19,88.56,19.5,33.12142857,20.26,39.22333333,18.29,39.72571429,6.07,757.9,61.66666667,2.0,26.66666667,-0.867,40.97650024,40.97650024,200
2016-01-1907:20:00,0,18.89,40.06,17.39,40.7,19.39,39.86333333,18.2,38.06,17.05,54.74944444,-5.075,86.64,17.47555556,33.87555556,19.285,44.90555556,16.79,41.56,-4.3,756.6,89.66666667,1.0,64.0,-5.77,35.22394107,35.22394107,50
2016-03-1910:30:00,0,20.89,36.9,18.2,39.93333333,21.29,36.36333333,19.6,34.73,18.29,45.254,6.59,47.22333333,19.29,30.29,21.7,40.76,19.6,38.32666667,5.4,762.65,80.5,3.0,62.0,2.25,2.214228886,2.214228886,70
2016-01-1814:30:00,0,19.39,41.36333333,18.29,41.5,19.7,40.7,18.89,38.29,17.66666667,55.96666667,0.783333333,95.65666667,19.0,34.7,19.625,42.3175,17.2,37.9,-0.5,757.15,68.5,3.0,34.5,-5.65,10.14562061,10.14562061,40
2016-04-1421:50:00,0,22.79,41.53,21.1975,42.45,23.42666667,39.7,22.7,39.4,20.89,57.83,12.92666667,24.06333333,21.29,36.29,24.0,46.66857143,20.66666667,42.56,13.1,751.35,72.16666667,2.0,40.0,8.12,36.81567457,36.81567457,60
2016-01-1912:00:00,0,18.79,40.29,17.7,40.66333333,19.0,39.79,18.29,37.95,16.6,56.35722222,-2.726666667,90.69333333,17.5,33.09,18.85666667,41.57833333,16.66666667,38.63333333,-1.6,757.6,75.0,1.0,20.0,-5.5,24.55005837,24.55005837,50
2016-04-0712:50:00,0,21.76,40.32666667,22.1,38.7,22.39,38.29,21.56666667,38.73,20.39,55.73,13.09571429,7.927142857,21.42142857,34.09,21.6,37.96333333,20.79,41.9,9.1,752.8,66.16666667,7.0,40.0,3.12,15.62312609,15.62312609,30
2016-03-1922:40:00,0,22.2,35.7,19.79,37.82666667,22.0,35.23,20.89,34.86333333,18.6,43.29,6.19,44.63333333,19.2,29.79,22.7,35.75666667,19.23,35.53,5.37,762.5,82.33333333,3.333333333,24.66666667,2.53,22.70647699,22.70647699,70
2016-04-3023:10:00,0,21.29,38.5,18.63333333,41.29,23.29,36.29,19.79,38.2,19.5,47.46666667,5.0,35.76,19.5,31.5,22.39,38.36333333,19.2,37.79,5.22,763.3666667,82.66666667,2.833333333,40.0,2.45,22.99636668,22.99636668,40
2016-04-1915:40:00,0,21.89,38.66333333,22.1,36.29,22.26,36.76,22.0,37.0,19.89,45.0,15.36,1.0,21.0,31.29,21.2,38.9,20.26,38.06,13.2,765.6,55.33333333,3.0,40.0,4.4,17.07974005,17.07974005,40
2016-03-0700:30:00,10,19.89,37.7,17.6,39.7,20.1,39.33333333,20.53,37.56666667,17.73,66.16666667,-0.75,77.295,17.89,31.76,21.42666667,42.62666667,17.56666667,37.46666667,0.0,747.7,98.0,1.0,47.5,-0.3,12.84113124,12.84113124,40
2016-03-2318:40:00,10,21.63333333,39.43333333,19.7,40.46333333,21.7,37.26,20.5,37.2,19.5,44.0225,9.19,43.55666667,20.2,37.59,23.5,40.73,19.5,37.82666667,8.2,756.1,82.0,3.0,40.0,5.3,3.946872137,3.946872137,100
2016-04-2217:10:00,0,22.79,36.5,22.5,34.7,27.16666667,37.43,22.89,34.4,20.79,41.93333333,14.92666667,1.666666667,21.89,30.54,23.29,38.66333333,20.6,37.76,13.2,757.55,57.0,5.833333333,40.0,4.77,8.301013941,8.301013941,170
2016-04-1113:30:00,0,22.5,39.43333333,23.53333333,35.86333333,23.1,38.0,22.29,38.06,20.934,44.5,19.16666667,3.8,22.13333333,33.96666667,22.7,39.56428571,21.0,39.43333333,16.9,750.15,50.0,6.0,40.0,6.25,32.16094138,32.16094138,80
2016-02-1814:20:00,0,20.5,34.93,18.79,35.26,19.956,36.754,19.5,34.0,17.5,43.98,6.576,50.24,17.76,27.7,19.6,35.054,17.7,36.4,3.5,755.7333333,72.0,4.666666667,23.66666667,-1.1,49.28422727,49.28422727,50
2016-02-2818:20:00,0,21.1,32.9,19.5,32.96666667,20.29,34.59,19.53333333,32.16333333,17.42666667,44.96333333,4.963333333,29.55666667,21.46333333,29.06666667,21.96333333,35.09,18.39,39.79,4.6,758.7,54.33333333,6.0,40.0,-3.93,38.76274286,38.76274286,60
2016-05-0312:10:00,0,22.5,38.56,25.35666667,31.82333333,23.2,37.59,22.89,37.5,20.6,41.93333333,13.96,1.0,20.934,34.09,22.2,39.9,20.29,40.18428571,11.5,763.9333333,55.33333333,4.833333333,40.0,2.73,43.6522881,43.6522881,60
2016-05-1118:20:00,0,25.5,50.66333333,25.48428571,47.44285714,26.29,46.214,25.86142857,47.12142857,23.89,54.59666667,16.92142857,37.95428571,25.2,45.156,26.6,49.4,24.1,49.09,20.8,746.0666667,59.66666667,2.333333333,40.0,12.7,11.4773351,11.4773351,100
2016-04-0502:20:00,0,22.39,43.79,19.85666667,47.26,24.79,41.0,21.39,42.79,21.0,61.09666667,9.1,53.8,21.79,41.43333333,23.89,48.4,20.79,45.79,10.1,748.9333333,82.66666667,1.666666667,40.0,7.23,16.32859295,16.32859295,60
2016-03-1921:00:00,0,22.29,36.2,20.1,38.2,22.2,35.0,21.2,33.56,18.6,43.79,6.763333333,38.55666667,19.2,29.2,22.89,35.36333333,19.2,34.56,5.9,762.6,79.0,3.0,22.0,2.5,49.55883762,49.55883762,100
2016-01-2705:10:00,0,20.29,44.5,19.63333333,43.82666667,19.82333333,43.62666667,19.2,46.29,17.7,57.12666667,9.86,88.89666667,18.2,47.37555556,17.79,49.5,17.2,49.29,10.1,757.65,81.83333333,9.166666667,40.0,7.1,6.842764502,6.842764502,20
2016-03-3021:20:00,0,22.7,38.93333333,21.0,39.66333333,22.6,37.79,21.1,39.4,20.39,48.56666667,7.5,49.82333333,20.6,33.73,24.2,39.15666667,20.29,38.26,7.43,753.8666667,86.0,3.666666667,40.0,5.27,11.23528151,11.23528151,50
2016-03-0611:20:00,0,19.1,39.0,17.42666667,41.2,19.89,37.4,19.79333333,37.62666667,17.5,49.16333333,2.723333333,74.86666667,17.79,31.89,20.29,42.495,17.89,39.36333333,2.93,746.8,94.33333333,6.0,28.0,2.07,47.02319935,47.02319935,80
2016-05-1408:20:00,0,24.5,36.59,22.6,37.22142857,24.2,32.16333333,24.79,36.09,23.79,41.48,10.72666667,3.5,24.29,31.7,25.29,38.254,23.89,41.198,8.73,755.6,62.66666667,5.666666667,40.0,1.93,19.9656753,19.9656753,70
2016-01-2723:00:00,0,19.2,46.925,18.5,46.79,19.79,45.29,18.2,48.09,17.39,54.09,9.69,99.9,17.57777778,45.35722222,17.6,51.29,17.0,49.0,9.8,755.5,95.0,7.0,64.0,9.1,17.68071512,17.68071512,20
2016-03-3116:00:00,0,21.2,39.4,19.6,41.0,22.0,37.56,20.7,40.02666667,20.39,45.0,9.823333333,50.89666667,20.29,34.16333333,24.6,40.23,20.0,38.0,8.1,754.3,80.0,5.0,40.0,4.8,20.41993981,20.41993981,90
2016-05-2312:00:00,0,24.1,47.86,22.89,48.36,25.32333333,42.7,23.46333333,45.46666667,22.92666667,50.09,14.86666667,38.63333333,23.39,40.9,24.29,46.82666667,23.1,46.66333333,12.9,756.1,84.0,5.0,25.0,10.2,43.9860923,43.9860923,40
2016-02-1810:50:00,30,19.7,35.36333333,18.23,36.03,19.6,36.2,18.66666667,35.86333333,17.58571429,43.71285714,3.35,65.9425,17.79,28.03333333,20.1,36.4,17.79,38.5,1.85,755.45,74.83333333,4.0,21.16666667,-2.18,27.75500409,27.75500409,130
2016-05-2019:30:00,0,23.6,44.66333333,23.2,42.5,24.66666667,40.76,23.66666667,42.76,23.2,64.82285714,20.36666667,1.0,23.14285714,39.5,23.39,45.7475,22.6,43.79,17.9,758.05,56.5,4.5,40.0,9.15,7.031612564,7.031612564,70
2016-01-2703:20:00,0,20.6,44.09,19.9725,43.59,20.2,43.5,19.5,45.93333333,17.72,58.57333333,10.0,87.5,18.2,46.705,17.80111111,49.30222222,17.16666667,48.82666667,10.1,758.4,80.33333333,10.0,40.0,6.8,37.9944506,37.9944506,20
2016-03-2703:00:00,0,22.79,39.93333333,20.29,42.9,23.29,39.59,19.92666667,41.16333333,20.29,51.6725,7.59,71.86666667,21.0,40.5,23.5,49.065,19.89,42.9,7.2,748.85,96.0,2.0,64.0,6.65,13.29866757,13.29866757,60
2016-02-2809:20:00,0,19.79,35.56666667,18.1,35.72333333,20.1,35.79,18.7,32.96333333,17.39,47.554,0.866666667,55.16666667,19.29,31.85,20.6,38.53,18.0,38.06666667,0.9,757.0,71.66666667,6.333333333,24.0,-3.67,39.52046777,39.52046777,90
2016-04-2201:30:00,0,22.6,37.4,20.7,38.7,23.39,37.62666667,22.79,35.0,20.5,43.0,12.1,10.66,22.02857143,36.32142857,22.6,45.63333333,20.29,39.2,11.6,760.3,67.5,1.5,27.5,5.65,37.75216046,37.75216046,80
2016-04-2222:50:00,0,22.79,39.29,20.73,39.2,25.0,35.925,22.5,35.254,21.16666667,65.96,10.0,21.23,21.6,32.18428571,23.89,43.5,20.39,37.96333333,10.1,756.9,72.66666667,5.0,30.83333333,5.42,35.93805808,35.93805808,60
2016-04-1316:50:00,20,22.0,42.9,20.6,43.9,23.2,39.29,22.2,41.2,20.79,45.2,12.35428571,35.79285714,21.1,37.4,22.89,43.79,20.5,42.79,10.0,752.1166667,91.83333333,1.166666667,23.16666667,8.7,48.8039949,48.8039949,250
2016-04-0418:10:00,0,23.6,48.23,22.2,47.99333333,25.66666667,40.32666667,22.1,45.1,21.29,50.89,15.19,19.59333333,21.89,37.45,24.96333333,42.83333333,20.79,43.4,12.3,749.0833333,73.66666667,7.833333333,40.0,7.65,44.85558928,44.85558928,120
2016-01-2618:10:00,0,19.79,45.2,19.03333333,44.59,20.39,44.06,18.79,46.09,17.5,52.56,9.3,81.56,17.66666667,42.17333333,18.2,48.59,17.2,47.7,9.82,759.9166667,74.0,9.0,40.0,5.33,18.34490353,18.34490353,40
2016-04-1521:50:00,0,22.89,42.95,20.89,44.79,24.1,39.2,22.2,40.51,21.29,57.53,10.46,49.06333333,21.5,36.62666667,23.56666667,41.0,20.82333333,42.86,12.0,744.55,79.83333333,6.333333333,38.16666667,8.62,34.01431793,34.01431793,100
2016-03-2212:30:00,0,21.82333333,37.66333333,22.5,35.59,21.92666667,36.59,22.0,35.5,19.0,46.09,11.03333333,19.83333333,19.6,33.4,22.13333333,38.06,19.79,39.86333333,11.3,757.45,56.0,2.5,33.5,2.75,44.5621005,44.5621005,50
2016-02-1917:00:00,0,21.0,38.33333333,19.56666667,38.0,22.29,37.11166667,18.73,35.2,17.29,45.9,7.656666667,58.49666667,19.6,29.39,20.7,36.21285714,17.89,41.32142857,6.5,760.0,69.0,5.0,40.0,1.2,5.99433803,5.99433803,40
2016-04-2723:10:00,20,21.73,35.29,19.0,37.43333333,21.29,34.76,20.56666667,36.29,19.6,68.89333333,0.733333333,50.26666667,19.5,29.6,22.5,41.1,18.89,34.86333333,2.28,755.1,88.83333333,1.0,37.83333333,0.617,43.46432284,43.46432284,70
2016-05-2701:00:00,0,24.29,44.7,22.79,44.29,26.79,39.79,24.79,42.43333333,22.5,57.96666667,14.39,27.53333333,24.272,44.772,24.39,50.26,22.6,44.9,14.5,755.9,80.0,2.0,62.0,11.0,6.688223185,6.688223185,60
2016-02-1701:30:00,0,21.29,35.29,18.89,36.03,20.34,37.5,19.5,35.0,19.0,53.93,-3.76,80.5,19.39,28.89,21.6,40.56666667,18.2,39.4,-3.05,767.1,89.0,2.5,42.0,-4.6,18.89543474,18.89543474,60
2016-02-2408:40:00,10,20.13333333,39.62666667,17.89,41.36,20.7,39.32666667,19.5,36.93333333,18.35666667,53.99333333,-2.03,81.83,18.6,35.39714286,19.89,43.4,18.18,42.02,-1.33,759.9666667,99.33333333,1.0,38.66666667,-1.43,2.392925881,2.392925881,40
2016-05-1215:50:00,0,25.6,46.7,26.1,43.2,26.29,43.55142857,25.64,43.9,24.1,52.6,24.6,2.726666667,25.2,41.9,25.46333333,49.83333333,24.1,46.4,21.2,744.1,57.83333333,3.166666667,24.5,12.6,18.90564463,18.90564463,80
2016-02-0705:20:00,0,21.6,44.66333333,21.0,44.16333333,22.29,45.0,19.0,45.29,19.1,60.02,8.6,90.63333333,18.82333333,41.24,21.7,54.78,19.2,50.4,8.27,741.5666667,91.66666667,7.666666667,23.0,6.93,22.76299993,22.76299993,50
2016-04-0917:30:00,0,22.6,42.5,21.7,40.69333333,22.7,39.73,20.89,35.93333333,20.2,45.86857143,15.3,1.33,22.39,31.1,24.29,35.72333333,20.39,34.06666667,13.4,748.4,51.5,6.5,40.0,3.55,45.41264545,45.41264545,100
2016-05-1605:00:00,0,22.85666667,39.66333333,20.29,42.0,24.89,37.59,23.2,37.0,22.79,42.59,7.833333333,51.56666667,23.29,33.5,24.934,40.674,22.79,42.356,7.1,760.7,100.0,1.0,16.0,7.1,17.07010341,17.07010341,50
2016-02-2418:40:00,10,21.1,36.96666667,19.53333333,37.03,20.7,37.59,20.06666667,36.15666667,18.0,46.9,4.466666667,84.33333333,19.85,30.79,22.42666667,39.53,18.29,37.46,4.07,755.8666667,76.0,1.0,40.0,0.233,5.861782003,5.861782003,120
2016-04-3005:40:00,0,21.5,37.09,18.7,40.4,22.89,37.2,19.32333333,37.62666667,19.1,43.2,4.9,52.9,19.13333333,33.59,21.35666667,44.7,19.1,41.2,4.87,757.2666667,95.66666667,1.0,40.0,4.23,23.70777932,23.70777932,60
2016-05-1103:10:00,0,24.7,47.29,22.81857143,49.44142857,26.7,43.4,24.934,45.4,24.0,57.2,14.8,57.72571429,24.56,42.79,26.1,52.2,24.06,47.054,14.6,748.85,94.33333333,2.0,38.16666667,13.6,8.529407717,8.529407717,50
2016-04-0122:20:00,0,21.7,38.5,19.5,40.82666667,22.23,37.32666667,20.39,37.9,19.5,45.59,8.426666667,53.26,20.42666667,33.23,22.0,39.4,20.1,37.79,8.6,759.6666667,75.33333333,1.0,35.33333333,4.4,12.67037069,12.67037069,40
2016-01-2923:20:00,0,20.2,43.66333333,19.7,43.09,19.89,44.29,16.63333333,46.32666667,16.74,51.79,8.89,86.49666667,16.81222222,42.31444444,19.02777778,51.36055556,16.29,47.32666667,9.03,760.5333333,82.66666667,9.666666667,40.0,6.27,19.15064449,19.15064449,50
2016-05-0303:00:00,0,22.06666667,39.56,20.1,41.5,23.2,37.9,22.26,38.26,19.89,49.5,8.263333333,49.03,21.0,40.29,23.03333333,46.03,19.89,42.2,10.1,760.0,86.0,7.0,40.0,7.8,24.878409,24.878409,50
2016-02-0707:30:00,0,21.39,45.09,20.7,44.29,22.16666667,45.09,18.89,45.5,19.0,59.49444444,6.526666667,90.59333333,18.80666667,41.225,21.42666667,53.93666667,19.2,50.7,7.0,743.2,89.5,5.0,40.0,5.35,43.10694095,43.10694095,40
2016-01-1417:50:00,0,22.06666667,43.19666667,21.5,39.56,22.6,44.16,18.73,45.46666667,17.1,53.82666667,4.56,74.7,17.63333333,38.43333333,18.5,45.96333333,17.0,43.32666667,4.52,748.0666667,76.0,6.166666667,40.0,0.617,2.607450669,2.607450669,100
2016-03-1322:10:00,0,21.6,35.32666667,18.79,37.93,20.6,36.59,20.16666667,33.5,19.13333333,58.96666667,3.975,52.025,21.63333333,30.29,23.7675,35.5425,19.39,37.4,4.68,769.05,78.33333333,4.0,21.83333333,1.17,44.12493525,44.12493525,50
2016-04-0306:00:00,0,20.79,43.26,18.89,46.29,21.6,39.82666667,19.6,42.7,19.29,46.59,11.89,65.3,20.0,38.7,21.2,44.4,19.39,42.7,11.9,751.7,92.0,3.0,20.0,10.6,33.33197366,33.33197366,50
2016-03-0814:00:00,0,19.92666667,39.7,19.0,37.5,20.29,36.82666667,19.2,35.09,17.96333333,68.33333333,9.433333333,82.93333333,18.76,30.46,19.82333333,37.16333333,17.79,38.89,6.5,757.2,63.0,4.0,40.0,-0.2,17.2786416,17.2786416,60
2016-05-2410:30:00,0,24.1,41.96,22.2,44.49333333,24.85666667,40.23333333,23.42666667,41.76666667,23.1,48.69333333,13.0,13.8,23.1,36.79,24.39,46.56333333,22.79,42.59666667,10.7,759.45,81.0,4.0,40.0,7.45,8.689791046,8.689791046,60
2016-02-1521:30:00,20,21.6,38.62666667,20.1,39.36333333,20.89,38.29,21.23,37.03,19.26,44.76666667,0.9,74.86333333,19.39,29.39,22.0,36.62666667,18.025,38.6175,0.2,766.65,89.0,1.5,40.0,-1.4,22.42102588,22.42102588,90
2016-04-2419:20:00,0,22.1,35.73,19.79,37.2,22.5,33.79,21.6,33.178,20.63333333,41.46333333,5.793333333,25.06,22.0,29.5,24.29,36.0,20.39,33.72333333,6.77,757.6666667,66.66666667,5.0,40.0,0.933,18.78850192,18.78850192,70
2016-05-1919:00:00,0,23.89,39.4,23.29,36.895,24.6,37.4,23.5,38.53,22.0,43.554,17.85666667,1.0,23.39,34.776,24.236,39.334,22.6,39.76,17.6,755.9,48.0,3.0,40.0,6.3,28.8694725,28.8694725,70
2016-03-2009:10:00,0,20.79,36.9,18.0,40.16333333,21.7,35.56,19.89,34.4,19.1,79.22666667,5.8,47.09,19.0,30.2,21.79,38.43,19.39,39.22333333,5.18,762.05,80.5,3.833333333,22.16666667,2.1,48.1943923,48.1943923,100
2016-01-1704:30:00,0,21.29,40.09,20.5,39.09,21.26,42.76,20.0,41.9,18.29,53.9,1.033333333,96.03,19.5,41.0,20.76,50.06,17.79,45.4,0.55,764.2,96.5,2.5,40.0,0.05,2.281960449,2.281960449,50
2016-03-1220:30:00,0,21.65,36.995,19.79,36.7,20.32333333,35.62666667,20.1,34.6925,18.52666667,54.76666667,4.06,41.46666667,21.32666667,28.66666667,24.5,33.36,18.89,38.9,4.6,767.6,79.5,2.0,58.0,1.25,12.21503739,12.21503739,230
2016-02-1809:20:00,30,19.5,35.79,17.56666667,36.43333333,19.6,36.59,18.26,34.12666667,17.7,44.35285714,1.323333333,73.7,17.89,28.29,20.39,36.53,17.7,37.43333333,0.7,755.1333333,80.33333333,4.0,21.33333333,-2.3,47.10393166,47.10393166,90
2016-04-0421:40:00,0,23.1,45.53,21.0,46.93333333,24.6,40.56,21.79,44.2,22.06666667,85.56333333,10.1,43.59666667,21.7,39.43,24.29,44.46333333,20.76,44.36333333,9.97,749.2,90.66666667,1.666666667,32.66666667,8.47,30.46946557,30.46946557,60
2016-02-0621:50:00,10,23.2,43.63333333,22.7,42.65666667,21.89,44.86333333,19.26,44.52666667,20.19222222,84.37777778,10.19,65.32333333,18.78,39.145,21.79,49.58222222,18.7,44.9,11.2,743.4666667,64.5,9.166666667,40.0,4.63,9.909542045,9.909542045,100
2016-05-0515:00:00,0,23.7,27.92666667,24.5,24.9,23.2,32.93333333,22.79,30.73,21.0,40.66333333,19.82333333,1.0,23.0,26.7,23.29,34.334,20.79,35.4,19.4,760.4,29.0,3.0,40.0,0.8,20.96282688,20.96282688,50
2016-04-2709:10:00,20,20.5,36.2,17.86,39.46666667,21.32333333,34.62666667,20.5,35.29,19.1,44.89,4.923333333,54.09,19.5,31.92666667,21.39,37.76,19.03333333,37.19333333,3.42,751.0666667,92.66666667,4.0,37.33333333,2.37,40.26809095,40.26809095,80
2016-05-2215:00:00,0,24.63333333,52.4,23.89,51.73,26.76,45.03,24.0,49.49,22.815,54.7225,19.12333333,41.49666667,23.6,47.5,25.39,52.94285714,23.29,51.07714286,16.9,750.2,85.0,3.0,40.0,14.4,43.99789694,43.99789694,90
2016-02-1908:30:00,0,19.7,36.26666667,17.7,37.06,19.90571429,37.53857143,18.29,35.83333333,17.0,44.4,-1.356666667,83.93,17.16666667,30.29,19.39,39.795,17.39,38.374,-0.55,760.15,95.0,2.5,62.0,-1.25,34.08148775,34.08148775,50
2016-02-1302:20:00,0,21.1,38.09,19.03333333,38.9,20.89,39.62666667,19.29,39.5,19.445,68.17666667,0.7,86.46333333,19.38444444,34.31444444,22.79,44.63277778,18.5,41.36333333,0.1,740.7666667,91.33333333,2.0,22.66666667,-1.13,48.69787758,48.69787758,40
2016-04-0707:50:00,0,20.89,41.3,18.075,45.25,22.7,38.46333333,20.5,38.96666667,21.49666667,79.89666667,4.996666667,58.32333333,20.89,36.06,21.2,38.59,20.5,41.53,4.08,752.05,90.83333333,5.0,30.0,2.75,40.36867423,40.36867423,290
2016-04-2313:10:00,0,22.53333333,37.93,22.175,35.375,25.35666667,35.86333333,22.5,34.93333333,20.7,43.43333333,11.05714286,3.982857143,21.39,28.79,23.7,37.418,20.79,38.33333333,8.65,757.0,59.0,4.833333333,40.0,0.983,31.65329705,31.65329705,100
2016-05-1712:40:00,0,23.6,40.29,26.26,33.23,24.315,37.59,24.13333333,38.2,20.02,46.018,19.62571429,1.042857143,23.2,35.612,22.89,40.12142857,22.79,40.59,16.6,758.5666667,58.66666667,5.0,26.0,8.3,47.3705189,47.3705189,50
2016-01-1720:40:00,20,22.42666667,40.39333333,20.89,39.33333333,21.0,40.46666667,21.16666667,37.65666667,20.7,89.7,-3.684444444,90.46444444,20.42666667,33.22666667,22.254,39.17,17.89,38.29,-1.4,764.6,77.66666667,2.666666667,30.66666667,-4.87,40.15595235,40.15595235,100
2016-02-0623:40:00,0,22.89,43.2,22.23,42.59,21.7,44.9,19.2,44.4,19.39,65.50444444,10.26333333,62.83,18.79,39.85722222,22.37333333,50.29,19.0,47.86333333,10.6,742.7,66.0,9.333333333,40.0,4.5,18.70937074,18.70937074,60
2016-03-0308:10:00,0,20.2,38.86333333,18.46333333,39.4,20.79,38.79,19.7,37.4,17.89,48.5,2.9,81.665,18.29,33.09,20.46333333,43.76666667,18.29,42.0,3.12,743.6,93.0,4.166666667,24.0,2.1,43.58857288,43.58857288,50
2016-04-1112:20:00,0,22.365,39.0,23.79,35.295,23.1,37.7,22.32333333,37.79,20.89,47.48285714,19.42666667,2.223333333,22.03333333,33.53,22.39,38.7,21.1,39.29,16.3,750.2,50.33333333,5.333333333,40.0,5.83,34.25432724,34.25432724,70
2016-04-1208:30:00,0,21.7,40.9,19.76,43.15666667,23.1,38.52666667,21.66666667,39.5,20.79,42.9,10.63,55.6,21.29,35.7,22.15714286,41.27714286,21.93,40.66666667,9.55,752.05,85.0,2.5,34.0,7.1,17.44704433,17.44704433,70
2016-03-1302:00:00,0,21.0,35.73,17.76,39.03,20.2,36.5,19.7,34.86333333,18.5,48.82666667,0.2,66.66666667,20.76,32.46666667,23.1,39.7,18.89,39.59,0.6,768.2,88.0,1.0,49.0,-1.2,24.25333072,24.25333072,40
2016-02-0302:10:00,0,21.42666667,44.03,20.89,42.4,21.6,45.23,21.13333333,45.5,19.775,64.83722222,3.59,94.23,18.52222222,41.09,21.1,51.515,18.1,47.845,4.33,758.45,85.66666667,4.0,38.0,2.05,11.5406645,11.5406645,60
2016-03-2403:20:00,0,21.79,38.79,19.1,41.66333333,22.4175,39.0225,21.1,37.2,19.6,48.4,6.19,55.82666667,20.5,38.03,22.7,46.06,19.5,41.4,5.33,756.5666667,91.66666667,1.0,65.0,4.1,20.58327436,20.58327436,50
2016-01-2218:50:00,0,18.0,40.03,16.89,40.59,18.2,39.7,15.89,39.76,15.98777778,48.09,4.0,99.59,16.1,35.085,17.39,42.92777778,15.6,39.79,3.53,760.55,95.16666667,6.0,57.83333333,2.85,5.53955317,5.53955317,40
2016-04-1401:20:00,0,21.6,41.7,18.6,45.7,23.7,39.5,21.66666667,39.02666667,20.6,47.0,3.766666667,53.66666667,20.89,35.7,22.89,45.2,20.39,46.12666667,3.47,753.6666667,95.66666667,0.333333333,3.333333333,2.87,36.49738457,36.49738457,60
2016-03-1517:50:00,10,21.26,35.09666667,19.82333333,35.86,20.89,35.29,20.79,33.66333333,19.2,42.03,9.66,37.49333333,21.89,27.53333333,22.7,33.79,19.76,37.79,7.85,763.4333333,77.66666667,6.833333333,22.5,4.08,35.36905472,35.36905472,150
2016-02-0922:10:00,0,22.89,42.73,22.29,40.7,22.53333333,43.36333333,19.2,40.56,19.39,50.50944444,3.2,92.19,20.29,38.25111111,23.30111111,42.84222222,18.82333333,40.26,3.65,737.9,90.5,7.666666667,40.0,2.18,27.75671106,27.75671106,130
2016-04-1301:50:00,0,22.26,41.56,19.76,44.2,24.42666667,39.82666667,22.7,38.2,21.0,54.178,6.366666667,48.63,21.5,34.79,23.14285714,46.9,20.92666667,42.23,7.75,751.35,84.83333333,2.0,40.0,5.32,21.38591206,21.38591206,50
2016-02-2604:40:00,0,20.5,39.0,18.6,40.2,21.29,38.66333333,20.5,36.16333333,18.89,43.01285714,1.166666667,82.89666667,19.2,37.254,20.73,43.93333333,18.0,41.09,0.8,755.6,94.66666667,1.0,41.33333333,0.1,13.27024392,13.27024392,40
2016-02-0310:00:00,0,21.39,43.32666667,21.26333333,40.83333333,21.60555556,44.40555556,22.6,42.72333333,19.11666667,56.63888889,3.633333333,93.93333333,18.29,37.88055556,20.2,46.44777778,18.29,48.63333333,4.3,759.4,83.0,4.0,29.0,1.6,33.70570806,33.70570806,120
2016-05-0508:30:00,10,22.29,33.66666667,23.3,31.19,23.66333333,35.0,22.29,31.56666667,20.79,40.03,14.02333333,1.0,21.89,32.09,23.2,37.736,20.79,37.26666667,9.65,762.9,59.5,2.5,40.0,1.95,3.769739822,3.769739822,120
2016-02-2702:50:00,0,20.39,36.62666667,18.6,37.29,20.39,37.2,19.39,35.09,18.81857143,58.55428571,0.866666667,63.83,18.7,35.29,20.29,45.0,17.7,39.9,1.78,750.1666667,79.5,3.166666667,22.16666667,-1.48,42.68382145,42.68382145,50
2016-03-0823:30:00,0,20.79,38.09,18.16666667,40.53,20.16666667,38.16333333,19.6,35.09,18.35666667,46.76666667,5.0225,76.9725,18.35666667,33.43,20.79,40.73,17.5,37.73,4.6,754.35,75.5,5.5,40.0,0.6,13.25318536,13.25318536,30
2016-02-0722:50:00,30,22.23,41.82666667,21.39,41.13333333,21.7,43.12666667,20.89,41.52666667,20.96611111,88.585,7.433333333,66.76333333,18.90833333,36.26333333,21.89,45.14111111,18.89,41.16333333,7.93,744.8666667,69.16666667,12.66666667,40.0,2.58,19.49986665,19.49986665,60
2016-03-2703:30:00,0,22.79,39.79,20.16666667,43.0,23.29,39.59,19.89,41.09,20.29,51.5,7.59,72.0,21.0,40.46666667,23.39,49.76,19.89,43.09,7.1,748.825,96.5,2.0,64.0,6.63,31.3685254,31.3685254,60
2016-02-1105:00:00,0,20.29,42.9,19.79,41.09,20.89,41.7,19.1,43.06,19.1,63.57722222,1.2,89.76333333,20.04444444,41.22777778,22.28,51.01166667,18.89,45.4,1.9,748.6,98.0,3.0,62.0,1.6,40.87857719,40.87857719,40
2016-04-1620:40:00,0,22.76,43.72333333,20.32333333,44.82666667,24.39,39.59,21.7,38.99714286,20.89,47.12666667,6.963333333,38.29333333,21.2,32.79,24.5,40.96666667,20.82333333,39.46333333,7.67,749.0666667,85.0,2.333333333,31.33333333,5.3,7.544919976,7.544919976,110
2016-02-0913:40:00,0,21.89,45.06333333,20.5,43.46666667,23.1,42.32666667,19.7,42.36333333,19.89,48.14611111,5.623333333,94.0,18.7,37.59,22.34,47.155,19.0,44.79,4.73,729.4333333,98.66666667,4.0,28.33333333,4.5,32.37120779,32.37120779,120
2016-05-2101:00:00,0,23.1,45.23,21.5,46.776,24.89,42.2,23.29,43.76,22.6,49.49714286,13.06666667,49.4,22.89,40.91428571,23.5,52.28571429,22.6,45.63333333,14.1,757.7,91.0,3.0,28.0,12.7,45.94946236,45.94946236,60
2016-02-2122:30:00,20,22.39,45.0,21.32333333,44.5,21.89,44.4,22.09666667,46.0,18.7,56.79,10.5,89.676,18.39,44.62666667,22.2,50.33333333,18.39,46.86333333,10.6,754.45,89.5,8.5,34.5,8.85,18.27262957,18.27262957,60
2016-04-0917:10:00,0,22.56666667,43.76333333,21.79,41.32666667,22.7,39.66333333,20.89,36.03,20.2,46.07714286,15.696,1.88,22.5,31.26,24.2,35.7,20.39,34.8,13.7,748.4666667,51.16666667,6.833333333,40.0,3.65,46.88553372,46.88553372,150
2016-03-0113:00:00,0,20.0,37.09,18.39,37.06,20.39,35.79,19.2,34.0,17.6,43.2,4.5,69.62333333,18.7,29.32333333,20.0,36.62666667,18.03333333,36.62666667,3.5,757.4,88.0,9.0,44.0,1.6,2.44755717,2.44755717,60
2016-04-1716:40:00,20,22.89,41.69,21.1,37.96666667,22.73,36.79,22.5,36.59,20.7,46.23,9.66,15.33333333,22.0,28.06,23.32333333,37.89,21.0,39.79,9.23,756.8666667,67.0,7.666666667,40.0,3.33,8.305911394,8.305911394,150
2016-02-1107:40:00,0,19.96333333,42.26,19.39,40.62666667,20.89,41.9,18.79,42.33333333,18.89,61.53,0.033333333,89.16,19.98166667,41.09,21.90222222,49.93888889,18.89,45.56,1.43,748.8,98.33333333,3.333333333,60.33333333,1.17,14.2670557,14.2670557,50
2016-05-2603:00:00,0,23.91558442,40.30519481,22.8525974,40.17922078,24.9438961,38.39805195,23.70558442,39.39350649,21.32506494,50.51146104,14.25493506,34.05194805,23.26662338,37.72727273,23.99805195,42.72357143,22.1,41.92896104,9.0,757.0,95.0,1.0,47.0,8.3,46.02658637,46.02658637,60
2016-05-0203:40:00,0,21.39,35.7,18.39,38.09,22.39,35.86333333,20.5,34.4,19.7,47.56,2.163333333,33.59333333,19.39,29.5,22.7,42.4,19.6,39.5,2.47,765.4333333,91.0,1.0,40.0,1.07,14.56241093,14.56241093,60
2016-02-1913:30:00,0,20.39,39.42666667,19.16666667,38.45666667,23.07142857,41.28571429,18.76,35.96666667,17.29,45.554,6.09,83.32333333,18.29,31.39,19.79,38.29,17.7,41.5,6.65,760.8,74.5,4.0,34.5,2.35,15.48453788,15.48453788,70
2016-04-1704:10:00,0,21.6,39.59,18.1,44.9,23.7,38.2,21.06,37.754,20.6,46.2,0.466666667,52.13,20.89,33.0,23.2,40.32666667,20.82333333,44.82666667,1.22,751.7166667,97.33333333,1.0,59.16666667,0.85,20.0515477,20.0515477,40
2016-04-0321:20:00,10,22.2,45.0,21.5,44.7,22.7,42.0,21.2,45.09,19.79,49.79,15.6,34.02666667,21.2,41.76,24.5,47.66333333,20.29,45.4,16.6,749.4666667,71.33333333,3.333333333,40.0,11.3,20.15505453,20.15505453,100
2016-01-1607:20:00,0,21.23,40.03,20.39,39.7,20.63333333,42.23,19.26,42.76,18.89,50.59,0.833333333,95.19,18.6,42.2,19.76,49.43333333,17.89,47.4,1.07,762.4333333,96.0,3.0,63.0,0.467,2.915719629,2.915719629,220
2016-02-1014:00:00,10,20.53333333,41.29,19.85666667,40.0,21.0,40.09,19.26,40.5,18.89,48.645,6.8,93.46666667,19.29,37.5,21.5,43.055,19.16666667,43.79,5.3,742.3,93.0,6.0,29.0,4.2,45.04503985,45.04503985,80
2016-05-2100:40:00,0,23.2,45.12666667,21.6,46.536,24.79,42.09,23.29,43.66333333,22.6,49.89857143,13.0,48.32333333,22.89,40.79,23.42142857,52.52571429,22.6,45.29,14.1,757.8,91.0,2.666666667,28.33333333,12.7,2.93838816,2.93838816,60
2016-03-1517:00:00,0,21.39,34.26666667,20.13333333,34.46333333,20.79,34.845,21.0,33.2,19.39,42.56666667,10.96,28.66,22.1,26.66666667,22.89,33.23,19.79,37.76,9.6,763.6,71.0,6.0,20.0,4.5,12.93840518,12.93840518,60
2016-04-3001:30:00,0,22.29,36.9,19.7,39.59,23.0,36.79,19.6,38.16333333,19.175,43.4,6.366666667,51.79,19.2,34.2,21.63333333,47.0,19.0,40.26,6.5,756.75,95.5,2.0,32.5,5.85,41.13806696,41.13806696,50
2016-05-1908:20:00,0,23.0,41.12666667,22.32333333,41.02666667,24.29,38.5,22.79,40.0,21.14,48.9,12.73333333,54.13333333,23.08,38.616,23.2,40.2,22.5,42.23857143,8.93,751.55,92.83333333,1.833333333,25.0,7.78,43.91250659,43.91250659,60
2016-01-1703:40:00,0,21.5,40.0,20.66666667,38.9,21.29,42.7,20.2,41.9,18.39,53.9,1.0,96.12333333,19.5,41.09,20.85666667,49.29,17.79,45.06,0.533,764.3666667,97.33333333,2.666666667,35.33333333,0.1,43.12553435,43.12553435,50
2016-02-1901:50:00,0,20.89,35.79,19.16666667,36.4,20.0,37.518,18.6,36.43333333,17.1,45.2,1.39,80.59,17.5,31.5,20.2,42.7425,17.5,39.236,0.267,758.4,99.0,1.0,15.83333333,0.167,34.39363347,34.39363347,50
2016-04-0314:30:00,0,22.6,42.5,23.39,38.82666667,22.5,40.79,21.66666667,41.96666667,19.5,48.2,19.39,14.52666667,22.2,37.79,23.35666667,44.63333333,20.2,43.26,19.1,751.35,52.0,4.5,40.0,8.9,45.62783961,45.62783961,90
2016-04-1012:20:00,0,22.0,39.63333333,23.56666667,35.4,22.55,38.7,21.79,37.26,20.79,60.66857143,12.96333333,21.1,21.89,34.23,21.77714286,37.42714286,20.79,40.5,11.5,753.0333333,62.0,4.0,40.0,4.43,21.51480913,21.51480913,60
2016-02-1320:50:00,0,22.29,40.76,20.73,41.4,21.5,40.9,19.5,40.76,18.26,51.88777778,4.0,91.4,18.89,35.0,22.21,40.76833333,17.89,38.5,3.33,731.45,96.83333333,4.0,55.66666667,2.9,38.90802348,38.90802348,80
2016-05-1203:10:00,0,24.89,47.5,22.92142857,49.12142857,26.6,44.59,25.29,44.59,23.89,55.0,12.39,55.63,24.7,42.16857143,25.92666667,51.36666667,24.0,48.0,12.8,745.0833333,96.33333333,1.0,60.16666667,12.2,30.5846259,30.5846259,50
2016-04-2521:10:00,10,22.2,38.2,20.13333333,40.16333333,21.6,36.7,21.2,38.1725,20.26,63.09,5.656666667,54.86333333,20.6,32.71285714,23.39,40.66333333,19.5,36.4,5.57,748.3333333,90.33333333,2.833333333,40.0,4.07,38.82131061,38.82131061,60
2016-04-1408:40:00,20,21.39,41.09,19.06666667,44.82666667,22.79,38.16333333,22.35666667,39.16333333,20.32333333,44.66333333,7.293333333,61.96333333,20.5,34.5,22.1,40.73,21.83333333,39.62666667,3.73,754.3,100.0,1.0,28.0,3.73,5.432792834,5.432792834,90
2016-02-1523:40:00,30,21.5,39.0,19.56666667,39.73,21.0,39.36333333,20.93,38.52666667,19.29,43.0,-1.196666667,81.29333333,19.26,31.5,21.89,39.86333333,18.0,38.9,-0.6,768.3333333,91.66666667,2.0,32.66666667,-1.83,25.46802911,25.46802911,60
2016-01-1618:40:00,20,21.73,40.9,20.79,37.79,20.7,40.43333333,20.82333333,39.26666667,18.96333333,52.13333333,0.8,96.09,19.79,37.12142857,20.89,42.76,17.79,40.76,2.17,764.9666667,84.0,4.333333333,40.0,-0.267,36.49016439,36.49016439,560
2016-01-2421:40:00,10,22.1,41.9,21.5,41.26,20.6,44.03,18.5,46.59,19.235,71.43777778,8.19,99.9,16.2,44.88777778,18.6,49.9,16.1,49.09,8.1,767.4666667,95.0,4.0,61.66666667,7.33,44.18503527,44.18503527,70
