x1,x2,x3,x4,x5,x6,x7,x8,y
0.2884790609311843,-0.3263387525537173,-0.6286557184557932,-0.5800024437356707,0.8962109481431588,0.5416121864066442,-1.09152999737911,-0.2732643816781823,0.7287578278976123
-0.46295408222658696,2.200228272229763,-0.30683453237327063,-1.0925244200367528,1.5950263060592824,1.0643046692214377,-1.710506433147284,1.1348859245258962,-0.349604347077952
-1.338004420633611,-1.6723264596321776,0.8665543035378968,0.2806959468321451,-0.7344833337077474,0.7171059351407685,1.5325207720462817,-0.5612702625407963,-0.6967704940443905
2.317015672344602,0.21630431947542797,-0.5911541508269583,0.5854627756238825,1.231717950680985,0.10025907116077229,-0.30072486869316806,0.6936591062655159,0.6629080530004086
-1.4673759339812118,0.38190126197304,0.16430760412676987,0.8715195683411199,-0.7054586600449348,1.129658059221951,0.24874138945371593,0.012542267129687484,0.7448222074379295
-0.748547692135884,-0.3265287166231083,0.47370334724198665,0.1847587408572808,0.44352501237531383,0.8156048470682414,-0.25073521438811985,1.5754549458981109,2.0775684878531697
-1.0175213629626445,0.6828087308694833,-0.18292862943677757,-0.3781459575917689,-1.3826828968357603,-1.6800778352381889,-1.1634354477858373,3.1975985915106158,1.7164531327152397
1.6350668010249894,0.24471948575617525,-0.5283875120063979,0.34445898475165654,-0.29941186003914483,-1.5615474508713547,0.767782771368966,0.901539047896096,-0.57974387101648
0.9225456123685942,-0.5498639952967063,0.7457882466975935,-0.3205839253284774,-0.7523969391011037,-1.2353021635650716,0.0010804148845915658,-0.6745784843591434,1.0008772129179733
-0.719881324562294,-0.8753119835932768,0.41235237952069587,-1.0327482941051618,0.43601436476005373,-0.8463277331584416,0.7356051101893779,-0.14566729392156136,-0.7691480934898828
-0.9648833922890544,1.1800759251425383,-1.5757992208596694,-0.3524530337266378,1.439144742891644,-0.46689073861328056,-1.6227791351774585,-1.7463631812343596,-0.6375933284303655
0.25358278574748716,-1.2910995168345871,-0.4898947110501585,-0.44687280832828363,1.0688690638771716,-0.19258910765048254,-1.3513842624556938,0.07380100207930108,1.4082359356185192
0.30800739667777904,-0.17546679962059356,-0.9402260154652391,-0.6501641085708464,0.7514076517703097,0.07782610193514089,1.7594017248122937,-0.7227216685846333,-1.4124451395603974
-0.07160599639803031,-0.4970917215585464,0.7456253722263876,-0.06252757209687561,0.8041106236837741,0.6452659305817905,1.224264888389523,0.13306742902812152,0.23684835311370458
-1.1354805074368717,-1.2494537402506591,-1.768781665569403,-2.183178211721205,-0.5353575080422598,0.19451000363374926,1.0315939726969707,-0.1631987323056477,-1.0152797507935478
-0.10224539525283412,0.14083797653848662,0.10462359380252027,-0.20512415853209381,0.15964887784707163,0.9374860738778001,-0.878224018249364,-0.7686741198805327,-0.7784476144222617
0.808186230960142,0.2334592025047806,0.4349912514769453,-1.1172929961278508,-0.7495419700296977,0.7678281158549859,0.47903804523152643,0.07889085126717701,-1.3664734789162283
0.23199238821472093,0.022914782832424686,0.23272804104549866,-0.002864095143648796,0.8300288984329518,0.4157636665632867,-1.8854560845657866,1.704041915828682,-0.6832968064539123
-1.4003584753105904,0.7330785326475888,1.1526709945262121,-0.4610198843747881,-1.51453872592114,0.15192800280868335,0.1991295324046696,0.2820796357538376,-1.173065619969907
0.7159077836874326,-0.532941244854857,-0.6004983103427737,-1.8888445729179015,-0.6052191920302015,-0.02897800227912632,0.4381503219100066,1.1254295269598704,0.7729082160170316
-2.124567633938506,0.10822152934460227,0.7735325498128732,0.3504494838217725,0.47956684338753397,0.04633460092407445,2.2998795370763236,0.24591862207858164,0.9617093507412621
1.241413426717469,-0.05193823941900172,0.24745498723945625,-1.2382970284936847,1.0655124647740848,-0.42787172846046406,-1.0234617768659715,0.08671740601231923,1.2179640333967878
0.23631195535667246,-0.32265486833643203,-0.580665240903915,-1.378647641048576,0.9918970952818473,-0.830473583656036,0.11983966638303555,-0.9185309093885542,1.8011059197244268
-1.088891817394883,1.4095919624349336,-0.19847097396603988,1.1475027441188597,-0.2649172604097967,-0.3721854778917943,-0.7230959958047509,-1.1884883580001557,-1.3105351909312424
0.7177591930103313,-1.8585027967120353,0.11192890733513905,1.4427453283760696,-1.4397129152280799,-1.7905771544965738,-2.67802201066395,-0.9030856101910957,1.0913813407511745
0.04340448547295046,1.0889652929934095,-0.3677904590606718,0.9013091788835689,0.20063057148755364,0.3200699783253036,-0.17172050684353402,0.7142707099955073,-0.3256550589569118
-0.2952642044169441,0.5771430312109674,-1.4487117265968223,-0.7888380473457631,-0.850400149209132,-1.232788147747102,-1.3754033816402316,1.3509864177395823,-0.48367432812756306
-0.19715794419330954,1.3056188748233168,-1.3314666367560986,-0.4142639326402025,-0.5331807698987308,-0.32907654816252674,-1.6242809344373605,1.2142013891627377,-0.7444729538832358
0.807860270549008,1.2637252482978054,1.1046449912483405,-0.3272958468390421,0.5761746552028598,0.7650296455114439,-0.22103574973218998,1.481621946982245,-0.3870227148540098
-1.0767564854853087,0.5349573359548533,-0.026835928333145898,1.8229244243292482,0.3537027804956284,0.15229483312115813,0.5339280780817118,-2.459676697796842,-0.6803614292828656
0.49133254104378665,0.015244236753944417,0.15680897504387473,-0.028926890798916857,1.9945646133976578,0.3172265943078081,-0.955641026243866,-1.1959148572722789,-0.9909470938953674
-0.4511359127585162,-0.6781547877176469,0.3349676532230335,0.4430661846768508,0.23208665901471817,0.5531304500919538,-0.7865947747648485,-0.13916472145478398,2.3771636387246637
0.19659035985480502,-0.5003210071552628,-1.2244012556187567,0.15268295460217754,1.8662804089287912,-1.9492840028353915,0.37741939683393766,0.04391574313156241,-0.11744124932521109
-2.158415679713762,-0.3487905855800369,1.3929392170775527,-1.1964023937378996,0.12892478796890303,-0.4724527134756695,-0.25639343424914035,0.8268605827098318,1.0846504839204438
0.5226972891454246,0.10424111058218169,1.5370284048735867,0.3488147099863981,0.28501761527845565,0.6936024525238191,-0.5263262845379245,-1.047472908077084,-0.7114743990701041
0.19426217677401897,-1.4442727937684816,-1.4935387425340172,0.2591773815015333,-1.409449267054639,1.1671681917034804,1.0292084074668764,-1.5151028747629924,1.5790439840445065
0.053792861858717046,0.6379826238366483,-1.087415954174755,-0.730755925080562,1.7029371930234254,-1.20030839502792,0.43492377448593056,-0.7099307063823422,2.2986164177927986
-0.09436462392593525,-0.3578152525561966,0.13928839396309342,-0.12990155920981325,-2.4307380674250885,-0.2893814586118699,-0.5578097758698494,-0.7086204925019284,-0.5538001989468786
0.7504343157248987,-0.3252209254378846,1.2198476644110763,-0.42199464672177506,-0.32164879494520093,-0.7221341792408266,-0.9123283172165508,0.3640209776545193,-0.06923460460328217
-2.3025533784463708,-1.8794694464951431,-1.0501700688007225,1.3118743703355518,-1.08444910889979,1.1488910776820789,-0.3329520768062836,0.6603090659672176,0.9071249993748289
0.6834087425098468,-0.13489040678977146,1.9149058636792693,-0.6849177448675197,1.5077992630623853,1.3561541784976852,-0.3669750414002773,-1.7761505213874982,0.6666576945108761
1.116280746638777,-0.8043240344670677,0.16134069680117474,-1.703222549763092,0.11202072452092615,0.3173500066696528,-0.2413774439598139,-0.8409414419032916,-1.8598471722789758
0.853109930116997,-2.7911798485831034,0.6018028612786912,0.16439672442753595,-0.9775883585503236,-0.5860147543359654,0.4234741685072548,-0.7257852979606503,0.5441589796577662
1.2249626121558412,1.5554396176362857,-1.4297154595593748,1.324287645810951,-0.46895027075385703,0.5254254071595158,0.6782747312819517,0.05375616946060502,0.49314195388948323
0.28185758384700865,-0.6516005478049909,-0.48370772730971767,-0.2030700110445354,0.5776446377933934,-1.4252249293009853,0.38321069818410347,-1.488550942122268,-0.12451458886589337
-0.24709971413794773,0.7212136243522607,-0.4560373113016319,0.5910349308754105,-0.29031298403381,1.4147985221627493,1.1921636738888146,-1.6864419963995805,0.2980423812049929
2.0451991169713453,-1.5363123795547264,-1.6933021545476603,-2.1422749933781824,0.5511687270605374,-0.36412751728826526,0.7617773507310289,-0.05146482323718195,-0.37659205161478576
-0.6634452184834115,1.5236835573483312,-0.0316064090997367,-0.8594884391190424,0.22487288880398068,-0.1514309574797405,0.8138623599612438,-0.10851673426660861,0.08438815875040655
-0.31350890796134645,-0.3602518276486954,-0.2601507472785454,0.06620860730973964,-0.8419898984234737,0.25569092856676284,-0.9368048278671052,-0.359914218785838,0.6341922488399665
-1.1358423682214953,-2.176827808739422,1.1567232961905083,-0.43301529965242735,0.1635279549478652,0.36155104169864605,-0.9672050950583476,0.26987403319668823,-1.4311522942493442
0.6479053938371568,-0.5852458951424802,1.6708675904392867,0.3538648123761921,-0.9375025246893004,-0.713991835314981,1.0850840526337027,-0.5218432909825126,0.22745397589323538
0.8449659075074962,2.0295140054753933,-0.22848934725370681,2.766009178071891,-0.43846873058411073,0.46063874438633523,1.1270761391467765,-0.579459922110187,-0.558388759397506
1.5843357782795089,0.7725045020761921,0.6042229369259512,-0.7729014153911723,-0.5238924966599818,-0.9127771192796179,-0.8886915283382341,1.0943199937285537,0.4025751925358703
-0.016526454777629786,0.6042301587291903,2.2301887789201214,-0.047658047439608706,-1.5640592990591702,1.025866848188752,0.39624036571926613,-0.263996184542856,0.0549859949014071
-0.7957469364217383,-0.6505263159635662,0.8762771086885561,-0.7900226207310382,1.0966602933428815,-1.116080179574505,-0.32822554668830844,-0.6422046172601819,0.42187284265337976
0.3868733520209935,-1.1715735577534916,0.7486464951818721,-0.7891329139140156,0.3085537942770988,0.3821572601647319,-0.9924826360134392,-0.11135769938815089,-0.8819558003100353
-1.212699068644794,-0.7547786736845058,0.9154949374864543,0.6985208924686614,-1.1251071038474358,0.311270442061557,0.38890616514854365,-0.1455880282809837,0.7174426851564989
0.7559094895401877,-0.23977671579823173,0.9775470153536862,1.6922906779966633,-0.34754853854607815,-1.2824983714803555,0.6882535020872674,0.4593678059212046,-1.5964888432704933
0.6528703929679387,-0.634936131265872,0.4523134406092908,-0.3208221637081087,-0.26693886725940874,0.9027696590807567,-1.646037553789236,-0.3714076859473744,0.28924662221249137
-0.4917419815262038,0.5591610104020712,0.48781971410924074,-1.0390083002664936,-1.0656569983443005,-0.09052484477117217,-1.3328466344688568,-1.9060726210760717,0.7814330906021362
0.3061973086286736,1.0549581631061262,0.44464033046667434,-1.2075167918522343,0.6863188181373994,0.09725934092731611,1.1449932430566439,0.03621143781583559,-2.3377349879876275
-0.5334827028294904,1.4817880025389607,-0.4991483765792152,-0.3717361816167464,0.3682805845087282,1.589297758272373,-0.6640368521623152,-0.9120816269916203,1.01743707650932
0.059600064662408525,-1.2408719678870528,-0.41691720684483274,0.47423364400537504,-2.1073767007589463,0.8699242688953508,-0.23351253814885187,-1.893952766721272,0.08185441401424202
0.11983353589168723,-2.215080300121556,0.4908956194841559,-0.32882338440993314,-1.3303378511527597,-0.6490351430846254,-0.9202331730615065,-0.4196129535291337,-0.05539114216790943
0.3612877129659197,0.13640314528556458,2.0314591369897,1.0939854408531715,-1.3435959581420047,-0.2542693198776482,-0.11714594587119176,-0.08926364272335868,-1.2890335053676134
-0.43901660709937507,-0.4236662080564462,-0.6830279388334175,1.5425691664152577,0.3891411136892071,0.5548714791591887,0.12014252035535497,0.4876335024791625,1.3503841549389344
-1.085852125532277e-06,1.119768868462473,0.7385756403455251,0.054341772147794135,1.4577183361776376,-0.45748246481840055,-0.7908081711936187,-0.5164556128501797,-0.7636208777717599
0.4290040846593017,2.6898340416490636,-2.1693262485481437,-0.6957622026296548,-0.7359848012974176,-0.7773633137155966,0.9586633319609755,0.3504685336481569,-0.9861574144769865
-1.2680699520640943,-0.475092510917024,-0.5162281579333279,-0.2057538858893911,-0.1829914281297995,0.6961086671327843,-0.3409120638841143,0.9474938915546153,1.736022051904517
0.8538146369134421,-0.1844024122870478,1.6942441394224084,-0.5879799828151846,0.49927112312905486,0.4500897614489874,0.36097497767893777,0.9495416860114575,-0.06393083731408648
0.99874454598844,1.7729934886099346,0.8795840323089241,0.5850408880353292,0.019466589365111878,-0.5133135260981566,-0.4132449447903248,1.413538705787304,-0.067949728979869
0.3759044286520602,0.35494763337856683,-0.767653735317931,0.8570190716370769,1.1301591586759798,-0.3552315324167022,-0.19003312528649968,0.18976809181431836,0.5410153777259146
-0.3835208379350075,1.5393974843979596,-1.7011128998553056,2.2005616140301383,-0.7771629961335252,-0.06996812872735736,-1.4421910728109502,-1.1019538254438914,0.2809182217470555
0.055492570587299485,-1.3673879487908374,-0.047423453149330656,0.16866235557092513,0.24153532051638316,1.2265694611557023,2.068314802603901,1.2509634814814634,-0.24789586053669946
-2.070084100218026,-0.38414363880796504,0.10748823350571489,0.9532779087371226,-1.2674322870262686,0.6599637361985357,-2.30669447035727,-0.9281076936620565,-0.8455875781366741
0.8609041226243167,0.7794103319834101,0.4109277547107528,-0.04273100395976226,-0.7054131036160124,-1.1982651668136883,0.7440360643010666,0.5012967929658059,-0.2335169739205615
-0.10838687024410544,-0.8467074873513721,0.44333416710965745,0.15963923877685127,0.7348756055986546,0.1034637533243787,0.2077071476594549,-1.4848994988653874,2.8806221879463427
0.4587103826150527,-2.067481076612283,0.9043082851551767,0.3264071890134568,0.63912826014035,-0.31355145438383536,-0.8910570997697306,-0.11610055775984204,-1.4242588332782464
0.3760650213977616,-0.6364373188480614,0.9077390224350239,1.0634599569261063,1.7418900734769562,-0.9708719216187355,0.7451191655102348,0.9924757926305171,0.04007910239672565
-0.966367453005253,0.917381450033772,0.6875397199539968,-1.6176859124733276,1.333752978191553,1.38046443343694,-0.7677739435082434,-0.2423619913510386,1.3435790900694151
0.06093467271564071,-0.6004467457531072,-0.2802009277249357,0.9907675549667581,1.7938252814478135,0.8681007024382549,-1.0257119174996947,1.6505498244527148,0.9398653612873611
-0.10736113080124013,-0.0469135150383511,-0.43777071280855434,-1.3708484597058408,0.06123108068016838,-0.8339695902636477,-1.4319775286251726,0.35388481849036396,-0.0008960268840180168
2.053725320051755,1.0643442999679034,-1.0709649067277704,0.9396677686685369,0.18932794530348643,-1.291626093243867,-0.34143603758009117,0.15795340282159306,-0.48707179522419236
-1.9768061933345111,0.4758090041767724,0.18154446911919173,-1.0960298359993426,1.1888411548865139,0.38831625143150084,0.04766913113448168,-2.5876448165275456,0.412386487098755
1.183770236751246,-0.6721725987813868,0.6071215199315398,0.8245007495255208,-0.7575019142603248,0.7278544079580742,-1.0978120027561338,-0.32189766282135707,0.931941168438444
0.6285546222207327,1.5458036243442632,0.36392446824753194,0.381328560382649,0.48318650285028364,-0.0421734808341428,2.3583264953030496,-0.5916421207830787,1.799388833721284
1.1539231001698225,1.073612753632783,-0.6315621336910395,-1.5129483984259575,0.7158401346828992,0.6174192818403548,-0.8621128845432201,-1.6840433599399256,-0.006734165341950723
0.669732693730233,-1.1736946294233297,-1.282243680155517,-0.8424770115718376,-1.3940715659851222,-0.5304815822047568,-2.7052183344816747,-0.560337375876512,0.3433034315578569
1.1378069569416045,-2.8894228572851106,-1.788531611421183,0.9496753551342373,-0.07179437656547732,1.3921984402053313,1.2642768659408516,-1.0933044424620593,-0.8395731769489607
-0.5397507299955214,-0.485873582967012,-1.4022758205096102,-0.9602031431275472,-0.3043838738865453,-0.7096553456862952,0.25958871416323775,-0.3505084325175849,0.28362720334944824
0.9096928735387821,0.811756970959002,1.574080698491288,0.1150497564708329,0.38364982718363566,0.09180982796830166,0.3975748053243308,-0.5356734853114234,1.9012085642752625
0.061846226684030454,0.776016010294701,-1.798203275704694,1.0954767884854733,-1.5116339441721784,-1.191062711323529,0.08811738166006086,1.490828812189809,-0.9022019120371338
1.9154712524354245,0.7764446021457214,-0.5692815154243288,0.811024416732695,0.01705444134755646,-1.1450907967369883,-0.26205733138949483,-0.9745077823387214,0.5217053908539295
2.2451152561793633,-1.8059665333641073,1.121103103208586,0.8708625752535929,0.025803411689350846,1.2154327747339246,0.020813378107090826,1.6017728809803784,-1.4085325324036755
1.413807719045012,1.4569027808816488,-1.699320564305073,0.7717267746880283,1.089809099854846,-0.3653921238780212,0.43034240702854754,1.150473294935229,-0.26611418966532496
-0.4462594190772868,0.2544079490504449,-1.2328649572802526,-0.9930947648614937,0.8871227497674384,2.0270498112943307,-0.06468081413727267,-0.6956504688239679,-1.5700930615275206
0.13183566282654624,0.36526990130026227,-0.09955475554853466,-0.4348174641651994,0.41720463763003374,-0.15198245501566732,0.02203326444363876,0.241992622541484,-0.9947814425141848
0.09131526648600519,1.1156302635862219,0.8581298156781934,-0.6592439035857053,1.9859879272939023,-0.6468571396605647,-2.3563006187615088,-1.8397649619209315,1.092379804683836
1.6541622276008756,1.7015604391959662,-0.3684009889202837,-1.1728541636026477,1.1307884317633183,1.4027229525940996,0.4237304205743006,1.011683350070265,0.3980284793410429
0.16424432243508946,-1.171927325466115,0.3988689495160212,-0.775125442646711,1.1072267854312858,-1.120850185829608,0.32573748337675107,-0.36629205887308947,0.2401992223548815
-1.6128255683739237,-0.024518085210920502,-0.0799452310272889,-0.3804874559207704,-0.09826654926727217,-0.026430118918161317,0.15491775033042476,1.0087852818510203,-0.8679096657997125
1.1258040877859883,0.3650939741385913,-0.20206693738511747,0.5866979187548653,-2.084161059726923,-1.7008216643357597,0.11611759571688653,0.2359091481795863,0.32804619048903305
-2.4744668802073653,1.066902694248227,0.4644468657205761,-0.48467169776444285,-0.23425278097951702,-0.33324446447047684,1.4412133739282424,1.283224310032818,-1.518162615073379
-0.9469036847349883,1.1321188420636736,-1.131729377449002,0.9039104325466552,0.02502173946649015,0.22438123541760138,-0.402652221821935,-0.32060588465812545,1.1699963785394514
-0.9229129476383328,-0.9694211364677074,0.7515261035951638,-0.14969394220549906,-0.019517390503690266,-1.2258544350846972,0.2688957446320727,-0.5462951485889179,0.33208881673820984
0.6362823302874033,1.402845969676447,2.138756776779105,-0.11080473766142086,0.535220426724629,0.49603192883796937,-0.09934679734600083,0.18560296994264933,0.6500084250161947
2.1255930528389975,-1.4000295281078914,-2.0558889708030614,-2.402110833979573,0.0911225573746218,-1.3718426333318243,-0.27564776180767686,0.3596645372445179,1.9314329047218304
0.42663410544788255,1.2532261774463769,0.754680093598587,-1.2033286856749181,0.6732760023275525,-0.5071570330749158,0.6876481907692492,1.840854335453716,-3.3656254201108755
-0.8081177968201805,0.3468460799262791,-0.1884728424712628,0.7835753805666253,0.17588231121442488,0.45202107613922365,-0.6854514673090552,1.1313145569351244,-0.03691225459293309
0.33206343135476296,0.5474152476183811,-0.9254297172123394,0.7735063297992032,0.02311041478161906,0.4180457591290193,-0.7450764729831449,1.2921202308306117,-0.8785414529535223
0.6975469203562752,0.3751847053789306,0.47393403750622154,-0.9122321461807664,0.014011192758716078,-0.19348043047018684,1.6396689923098686,0.1903672368867271,-0.12677508879229893
-0.3308121577876579,-0.18957025614673487,-0.9416054971599389,1.3892287283092348,-0.5281041111577406,-0.37491950001361496,-1.4082063394884334,0.6893056815666705,-0.4019180594742188
0.858947292545267,-1.6180514279134504,-0.10564307437620282,0.803341421794841,-0.9742100956845282,-0.2486642610047061,0.027092261722602436,0.26218032814276687,-0.5938345363618072
0.11803819262233756,0.5008545065899475,-0.7733564569760882,0.6490774114330863,-0.40542302078447473,2.3867961622837375,0.5564725921791044,1.2783834021658103,-1.225995417323188
-0.5100724373221381,0.6898769750348759,-1.7997684245185956,0.9439690547594664,2.3059871124182445,-1.030375836366395,-0.2576924398699402,-0.34814429613429293,-0.7721415173792816
-0.27017653652458573,1.1511549571032627,-1.2536123494568452,1.5736613985183574,-0.885002919704356,-0.15743984169898895,0.17259446129493294,0.6702889674302198,-0.780407257939172
0.4639939854891665,0.154429459800638,0.29887155366399504,-1.1188579175018407,1.7038176314779057,0.7217903137906527,-1.3773271519383594,1.7479445723366016,0.7315345437999736
-0.461414717147254,-0.08921323196849912,1.3876146740472861,1.096128225114345,-1.2305872162526297,-1.1546386826220312,-1.730092614571036,-1.055500189592394,0.006621799017098528
-0.27724400629685,-0.8913873049722131,1.7164177922776638,0.16053098067947535,-0.9899097117702983,-1.349799495727465,-0.5389152454453149,-2.372160569751795,0.24946601202039445
0.03788966942607831,0.06325758789605793,-0.0013289550440110478,-0.11908160618388422,2.768515602973034,0.3282834161440595,-0.09060190152127395,0.7658967923328738,0.16857157406815404
0.936420957329092,0.25400648403310877,-0.8615627813284149,0.16821366099018564,0.6677015014191268,-0.44409750254118296,-0.9299318595741525,-0.4705612387518272,0.18006684358574693
-1.4123282187119837,-1.1423296589716834,0.3624502301856839,-0.7896374049596072,0.6390895845921261,-1.7136578264872564,0.6434069640072485,-1.4148423244686568,0.8883397616655794
-0.9360748555041587,-0.15393704788431856,-0.041530622152285826,1.0519367493988234,-0.7520395177521816,-0.23247270757418248,-0.029438057780294208,-0.21204831871793278,0.6138356283417734
1.622070605838545,1.0829094499186123,1.4968285370331895,-0.8374353217155368,-1.344232074655763,0.22710139625885037,-0.7799666446800585,-1.1288819941938268,0.7087139057233758
1.278501086754472,-2.3247594800174785,-0.4638418166615518,1.409790520406174,-1.0742122065998363,-0.422945370148648,1.6262182777238932,1.4791672039134172,0.328689815575193
-0.9011569567334003,1.4211991137935893,-0.07439087137193871,0.4383376074956536,-1.9708700131909742,0.48848191958540454,-0.32521861698836313,0.38647710726962947,-0.6299392060346345
1.352383091545831,0.5621379387898413,0.705491770312502,1.457954046108655,1.03783013232325,-1.5582885301571374,-1.1615207308078714,-2.1391136279666756,-0.11076027791172312
0.5842357702234043,0.9824592160722523,1.307866928946657,1.70854011993332,1.6013572234188795,0.5023526560011344,1.2767336791948998,-0.6343041376440993,0.10999941353520983
-1.5715210219602176,0.7285734149106444,-1.2929148424169472,0.05901382768539533,0.08611375335957991,1.3579662851298333,1.1200597988800414,-1.5582105010405267,0.08959361015678309
1.8706712172037097,1.3740472805504238,-1.5117853841242208,1.0844421745454302,1.4629869954610897,2.0087426515631295,0.6355012026855519,0.46961341105635235,-1.45178523487906
-0.3812861583921495,1.2472974443254456,1.5231872840264542,-0.04403763403649605,-0.35213995698694417,0.9109126439395898,0.2878907940708364,2.556779929813305,-0.8989355824463144
0.30341360981749504,1.1373406353657332,2.2390319579302393,0.20378889765465708,1.4372830414336373,1.697809068350427,-0.645790967928973,-0.36835815780288184,0.7995538329828353
-0.3254160214827392,0.4918877414272586,0.7866828872428514,-0.4109099468623904,1.6098163996033312,-0.7285972910474534,-0.6296565661071952,1.182362834122636,0.004388762921895076
0.1366427984218878,-0.38264889796806084,-0.7521468352137715,-0.5347312616023348,0.43944930697651474,-1.2711655111662645,0.027927263776351508,1.0001231847198124,-0.32200173329916626
-0.7418658551284693,0.016695897494658267,0.586694812434404,0.5626220610684348,1.1336590309030536,0.178236895898809,-0.356709444384944,-0.09753224927243659,0.8830337020355746
1.164367636896481,0.41162896392475956,2.146085293152121,-0.6021586079543947,0.3205431774595576,-0.7701454655458398,0.5369412961861763,-0.01237438038781352,0.1069749311683714
-1.2018632395232394,0.04238870215058788,0.49366229595910455,0.7571219919671809,-0.20545845056406428,0.027450326522609248,0.21979672672084918,0.013018289096662645,-1.3026083079189543
0.16408726946920396,-2.651813649265807,-0.15264984611924778,1.599432375337168,-0.8514593945663913,-1.2786240879996669,-0.7317743695679726,0.46408167719291676,-0.5356721312152362
-0.7683763915178521,0.7186979231013441,0.6721878182745246,0.43294756287021646,0.635248991767835,0.36737885026235584,0.7741235071340943,-0.5813001078834046,-1.6510833598347532
-0.47386146637572724,0.5473671602511019,0.15193867999916597,1.002383029017986,-0.14783510366951103,0.5817065792063861,0.5594669925938961,0.5439310611668645,0.5413329247877279
-0.1825764525747861,-0.47212358827721157,0.31926753357957094,0.5964982345978014,2.4113971601517874,0.5780680963062638,-0.3776996218100046,-0.24040436908966242,-1.1145773252243314
0.5341693961283278,-0.6750118556197925,0.6134752179435009,0.7291969872618035,0.6669216924835519,1.1656928806985951,0.4490346185876603,1.0555125862944303,0.566831946756791
-0.8468736522854038,-1.1556025446758185,2.320184066384624,-0.08918582132680207,-1.368665051553107,0.07039035531097322,0.2826861362562169,-1.1050151877403094,0.6338248255816659
-0.13683303134109603,0.13548010377584113,1.2044692007283604,-0.19830172094714862,-1.2116717677978779,-0.6816973376263238,1.1770770540532074,1.0988931271569922,0.3109877654855836
1.6451962853263344,-1.2066642570865622,-0.4391075184286255,0.6981936672292341,-2.0038312353623633,-1.819432725300479,0.35316866887980625,-0.3485504981398974,-0.11763355755850112
-1.7080103516413743,2.0122526188607472,-1.2156790232639088,-0.8073406076526657,0.39397725735817957,-0.3972272636170373,-0.3443468153286559,0.23881062851710788,0.05965154303955939
0.7467111440645718,-1.7126555737618034,-0.12821160064706263,1.1148265714433585,-0.16655186303323946,-2.3514854308552025,-1.16104132022798,1.8639726928625016,3.267838263800431
0.4301862505356722,-0.5736102184324506,0.046046251286367336,-0.12356594769044602,-0.6543745169145349,-1.1030750808224086,1.5817831971354428,-1.3491261795708163,-1.0833920339943965
-0.23406879286299262,-0.5338803817509813,-1.188303766896305,1.5499234916929727,2.1160382157590414,1.1744535674794436,0.5209699094432584,0.5563926890782058,0.42636948353218945
-0.4132965367791798,0.3562045653240345,-0.3239503880455499,0.45428630716001245,0.5965633199990624,0.08633948333063873,-1.5486665557079562,1.6006679471296694,0.8324049668239142
-0.5604102638907986,1.2830750745153754,-0.17498647774979983,-1.2870146560051667,-0.3217523463535449,1.1571622465718132,1.4565029871583715,1.1582846824905135,-0.43771904096038694
0.550278635011776,0.12067008242195831,-0.933060717136695,0.4314425012317658,0.04157531896283334,-1.1268491352629346,-0.5710359900410177,-0.9563929480760978,-1.3846041087441912
0.07670511492602623,-0.35899877093062127,1.9362415828164525,1.9345863560198824,0.7435860695706658,-0.1407357703707116,-1.820318909028611,-1.010438005286861,0.024503408712638328
1.2784465033117403,-0.34609357540914926,-0.18003205390805047,-0.5155692303217346,0.9877398896681507,1.8756827925220827,-1.0888625211222625,-0.44193032940694776,-1.1639889676675172
0.21956368370544962,0.5138349510354314,0.502959313187632,1.2843428778886836,-0.8534499979912508,-1.7074714658404306,0.7857019499744939,0.6795490510037101,1.0066334540346527
-0.044881665947824584,0.1878887690613826,-0.5552965216708219,0.048250335109918656,-0.09306465384441381,-1.4186293467465696,-0.07027093539068666,1.6645367351219837,0.2390876473969938
1.0405409565873618,0.9770892928605602,-0.18559843441654952,-0.27850398840874063,-0.7658014394259465,0.19927276196518476,-1.021846446955669,0.8526303003147663,-0.03549347686184521
1.1196088407286469,-0.19172917314200985,-0.5478608806476628,-0.33454781086622276,-1.554076571647627,0.05326711176171812,-1.865711438160457,0.6454593119216321,-0.6818398652167398
-0.29011483162028623,0.7976027089474927,0.24158499545835374,-0.6558128552416184,-0.10469465130296977,0.018929346474477287,0.2535077341687342,-1.347219470176138,0.053683324363612527
-1.2164171120010008,0.2862948093584781,0.11172670530472636,0.31413854071045744,0.5504448029876894,0.5388887601959856,-0.9014311131398632,1.3596026187115822,-0.7129551928105312
0.8410066206852742,-0.48258237661044606,-0.552882428926007,0.5153170691425288,1.0879627845097428,0.7412994685694971,-0.10051256991769025,-0.5355516556143276,-1.5431529416258032
0.6323083166457379,-1.672282313943625,0.49896353464328275,0.043211360856019315,-1.4318975343537392,0.02623075185207833,-0.2683424756974307,-0.589809156463634,-0.4462811863649904
0.1721384877842268,-0.8381258847172565,-0.15156698510143762,-1.0428275104122788,-1.963048997998882,-0.16992492075795307,-0.3861775974614179,-0.6451914155221561,0.3403093108101878
-1.100167070712526,-1.4745379395523153,1.5662269743278185,0.1304990673075264,1.38266128212599,0.8061296587736012,-1.285994416786455,0.6144048740988144,-0.07431440282004383
0.5348543129817729,0.9331698814998814,-1.804252677708689,1.1891529110809593,-0.9105424889820657,-1.3993437706485874,0.6493858165815014,-0.7773729950831515,1.970642851030226
-0.9952897821406502,-0.0003593710877319809,-0.5970167416176843,1.2171759646497453,0.7373145024752827,1.6794964756876378,-0.6188423587132008,-1.3535674220560177,-0.18274012625157582
-0.6912398355714792,-0.04958885896586466,0.1442961972818616,-0.2700170643119587,-0.6460327440475752,1.1044125987463074,0.09346838080523537,0.5932962078435462,0.14156209186872937
0.6488570840306461,0.37857293558506455,-1.0682463399796505,1.0520879438524726,-0.3216157971702508,1.408445631017293,1.2106489139904204,-0.3679336657337181,-1.1924915885981657
-0.6379240543908727,0.2705088428526329,1.0440677116000006,-1.2779110281056052,-1.303718757422743,0.49382038260527605,1.047382280538737,0.09409630534924318,-1.5480410400854252
0.027536869967647423,-0.6551062764860895,0.1908168379753376,1.0029463390149311,-1.6090991769713299,-1.7333504478875659,2.4993245633285666,-0.9257333644970486,1.3951303179007577
0.6743988108170907,-0.310021150243828,-0.18832201090408152,0.035850432141809156,-0.8028912239772262,0.8042747503069333,0.920393762212107,-0.6811791341155872,0.5797198883276414
1.4447841433769437,1.8757721572019923,-0.5335783532037469,0.5620028544372561,-0.23984216737177638,-1.1866262594215526,0.8830788304717903,-0.2809869123135746,1.784626938723324
-0.6075843024578638,0.608619723061091,-0.9388207261029904,1.2769019684892877,-0.42529410684372054,-0.39102071569953384,2.1804506463083095,1.85697840766167,-0.865959415828635
-0.02672936641208921,-1.713811373248906,1.7087874012787931,1.3994181272534356,0.7782849357510963,-0.178037967222598,2.0492619741757054,-0.5181320926837787,0.6301232034673494
1.5217678575712223,0.7729479165837534,0.3528183336178271,0.9527514171769029,-0.5269583782427958,-0.3766401209339252,-1.07839101408626,1.4584089873280552,0.6686044042813608
-0.7836705619472198,1.1017301522754166,0.38774140922213846,0.9997927513136999,-0.21295792443409792,0.3349776832272709,0.42462217941344665,0.7530987426541514,-1.046777727854888
0.8540355461752012,0.8554510322230746,-0.9173971609007624,-1.469521275058688,0.5337360184101122,-1.4441038623227251,-0.304025555811709,-0.7327114489788225,-0.23357207428322918
0.08671029989406051,-0.6663803798978827,0.4660319691233931,0.9710073011701499,-0.34041746689191404,-1.3048353658858143,0.19124558833538613,1.2896561988798865,0.5480019116766319
0.4922828037333178,1.3323174297013813,1.286638792356276,-0.9994870874619817,-0.20674539254500746,0.2747376013255975,-0.2921750315757663,-0.620425307415012,0.9792300831283388
0.146723568940588,0.378319858762981,1.1287023831625507,-0.5173423171015797,0.6175953804563549,-0.8093112580275748,0.9825820849927045,0.3458650398821414,-0.318538622821687
-1.5542473783382607,0.5553144281292701,1.5893484456247404,0.4999543890189317,0.9366388971395714,-2.3942166408059085,-0.38839433244102317,-1.3364592773774209,1.7623489344255234
0.5353637535909993,-1.5544219818210898,0.5352273607072565,-2.057359193900243,-0.551970883016732,0.11428951348128073,0.37561673427915626,1.0916240261927954,0.586100614541817
-1.1591268853193817,1.1291083904769899,-1.16097576132204,1.1478754217269442,0.35861488154792326,0.7187291013014057,0.5900109856013922,1.2219990981504982,0.9833088346804716
0.0004924240945220668,-0.9022684639705619,0.603907566659646,-1.017543119660289,0.22134288323647325,-0.5653611147195337,-0.27446442586561015,2.1892936599983748,0.870676026691735
0.21029516065915388,-0.25565252992521525,2.252254908195311,0.0399725296617538,0.05979886376907834,0.7119198519018569,1.9192200534352564,0.9960552287294224,0.43817269257384717
1.7084718044653855,-1.4260755520361599,-0.5019892655179932,-0.2692374415355648,0.42124032897758007,-0.023072861898239237,0.7166050622738751,1.4858611790820542,-1.2109292234858122
0.529698339294897,0.6405216816427189,0.4736622523238439,1.520361175871933,1.393863834547221,-0.3291779841262067,1.1163356140646634,0.5698604204435884,-1.7385223945502855
-0.07154992484678377,0.410915962645219,-1.291316250207956,-0.5679332835888671,0.910884418762253,0.36715992436105727,-0.8978966118263053,-0.6814499185003798,0.28696931982405044
-0.940434376841649,-1.6637208736717433,-0.21739619010708325,0.02392318862209376,-0.9980543982467944,-1.2835949743316777,2.4072931045406025,0.631595829211497,-0.5023103274765184
-0.5748508470855179,1.671057060160607,0.07526354429194812,-1.2716374544956366,-0.2452305736016151,-0.21547801826835417,0.12335783414735707,0.7822871032287386,0.4412209699633859
-0.402305006561364,-0.35288931733268314,0.5950830843883514,-0.21230893219875357,1.641073586091161,0.7081905353587121,-0.11827842220046524,0.7207704353381366,0.9138277351140099
2.0825330679062395,-0.5895861710755383,1.9475888749353691,-0.6435077869680901,1.5992158586750036,-1.870901038292664,0.7886905697059536,-0.1989836497785672,-0.504007258781791
-1.2719324811741424,0.2581160642940868,-0.10887407205652025,-0.3722683713255921,-0.7175916608993019,-0.6133996136011846,-0.9833755229645756,0.971859913351228,1.7264688953632028
0.11035780802027996,-1.8451458851624412,1.6216689068678756,-0.4140614217344576,0.44334082871176284,-0.11737393280559696,0.20298756470897095,-0.4398957919876302,-0.056360906214990666
1.5827895357490487,-0.5052970774311866,1.9339524435058495,-1.3927706406457212,0.44258927941867576,0.6805513241618107,-0.4650253868513915,0.21879255113481996,-1.0699125629770767
-0.3006175403103879,-0.015040755234757477,0.6793789807455729,-0.6653236193690519,-1.3098913376294155,0.7613475366208918,-0.7499865020405121,-1.2529758096547265,-0.38377456803455784
-0.8936290376845597,1.417082198683147,1.3504818373995706,-0.4931202474901945,-0.09953325480941118,-1.5338729715791373,-1.5233172048574228,1.8880474640274678,1.1408730507847977
-1.410752117833568,1.020978153901391,-0.9770979415129321,-2.1594813851129206,0.07747943474882533,1.2031248530035807,0.7675788489520636,1.354438841855722,1.6738765939838827
-0.6324421320425554,1.0908346995714666,0.4985505517611837,1.0130699560846577,-1.550581354693971,2.309618900822346,-0.3031512355335827,0.13759446668411943,0.28210935983038915
-0.6168437365179553,-1.2655260022309944,1.7176820731151492,0.8119965132663054,1.1915435114977635,1.1169624796785174,-0.47304849316836506,1.0542810000621072,0.7590449681115855
1.7794164323419817,1.4996577436677672,-0.3447950613248761,-0.30201988313987616,-0.526559553214411,-0.3559994468736832,1.1167939870876367,0.6474427275453747,1.4904144761208982
-0.6229222891853788,0.6199705349109011,-1.413135502959202,-0.7583624505631386,-0.9048632131942984,0.8403733204718714,-0.21709626037598329,0.01326211131530013,0.9479500224694234
-0.8917845574276448,1.5825746974073243,-1.8006309738766015,-0.08892167999130082,-0.6630413741098319,0.10928466470969318,-2.1040696979871356,-0.07723198791564025,-0.49923416870181886
1.6604597273572141,0.13672101031162703,-0.7016566607860498,0.1875464898314763,-0.9828956666616966,-0.6854724683330085,0.9659309031211821,0.41276223827117076,-0.23320195519888576
0.4244404113315393,1.9891520501542415,0.6163919766027361,1.1208597646380318,-1.1375876500906992,0.38616403481529843,0.016043680068333132,1.1468871774928708,-1.3154960043324075
-1.4045941175735748,-0.07515941796821189,-0.5734699503462424,0.5335786216473776,0.8741807841355432,0.1471472731855229,-0.6483407531912789,0.30449642375511543,1.3352081437696373
-0.7245403769493736,1.1264416334718999,-0.7429172709681521,-0.47331152103398344,1.0125060688239729,0.949798572605937,1.194041724774837,0.5525511918637768,0.3107367055710269
0.3792905580179841,1.130370444937405,0.6231228668467081,0.2224887285055326,-0.9870811638686614,0.244318182116601,-0.08781749990825732,1.233550205729342,-0.2931819609225304
-0.5753602926534943,-0.303127462183196,-1.169659576871948,-0.8947863090752997,0.7438095466945001,-1.9664759165079013,0.23449893876064598,-0.20673962744238755,1.173364734924566
-1.9312224150722084,-0.40307812304835666,-0.38022813631114977,-1.1989039399056778,-0.8963807961532535,1.6434486613492219,1.4961501636503185,0.12102786122843948,0.5463798133218817
1.0526725827272887,-0.8007027968684335,-0.8715004661880346,0.46938440635951556,-0.13238174525054178,-0.2464259364989904,0.2706453720123121,0.08207537520117639,0.10725907276725324
0.3720456622902482,1.0089315678432644,0.5247583545194576,-0.12804760196456408,-0.43403180423691406,-0.17865089629193132,0.21552964494499569,-0.4655067899391146,-0.6068843782107154
-1.0735922587616504,1.2043732281109836,1.544953250606085,1.7730459006980948,-0.7268590004541982,0.6835147650980552,0.9233276417133298,0.16595006314728702,-0.7498350153942811
0.766414327887858,-0.26721458765055717,0.001358697167021493,0.3172319868766811,1.0642582773446705,-1.8401720806166966,0.032650021259594625,-0.04000919606896707,-0.593330682229274
-1.3164541924277477,-0.43940877590780325,-0.21651386882908813,-2.6278197874111497,0.9394427107142397,0.6321015343447275,0.5417240488370467,-0.4967767233568713,0.19324281682613453
-0.8696720827821356,0.5322177046681389,0.8711941702579188,-0.7494391921267689,0.12367625745557796,-1.1064528016588504,2.159175949941578,-0.3947205875415738,-0.1972209400684187
-0.17484561828492037,-2.1602178232868674,1.5831977750684416,0.5589149090021138,0.41573626294737526,0.3863822794590057,0.5125098434677308,-0.6981431841605955,0.08844544791919402
-0.0002585412050324783,-0.26287193251622787,0.7384519382909248,-0.2759917755698018,1.6216086146159454,-0.6271836958279229,0.9110385519318555,0.6298932838329997,0.280731340422416
-0.630779992554572,-0.5892053892458228,0.2940641922148098,-0.19032361122388416,1.5345376838923754,1.0246139204635305,0.12635984127209793,0.8558275148971921,0.4344919712470409
1.3701466069877168,1.4502419861926115,0.9352645075360254,-1.275146605163988,-0.8808972671486728,0.7583714337090012,0.5028601431275451,-1.0500662401106684,0.7309922521398009
1.9994282145752067,0.6295035142639365,1.9429255472519522,-0.43452240460639907,-0.2004917073970506,-1.641762119455529,-0.13512746350165486,-0.7813716306332258,-1.3441203842551448
0.2969872706304109,-0.36565821086981626,2.059308486959136,-1.0616206340913232,-0.2222710328073264,-0.9302604092989036,0.6699127325852509,-1.9784018801377652,1.5476636086942615
0.8704882984040986,-1.0609641705656214,-0.9337453371099662,-0.3366230372489308,-0.08572919711231759,-0.8612943347868686,0.8868013535618685,0.660223185177577,-0.7655189614890529
0.1941398955776728,-2.050714233523966,-0.5533695930505007,-0.5844611745176983,-1.1772651438461852,-0.9725586461594081,1.3742980845466855,-1.5048581149517448,-0.11183627723597542
0.5537243666289333,0.7252237264048453,0.9303644321042394,-0.46540077717452066,0.9344288755733697,-0.8914139610510683,-1.4233399707373444,1.2421579836448453,-0.7843452924393516
-1.1814901055574916,1.6542394794600292,-0.6869414610830479,1.8126655440192825,-0.0002643055686323662,-1.5372727947549871,1.9154607506134476,0.9054151035407108,0.287526887686986
0.08757766860357816,0.605645616785503,-0.19151936457153626,-0.10559217533685328,-0.4835731423568448,-2.080423334113995,-1.374021873943332,-1.120329476627707,-1.05142075981096
1.5465484153625244,0.5459011687288361,0.8359545643955305,-0.9243799955946996,0.3583490902791287,1.4831093827840374,-0.6068675560428145,-0.5466552974296112,0.3690252200938676
0.30014003716217436,-2.145124727683287,-0.7936251891717816,0.8967875104860493,0.3789128961751441,0.6019690325308762,-1.1777442780498788,-0.3169262502987169,-1.526854722225091
-0.5854123322632673,-0.13514844860900932,-1.6940020780003353,0.8697806501166976,0.24889786855065157,-0.6531828071608746,-0.29842526114900025,1.538242267435176,-0.15778028090883373
1.5017224340529727,0.9543669437207585,0.1689839339170108,0.09987816250078281,0.8577915875947991,-0.007860870026115687,1.3067214115081276,-0.5837792709838666,1.828462532391814
0.6231156725419534,0.979272863412924,-0.13037119246256726,1.1858014151749734,-1.4355431168906894,-0.19328530116986742,0.11827578357130142,-0.7242208329837923,-0.5945870158834629
0.526961230302433,0.32608281393222055,-0.04975700573328331,-0.6538583342161126,0.2212331861327333,-1.21336949783096,0.38361367927898526,-0.19907589261694095,1.0584119577192463
-0.6497278666231442,-0.11909738758270837,0.16054569008194103,0.7187767330010202,0.42760796682888613,-0.21187613785250184,-0.3671602179065978,-0.2625658275830239,-0.45174091180160814
0.373355777131773,-1.030397110786767,0.5328800307486555,1.5407425412439641,-0.002826944171669848,-1.1179575726162014,-0.11776159335805209,0.15902443085931844,0.2375669254965929
0.020679660915275375,1.4972546126191697,3.0437187835556734,-0.6340975426487251,0.4341719444554225,-0.8966504208801568,-1.7594006215054958,-0.2641793535897425,-0.6289000665009687
-0.6440379528811697,1.0091736547013286,2.376009344892999,0.20853861555346925,0.35746727507803566,-0.20618553977192247,0.24291648963894075,0.7285328526582233,-1.7871490552560783
1.2429428506916649,1.0100086482897188,-0.1207088313153296,-0.7845754091873152,-0.7276444913777732,0.20954127499551073,-0.1132841861670425,-0.6962738567619513,0.21068709653499676
-0.8696677642376643,0.5580604749654845,-0.28492696786099453,-1.4281323834639665,-0.08937244247265475,1.5054640828889732,-1.2636108250086044,0.6974486812965944,-0.48946954305833984
-0.5714593400255299,0.8989436758428928,0.2847786497816174,0.807379288090535,-0.43769726246917373,0.36881064952147075,0.026006221345904024,0.7729391446003686,2.8200549021479056
1.1638720335556685,0.4511200259655086,0.5395416336366744,-2.8766433405597778,-1.0877749508162164,-0.4529333918029045,-1.2832569100456606,-0.10169736954959831,0.8835990116914131
0.2025116995344119,-1.3296654551896616,-1.6144775026409044,-0.5676134026376451,0.03832075504938928,-0.12268311107651353,0.979213647854967,-1.2624461057531557,-0.9577796501898842
0.4437917474215764,1.273803683788204,-0.8492290577220574,1.0371771073884746,1.904044391798598,-1.1010340441228728,0.8835351083496719,-0.04526086541898541,-0.6260523492717224
1.728629699157371,0.204136878456505,-1.4119024126306543,-1.5275785420290218,0.47018126451408193,0.3096017794464747,-0.6766225160025074,0.8681197840347865,-0.40545369792559693
1.070184965110088,-1.0115773299356856,-0.3355422645374136,-0.6302987399209082,0.011825102361365178,-1.492848631781328,-0.8694613487291213,-0.09680179125316911,2.652251543643497
1.2060121083924242,0.35219345053054146,0.7842723433403989,-0.9845997011314648,1.717426190036794,-0.4965607541890148,0.6585331601362066,-1.0953592276749475,2.6525524707638652
1.2223927269679744,-0.7054182465082988,0.3032631946929171,-0.5827011165828111,1.0558083719102713,-2.442546992585479,0.5125116004792122,-0.469572800895551,-0.954101807108398
-1.155631881605348,1.3641172795828924,0.13093879842816342,-0.712020349439427,0.32249004962129785,-1.3772477600091715,-0.13176811219316498,0.7426182582822641,-1.3673956148019735
-1.7624696221731913,0.06715847950985829,-1.2642991638752512,1.0346199315978344,1.2407991628798922,-0.8608594700626597,-0.6353882902728387,0.19111200625658858,1.0747442720435596
-1.0148345437972528,-0.46816578314165447,-1.0610208911539696,1.8248485295954253,-0.24340729295191785,0.58397997042977,0.41289945251866705,1.9158971711929587,-1.2192875744878824
-0.6644504446992051,-0.13136306192772185,-0.4200622834353081,-0.40538835427581693,-0.4405739376849911,-0.4324944088859791,-1.0206909923469347,-0.9817174745492678,-1.4849387557284754
-0.21732282498265693,-0.05146251417245742,-0.25410805232972894,-0.19926699322042565,-0.8961633868122567,1.6569228972938894,0.49106479919858104,-0.7202258223270607,0.4628870220049938
-0.17506122657496892,0.542817223334214,0.33123303522867403,-0.7611327741221563,0.5345349977988001,1.2175415559047447,-1.3267693819302406,0.8765397318417216,0.314680232700555
0.26157178028441724,1.4058389917601992,-1.22538125017055,0.13183267047936195,0.14653040214307822,-1.4819197640519506,-0.7633069663599676,-2.069773840889111,0.29653807205478155
-1.8977341587298946,-0.07453713511605402,-1.0664756779753466,1.3563406484044684,0.346897901942794,0.9437591350554881,0.9231567960108439,2.027877432873789,0.7571602151220173
0.06292863086491587,-0.24972460668717789,-0.4797724203604535,-1.6870133555665314,1.8386533259384257,0.8846590744432332,0.19369275877571346,-0.47719481964263,0.4519364215903179
-1.3642991214767124,-0.315526753093571,1.8088011104258028,-0.969420988515414,-0.9293198561844359,-0.7887106528525952,0.4810707239352704,-0.3047731616662109,-1.6016487131296997
0.13772722901526427,-1.1329665325071783,1.2652376317047402,-1.3464283974519573,0.5112538330374791,-1.6630087295441982,0.7471887293337542,1.610570358081642,-0.7790436965214298
1.021855735361542,0.258495998942706,0.4071463197059825,0.771457036165654,-0.07780683926616418,-0.036554706457927244,-1.819623096694473,-1.1912532779478875,-0.5573000940450824
-0.05679686831107629,-0.3922218056686404,-1.5324433084294629,-0.2614565179867954,0.6902152478283049,-1.290163373401304,-0.027003677470484405,0.0024147105182036493,-0.5987006642515648
-0.04851167009771749,-0.5258104462510326,0.5312088103282149,-0.16503379161219003,1.3423513626488566,1.9974007902578315,1.3949561442793659,-1.192721657074761,-0.39407539814052717
0.5890204449793034,0.8296487075613744,1.3719396074128305,-0.5570158037013213,0.6085830656123866,-0.42132517711634776,0.5307506323381564,0.0855507208189442,-0.47815140114935883
1.4616470867688536,-0.4309468166704002,-1.150096269783991,1.0668485844370108,-2.301739182137065,-0.704067972848724,-0.6594797891740631,0.5652916177738099,-0.3163824194857191
0.1617245707968419,-0.10675565955699355,1.0514223036527839,-0.4815793439873246,-1.3495174955019926,-0.004732299867253821,1.5950662408400125,-0.9208460104670992,0.6236489531265808
-0.33826011529869937,-1.1657945361412947,0.7972946967551403,-0.1871862743791142,-0.6164977636437391,0.4344691374600329,0.08638487519926479,0.648219311264046,-0.610307448570038
-0.4224221517960033,-1.3986765436508497,0.6356154053692142,-0.18907835213982932,1.1378906956670982,-0.12062366737252203,-1.3709517436257959,-1.9050343546271875,-0.6036497313217322
2.0097486413521013,-0.05406857073533497,-0.6867773631299878,-0.6829789324055331,1.8095258750424896,1.9441876531123496,-0.8123769303139361,1.2427199159207867,0.2653765893382192
0.4081535922620447,-0.7069262078183072,-0.09995517123636209,0.9101474796442739,-1.1433093083580133,-0.905180329988216,0.4698713549279348,-1.067925266358352,1.197761476778534
1.3286329748227252,0.2822565443256848,1.5097687503365635,-1.8474576223150099,0.5787462940274628,-0.29397982306550335,-0.3769127446101433,-0.29618579300961195,-0.56015063248238
0.6375323719473508,-1.1104043109457555,0.26197150651563267,0.7628818705695288,-0.21552166455022304,-0.18135335486180412,0.34614510997933495,1.9504998569961862,1.0353637323631686
0.9165888146785648,-0.4421568145322398,-1.0953191025870377,-1.0054316698540762,0.13832944251238086,-0.9958791221118792,-0.5206969655568339,-0.5610314009740637,0.15586084211352824
-0.25345932078566286,-1.2593773248475906,-0.9923334656739008,-0.8711533750383549,0.137031952144878,1.410970665987828,-1.2022689026672235,-0.029735290712514045,-0.6281467519633366
0.1002590000285215,0.6142599085843868,-1.4112572440855957,-1.649699943331877,1.5769782503684984,1.6999868393878739,-0.5264450807292,1.4854507482449675,1.3462821111792835
-0.053571365683261554,0.4083243976004734,-1.139397417263483,0.5134637417113416,-0.49203071123294007,-0.7298462331676769,0.991335291574112,-0.31230860965968443,-0.4547293370694968
-0.3624742542993982,-0.2395835906401216,0.14613943544903416,-0.49700632837950437,-1.345270909833715,1.477825796332226,0.07484630734752411,-0.11899275510820595,0.004997862110615775
2.883787573200447,-0.7573421649919162,0.16313413015686176,-0.1896885432493288,0.1925274110194854,-0.3225890330046464,0.5760309362791887,-0.2792243707501759,1.742096521613309
1.3141465188508037,-2.440759523947727,1.621191767480923,0.7986664087622345,0.19247682696555254,-1.360292822272859,0.12991935178291308,-0.9233173328340396,1.5515160825280778
1.2884432609682808,0.5104627041314785,-0.5214569862922659,0.15909258843360446,-0.39277318654396315,0.928038224026381,-0.5026205042006491,-1.1386637684543839,-0.4087311989004047
-1.6872592119532974,-0.5444186248854467,0.2185364252732967,0.5438271169062721,-0.6253743207396067,-0.6354055722269758,0.007359345868435002,-3.0792468588231827,0.6689887079577826
-0.6728115721582261,1.2115933408357773,0.010316575833448898,-1.1910544622567394,2.8185474229781042,-0.3422821765693098,2.229667516034247,-0.17760382753952586,0.3307436824826078
0.8410306304617047,0.26887832067946943,0.01936978435148663,-0.6693301055397769,-0.6472579541386568,1.146521297189965,1.2063870215391128,0.7299789395170536,-0.8186791718881709
-1.6405473825217118,-0.9892992668836366,1.0569937426221176,-1.8712579131603972,-0.492558951543248,0.24337697078359116,0.06813011704926022,1.3028165691233087,-2.3333045886844745
0.3894081090164644,-1.0609975772280946,0.5044427470049636,1.594820851236024,0.6098603679395367,0.13694850595544472,0.8311698365817602,-0.8365781683875874,-0.9970770262860169
0.3268429662940022,1.4425949085117968,-0.19067009416697395,1.1972323108178846,-0.42270189579081485,0.2990852284099024,-0.36542514920919855,-0.17395003727454578,1.096651035539003
-0.9961098222868144,0.12632480369039617,0.10067529397201298,-1.3349268302584403,1.3208626554173732,-1.1207241253999125,1.3740376558753766,0.7931424398050161,-1.5014127947482567
-0.45649632370368426,-0.7881295489779647,0.9334954729560212,0.32130267002002283,0.16397313805045916,0.07023554161033528,0.5907911423863178,0.25689817057329956,-1.4610259744180014
-1.2912680752823618,0.8481947310268537,-0.5134020823798792,0.4765834091538599,-0.1274716789430642,1.6048092255998614,0.6020688844459597,0.09419183992539483,0.325099249286004
1.1352918824966194,-0.6663170182872983,-0.025166995498301016,-0.30240126543630724,-1.5530376496647609,0.8058096889590225,0.29662648788755647,2.1264935024809253,0.8690833672754575
-1.3055115031416822,1.285387284405757,1.6165224073730462,-0.48557500687768734,-0.9076170639417905,1.3774991979380382,0.7098914962718217,0.6937180359119085,1.5570872115907117
1.2401951259114872,1.3511317405080425,-2.1290715822480806,-0.5313127695279475,0.529004536540696,0.1700342767981792,0.31163106379963357,0.48253365998640046,-1.1689043323441854
-1.7635352542984586,-1.0090582207784502,-0.6954724869291595,-0.46019142010891545,-0.2818268714723673,1.266706198780671,-1.3184856948763395,1.1262047910046318,-0.9876270586844962
1.2819102887782172,0.23255447802522042,1.9530765793862999,-0.3454109237494335,1.7347053680401503,-0.8928676477149574,0.9076736581298541,0.48301688649214625,-2.1702342207874823
0.9403145894139394,-1.120163083358332,-0.8225850648848615,0.269306022609587,1.0227715313445795,0.037007216698156355,0.5772063768190561,0.23761877834112968,-0.49532861253833826
-1.3935606910977287,-0.07308014110574802,0.0969590084558605,0.4296294160072991,-0.21823298798820054,0.015317256187371352,-0.052078814907790365,-0.2626713532634409,0.5054306512010862
0.3908259314495631,0.84563766242073,2.252712991400923,-1.7093363370495127,3.0849283245314942,0.8138316838135345,0.05714350039779937,0.00136902264502965,-0.3443786438274912
0.883488474088786,0.3213938143163917,-0.2787381375317017,-0.3562497449540979,1.3358633973868888,-0.9208087143193708,1.4017997199803989,0.8827947034718733,0.5739229701674521
-0.21869915707391396,-0.278661902737794,0.7104270933649368,2.475507810413081,0.1687880896372043,-0.41208940454007514,0.01188589652009991,-1.4031608126655264,0.43902694812663856
-1.0569011366931402,1.1497559682948986,-1.288822451627026,-0.1379805545541398,0.8730412842537497,-0.6695513935576795,0.5448549176371009,0.14306552717661228,0.45270313056208256
-1.4518944382560743,0.5290110721658469,0.522178672637448,0.7864919538469729,1.5184951706609369,0.42913442587937656,2.0920774529258432,-0.7446336222418437,-0.8277717306144327
0.08748520667440488,-0.3359134588655748,0.3308176912604222,-0.8512997509166035,-0.16760754696172842,0.2697329054603573,0.26735801170120843,2.3623472725581585,-1.116864169395356
-1.1872851054328915,-0.3144282261299133,1.6675504767399216,-0.2177343919430109,1.3933838189092107,-0.1315133883275606,0.5631216076630843,-0.5708735069005402,0.24404506753482305
0.29111944018258584,0.45383465225981146,-0.9786172959759396,0.5969523987720281,-1.6531327296259168,0.6887098808704732,-2.5890169126541633,0.9148581103840323,-0.11185813643157876
1.514207636756431,-0.40847131930784925,1.8484474131279474,0.19857823418860254,0.6292632384750912,0.11603720626728191,-1.1748930019705552,2.461937975666351,-1.3401396735674267
1.831894818479475,-0.47104252290603815,-0.9296723944468585,1.1598604266741996,-0.4346001893735843,0.21219238972259644,-0.5453430980067452,0.9442024937698461,0.0787812649955227
-0.956741760984061,-1.313565837626846,-1.373627001814143,0.3250877082204205,0.5227217701366428,-2.6087321460643644,0.30658099493271257,-1.4429233432469897,1.5607268759338226
0.1687575648486293,0.24406096456742987,1.073335728981056,0.07779086298812443,-0.5482457801199986,-0.3951771601445387,1.8025849117424595,-0.8545899012475338,-0.05666660378645243
-0.9783753311282364,-0.24976980627242584,0.7744589925561814,1.9795030413622743,0.8223697807762204,-1.450474373784571,-0.5953225581355727,-0.27937907945156615,1.5948258055719284
0.2547426721301865,-0.221990700874212,1.1265711501195619,0.422188024656478,-0.025266486033830707,0.40453691116091267,0.9284141378389754,2.204307354978742,-0.43564853407513005
-0.12594223653098244,0.7447372593664947,0.0778199305162351,0.05024009782359694,-0.06754755905862955,-0.8066584166642009,-1.0060293175716284,-1.4559708961134987,-0.6250464328908586
0.9399725460583439,-0.711712496094489,-0.29004485038550015,-0.954325564206458,0.28250535985528075,1.1654094058679787,-1.6373539095849223,-0.9225286261639062,-0.7213478115284676
-0.8445599623084056,0.1838619078992107,0.8414536235969959,0.7523438094183744,-0.6657116568122599,-0.40804700414330985,-1.3889955886730956,-1.3424197771446817,-0.2086815416390776
0.11871934514310446,1.4548321964046729,-1.868720199568186,0.43125582100606796,-0.6715835778011103,-1.8388489374885255,0.026003195957995724,0.06824129443353248,0.36140852496799575
0.7902748679050938,-0.1323771158110386,2.254354983831044,-1.0922679485122773,1.713270644801286,1.5211978717459758,-1.3500161407275388,0.28038745965558853,-1.2247946900203586
0.059308987586801705,-1.785861877548094,0.7667973374392543,-0.9748509377813875,0.4483665110785601,0.8529269514503768,0.9421064461398237,0.5125336458539085,0.2668479601372773
-0.006977138853295117,-0.574643227014042,0.9698030203611323,0.5550667908481954,1.821183696941921,0.5796622917647293,1.0814303713348614,0.2525067746272447,1.343159021003476
0.1827588962262912,-1.5843761086456398,-1.4018220990853945,0.0666206631270198,1.5615750891834885,-0.5159317018118116,1.8644766011230156,1.577025053680271,0.3244457763244705
0.2568200580288475,-0.8958625909967218,0.6168788616405876,-3.057994669918779,-2.546557156511559,-0.39853694857782906,-1.4024842074296127,-0.13755087473566435,-0.18682652930878732
0.22382602620872746,0.6369659970255716,0.37327032254268555,1.5995073492376555,0.3928893137067931,0.4401629011731648,1.1369039321558236,-0.04428929771273261,1.662642013906707
-0.37808398229710216,0.8264111496611016,0.5483684449946861,1.0694636927480083,0.30729965840723306,-0.3222728375050762,-1.034888088238148,-0.633491917546243,0.3601869428407051
-1.3085633959679894,1.1450771254697536,0.4914061705913134,-0.6167101756941986,0.9960079516578287,-0.17999454136837673,-0.35016504227927225,0.609863781547074,-1.379115632945275
0.33202561830348815,-0.2887858887017357,0.18563190829096374,-0.46370568654629757,1.8518690592942557,-2.261552584630698,-0.4004746973244775,-0.6040011560415095,-1.3875283014432265
0.8486468223624585,0.7437352633891328,0.7880795729019036,0.7267159810091625,-1.3973948164216001,1.5799852217830705,-1.7963048275419966,-0.9010100525577447,1.090739670170616
-0.4442123149334656,-0.009942923221888934,-1.2176680540417795,-1.2792067930153048,0.34711735073745864,0.543375246910551,0.5632585831887086,-2.010136236079829,-1.7123262308545337
-0.006625382572257118,0.46498128618739465,-0.05308835454801192,0.9381346100866115,-0.6153882124515748,-1.2149752407611114,-0.2615598281607661,0.15453332048106797,-1.1081310101773783
0.5781561480668606,0.483460717989052,0.6586027762307449,0.3738046022068728,0.9919604807715459,-2.0342361733679635,0.6381826764896663,-0.36110998177169107,-0.3304981048287955
0.06401439851416801,-0.1084102793915968,2.032291450627644,1.279248318667994,0.6586765777661063,-0.20690992382176265,-0.8189058445930966,0.6499961692159465,-1.4306631821256168
1.5593294718167126,0.32392894582792914,-0.16208710402279197,0.4419166179983356,-0.2162613199928829,-2.6602126447396977,-0.4864443932516489,-0.46006080771917274,-0.012163454788981908
-1.4446379076511635,0.451798069120023,-0.6983178976092945,0.18112233605471242,-1.1257522391921067,0.967453061395377,0.06345705874590296,0.6923378081016345,-2.0515774547641166
-0.5506924479149089,-0.4592371146594603,0.8367133867671179,1.57509277979361,0.42062641948749285,-1.0993171282669847,-0.5950873379484143,-0.8657696081941685,-1.5908848645868505
-0.16156071761107194,1.0073034152456606,0.22442362745565383,-0.3295720247404978,0.6571990546964795,-0.20529427396588754,0.7217691481144157,0.3855352670597368,1.2599418985397293
-0.5040127970778097,0.4786728762497248,0.19776249816436356,0.7902038973682226,-0.3488156974220629,0.7320073544366619,1.0292689312324483,0.1846926409373477,-0.4565731611352039
-0.045991287225202154,-1.6294539056416595,0.5694588669248072,0.6736845181719163,0.08824629919870375,-0.11318934785059444,0.0047248227228894124,0.16335630719148314,-0.024075780730550805
-0.47274464415864625,-1.2998075628716972,1.520962395400702,-0.22807790313578685,0.785670908164583,3.0342355980032254,0.6505204844177548,-0.18401292344690537,0.42995946348408853
-0.5956425350727248,1.4592487113640584,0.7769726752709899,0.7302703203438603,-0.9325100027342423,-0.5978145568001582,-0.5422525214011987,0.24313338694367473,-1.4075426527785273
0.5192279487182964,-1.146234596266956,0.5720896317726243,-0.8830398957275211,-1.5886950200441539,0.652339544793357,-0.5986396793350233,-0.47846488791152353,-1.0417550233176331
1.337545520027845,0.09535239028054503,-0.7739359548305697,1.4524338390198581,1.4676432561866448,0.18927257438719455,1.5267309748794027,-1.1227946273399907,0.36297611685001824
-0.6508967669976418,0.5848136169330448,-0.7594001909786217,-1.1865725530833637,-1.252174263515419,0.026355453251668305,0.3183979222426134,0.5685402958980317,0.1375876731164354
-0.19958811671810844,-0.5282803246087522,-1.2262004200070198,-0.5425390185654622,-2.3012038591614865,-2.1029238507895043,-1.0822507482311028,-0.5374805983594471,-0.08393575946339074
0.1166682876634277,0.6478104327954466,-0.45304149592912063,-1.4852242003790161,-0.1219461035851608,-0.9316349747412255,-0.4844756957098807,0.0010563501639472552,1.1839131668783607
1.0107353040457252,0.9473151395590023,-0.24736153685544163,0.4792651822834041,-1.4066982442900602,1.3462951787777806,-1.0926245828020535,-0.9174435534717701,-0.443445376169606
-1.92594151430839,1.7094496437126085,1.276580990532871,0.7028647682092869,-0.07164148826406973,0.04342731045027192,0.4521189950872747,-0.6672264363946081,-0.06784147428561181
-0.43501438376444124,1.421870774337005,1.4777548918005272,0.6571459781648717,-0.13680349364437372,-0.6677988358320045,-1.7704999576662157,-1.336558461070001,0.3036590561836611
0.18414678468984014,-0.3120703321529223,-0.016863768393016412,-0.6271894927293996,1.2835844397706517,0.5934555165739592,-0.7652941314908435,1.5412854605556066,-0.2265978194148124
-0.6785842726995547,-1.6578631506540409,0.49431209019995614,0.6736015953196551,1.5208129134557604,-1.521322029675878,0.07446848038208335,-0.6243014819995734,1.0036980870025585
0.00511394783212942,0.48122357912228086,-1.4303886158591597,-0.6925760974406813,-0.12367622749718668,1.0727801955473257,0.9004745599353356,0.17571187767277188,-0.7766336477929705
0.7986382869520026,-0.5826905215728067,-0.4338097448535955,0.7994789932875733,0.4967723139590838,-0.8257591834308157,1.12775905375172,-0.502730574059559,0.4756387228630869
-0.09067699981925614,-1.261357136037206,0.16334335583658627,0.313845829790336,0.6047007227775338,0.18339091421729029,-1.5258244342438823,1.0341684295963423,-0.10546649558406461
-1.6626985717811005,0.3453854532234814,0.9984460820233173,0.964173650033095,-0.580416099255921,2.065942323918728,0.5704510051162699,0.5483972538267059,-0.47985981381315074
-0.4176670081201291,0.3177988143666881,-1.1446574034602244,0.011344817666822432,-1.1950028027993622,0.228892914436865,-0.5482891006143104,0.7513516420382325,0.3160739845185414
0.36470892016975903,-0.7458518322299786,0.7832020767797907,1.1844570672540302,-0.6303337134148823,-0.6874143263923591,-2.180557203787481,0.6171788623472853,0.4455574107873876
0.4531926246662597,-0.40239623827612203,-1.1059960234517405,-0.06497008987068002,0.6450665543050061,-0.27888554007139293,-0.7541598697748674,-0.017669764860588105,-0.9021751471001653
-0.9619101972359483,1.9645692599935733,-1.6631436128893524,0.08678324179466758,1.8860766559598918,0.6047449679389836,1.8851553181129448,-1.039019169835071,-0.6632457681060432
1.0051960145768755,-0.09214192397618272,0.2161589133276323,-1.1135251812119709,-0.09177248938134613,-1.338272134098461,-0.552745368667142,1.8251177682209743,-0.3904005143477406
0.5695723206849832,-1.861118247095382,-0.09805052122718423,1.540813118581728,1.9606470150674642,-0.12784798944101147,-1.0916471990093963,1.5894913433353162,-0.6378982173546047
0.22233733849510798,-2.3859619497134474,-1.9268315315099152,-1.1786035745950565,0.2762241980722587,-1.0224798408822346,-1.4122740422316538,0.7333626586861844,-1.1297631343413226
-0.778440752762143,-0.1590867550106032,0.0007521657796757391,-0.1349310219468379,0.6961474509596831,1.0396165435393818,0.567859203166635,-0.46198597902600974,0.3782380215858759
1.2884350774981281,0.03149641039584738,1.2770019622172117,1.8690083223119907,-1.2207632369179395,1.581221180555671,0.5824094569179904,0.7754905870727683,-0.8300954199184886
-2.237792163956017,2.131602336279915,-1.1976999931431722,-2.6668565337695638,0.560008701064479,0.18038929599027714,-1.0264621481299963,1.1048921004918877,0.9693568199891011
-0.598625872922772,2.3632974166658864,-0.2657655824830778,-1.3678246064330741,-0.6790302194554563,0.7197838384429046,0.8932962189339645,0.5123200008775443,-2.308704123428153
0.042385459709815464,1.3652404425127522,-0.7714525389151179,0.7841035006776889,-0.14879974145147276,0.7557165870934315,-0.4638948135417558,-2.2787651075546957,-0.7171963315567641
0.4052618542894205,0.2562738652098156,-0.07380690127906707,1.3066276688956546,-1.1034381408782479,-0.10395797342730087,0.7189931612124154,-2.417123412457794,0.038619427904919755
2.438506737025891,0.08487808278433899,-0.5810229637189215,0.2916202853937896,-1.3049334253661398,0.32594055746958417,0.8815257366866156,0.9866316514618725,0.7914921209936855
-1.1396815906743012,1.1031448064198133,0.4544055283765495,-0.23537719571168178,0.7327730456895111,0.12829737492785576,-0.9943745748991518,1.554333906198793,0.49098294540520726
-0.34240736427398194,0.23709956434651427,0.335574402559876,1.395234915682618,0.48190515182816346,-0.7959851348529022,-0.5676274132384496,-0.5303247277184988,1.8977652185711924
1.264273980474287,-0.4265738818205118,-0.7001042220391144,-1.0117692921411572,0.1468896322137177,-0.09987584282318263,0.3464497621496605,0.2127376174560184,0.5654028289841186
-0.3849615831962867,2.444827726544191,1.366744962101075,-0.9692750628327776,0.05192406591434777,0.5521352199958878,1.5691215935323237,0.7259534269958389,-0.2891117260242854
0.06856033874242896,1.0364094527585086,0.037380046030950465,0.9098577165863586,-1.173949127066375,-0.35210273194155156,2.433319325786578,-0.5964683082140968,1.2644498031279119
-1.069064645761337,0.4932731582628115,-1.7521071906874734,0.6016182810515033,-0.012061955000855457,-0.098221013036148,-0.8386366976675921,0.8030288131964936,-0.15978836357071524
-1.1335667752706677,0.1393194169955853,0.33824283909751746,-0.30639746492462133,-0.514717004824719,0.002855612755433676,1.7833919949567902,-0.13323512611842075,1.6876577049153618
0.4062468093179664,-1.5524751404127721,1.0265945928290368,-1.0760920523138535,0.8778340848981521,2.0575328342245838,1.425521497599348,-0.2758113561148434,0.2554966934525559
-0.4156209777296396,-0.6042895550929867,0.41597325658818535,-1.0295515532909396,0.2727260784186033,-0.7572700510501668,1.2412393754150581,0.8601651797125378,-0.8675668188968086
-0.8694189501632563,-0.7337145792524588,0.15896588594327826,0.36495446135759085,-0.49346469941622506,-1.6052809635021295,-1.4283729713972406,0.1697807055402844,-0.40622469692569385
-0.9324396514491149,-0.31784141613155786,0.5756023726346865,-0.7864540663524636,0.07029115214452712,1.004278732526081,0.5955440974346479,2.6472136323957,0.9962662921349952
-0.8397459389127767,0.09866715573238284,-0.6759933424161395,0.6692139370990993,-0.3803197657428113,-0.8254539698305454,-0.4084026308590301,0.32406962626559327,-0.8361747054172509
0.3628292782201102,-0.8601081261775745,-0.11133224987458004,-1.6754781162415184,0.7595954269034008,-0.7089850199601794,-0.45696150239986916,1.1108414746189588,1.4574310100721868
0.5122540699765157,1.1482741091275106,2.145729037749717,0.7870243745738321,-0.6264932189062274,-0.6609428672865849,-0.04741228161079199,0.20565078645289397,0.13252671110377973
0.14763004242908442,0.4137979592755615,-0.04621734904412397,-2.03525458214852,0.8838353085114395,0.9207008765917692,-0.28957108396591896,-1.5309556437737777,-0.40783824140348884
-0.6677523070973054,-0.13353192764646038,0.32343680107246686,-0.12061303886345161,1.6989565014800359,-0.37853563585786437,0.05216529810570133,-0.4389655484502865,1.855454334316165
-2.7559293843250567,-0.6062725049717337,-0.1757901300049929,-1.293807507795374,-0.5301204344331248,-1.2884755421014336,-1.5014118830775578,-0.587332841304376,1.003278089891708
-0.5506658998416939,0.0047009799962447595,-0.18202082388945445,1.4985611800888998,-1.198304894561913,0.9738340076879195,0.009229016307844706,-0.017653718125173273,1.0440731290126373
-1.9589441362318258,0.22936859393573164,-1.9390438449017913,-0.49210744163426695,0.16174763821951516,-0.05544943596303275,0.11568165636863764,0.8531771460388001,1.0649423395228046
0.5903787008687686,-0.06656132744542444,0.39843759211855234,-0.9774219575282008,0.3380475575287907,1.0029686387349737,-1.0667712014849815,0.852838121403323,-0.04492306653316789
0.4062125600271368,-0.1920566084126048,-0.1998293275396134,0.19590981505055813,0.21600950939843439,-0.986653559841518,-0.8067738562198492,-0.6884051135223377,1.1448438677791444
-0.5790230616070184,-0.4957405144724992,-0.11969538715502662,1.4435552875020363,-0.13618473918022936,0.6408206847738895,0.12560173128008154,-0.44607048626067825,0.9193328663453234
-0.8945175592160669,-0.20713034719939502,-0.4963674997721388,1.4375600077242432,-1.5639218717118104,-0.9727311815230277,-0.16230222162803018,-0.19390453802452529,-0.7802949036452428
-2.6765523306246504,0.48557879774611357,-0.6131285019375026,1.603413810146607,-0.3647066024078724,-1.2729735032571527,-0.08042909300682359,0.6516933320925085,-3.436828337895049
1.1326347642752157,0.5892671222895579,1.532477040725755,1.507531945752457,-0.6149306549441856,-1.1932916634798059,0.5630973157685777,0.11788276639941107,1.2209960892214726
0.30046516514746624,-0.5964128610953074,1.0837502064193074,-0.1055135505686498,-0.0655386047293419,0.32287387329123957,0.2989950567740038,-1.8330275846998951,-0.4416096985966966
0.04686744724175872,1.1965081093366106,-0.5227197693445427,1.7630788059436275,1.2698274519647974,0.885838691570126,-1.0639003671131697,0.5551915885330363,1.8097344828914617
-0.8999034842146746,-1.3026974624012972,1.046383842142503,-0.9927416723748128,-0.8257914992875192,-0.019888365581201037,-1.0818226413527647,0.7566102792657344,0.7004025714597064
1.1374735232736477,1.1133684245362705,1.4153517088279712,0.4793311933018147,0.34027238258503,2.4639361912649025,-1.4329061285235711,-0.5860121765382261,-1.384567397458517
0.14013150467051416,-2.0236343387973372,0.6814832010458713,0.10126340550309032,1.7954165581885588,-1.0628387996496065,1.4121477177104493,1.0655787029685682,-0.543481756066248
-0.7338115797823608,-1.2156395248668717,-0.5605781813192592,-0.5190670527154109,-0.08026309977107053,-1.1412548424987692,-0.36449064463034264,-2.100791428668043,-1.265177061232278
-2.237996465726284,1.3389132625988482,1.580205898866688,0.6797362370540854,0.855226423650453,0.005403046065011045,-0.7010225615156315,0.9522025260538767,-1.0531661714704403
-0.12910003638258555,-1.86294281265132,-1.1645660531916309,-0.13537199787964632,-0.13326135843002482,-0.6653360579013383,-0.6865148125062653,-0.2558374812698447,0.19841097074442018
-0.06289314742970166,0.32083456479193045,0.5547739012039885,-1.0786775912142104,-0.17470058570215657,0.03735591777960612,-0.9694593263619248,-0.0783404155721933,-0.16659019103962727
-0.3752331350288692,-0.566545072893161,-1.118553426450614,0.0494203606236178,-0.19437910082647505,-0.03755167445889557,0.7507633289952398,0.32246183342653545,0.21496607715386848
-0.527904251383611,-1.6634439929954268,0.7904131798667403,-0.49818521601707094,0.42721194905570997,-0.38168127094695764,-0.43143382103623173,-0.5011536349424274,-0.18764762715208777
1.6097636189875786,0.9651065915898975,-0.24700106847403105,-0.22297245522516432,1.8015293070681928,0.3514866434142949,-0.9693389488488339,0.32389853244320466,0.22469844659962646
-0.09602278185349424,0.7628026231301586,1.3325532756165224,-1.2122181169725659,0.22447215671097093,-1.3499238028159364,0.20945056242814028,0.037137047053895034,0.43178748585661114
-0.9502181312445204,-1.4662495314211395,1.0498898114510875,0.03700121342210813,-0.33225827806893005,0.8063714726879194,-1.5463874054132427,-0.9106432067093593,0.05582125520375316
0.9736718644750665,0.3869884890939448,1.7125553744338673,-0.45001254808153573,0.1456522902747522,-0.8196514420696824,0.07720669632740226,1.8868929738302962,0.702510053374244
-0.15351182070025612,-0.25023903868324937,-0.6973484670796267,0.1915417278069157,-2.4821070972785164,-0.044641662823499934,1.1166050167803383,-0.5985098101927844,0.6957477277426644
-0.01669611506759978,-3.192784476241807,-0.08433535184835206,-0.0757662955519317,-0.7687266107176126,-0.7289367904804498,0.04585066563493747,-1.1532512449147534,-1.3326630177244099
1.3247608631306023,0.2764989295224327,-0.6804139422435539,-0.35094663843649015,0.3291903480607896,-0.5485662945262564,0.521799515162058,-0.1304187373866377,-0.135966571926934
0.1741745065793979,0.8800595340599515,-0.11434443632444265,1.4189799661871296,0.2852135286800598,-0.7157470385048357,1.1951776858725802,-0.580896924830441,-0.49132116740564646
0.5065120591435991,1.8661328380217876,1.1852384542248386,-0.2732476603122086,0.18030272381787724,0.1436998530917613,1.1902367019811426,-0.202602688269728,-0.06374321691273589
-0.06796246529435723,1.803689296627702,-0.5983110703246003,-1.5005456257798477,0.18887523793214903,0.5952395234185921,-1.7307226017472603,-1.8804081517678601,-0.28939172330628643
1.502818759498383,-1.251282850349491,1.5675256990328723,0.6541831130521074,-0.44029646821178725,-0.47663052339561907,1.0583006116520433,0.7057845933211738,-1.8257960169402034
0.9912534461092407,0.24703498965116133,-0.741998433856535,-1.8329017206956162,1.2695283614169264,-0.5340723820167008,0.6997531154486595,-0.7583955665288508,0.6919878604538328
1.8515884949933357,-0.34499852206978127,0.08888900269571412,-0.8761048451566545,1.3378003380610801,1.5994318448282092,-0.6974108120025719,-2.647973265659438,-0.25851946686271204
-0.0905634146264101,-1.7319978453805585,-0.5471789663767818,1.5573673277340792,-0.7487551954284528,1.3868457153286602,-1.2421695109675035,-0.2017044768243752,0.33027669086928296
-2.233617927986986,0.5973289329192395,-0.9992756993016687,-0.46345392040315064,0.10208161818252581,-1.2170724155077588,0.1290209274432891,0.03721151089801152,0.7824772678546421
-0.5724759894426449,0.40073789938124355,-0.578959983318316,-0.1426632738277972,-0.388057098113491,-1.3830282430560055,-0.18425453848538165,-0.8616064808475721,-0.6674051145061459
-0.05401328569587076,0.6695928282126206,-1.6384731688315493,-1.9003666165744322,0.09063380644413602,-0.46737448493051753,-1.3251920474850276,0.16456848461267914,-0.6544555004384658
-0.14488185132677467,-0.9178046215497608,1.0647088342163353,-0.10867980831011652,1.6456156508192823,-0.9179096506319636,-1.1399301298585585,-0.2737525306301126,-0.9199139425825669
-0.7670331620851507,0.8951795964645449,-0.7476368597719104,0.9892128373111962,0.018596430437400363,0.7205767854353882,-1.9997395206565234,-2.300808133374145,-0.05256914937055711
-1.4268772169903,0.7373182326762285,-0.34482451288219834,0.045778951188875365,-0.8697973298820455,0.7420486379985413,1.3666709063122584,-1.4451003287874415,1.3904385700743391
0.1607535111319715,1.3277806359038427,-1.722652538052773,-1.355353571061436,0.07732563632970511,-0.5015872252453624,1.3828543943833063,-0.3078179194013281,0.564734970265722
1.0745536660695685,-1.1513047772384715,0.8987476477357182,0.29813262165134885,0.18066868745265816,-0.06400192514449574,1.1415703692941592,-1.6820838709872963,-3.303831933242587
0.383607622308718,-0.7288321054191849,-0.5330893911471236,2.1534192175684943,0.6203010243891219,-0.20752483804470276,0.4757838503651523,-0.5230891501200359,0.21924935069404844
-1.5438751605407188,0.8532011741522981,-1.5735479729039519,-1.3103392962344114,-0.3289365844448473,0.5109265462683802,-1.0616883556338763,0.01791578082792925,-0.8569102620038858
-1.464326555072082,-0.7054381185072215,1.3462410641714455,-1.3482600065283723,-1.1680095781846296,0.16586885198788937,0.21989344945109754,0.2472898621944176,-1.32452123725274
-0.04221273976282425,0.551717613262254,-0.06870166683631997,-0.5520072900308692,-0.5416505505671372,-0.7272887133626338,0.3324282956276582,0.18144944176029953,0.44675838935391754
0.46065932132716847,-1.014764776448421,0.8011890249531906,-0.35131980393770273,0.2338189840121122,-0.24427171251015084,-0.22692869717874603,0.5514529998515841,-0.7458297317784188
-0.5203099032291939,-1.7850775480862837,0.666096923477441,1.4567796994547793,-0.852612017641043,-0.3519017204302388,-1.4415706387714637,-1.4889514498159029,-2.0791530879898223
-0.5626959927265301,0.9314104760147548,0.4318279600220242,-0.68460406273876,0.4676418528468272,2.0296721209075748,-0.5016142692557741,0.7774381231035348,-0.8908104650375416
-1.5974293538724593,-1.0524033226261078,0.25436805773023935,-0.33511483100069034,-0.8423347830632519,-0.2738874031279549,1.0810743412092507,0.4983487002136105,0.3868698596745937
0.6323140041743021,2.4458794545463567,-0.6276431533445962,-0.5666612487860305,0.24748428864475855,0.02888088173405361,0.5279855581455939,-2.028978099431061,-1.3919334382359125
-0.011660569762582762,0.828658799332937,-0.6400646627487797,1.8888716271796155,1.0756079268407526,0.07346057337086147,0.06381665096331648,0.5718551936140761,-0.05994315339274228
-0.31083834396786225,0.6128186666309114,0.8056071271688022,0.7845780360970821,0.3365139035612507,-0.5212541958392761,-0.5211865363808545,2.6813697026363843,-0.7253923943116022
0.11048416082780231,-0.0019702261920123794,0.9759708278978533,-0.07463744842528794,-1.230965916767527,-0.1235135685595396,0.8450096726086427,0.66252120150806,-0.8272120743904581
-1.4803799273343325,-0.6839059597795722,1.073663056550944,0.7095504336024935,1.3702402016477686,-0.22185035983931015,-0.11201780588736955,-0.7220795711788578,-0.02859127507253772
-1.6313121836573685,-1.2162558765274496,0.984007664816111,-0.9211458966035643,1.0547275690041404,-0.2996461077979048,-0.2215470232224866,-0.8055450498127493,0.8380059845571275
-0.704360672038581,1.3443385841356168,-0.6332826486470333,-0.6371799488862562,0.20815412750844367,0.2972440737554591,-1.0335235757320345,1.6037222718536535,0.3492103715423389
0.5330389925050792,-0.45906206050997334,0.37186379678920894,1.0074174001544882,-0.9053987501025078,-0.3743349777474023,-0.3206895985756991,-1.321207863096958,0.08636978692227924
0.05025310771328533,0.21134692190635287,-1.5428782319645604,-0.10446652596742104,-0.5504373452630625,0.16302303136859678,0.05992000093991502,-0.8045645262443571,-0.8005414045347455
-0.3084915133782361,-0.13693816492952618,0.6874196471974682,-1.3025039797982516,-0.13873930965130202,-0.45006240118750884,0.048809489666122904,-2.8115006126632687,0.27576928219978536
0.6468596428844117,0.09095882937042915,-1.377803292407944,-0.7658295012534855,-0.5221916594971062,-1.457558179271358,1.3313200005089452,-0.3288587647917808,1.261994949707701
-1.8845967640422319,-0.9054889268273081,0.1304398323403341,0.3012208979707434,-1.2112283671550965,0.2773957719271884,-0.7994573711906852,0.6137882803855476,-0.41101916177682457
2.2636244176775704,0.5613039418974483,-0.6133454936006033,0.9194638636621566,-0.28436273684357866,-0.4424438066646878,-1.1874286675951504,-1.1112123929677156,1.16848622556023
0.5227807252253494,1.3254046680711993,0.2491093356852458,0.023148809770600975,0.20348479792299676,-0.865937922478717,-1.1711723275912849,-0.39439136740129893,0.6482844105528818
-0.29474244333591226,0.6118935150107091,0.48540678314008395,0.9124544298044822,0.30182573604004953,0.34219639657745304,1.7828080683427912,-0.6716546712768184,-0.36728523787993933
-1.2007048466488417,-0.638913977603856,2.6787117463587267,1.2745064125142644,-0.5668815641998629,1.0617671671931808,0.4497998937834403,-0.23412820940432913,0.9796077393750388
0.7118510548997936,-0.3759756542234248,-1.254032322353973,-0.7161810365976918,0.8265714451096444,-1.344255973569554,0.8100509288392957,0.15518511613181138,0.08883472789068787
-0.976909824879641,1.0416154052325768,0.23389576881098065,0.34949084646318385,-0.5705093473615265,-1.0707462793815823,-0.06471596229588543,0.3436495357853968,0.9673615890509093
-1.10607208642684,0.6143132521663927,0.3650075310576793,-1.4332729852356476,-0.8911879394392912,-0.17014590534600352,1.7706887328640946,-0.6255465281207415,-1.043388357718289
0.4454187441972086,1.1580876540892149,0.3712303395850055,0.4401223504506199,0.2869731465712253,0.40558104193158045,1.4111255398137406,0.8289751812263929,0.8843401493232842
-0.7162226722905639,0.5389122392392234,-1.7572334020847316,-2.37901701110675,1.359694906445014,1.4719564749972183,0.5156309802866207,0.1554303768074409,-0.8485118385836237
-0.8012716376573998,1.424079626823205,-1.6632407132741263,-0.8735166673098371,0.2384276955872063,0.7397618911807684,-0.1863837548738635,-1.2499887718836946,-0.7456060995547454
0.41126020672076324,-0.5451999150649476,-0.22036058964699637,-0.04204339681151596,1.136239196180828,-0.1239999288770367,-0.30239874334322525,-0.728104261455166,0.2185247312564963
-1.4974337744829092,1.245363243425405,0.14452658273050584,0.0789153795243661,1.2924408306784387,-0.26542208731952754,0.7715006472544328,0.6185229831637833,0.0011112411054040009
0.3885279523467343,-1.283173311485525,-0.14097514583501602,0.99130274780878,0.08745108438700068,-0.306519677168996,-0.8529658563594651,0.9373618930718818,-0.7425576041083098
-0.41154162511181364,0.7644708252890369,0.47694444379333745,0.1246402175784053,-0.48337377930495024,0.8860372390164406,-0.7876355654337083,-0.20257525325113496,-0.6697535614727161
-1.4918798478598942,0.3881924157418566,-1.4113770930012763,1.0423437518412395,-0.6406001897396769,-0.0070279296532883605,-0.7827712208873082,-0.20421563201414705,0.48633130883441406
0.06841119866490539,1.7763026583637047,-0.11651927365417634,1.1204348862485696,-0.2874654933040188,0.7020486405408837,-0.2268207542577968,0.9042257077973607,-0.460450484572444
0.579805691159399,2.718172219142735,0.4723487920413846,-0.17564831352976612,1.1702036140700016,-0.463488649405055,1.4796535441077396,-1.6082468914435575,-1.7835281267576006
0.33804965919105506,-0.4590975052979806,0.650756132112871,-0.4922703299213694,-0.5830778710224078,-3.057989829671844,0.5475012650396698,-0.49001185546943654,-0.3547659567933393
-0.676481258865406,-1.3672159974784093,-1.7686527291741463,-0.029717262272272015,1.413478477047564,0.49863936968556694,-1.1391820143469726,-2.135399471773843,0.6520495861543639
1.5944564389842186,0.7002992035120169,-0.08926453343137225,2.465871137276777,-0.7066713107645424,-1.5779339632016662,1.9835417022169708,-0.12412601698938018,0.9404253289705327
-0.39112496589340984,1.3843992378543244,-0.8214851654667031,0.15581308580373326,-0.5414173472192289,1.1774236650093357,0.8891565776027481,0.8128344247019454,0.732645568566376
0.6685976145809277,1.5166756371138808,-2.550511075996107,-0.9836770748363515,0.5264093457959484,-1.1635417649036617,1.6182573676009246,-1.2511148148503985,1.830910390048784
0.21093298645239938,-1.2212421511464817,-0.9198486365689743,1.5450139933326277,-1.5595597161792825,1.0230718165322412,0.20110973827034248,0.5008537452920055,0.8832898501184722
0.8748826565501389,-1.526057829363561,0.18358297484243424,0.07961755289634032,-0.9653159310482798,0.8508025878243931,-3.2929909013798078,-0.46561860913062364,-0.21721430029450564
-0.02095086728695548,1.1268749091283883,-0.141974073272438,-0.7698867325635516,-0.12118049988790595,-0.6142233599962151,2.3671457700634826,0.04462162690187226,-0.31790754799661214
0.16640393364610967,0.5218977224943345,-1.528522516281462,0.2975319610861358,0.000873289041443179,0.09929921011385064,0.1729741371230693,-0.8106070211458027,0.537250592992685
0.32636383291890664,0.6440203260623537,-0.7355922299157148,2.325690454298448,-1.0552718800916379,1.7432892924153915,2.0849760542573565,-0.45638909980470754,-0.43971479991911905
0.5578345565162576,-0.325981984825206,-0.07081308169155213,-2.636981126560611,-0.5025628590112412,0.7540536975366953,0.9825080446986618,-0.44329481676144783,-0.7315632435167118
-1.1877420641053973,1.3896488406618839,-1.3292049368230112,-0.47771652015088933,-0.46337121599922776,-1.2954826377564241,1.5877521225078575,0.5445228967781449,1.7221095634084032
-0.8013705207520911,-1.2471985480762304,0.5699966149955659,-0.39263227793280875,1.061404815624251,0.3113746040491382,-1.5321971689252694,-0.6617715088760187,0.036968553896550016
2.2657375098316623,-1.6608832468860233,-0.09806207078133314,-1.3455218335208643,-1.0026962699867508,0.9253796308862547,-1.932480450053814,-0.10717308142022686,-2.468170222023389
-0.5197226682825814,-0.08764146912911994,1.689750609673602,-0.34802039708995974,-0.15575175084356505,-0.13989908474349225,-0.3189364456421405,0.14276179278446005,-0.037141783540454956
-1.0417466676614966,0.5092656747824942,-0.8487045071465896,0.9583300169769515,-1.2012040299846862,-1.9665166119261166,-0.33152136192895,1.211745808598081,0.6078646860481952
0.9535601922343487,0.6229355045901467,-0.7143937255827222,-0.12068074735427481,-1.2154541229043674,-1.4451873827722141,1.5313707674488184,0.036129277398619125,-0.899430146601462
-2.137433367356289,-0.5860130935760113,0.21266755733915807,0.1503729377220456,1.4755663487820878,-0.5039931589948409,0.4737566673592864,-0.8956488560216262,0.06138852607041303
-0.6035841258016578,-0.20255433149364005,0.758205875682663,1.096337002665779,0.612753320955063,-1.2331171800206862,-0.6480578126865284,-0.18882012854234326,-2.0934695016402323
0.4627886405866603,-2.1588389352474486,-0.6899558574386764,0.21165491312661044,-0.7980609984438867,0.25263072481115945,-0.5724264400708785,0.06974036648117586,0.49102213808260975
-3.0476254148311748,0.8987162817555574,1.138966226114593,-0.548745260980175,0.5652457450138296,-1.1071221645959735,1.0268547670915051,-0.7786398515959325,0.4226577575336597
0.8412823615341005,-0.9142601067683022,0.39780345317885196,0.5467419332430534,0.16957923377838724,-0.33539917388259494,-0.28195800114116626,0.17878878337500206,0.3170138047163553
0.3465012003451905,1.881701469282913,0.5181976133276897,-0.6348353731231724,0.006020303429083114,-0.04802264603061929,-0.507506760416822,-0.185849208720751,1.1410706011295755
-1.116180452010435,0.847640322417558,-0.3639840014347024,0.7001494699226175,0.9858480052337627,0.11389339597842335,-1.4489994638276644,0.2695388511550987,0.04735357602942808
-1.203314922510966,-0.1656192246545227,-0.6053567922290083,-0.7111368334840368,-0.8385772157519114,2.4787737917512978,0.04586059717591657,1.2783047146486857,-0.7996795920671749
-0.11460553616213792,0.0977300265117412,-0.3647827569253393,-0.6407240395142817,1.3785477886719142,0.8657947160864295,-1.524187632067066,-1.3187974883649924,-0.048359726380045064
-1.3393444158595096,-0.9014141152393633,0.5885917689028606,-0.9787203084309064,-1.0088591844902437,-1.090802424872116,-0.15559324672000063,-0.2707383542805392,0.8395563225020536
-0.8700593331071819,-0.177625725492601,0.18006174224953936,-0.40177538229291,-1.2085550531161917,0.7293198537048042,-0.40547111495129845,0.13518689897545144,1.2012531957271102
1.379613740193986,0.770270364782185,0.042660829490878883,-1.4777961383464353,0.14230709119391635,-0.07337462808821679,0.7185296579831469,0.3502344549418897,-0.7928621816736883
-0.1049571785533234,0.35446831223380526,0.09541913935080368,0.519257178549693,-0.8728872843065616,-2.031723926151101,1.527794103049687,-1.151269488662755,-1.4364529556993717
-0.41235291609750296,-0.15706862781015285,-1.0557350617130552,1.1482695175022348,0.2635647850551276,0.6486551166170681,0.2713108963282004,-1.5106213541485984,-0.13717371240235626
-2.795628723033546,1.4346162093214563,-1.455151598735056,-0.6955961061938004,0.31496863342412074,-0.189136987758938,-1.18417248269686,-0.9748913832856919,0.9614378090839436
0.6430749951261113,0.36732824228476857,-0.4369704171307525,1.3610204655850464,-0.15513687892195538,0.7321130009621234,-0.5653995532358997,0.9714403319142381,-0.35499558137922543
-0.6484147450957187,-2.072545030296043,-0.23552810994700338,-0.83162705082118,1.213151484683718,1.1919600609801606,-1.503305972493926,-0.8811585647067549,-0.13002676674902747
-0.6779524501268793,0.0622398176480795,0.21728247194039338,0.5212590805666394,0.5380872834945665,0.4066904312049468,0.6337045533653974,0.3508434090446273,0.5381716904349522
-0.38031387332898525,0.269726810354078,0.45478093649395135,1.4953956983471546,0.3229264048864893,-0.054257618215055474,0.3403095842366986,-0.6144848705013192,0.8826260492751653
-1.1525146438924878,-1.6963921587991408,-0.4226701419701401,0.9905250773010825,0.10078960835212748,1.4400617541739478,-0.6086630150656778,1.7322882976229395,-1.0851769877641912
0.49211198294275765,-1.433691102958353,-0.3623883529127076,0.06818980306753669,1.777882085737712,0.7839092093327518,-0.3530518501004143,-0.7443622764863103,0.7882345534602477
1.4077732060617265,-0.43436216639703173,1.6976338475695971,-0.6312280628057307,0.5730425825885695,0.823336399764688,-0.25801191215011743,-0.009031981926427034,-1.571356844694295
0.23127158424364333,-1.374411713621191,1.5743124947912115,-0.09607340340670058,0.5230703265918056,-0.5338529966186792,-0.15536989893526468,0.5398621607238295,0.36131742992370003
0.9535176445366526,1.3778249035189236,3.0049258449335965,1.8626610062237043,-1.623712415974098,0.39893223289938307,1.1522102923939417,0.29248503968398354,-1.3511186293652306
0.7562637623821646,0.5423480238489928,0.44055387668349444,-0.24711287068680693,1.2933280124048971,2.046161481977947,0.8836040536518484,0.10984967285454539,0.020069365641267548
0.8332652890919167,0.515486808085578,-1.0089356283254194,-0.4727335243567581,1.2915326360254749,-1.3157911944599208,-0.6356741114548544,-1.6034663072042057,0.43774455698759324
0.31708560635719707,-0.8638860804435223,0.17331843329057758,0.7280779006952656,1.0602674394315161,-0.2374348589743929,1.0807784700045353,0.013144657139075448,-0.408994558997046
0.7412641253275807,-0.1388383035070824,0.8775764139629182,0.31500755923710466,0.9073194024867557,-0.408129010903588,-2.173943243136361,0.8186289559775334,-0.3482163044107858
0.15596468139308955,-1.0709049419248282,1.7575814085697647,0.8853034035993467,-0.6831780866781046,-0.18943499525838953,-0.5492156198314003,0.26947236746537123,-0.6372114861933152
-0.056900075983031595,2.1617993290467843,-0.4911796392135943,-1.1190474376535386,-0.04752644697470803,0.8986845783964053,-0.1964997881259622,-0.2022842620167055,-0.12323543352023339
-1.0555559597029627,-0.12082988535551313,-1.137573826699491,-1.3142785227752456,-0.8431784582340962,-0.2846425917633836,-1.0002056504286758,0.6904533660111408,-0.549803871594321
1.5089519395380682,0.5743523289192887,0.7323361642387675,1.0890333029437747,1.6999387323321893,-1.5472678952775574,1.412995087485609,-0.2511048102757782,-0.7016062750020193
-0.18782914101334083,1.139198734545166,-1.907729039993416,0.9026639309727186,0.8946485979116912,0.46814409120031,-0.5368949172778037,1.0522398276595446,0.2328342245219684
-1.0496787133289767,-2.348232151039256,0.5246246650663622,-0.18341540353877056,0.5540248593647092,-0.2062625619462152,0.42067548903504765,-0.9732348193659539,-0.9124693952289418
-0.9568697495512359,-0.8747735748644198,1.439704062948572,-0.8936020986363531,-1.4149047222535651,0.5890671823180071,0.30502557074326203,-0.14109667314735128,0.7322745435275922
0.08577140293138515,0.8417897324388637,0.5307622964635664,-0.6542580865609163,-0.25381678278369246,-0.4477551006468795,0.6138165257959435,0.7725493687113951,0.6153196631615265
-0.19596386604959226,0.5483643925586552,1.0688890802904927,-1.4202773720419433,-0.49346262941952757,-0.1318997675753242,0.686592808938629,0.16063677059412387,-0.6582962818695842
0.23026397809065843,-0.46507234530956876,0.21839300132902273,0.3600431088323795,0.61020355559476,1.526308676405547,0.027687536241484095,1.7926836601995926,-0.0682585050633183
-0.7113628065584979,-0.11857260883977208,1.3353276055927739,2.1801598595209373,-0.09802920737887091,0.38506740985606863,-0.26247000092165945,-0.5154308232640961,-0.70458922830745
-0.027515005629954816,-0.7291839531763057,-1.6170916827172892,-1.1527160134015384,1.2018440243959643,1.1045429338969726,-1.4572490805129459,1.57960262458059,1.6037370098120516
0.45495482590010494,0.4157223791250082,-0.14522260774107307,0.6057669522376512,-0.6368731250331086,-0.45493609140306435,-0.46162491634132685,0.7109145399168664,-1.3690276278304414
0.4453739919362021,-1.3224672209673882,0.026363160725189273,1.1487759421377874,-0.4265407110650194,1.0784023368014322,0.6583706862780433,1.7132071266715665,0.6046828018152646
-0.41530799739493435,0.9284871729133682,0.616799157109878,0.9575342847918585,0.24113197850821325,-0.7118197056412149,1.1637814301148135,0.789190451965527,-0.40864380420741
1.2720347533105918,0.02394574498797833,-1.5429539051813708,1.4059067490517891,0.5161602221638941,-2.137020431472777,-0.2794767835385814,-1.5991393407753827,-0.49005797277206437
1.216169385803195,0.17553045538541956,0.9266813988339484,0.005697849409602974,-1.5477953801640671,-1.100163098744336,0.4138286868824878,-0.12044744271461391,1.9391493740477201
0.26889097619194885,-0.4254660735195292,-0.8639877533064176,0.5649836457502518,0.13928686174039703,1.0879573701009846,0.8243154727794728,1.2061959534756066,0.2456257847678384
-1.3024999636671264,-0.5190639224073466,-0.240462571568944,1.0900666653978532,-0.2601970023508496,0.9336902573911896,-0.8849665391616403,0.16802453932567304,0.3711911955547748
-1.2634461826283354,0.444323642374138,-2.0303884382238526,0.11354766244363797,1.3786701087476705,-0.7618841133094565,-1.4248867117990076,-0.016820478532492876,-0.9047886506291235
-1.5024230654219397,-1.2842827401266166,-0.7277695526371828,-0.6717874895552312,0.6891195955243121,0.3873040873889075,-1.8944363680018397,-0.6875984470991119,1.1566515570030114
-0.43077565499426707,0.9970530625060081,-0.5908831558213586,0.24442022024766605,-0.17033213612775072,0.27061652574111295,-0.6096885736551074,-2.3624568783615008,0.5180316743442789
0.19018156032217517,-0.27975312609209296,0.875035407171285,0.7691523520186537,0.6443224464746545,0.9860321342801361,1.3584819989279016,1.1126733513542837,-1.0607317628267285
0.6371478834623342,0.3230083859459885,-0.462544766713933,0.9075748471576939,0.1890778014832236,-1.4559348258494333,0.7543750891133291,0.2272239131664004,-0.07202799630653796
-1.6079314932738726,-0.5655884967811542,0.8809607215198457,-0.3938234625519947,0.27951292473495376,-0.9867730525669136,0.5556728938819402,-0.9200978947510079,0.700840466406692
-0.9841953202796933,0.6922015006521346,-0.9115873457616945,-0.472357811705208,1.1849681202935223,-1.8086250040785727,0.17342678812296422,0.5442107527415322,-2.5246493318003385
-0.003678187757588821,0.1477942571751755,-0.42472268736033086,-0.024862066671417847,0.6404968097646587,1.2906068228156737,0.1610308879544733,-0.5973899686894101,-2.363334250321608
-1.8379597672813295,0.29889993527512493,-0.05874195183376285,2.541462518287454,-0.2061423791719062,0.9433399778854471,-1.1031253392346916,-0.27322458508355296,1.1300831784085794
-0.783606893492483,1.4482673246681699,0.8026272434609014,-0.6417816568392538,-0.45083637740597715,-0.5333099391435401,-0.1219251209325466,-0.8735559423046335,-0.23393508694833207
-1.9712509825160174,-0.5124774618985339,-0.02028439666486047,0.9476459135176845,0.07590855641633483,0.8785157121099337,1.4678463774377721,-1.265198728684502,-0.2893088120321251
2.7189881711136423,-1.3353342300213291,0.09509822461828121,1.1144698649032039,0.0625473855634403,-0.0060570903570662075,-0.18010918731855657,0.5659157098454994,0.47447969358048825
0.11550125604169671,-1.7792582614347252,0.7617833464807058,-1.6553342056685247,-0.5583381535675822,1.0289204962384604,-0.5337722746367437,0.7883096280674077,-1.6888573877429345
0.18379592488743146,0.42228840984940696,-1.265313851634888,1.4496566296306874,0.3658586308919095,0.46139890492793895,-1.059447388302317,-1.0212211860579452,0.1949278659230293
-0.6780067816138043,-1.2579345252945913,1.3077191064877582,-1.3355056437793196,1.6761114741366123,-0.2634826096357424,-0.2156556326783542,-1.098445832575049,-1.0876439963872715
-0.59924105062049,-0.06721783101542461,0.4806389669981126,0.21935900239196304,0.9507764073950308,0.5002116198700706,1.9376056949640097,0.7055687235484241,1.0573121194699593
0.13634563148646567,-0.5389194393588316,0.24059318261547927,-1.3224336424771905,-0.2027606511687006,0.7916206475611322,-0.1252987148867271,-0.2025674368903266,-1.2218559572068888
1.1726901782977888,-1.6183899740800411,0.5408116250849249,-0.7278431434614366,-0.843072316925758,0.5360748962178465,0.8068663067274885,-2.8549070815113673,-0.43118544953550886
1.2160761297798948,-1.303244651832662,1.8241481964613586,-0.48082889220539027,1.2495565892212512,1.3996743355782713,0.9639105473386825,0.19759939717250427,0.14127038045351104
1.5182877567644841,0.8364508367106432,0.004983080844306734,0.7418203001817056,-0.40551215323316214,1.0559572735352318,0.28664209425178766,-0.9612775384497906,-0.08383232654347095
-0.06621992175381917,0.8261595374275957,0.1761594647457861,-0.5290103691503631,0.3407950202780422,0.8221781113920351,-0.1358050805096512,0.6282375947210513,-0.6383035852952725
0.3588217484410119,0.6801570846452742,-1.5132398258108777,-0.09870115843376054,1.1896083985284591,-0.8699204280800168,-0.11621666247646374,1.023356552173225,0.4302536730967193
-1.3482896279293013,-0.12453806669272707,-0.07924775516104471,2.127879917126562,-0.9959461137566045,0.6612824286331199,-0.8884346414328068,0.7995759489220646,-1.8387121696508737
2.3613127336375106,-0.7337695641868142,0.25335310733956473,-0.8388878658755989,0.9792591384921154,1.2683874773446115,-1.9522804575176806,0.6580976564697744,0.021427384422811748
2.0028982369869643,-0.33633770160883675,-0.7610690954502879,1.8864757130618588,0.010062082655841796,-0.38333478706932633,1.091020113453805,-1.181264513964188,-0.6709216031421007
0.5631154749788545,-1.4234613290209375,1.7624164683855597,0.7402045994843582,-2.2970630918804336,-0.18860660066595478,-0.7893717982602216,-1.30384420119078,1.190392325206545
-1.9646123457734894,-1.2712142532329653,1.7896669238975595,0.8557856160338936,0.8193025218585605,1.128417880910382,1.8135684846809503,-0.1039711015291372,0.009244752648366572
-0.15947183558604838,-0.00558110229912683,-0.8188923102725534,-1.5252184871983436,-1.14434903875228,0.2347289054162894,0.8658138025548733,-1.2947318544324682,0.5543175953644653
-2.0986254342925537,1.7646394555200435,-0.18058902657721243,-1.5048942925737636,-1.832550818373126,1.4801665708865788,0.11210826263731233,1.1000768182488547,-0.31357346126026014
2.1163568462798823,2.6240365062936735,-0.7318248226541334,-1.077208067712416,0.9261997021442331,-0.34594604202872137,1.152880488019456,1.602518378158935,1.1571744433082467
1.3307033778466222,0.80908962183744,0.14240137908473155,-1.2452751556673143,0.12049703299893315,0.08948463325138958,-1.0433538650453098,1.3331128107924997,0.03734895982155167
1.2888703925230345,-1.1046979955544958,0.4951935588610105,1.874626700583865,-0.2561409755349482,-1.1433933090083608,0.4154969237751014,0.7505827254597485,0.39229987135284927
-0.5781241678458461,0.7740604190497498,0.9576124777943842,0.8599910993455311,-1.213293415925114,-0.5262350194016671,0.1594486236937011,0.8248938081361664,-0.37506189995095274
0.23884965474897363,1.0826917024418452,-0.3164809340976149,-0.10144502615609331,0.3062925977414723,0.9715380067165634,0.7530005875105623,0.9764662016766272,0.6166640561466572
-1.0848160877043678,1.73636716464389,-0.6754340150214717,0.12413121994200435,-0.20479604797162232,-0.4395626942156343,-0.4931717814595495,0.8955976949231317,-0.44208435117235245
0.49321655790895175,-0.7817817616501251,0.8622217046227775,-0.5626033585842187,1.1123892537217501,-0.14905454746031896,-1.7082642218485062,-1.2967168465044272,-0.43782215318077444
-1.3129607172482296,-1.240205324487989,-0.5055219482121658,-0.02232110803608937,-1.4091874604862251,-0.05691317337966352,-1.1938590971949694,1.9506335324443531,-0.251252151135089
-0.9061266629025244,0.3340491679181246,-1.088799449120652,0.39311943776127245,-0.8237333383230883,0.1977834672692482,2.2099212377379858,0.33307566187388604,0.63619387428909
-0.5259470633559512,-0.6598287131246893,0.4127052683432597,-1.7000861736242179,-0.3564000515815048,-2.2824631192873954,-0.5429656928194438,0.2590977911461923,0.6102451467679836
1.644183077978732,0.9940983636839094,-0.24834990311523647,-0.9962625845060832,-0.029799677298763677,-1.224219243039473,-2.0798862404557372,1.3352100630600692,1.046728806499681
0.05515634932017067,0.5404720313250697,0.28790317564166806,-0.03072002036857325,0.41349397232498225,-0.11595905967859507,0.18522676361937943,-0.14448892345518566,-0.42449400997945946
1.3458383090401762,0.2859285248419302,0.5922579021786759,0.33544469608908567,-0.5073861718558866,0.9629339406964635,-1.8991088675574102,-0.48881474186364904,0.31292519181814876
1.2035726890034681,1.6443919302750545,-0.10215944082354453,-0.9464975358431095,0.4962729929502426,0.10709095359014686,-0.26390123841525276,-0.9689183900765855,-1.1814468909380158
0.36810248801596224,0.5462285490606489,-0.9213137716514272,1.6861530613041862,0.8724121140251283,0.4147304422809522,-0.28835355820151937,-0.3898829769415798,-0.3373187834245922
0.343474592093721,-0.06167175609426082,-0.5245375748285436,0.06697200195131454,-0.3235635603334519,-0.8486439845359438,-0.21983169258144436,0.279201122037141,-0.8929040301421193
-0.29282742101801573,0.5924974294420081,0.7779791419495945,-1.1188774268728578,0.18711394768735234,0.3462821962409325,-0.525103965597561,-1.690053978044294,0.6000902715734122
0.26598483977170906,0.964967746768523,-1.2033895959066279,0.5699455965911966,-1.5357631905446645,-0.8948881726093829,-0.4148485811842202,1.4145519364225883,-1.5104959156214983
0.763877802795958,-0.1697681351226489,-0.9372914962898867,-0.8474222368878793,-2.1711038430551555,0.4764413585834275,0.006828735486263907,0.36322785220681547,0.4025524236834021
-1.574576539106321,0.21710668052758525,1.1180144174075355,1.3359949407697356,0.18795888491016385,-1.148770334607235,0.6480093155828529,-0.3455487249159509,-0.1357361624024658
0.9681643210406373,1.2832024399436162,1.4464963701693248,1.2078830925505315,-0.14074743316664545,-1.1493611864337332,0.6816500714056133,1.9115572757698134,1.0375551448527105
0.06200497210120822,0.16190673804375924,1.7167226770163535,-0.09846284365941514,0.7754642373503038,1.1525644693128148,-0.3147292131155905,0.02386275860063402,-1.3102112714793406
1.4611658422942706,-0.937849879446157,-0.45999177187153295,-0.5902356310999158,0.3255258139547847,-0.7218140903004452,0.6373836078994147,-0.7713579823993769,-0.15110349699996634
1.2217458722429362,-0.06144728128994841,-0.20846877014784576,0.7582178789071208,1.6264900868913308,-0.33579820572850044,1.0996095326346569,-0.04885193119313758,0.5228636731441966
-1.0025186192668818,1.167452800467888,0.732839833459471,0.2869459126506308,-1.569949285207242,-2.0837696503617282,2.180982812711235,-0.35238170100845945,-0.360395858369782
-0.7243587452159744,0.2853160678521769,-0.03588618947848052,0.40662717843105706,0.20202115103200707,0.7160436588572158,-0.4116790677823839,1.854989529446784,-1.746433748216892
0.19461488015647554,0.44223984577611697,-0.4652819926174831,0.998241167327955,0.3437306547581402,0.5389183714062552,1.4574955350242933,-0.8979818076682025,0.682562074192169
-0.32264288676482805,-0.20253268016402284,0.3578632743533161,-0.95220094657631,1.4037292876087324,1.893041813072288,-0.8532635777020389,0.2158420342411405,0.18227240465736322
0.1264607466245372,0.6227832910839564,0.3580089041414669,-0.4709848545266965,-1.2011328313978007,-1.6185353517968806,0.45437111981900563,-0.7270627566235097,-0.10806161083209777
0.4671220091448402,1.1675043009682189,0.17674714885559592,0.3938717460330806,-0.47753340817343937,1.0295838852000039,-0.7871868843024551,0.2782613597395972,-0.16466877419607948
-0.3188290919301547,0.9216191642294889,-2.065858327875377,0.21651328099161707,-0.762176958105636,0.615801871349655,-0.6746152033962592,-1.641117768734179,1.8743081745848644
-0.16571740846313077,-1.3616311660867093,1.2679881881373238,0.36470791283881154,0.23945249115458656,-0.4329724426533877,-1.869255214733906,0.1799935320742577,-0.7436400401935798
-0.9666860228921363,1.2293443394454868,-1.7979060617114049,-0.06864932510813669,0.17433469497833556,-1.3594942276499737,-0.30241666488181534,0.40503457588930025,-0.4398378152558782
-2.3976155341190486,-0.45725746548828167,0.7769481997980213,1.0608193043155585,0.22818734245801606,1.7528268636771258,-0.18814075243581638,-0.13600890269081325,0.25143669461196705
0.4880843024220495,-0.44399228474416336,0.386386361577468,1.0532362326585893,-1.071013398294446,-0.8686752770683392,-1.7219397463761297,1.6210891162017562,-0.05175737243157064
-0.8197724802845195,0.22461843076459795,-0.9185998373268006,0.0818293427012806,-1.7061286865997525,-0.42338462303194363,-1.3915626501354947,1.2884251835366194,0.9243893694348366
-0.3986240913576514,-2.2087200097232214,-0.40739134447411324,-1.047636232509023,1.5246127532390839,-0.26601688482246866,-1.6009518044158517,-1.4636230463416138,1.1798910560035891
-0.14603957411402177,-0.37865378212094125,-1.8072819901894912,-1.1695807128054985,-2.994045613998208,-1.2428074509247826,-1.1158229060163254,0.37979431767960253,0.9725007431521481
0.7709015803449696,0.6450098913887442,-0.4046385063256295,0.08115740548218037,0.9800752668578591,0.10948075342946055,-1.9410863690146487,-0.4857969431834795,-0.648258337195758
-1.1941000441781482,0.06196959327893182,0.8347889631531487,-1.0815123042181065,1.8813566143418445,-1.063723147841391,0.4309044741662354,0.6163006294214186,0.8461701544492823
0.7748067232127174,-2.1959019267895736,-1.278795367177258,1.2297572000630417,-0.0020348025542360117,-0.0285328967865329,-0.10722732030791594,0.46970202585248527,0.9636379843326105
0.6637109534905732,0.8322619186258359,-1.761204284166758,0.17384896804119135,1.09875128960966,-0.3464480703694815,-0.8504679570853292,-0.6987789091450458,0.9898941450073943
0.05453343114728189,-1.4584945651746237,-0.23488978245878742,-0.20210911793542444,-0.7141463657154307,1.2393759283098202,-0.19036105596173142,1.411029053369067,-0.7344878352264839
-1.2029975555380787,-0.23022144131541394,1.172027562997257,-0.019876976246952435,-0.3043863731369362,1.5005882854308665,1.084263364124267,-0.23291704684177067,1.431226446666505
-0.2638982581708484,-1.5933477435383863,0.5301590557355659,-0.31652390500765876,1.5476862020186855,0.6989123070467766,0.10570911783245975,-1.0273728258740522,0.28199045700731007
-1.1401081086226408,0.719075478087258,1.4570095301280317,0.24535950047620683,0.04324679187825207,1.6601144181221552,1.4650282555878538,-1.1383792946253148,-0.681247819821891
0.3072079592962819,0.08728472669542546,1.1874618685432816,0.14882943497437742,-0.23004048385313147,2.153603936031879,0.008978523915286482,0.07194124535984732,0.9147750987443508
1.6020047292927326,-0.9664728714308021,-2.313949848337416,-0.3011144418323711,0.08014505573583498,-1.6072392481428932,1.4118648695961555,1.0999646722860277,-0.821094376943805
0.6788198040214269,1.3160737902019297,0.43162999498012233,-0.36625408619755095,-0.7556698223585733,-0.43057080330403136,-1.6462594257258938,-0.6411911603252848,-1.783936855892312
-1.377063366466263,-0.4227359983960945,0.16170535383901932,-1.2643444148931948,1.4580488938248122,0.8625338133429268,-0.364120481587394,-1.3637574880684211,0.5430478378247312
