MedInc,HouseAge,AveRooms,AveBedrms,Population,AveOccup,Latitude,Longitude,target
2.0278,31.0,2.8469284994964754,1.0916414904330312,3107.0,3.1289023162134946,34.06,-118.31,3.6
4.3056,30.0,5.036931818181818,1.0113636363636365,905.0,2.571022727272727,33.81,-118.31,3.36
3.675,52.0,4.851351351351352,0.9691119691119691,1048.0,2.023166023166023,37.81,-122.24,2.699
2.6392,26.0,3.8322649572649574,1.1047008547008548,1821.0,1.9455128205128205,37.78,-122.43,2.875
9.1974,23.0,8.075949367088608,0.9651898734177216,916.0,2.8987341772151898,37.21,-121.86,5.00001
7.866,36.0,6.656957928802589,1.064724919093851,658.0,2.129449838187702,33.56,-117.79,5.00001
4.5094,12.0,4.42638036809816,1.0920245398773005,1913.0,1.956032719836401,33.67,-117.77,1.602
2.4896,26.0,4.529190207156309,1.0621468926553672,680.0,1.28060263653484,37.87,-122.08,0.734
2.5804,43.0,5.4781491002570695,1.025706940874036,910.0,2.339331619537275,40.62,-124.13,0.921
5.8151,52.0,6.853448275862069,1.0172413793103448,622.0,2.6810344827586206,37.75,-122.46,5.00001
3.625,24.0,5.174657534246576,1.0890410958904109,1052.0,3.6027397260273974,37.09,-121.6,3.5
4.5913,16.0,6.338593974175036,1.0100430416068866,1908.0,2.7374461979913915,38.62,-122.85,2.446
2.8603,17.0,6.427561837455831,1.3745583038869258,736.0,2.6007067137809186,39.15,-120.87,1.289
2.2578,43.0,4.059625212947189,1.0340715502555367,962.0,1.6388415672913117,32.74,-117.15,2.636
3.9625,39.0,4.854368932038835,1.0776699029126213,998.0,3.2297734627831716,34.22,-118.46,1.682
1.3333,26.0,2.1339285714285716,1.2053571428571428,165.0,1.4732142857142858,33.8,-118.23,1.875
1.6469,24.0,4.274193548387097,1.0483870967741935,1686.0,4.532258064516129,35.87,-119.26,0.476
2.1731,38.0,4.46969696969697,1.053030303030303,620.0,4.696969696969697,33.96,-118.14,1.438
3.7156,15.0,4.420634920634921,1.0222222222222221,1798.0,2.853968253968254,32.9,-117.13,1.752
5.1171,36.0,6.6454545454545455,1.059090909090909,664.0,3.018181818181818,33.83,-118.11,2.253
1.9956,25.0,5.029227557411273,1.022964509394572,1384.0,2.8893528183716075,39.52,-121.58,0.58
5.0123,5.0,6.490780141843971,1.202836879432624,2314.0,3.2822695035460994,33.14,-117.22,2.104
2.6058,26.0,5.789156626506024,1.0210843373493976,1148.0,3.4578313253012047,36.62,-119.34,0.922
6.8406,41.0,7.394052044609666,1.0074349442379182,666.0,2.475836431226766,34.44,-119.69,5.00001
2.4531,52.0,3.6198630136986303,0.9452054794520548,837.0,2.8664383561643834,37.75,-122.41,2.29
5.0767,25.0,6.042065009560229,0.9694072657743786,1514.0,2.8948374760994264,34.44,-119.89,2.712
7.2639,15.0,7.473684210526316,0.9578947368421052,876.0,3.0736842105263156,37.67,-121.9,3.324
1.7743,20.0,3.9611197511664074,1.2208398133748055,1199.0,1.864696734059098,32.76,-117.08,1.403
2.875,44.0,6.08,1.3142857142857143,494.0,2.822857142857143,39.34,-122.05,0.615
6.1168,34.0,5.875,0.8916666666666667,837.0,3.4875,33.84,-117.88,2.139
5.3366,4.0,6.083687943262412,0.9673758865248226,1981.0,2.8099290780141843,34.04,-117.24,1.651
5.0359,51.0,6.892109500805153,1.0177133655394526,1486.0,2.392914653784219,38.55,-121.49,2.241
2.9094,39.0,4.017045454545454,1.0965909090909092,1991.0,3.7708333333333335,33.95,-118.18,1.522
3.725,30.0,3.3307543520309477,0.9477756286266924,1057.0,2.044487427466151,37.39,-122.09,2.613
3.3456,37.0,4.514084507042254,0.9084507042253521,458.0,3.2253521126760565,36.67,-121.7,2.526
4.5399,52.0,4.898601398601398,1.0874125874125875,954.0,1.667832167832168,37.8,-122.43,5.00001
2.3929,11.0,4.912408759124087,1.0583941605839415,318.0,2.321167883211679,38.09,-122.11,1.225
4.1154,28.0,5.45506419400856,1.0684736091298146,1790.0,2.5534950071326676,34.19,-118.61,2.464
2.6949,15.0,5.496394230769231,1.1153846153846154,2513.0,3.0204326923076925,33.66,-117.28,1.636
5.5461,36.0,6.224137931034483,1.1896551724137931,158.0,2.7241379310344827,37.71,-122.19,2.625
4.5428,52.0,5.283495145631068,1.050485436893204,1185.0,2.3009708737864076,37.8,-122.22,2.398
2.5921,20.0,6.024221453287197,1.1453287197231834,1466.0,5.072664359861592,36.52,-119.73,0.942
3.1635,30.0,3.5050675675675675,1.160472972972973,1026.0,1.7331081081081081,34.02,-118.49,3.667
1.6178,21.0,3.487562189054726,1.2056384742951907,1064.0,1.7645107794361525,33.77,-118.19,1.375
5.193,42.0,5.662100456621005,0.9155251141552512,1085.0,2.4771689497716896,33.99,-118.05,2.634
2.2417,30.0,3.420135527589545,1.027105517909003,2678.0,2.5924491771539206,33.85,-118.19,1.519
6.2893,16.0,7.014354066985646,0.937799043062201,661.0,3.1626794258373208,34.21,-118.8,2.827
2.11,25.0,3.3580980683506687,1.0282317979197622,1603.0,2.3818722139673105,33.93,-118.35,2.233
2.1875,13.0,5.5119760479041915,1.0,1606.0,2.404191616766467,34.41,-117.25,1.197
3.9828,36.0,5.761363636363637,0.9914772727272727,820.0,2.3295454545454546,32.8,-117.07,1.689
4.7788,31.0,6.422932330827067,1.0018796992481203,1245.0,2.3402255639097747,32.79,-117.2,2.76
5.7621,9.0,6.490666666666667,0.984,2036.0,2.7146666666666666,38.5,-121.55,2.046
4.4063,13.0,16.05701754385965,3.3771929824561404,567.0,2.486842105263158,34.27,-116.89,1.526
5.6738,34.0,6.589812332439679,1.160857908847185,1034.0,2.772117962466488,34.17,-118.54,4.436
4.9867,7.0,4.826747720364741,1.0562310030395137,3223.0,2.4490881458966567,37.51,-122.0,1.817
5.5696,17.0,5.984375,0.9479166666666666,702.0,3.65625,33.15,-117.14,1.684
4.0256,28.0,5.967880085653105,1.0492505353319057,1684.0,3.605995717344754,33.94,-117.49,1.271
4.9394,31.0,5.861985472154964,0.9418886198547215,1348.0,3.263922518159806,33.83,-117.95,2.178
5.6177,21.0,6.888586956521739,1.0407608695652173,1012.0,2.75,34.71,-120.47,1.838
4.976,3.0,6.57201646090535,1.0345679012345679,3664.0,3.0156378600823044,38.33,-121.96,1.583
3.8668,45.0,5.460949464012251,1.0735068912710566,1601.0,2.451761102603369,34.18,-118.34,2.32
1.3532,14.0,5.5597189695550355,1.3044496487119437,723.0,1.693208430913349,39.03,-122.91,0.958
1.7463,36.0,3.4244897959183676,1.0204081632653061,1079.0,4.404081632653061,34.07,-118.22,1.583
5.2099,45.0,5.686274509803922,1.0163398692810457,788.0,2.5751633986928106,34.03,-118.43,3.736
3.7562,48.0,5.8504901960784315,1.0392156862745099,1041.0,2.551470588235294,37.75,-122.49,3.212
2.5893,8.0,28.615384615384617,5.487179487179487,27.0,0.6923076923076923,39.75,-121.0,0.83
2.53,45.0,4.864583333333333,1.1875,893.0,4.651041666666667,34.06,-118.18,1.403
4.2813,45.0,4.209606986899563,0.9890829694323144,1323.0,2.888646288209607,33.89,-118.32,2.101
3.5417,16.0,5.311643835616438,0.928082191780822,1010.0,3.458904109589041,36.79,-119.68,0.713
1.7566,25.0,5.093117408906883,1.0991902834008098,1266.0,2.562753036437247,40.03,-122.1,0.584
2.7587,52.0,4.1756885090218425,1.0598290598290598,1939.0,1.8414055080721747,37.77,-122.43,3.545
4.0221,16.0,4.6767676767676765,1.1616161616161615,451.0,2.2777777777777777,38.01,-121.36,1.733
0.9365,28.0,3.043887147335423,1.134796238244514,1618.0,2.5360501567398117,37.96,-121.28,0.525
2.1199,34.0,3.2557840616966582,1.1079691516709511,2011.0,2.5848329048843186,32.72,-117.14,1.604
5.033,36.0,5.332432432432433,0.9513513513513514,1169.0,3.1594594594594594,37.57,-122.3,2.709
3.4821,34.0,4.757188498402556,1.0415335463258786,1389.0,4.437699680511182,34.29,-118.42,1.603
3.2159,23.0,5.576923076923077,1.0739644970414202,1056.0,3.1242603550295858,36.4,-119.1,0.928
3.4103,26.0,6.252669039145908,1.0818505338078293,905.0,3.2206405693950177,34.11,-117.21,0.909
3.8304,52.0,5.395437262357414,1.0779467680608366,1411.0,2.682509505703422,37.73,-122.44,2.614
5.1993,36.0,5.219512195121951,0.8902439024390244,451.0,2.75,33.81,-118.1,2.46
1.5729,36.0,4.553956834532374,1.064748201438849,557.0,4.0071942446043165,32.7,-117.14,0.827
3.0225,30.0,3.801857585139319,1.108359133126935,1603.0,4.962848297213622,34.01,-118.17,1.308
15.0001,36.0,9.368263473053892,1.1736526946107784,862.0,2.5808383233532934,34.09,-118.44,5.00001
1.867,23.0,4.701587301587302,1.0888888888888888,1079.0,3.425396825396825,38.64,-121.45,0.606
2.6051,45.0,3.9614512471655328,1.0975056689342404,1680.0,3.8095238095238093,34.09,-118.23,1.555
5.5,33.0,6.225563909774436,0.924812030075188,373.0,2.8045112781954886,37.68,-121.01,1.462
4.233,34.0,4.9943609022556394,0.9680451127819549,1948.0,3.661654135338346,34.32,-118.43,1.574
8.1548,52.0,7.868421052631579,1.2105263157894737,459.0,2.4157894736842107,32.75,-117.19,5.00001
3.4519,36.0,4.463302752293578,1.0137614678899083,1086.0,4.981651376146789,34.26,-118.42,1.433
3.6597,29.0,6.140319715808171,1.241563055062167,1327.0,2.3570159857904085,36.95,-121.92,2.523
4.4347,14.0,6.0914512922465205,0.9860834990059643,1681.0,3.341948310139165,32.86,-116.96,1.603
3.2757,24.0,4.708226221079691,1.06426735218509,2718.0,3.493573264781491,34.35,-119.08,1.86
6.3794,35.0,6.8277153558052435,1.0337078651685394,1409.0,2.6385767790262173,34.2,-118.21,5.00001
3.4539,35.0,6.739130434782608,1.2687747035573123,708.0,2.7984189723320156,38.67,-122.52,3.0
3.4028,33.0,3.9106382978723406,0.8851063829787233,724.0,3.0808510638297872,33.93,-117.47,1.105
3.0817,20.0,5.437037037037037,1.048148148148148,721.0,2.6703703703703705,37.25,-118.45,1.188
1.5089,47.0,3.9046153846153846,0.9938461538461538,1628.0,5.009230769230769,34.01,-118.26,1.158
4.636,33.0,5.660332541567696,1.0166270783847982,1269.0,3.014251781472684,34.13,-117.86,2.455
3.6791,37.0,4.389204545454546,0.96875,1909.0,5.423295454545454,34.25,-118.42,1.481
3.5568,52.0,6.090909090909091,1.2818181818181817,268.0,2.4363636363636365,34.15,-118.09,2.05
2.56,34.0,2.761648745519713,1.0465949820788532,1564.0,2.802867383512545,37.48,-122.22,2.5
3.8967,12.0,5.967171717171717,1.0303030303030303,1211.0,3.058080808080808,33.14,-117.12,1.726
3.5272,36.0,5.09556313993174,1.0784982935153584,989.0,3.3754266211604094,34.03,-118.11,2.137
4.087,23.0,5.641176470588236,0.9970588235294118,1392.0,4.094117647058823,32.58,-117.05,1.348
3.2875,6.0,8.00625,1.53125,422.0,2.6375,38.04,-120.3,1.113
2.3375,26.0,2.847297297297297,1.022972972972973,2660.0,3.5945945945945947,34.07,-118.3,2.823
3.8125,38.0,5.758720930232558,0.997093023255814,796.0,2.313953488372093,34.15,-117.28,0.974
3.94,31.0,5.0903846153846155,1.0365384615384616,1473.0,2.832692307692308,34.1,-118.03,2.239
5.3081,12.0,3.686580882352941,1.3216911764705883,1673.0,1.5376838235294117,34.06,-118.25,2.875
15.0001,26.0,12.5,1.25,17.0,4.25,37.13,-121.96,4.0
5.3339,19.0,6.466230936819172,1.0958605664488017,1430.0,3.1154684095860565,33.88,-117.81,3.717
1.8828,38.0,4.7525,1.1325,1613.0,4.0325,36.21,-119.09,0.446
3.0788,44.0,4.594366197183098,0.952112676056338,1197.0,3.371830985915493,33.94,-118.28,1.0
1.7552,24.0,4.418502202643172,1.105726872246696,1098.0,4.8370044052863435,39.35,-121.65,0.864
2.8906,43.0,5.545454545454546,1.2424242424242424,534.0,2.311688311688312,36.13,-118.82,0.657
3.1215,36.0,3.8563218390804597,1.0459770114942528,1659.0,3.17816091954023,33.86,-118.19,1.536
2.2188,52.0,3.6040100250626566,1.1829573934837092,1018.0,2.5513784461152884,33.74,-118.29,3.067
6.1426,17.0,6.304964539007092,0.9290780141843972,439.0,3.1134751773049647,34.23,-117.41,1.55
1.4886,35.0,3.3049645390070923,1.0425531914893618,1153.0,4.088652482269503,33.99,-118.27,1.0
5.0447,36.0,5.953020134228188,1.0033557046979866,784.0,2.6308724832214767,33.81,-118.12,2.492
4.0061,30.0,5.3241525423728815,1.0084745762711864,1611.0,3.413135593220339,33.85,-117.97,1.829
4.4042,9.0,5.416452442159383,1.056555269922879,1138.0,2.9254498714652954,34.02,-117.65,1.591
2.2361,46.0,4.4,1.075,101.0,2.525,38.02,-121.82,0.938
1.9805,49.0,3.888675623800384,1.051823416506718,963.0,1.8483685220729367,37.87,-122.28,1.737
2.7813,30.0,4.38622754491018,1.1062874251497006,1661.0,2.4865269461077846,38.63,-121.39,1.189
3.0491,41.0,4.3383947939262475,1.052060737527115,1439.0,3.121475054229935,34.19,-118.39,1.92
2.098,21.0,5.110112359550562,1.1123595505617978,1157.0,2.6,38.65,-121.42,0.498
4.9028,14.0,6.372151898734177,1.008860759493671,2124.0,2.688607594936709,37.1,-121.63,3.35
4.1926,12.0,3.8909774436090228,1.1033834586466165,1216.0,2.2857142857142856,37.25,-121.81,2.445
2.59,52.0,4.38996138996139,1.162162162162162,866.0,3.3436293436293436,37.77,-122.22,0.964
6.1868,13.0,8.332326283987916,1.1268882175226587,2119.0,3.200906344410876,33.1,-117.05,3.202
1.2292,36.0,4.833333333333333,1.0555555555555556,285.0,3.1666666666666665,38.59,-121.55,0.696
2.3042,36.0,4.461538461538462,1.1418269230769231,822.0,1.9759615384615385,32.75,-117.24,2.206
5.1008,47.0,5.338144329896907,0.9587628865979382,1284.0,2.647422680412371,34.17,-118.32,2.471
2.9762,19.0,5.541850220264317,1.0837004405286343,545.0,2.4008810572687223,33.51,-117.67,1.844
3.1573,12.0,4.978303747534516,1.106508875739645,2209.0,2.178500986193294,37.96,-121.98,1.267
3.8869,10.0,7.104854368932039,1.2621359223300972,1476.0,2.8660194174757283,33.68,-117.23,1.259
8.8793,52.0,8.972868217054264,1.1317829457364341,861.0,3.3372093023255816,37.81,-122.23,4.103
5.0858,52.0,5.447688564476886,1.0291970802919708,832.0,2.024330900243309,34.06,-118.37,4.7
6.1986,17.0,6.778225806451613,1.0221774193548387,1520.0,3.064516129032258,34.04,-117.24,2.145
5.5842,5.0,6.92914653784219,0.9871175523349437,2206.0,3.5523349436392913,38.04,-121.35,1.591
3.6538,25.0,5.2224576271186445,1.2394067796610169,906.0,1.9194915254237288,33.6,-117.9,5.00001
3.8125,15.0,4.590570719602978,1.0942928039702233,1348.0,3.3449131513647643,37.95,-121.69,1.254
4.517,21.0,5.749303621169917,0.9526462395543176,1021.0,2.8440111420612815,38.03,-121.09,1.522
4.0977,50.0,4.788008565310492,1.0364025695931478,1171.0,2.507494646680942,37.76,-122.48,3.221
2.5969,34.0,3.618147448015123,1.0378071833648392,2122.0,4.0113421550094515,34.01,-118.08,1.502
2.8,34.0,4.553530751708428,0.9726651480637813,2391.0,5.446469248291572,34.28,-118.42,1.443
1.9832,26.0,4.92814371257485,1.06187624750499,1068.0,2.1317365269461077,34.16,-117.28,1.221
2.4821,30.0,6.477987421383648,1.0125786163522013,448.0,2.8176100628930816,39.52,-121.53,0.738
6.0266,24.0,6.672131147540983,1.1147540983606556,175.0,2.8688524590163933,38.35,-122.18,2.167
2.6619,25.0,4.090425531914893,1.1382978723404256,2868.0,3.8138297872340425,34.13,-117.9,1.176
3.1864,28.0,3.845061329890252,1.040671400903809,3571.0,2.305358295674629,37.47,-122.22,2.728
3.2258,10.0,5.604651162790698,1.1121751025991793,2082.0,2.848153214774282,33.6,-117.36,1.593
8.3912,25.0,7.843416370106762,1.0166073546856464,2519.0,2.9881376037959666,34.18,-118.66,4.19
3.6806,22.0,4.666666666666667,0.9629629629629629,196.0,2.419753086419753,33.76,-117.84,2.194
2.2165,32.0,4.395397489539749,1.0313807531380754,2309.0,2.4152719665271967,35.3,-120.67,2.317
2.1471,26.0,4.52924791086351,1.0445682451253482,1580.0,4.401114206128134,34.38,-119.86,1.875
2.8036,24.0,4.399759903961584,1.0444177671068426,1954.0,2.345738295318127,36.97,-121.97,2.285
1.7941,22.0,4.216145833333333,0.9375,1509.0,3.9296875,34.97,-120.44,1.103
2.4722,52.0,2.767871485943775,1.0923694779116466,1768.0,1.4200803212851405,34.06,-118.35,5.00001
3.8269,31.0,6.255892255892256,1.2356902356902357,701.0,2.3602693602693603,38.07,-122.84,2.707
5.0,24.0,4.492753623188406,0.9528985507246377,690.0,2.5,37.29,-121.96,2.83
6.1966,16.0,6.356495468277946,0.9516616314199395,2592.0,3.915407854984894,33.71,-117.9,2.605
1.9386,33.0,4.384418901660281,1.0025542784163475,1806.0,2.3065134099616857,36.79,-119.79,0.675
0.9338,35.0,5.30188679245283,1.6415094339622642,240.0,2.2641509433962264,38.67,-121.39,1.125
2.9832,22.0,4.718978102189781,1.0197080291970804,2694.0,1.9664233576642336,34.18,-119.2,1.656
5.9333,17.0,6.917748917748917,0.961038961038961,1581.0,3.4220779220779223,33.95,-117.55,2.294
6.348,34.0,4.989881956155143,1.0775716694772344,1143.0,1.9274873524451939,33.89,-118.41,5.00001
2.3482,17.0,3.879154078549849,1.0735146022155087,2986.0,3.0070493454179257,34.17,-118.29,2.554
1.9429,39.0,3.8534599728629577,0.994572591587517,2606.0,3.5359565807327002,37.49,-120.85,0.764
2.5147,11.0,22.133587786259543,5.82824427480916,713.0,2.7213740458015265,34.24,-116.82,0.847
2.25,17.0,3.860377358490566,1.0547169811320756,1585.0,2.990566037735849,32.58,-117.1,1.328
3.3155,21.0,4.503787878787879,1.0643939393939394,577.0,2.1856060606060606,33.81,-118.08,2.375
1.7778,30.0,3.447058823529412,1.0329411764705883,862.0,2.028235294117647,37.87,-122.27,2.688
2.5388,23.0,3.721448467966574,1.1030640668523677,1255.0,3.4958217270194987,34.14,-118.26,2.05
2.2976,32.0,3.2487046632124352,1.0336787564766838,1281.0,3.3186528497409324,33.93,-118.34,1.557
5.4322,35.0,6.903465346534653,1.1014851485148516,1156.0,2.8613861386138613,37.51,-122.3,3.91
5.5469,16.0,6.226396602417511,1.0058804312316236,10988.0,3.589676576282261,33.96,-117.88,2.652
4.8839,16.0,5.802486187845304,1.0856353591160222,1667.0,2.302486187845304,35.34,-119.07,1.341
5.0804,22.0,5.596923076923077,1.106153846153846,1329.0,2.0446153846153847,37.38,-122.11,5.00001
6.3842,17.0,7.933660933660934,0.995085995085995,1289.0,3.167076167076167,34.13,-117.66,3.071
4.2137,34.0,4.917710196779964,0.964221824686941,2330.0,4.168157423971378,34.17,-119.17,1.856
3.525,20.0,5.009478672985782,0.966824644549763,2389.0,2.830568720379147,36.96,-121.77,2.291
3.1832,9.0,6.288461538461538,1.0833333333333333,596.0,3.8205128205128207,33.67,-117.31,1.574
3.3472,31.0,5.607142857142857,1.0892857142857142,152.0,2.7142857142857144,33.04,-115.6,0.917
1.8519,52.0,2.654450261780105,1.1047120418848169,1055.0,2.761780104712042,37.78,-122.41,0.325
1.9472,40.0,5.026490066225166,1.099337748344371,1391.0,3.0706401766004414,33.93,-116.98,0.732
2.9405,24.0,3.7675879396984926,0.9874371859296482,2937.0,3.6896984924623117,34.08,-118.14,2.178
2.9485,29.0,5.37218045112782,1.0075187969924813,672.0,2.526315789473684,40.92,-124.0,0.988
4.3317,30.0,6.06203007518797,1.0432330827067668,1601.0,3.0093984962406015,32.83,-117.19,1.733
4.3438,16.0,5.9411764705882355,0.9584775086505191,903.0,3.124567474048443,36.3,-119.79,0.931
4.9286,39.0,4.898360655737705,0.9918032786885246,1466.0,2.40327868852459,33.93,-118.42,3.414
6.9794,15.0,8.593607305936073,1.0639269406392695,704.0,3.2146118721461185,32.95,-117.26,5.00001
3.6343,28.0,6.861003861003861,1.1853281853281854,721.0,2.7837837837837838,34.96,-117.08,0.798
6.3267,36.0,5.246628131021194,1.0539499036608864,1090.0,2.1001926782273603,33.96,-118.45,5.00001
6.4781,37.0,5.585657370517929,1.0119521912350598,722.0,2.8764940239043826,33.88,-118.32,2.69
3.115,23.0,6.648936170212766,1.3670212765957446,437.0,2.324468085106383,37.9,-122.71,2.426
4.8536,23.0,5.554455445544554,1.0297029702970297,1984.0,2.8062234794908063,34.37,-118.56,2.026
5.0232,30.0,6.2685589519650655,1.0262008733624455,1335.0,2.9148471615720526,34.25,-118.49,2.539
3.625,22.0,5.8545454545454545,1.1045454545454545,593.0,2.6954545454545453,38.39,-122.82,2.337
2.6607,9.0,3.876923076923077,1.0153846153846153,1311.0,2.241025641025641,38.46,-122.74,0.915
3.7125,26.0,4.915254237288136,1.1305084745762712,1090.0,1.847457627118644,34.15,-118.43,4.474
3.2121,37.0,4.617210682492582,1.0623145400593472,1304.0,1.9347181008902077,32.69,-117.18,3.208
2.3789,24.0,3.5848690591658583,1.0911736178467508,1685.0,1.6343355965082444,34.11,-118.29,2.667
4.7946,24.0,6.311233885819521,1.0368324125230202,4926.0,3.023941068139963,33.82,-117.84,2.512
2.6884,24.0,3.6370967741935485,1.0451612903225806,3985.0,3.213709677419355,34.08,-118.1,2.046
4.2431,15.0,5.217235188509874,0.9640933572710951,1886.0,3.385996409335727,37.81,-121.23,1.371
2.7143,34.0,3.55,0.9763157894736842,1716.0,4.515789473684211,33.79,-118.25,1.381
4.5417,45.0,6.395017793594306,1.0782918149466192,870.0,3.096085409252669,37.19,-121.8,4.345
4.66,36.0,6.0,1.0392857142857144,744.0,2.657142857142857,33.8,-118.11,2.448
6.4001,16.0,6.131661442006269,0.9780564263322884,671.0,2.103448275862069,34.14,-118.83,3.218
2.4375,39.0,4.844559585492228,1.0880829015544042,711.0,3.683937823834197,33.91,-118.26,1.019
2.5625,30.0,6.504424778761062,1.2123893805309736,421.0,3.725663716814159,35.76,-119.14,1.563
9.8892,40.0,8.24401913875598,0.9952153110047847,976.0,4.669856459330144,37.46,-122.2,5.00001
3.475,26.0,4.96643109540636,1.0812720848056536,1374.0,2.4275618374558303,33.84,-117.93,2.825
6.7274,5.0,5.910931174089069,0.9649122807017544,1913.0,2.5816464237516867,33.84,-117.77,2.664
2.9,46.0,4.6394366197183095,1.0591549295774647,854.0,2.4056338028169013,37.88,-122.3,1.448
2.7125,14.0,4.094262295081967,0.9508196721311475,1037.0,4.25,33.93,-117.94,1.661
1.6667,50.0,4.711678832116788,1.010948905109489,864.0,3.153284671532847,32.79,-115.57,0.681
2.7983,16.0,5.77725674091442,1.1254396248534584,2132.0,2.499413833528722,33.72,-117.07,1.125
3.3287,29.0,4.549295774647887,1.0704225352112675,1217.0,2.142605633802817,34.21,-118.23,2.734
5.2851,36.0,6.138571428571429,1.0242857142857142,2038.0,2.9114285714285715,33.94,-117.98,2.588
4.7986,24.0,5.701227830832196,1.0695770804911324,1902.0,2.5948158253751705,33.79,-117.94,2.365
2.9072,8.0,5.389845094664372,1.0735800344234079,6133.0,2.6389845094664373,34.54,-117.22,1.192
2.3365,22.0,6.468085106382978,1.1808510638297873,1076.0,3.8156028368794326,36.35,-119.45,0.696
15.0001,43.0,5.6875,0.75,58.0,3.625,37.46,-121.87,5.00001
3.6422,19.0,4.344202898550725,0.9094202898550725,730.0,2.6449275362318843,33.82,-117.96,2.094
6.6188,32.0,6.567368421052632,1.0252631578947369,2615.0,2.7526315789473683,33.75,-118.09,3.8
4.2917,8.0,7.164285714285715,1.1928571428571428,388.0,2.7714285714285714,33.62,-116.96,2.219
3.6974,10.0,4.348530901722391,1.089159067882472,2719.0,2.7548125633232017,34.18,-118.29,2.866
3.8864,29.0,5.16,1.1175,1265.0,3.1625,33.85,-118.01,2.093
3.755,40.0,3.876543209876543,1.0776014109347443,1023.0,1.8042328042328042,34.01,-118.48,3.983
3.0877,27.0,3.596100278551532,1.001392757660167,2038.0,2.838440111420613,34.18,-118.46,1.742
6.5378,34.0,6.696078431372549,0.9845938375350141,1879.0,2.6316526610644257,37.88,-122.06,3.409
4.2037,5.0,5.433093154915079,1.1286670097786928,9842.0,2.532681420483788,34.43,-118.43,1.946
3.8935,27.0,4.8406113537117905,1.1353711790393013,806.0,1.759825327510917,33.98,-118.46,5.00001
2.1667,23.0,4.023588879528222,1.1086773378264532,4797.0,4.041280539174389,34.11,-117.9,1.426
3.963,28.0,5.427893738140417,0.976280834914611,2672.0,2.5351043643263758,32.8,-116.98,1.644
3.925,14.0,4.874493927125506,0.9190283400809717,633.0,2.562753036437247,36.32,-119.34,0.838
3.6417,43.0,4.827651515151516,0.9678030303030303,1060.0,2.007575757575758,37.91,-122.31,1.784
2.3545,33.0,3.6277602523659307,1.2082018927444795,604.0,1.9053627760252365,33.43,-117.61,1.875
4.6667,4.0,5.858695652173913,0.8586956521739131,571.0,3.1032608695652173,32.72,-116.98,2.233
1.3125,13.0,3.4217252396166136,1.159744408945687,3806.0,3.0399361022364215,34.07,-118.45,3.5
3.2862,37.0,4.7497584541062805,1.0956521739130434,3533.0,3.413526570048309,33.93,-118.33,1.523
2.0571,24.0,3.5036086607858863,1.0850040096230955,3123.0,2.504410585404972,32.61,-117.06,1.523
4.6,21.0,5.386934673366834,1.0050251256281406,840.0,2.1105527638190953,38.01,-122.56,2.395
2.9821,36.0,5.571428571428571,1.054054054054054,680.0,2.6254826254826256,35.4,-118.98,0.731
1.7639,21.0,5.417607223476298,1.0948081264108351,1109.0,2.5033860045146725,41.81,-122.53,0.554
4.7308,44.0,5.950617283950617,1.02880658436214,721.0,2.9670781893004117,34.14,-118.03,3.522
5.9897,8.0,6.125,0.9435483870967742,711.0,2.8669354838709675,36.85,-119.77,1.236
4.0789,35.0,5.640198511166253,1.0173697270471465,1431.0,3.5508684863523574,34.2,-118.56,1.967
2.355,42.0,4.620352250489237,1.0019569471624266,1684.0,3.295499021526419,37.31,-120.48,0.756
2.7048,8.0,4.228404099560762,0.9692532942898975,2441.0,3.5739385065885796,32.59,-117.08,1.53
6.3054,14.0,7.03921568627451,0.9831932773109243,1151.0,3.224089635854342,33.3,-117.25,3.59
4.125,37.0,5.525,0.975,612.0,2.55,32.63,-117.06,1.602
2.9821,28.0,5.91480996068152,1.001310615989515,1593.0,2.0878112712975097,35.39,-119.03,1.187
3.5691,12.0,5.021335807050093,1.0383426097711812,8656.0,2.676561533704391,38.54,-121.35,1.163
3.6007,10.0,5.548076923076923,0.9583333333333334,1056.0,3.3846153846153846,34.44,-117.31,1.04
3.5234,52.0,4.5770750988142295,1.0,528.0,2.0869565217391304,33.99,-118.46,3.347
3.7933,25.0,4.648183556405353,1.0210325047801148,1702.0,3.254302103250478,33.93,-117.93,1.844
2.5,29.0,4.061594202898551,1.0543478260869565,762.0,2.760869565217391,33.87,-117.91,1.438
4.5556,17.0,8.79058327477161,1.7287420941672522,2737.0,1.9234012649332397,33.71,-116.38,2.581
5.6704,35.0,6.177304964539007,1.00354609929078,812.0,2.879432624113475,33.91,-118.37,3.037
1.75,45.0,4.205607476635514,1.0093457943925233,1798.0,2.4005340453938584,37.93,-122.37,0.379
4.5655,35.0,5.670807453416149,0.9834368530020704,1481.0,3.0662525879917184,34.1,-117.9,1.766
7.0735,14.0,8.056485355648535,1.1171548117154813,2052.0,4.292887029288703,37.38,-121.87,3.356
3.5313,34.0,5.7018867924528305,1.0264150943396226,773.0,2.9169811320754717,33.87,-117.58,1.421
3.0469,32.0,5.5625,1.0,1038.0,3.8161764705882355,36.56,-119.73,0.827
2.8024,16.0,3.5517241379310347,1.0392390011890607,4241.0,5.042806183115339,37.33,-121.85,1.279
3.8487,46.0,5.1152882205513786,1.0150375939849625,1059.0,2.654135338345865,37.8,-122.2,2.033
3.9803,35.0,5.201923076923077,1.060897435897436,1462.0,4.685897435897436,34.03,-117.96,1.526
3.9417,33.0,6.194895591647332,1.0092807424593968,1256.0,2.91415313225058,32.8,-117.14,1.798
4.4777,16.0,4.434782608695652,0.9335038363171355,962.0,2.4603580562659846,34.43,-119.88,2.825
2.7083,10.0,4.435185185185185,1.1574074074074074,355.0,3.287037037037037,37.72,-122.36,1.804
2.0938,39.0,5.59433962264151,1.1226415094339623,539.0,2.542452830188679,40.59,-124.15,0.796
2.4861,15.0,5.467924528301887,1.0452830188679245,649.0,2.449056603773585,36.94,-119.7,0.863
0.8658,52.0,3.7265625,0.9609375,943.0,3.68359375,34.12,-117.27,0.875
2.4866,37.0,4.518779342723005,1.0046948356807512,1344.0,3.1549295774647885,32.62,-117.09,1.297
1.0298,20.0,2.3984674329501914,0.8122605363984674,3574.0,13.693486590038313,35.32,-120.65,3.0
9.4664,45.0,7.593984962406015,1.0852130325814537,916.0,2.2957393483709274,34.06,-118.47,5.00001
3.7917,32.0,5.133709981167608,1.0470809792843692,1513.0,2.849340866290019,33.82,-117.96,1.974
3.8259,52.0,6.3156146179401995,1.1129568106312293,955.0,3.1727574750830563,36.97,-122.04,2.531
3.6563,13.0,5.563245823389021,1.107398568019093,1110.0,2.649164677804296,39.17,-120.93,1.649
3.375,46.0,4.6875,1.042763157894737,1140.0,3.75,33.97,-118.3,0.985
1.7333,19.0,5.425196850393701,1.125984251968504,355.0,2.795275590551181,40.45,-120.36,0.7
4.0223,34.0,4.0,1.0,1994.0,3.0676923076923077,37.39,-122.03,2.502
2.3068,12.0,4.145092460881934,1.0440967283072546,2104.0,2.992887624466572,32.72,-117.01,1.323
3.4784,32.0,5.223880597014926,0.9940298507462687,997.0,2.976119402985075,32.73,-117.03,1.544
2.3482,52.0,6.891891891891892,1.1783783783783783,627.0,3.389189189189189,38.28,-122.9,1.635
3.8393,35.0,5.5688775510204085,0.9770408163265306,976.0,2.489795918367347,37.72,-122.13,2.435
1.5227,35.0,3.036363636363636,1.0909090909090908,267.0,4.8545454545454545,34.0,-118.23,3.5
3.9041,36.0,5.098039215686274,1.0130718954248366,1441.0,2.354575163398693,34.18,-118.29,3.204
5.2442,26.0,6.367441860465116,0.9953488372093023,1316.0,3.0604651162790697,37.97,-121.98,2.132
2.76,26.0,5.520871143375681,1.08529945553539,1720.0,3.1215970961887476,34.01,-117.45,0.952
3.1042,7.0,5.493362831858407,1.0896017699115044,2431.0,2.689159292035398,37.5,-120.87,1.225
3.6094,52.0,5.171014492753623,1.0666666666666667,966.0,2.8,34.17,-118.13,2.615
2.5368,35.0,6.21078431372549,1.0392156862745099,710.0,3.480392156862745,32.8,-117.14,1.696
2.3716,52.0,3.9415730337078654,1.0157303370786517,1849.0,4.155056179775281,34.03,-118.2,1.228
2.4206,19.0,3.7196132596685083,1.089779005524862,1765.0,2.4378453038674035,37.7,-122.11,1.375
1.7165,30.0,4.345679012345679,1.0061728395061729,1184.0,3.654320987654321,36.54,-119.39,0.591
6.1321,27.0,6.708185053380783,1.019572953736655,1606.0,2.8576512455516014,34.13,-117.82,3.097
4.1674,10.0,3.9686323713927227,1.0439146800501882,1537.0,1.9284818067754077,37.28,-121.93,2.14
4.8021,28.0,7.033678756476684,1.1683937823834196,1154.0,2.989637305699482,37.0,-121.79,2.904
8.9172,34.0,7.107784431137724,0.9920159680638723,1336.0,2.6666666666666665,37.39,-122.12,5.00001
3.1333,34.0,4.35374149659864,0.9115646258503401,754.0,2.564625850340136,37.75,-121.43,1.32
2.75,24.0,3.5291073738680465,1.093143596377749,2023.0,2.617076326002587,33.92,-118.35,2.397
3.1645,37.0,6.345794392523365,1.0794392523364487,586.0,2.7383177570093458,37.52,-121.14,1.708
2.6852,33.0,5.312849162011173,1.0335195530726258,1168.0,3.2625698324022347,36.7,-120.0,0.708
10.0595,26.0,8.692307692307692,1.0769230769230769,573.0,3.1483516483516483,34.19,-118.9,5.00001
2.2308,34.0,4.235690235690235,1.0286195286195285,1317.0,2.217171717171717,32.75,-117.06,1.259
3.6016,21.0,5.387755102040816,1.0770975056689343,1175.0,2.6643990929705215,37.74,-121.13,1.346
2.2478,31.0,5.123809523809523,1.1,1259.0,2.9976190476190476,40.8,-124.13,0.811
3.125,12.0,5.786377708978328,1.1021671826625388,1007.0,3.1176470588235294,33.66,-117.22,1.172
2.9706,17.0,5.2902892561983474,1.0506198347107438,1470.0,1.5185950413223142,37.4,-122.0,0.813
2.3824,35.0,4.087591240875913,1.083941605839416,659.0,2.4051094890510947,38.44,-122.73,1.45
4.0417,52.0,6.452830188679245,1.0471698113207548,1301.0,2.4547169811320755,38.56,-121.45,1.738
5.6631,4.0,6.1311964219157655,1.0559075661572865,7985.0,2.9761461051062246,32.65,-116.97,2.334
2.0243,18.0,4.5293132328308205,1.169179229480737,1611.0,2.698492462311558,34.51,-117.31,0.823
5.966,48.0,4.13986013986014,0.8531468531468531,340.0,2.3776223776223775,37.69,-122.32,3.152
2.4632,41.0,5.309352517985611,1.0287769784172662,1086.0,3.906474820143885,33.89,-118.25,1.117
4.3229,18.0,5.398601398601398,0.951048951048951,825.0,2.8846153846153846,37.75,-121.52,3.273
4.6985,12.0,5.7020547945205475,1.0273972602739727,1577.0,2.7003424657534247,34.27,-118.8,2.641
3.6429,25.0,4.304232804232805,0.9920634920634921,735.0,1.9444444444444444,32.79,-117.25,3.171
2.6964,14.0,4.718693284936479,1.015426497277677,3221.0,2.922867513611615,37.65,-120.95,1.07
6.6633,10.0,6.289272030651341,1.053639846743295,2491.0,4.772030651340996,37.33,-121.79,2.837
1.6228,42.0,3.9416445623342176,1.1140583554376657,897.0,2.3793103448275863,33.84,-118.32,3.761
3.3542,44.0,5.7215189873417724,1.1139240506329113,358.0,2.2658227848101267,34.03,-118.42,3.442
4.6458,9.0,5.21479374110953,1.0113798008534851,2341.0,3.330014224751067,37.61,-121.99,2.17
5.7268,23.0,6.009009009009009,1.027027027027027,1560.0,2.810810810810811,33.99,-117.97,3.003
3.4375,26.0,3.910909090909091,1.0227272727272727,3320.0,3.018181818181818,37.69,-122.46,2.777
1.5174,43.0,4.609004739336493,0.9786729857819905,1492.0,3.5355450236966823,36.76,-119.77,0.546
3.8917,11.0,7.147163120567376,1.3581560283687943,1539.0,2.728723404255319,34.99,-118.61,1.208
5.103,34.0,5.90625,0.9744318181818182,1379.0,3.9176136363636362,33.84,-117.99,2.07
2.6364,36.0,4.02,1.1,1763.0,5.037142857142857,33.97,-118.14,1.5
3.0042,18.0,5.201453790238837,1.150571131879543,2948.0,3.0612668743509865,34.06,-117.25,1.065
1.3071,51.0,2.647294589178357,1.1022044088176353,781.0,1.565130260521042,32.72,-117.15,2.5
4.131,24.0,5.397163120567376,1.0673758865248226,2541.0,4.50531914893617,33.88,-117.51,1.238
4.6786,52.0,4.642228739002933,1.0175953079178885,935.0,2.7419354838709675,37.73,-122.43,2.632
1.4048,16.0,5.071823204419889,1.0497237569060773,1063.0,1.9576427255985267,39.78,-121.59,0.865
3.9643,27.0,4.42512077294686,1.002415458937198,1480.0,3.57487922705314,34.16,-119.18,1.86
5.1857,18.0,6.274074074074074,1.0222222222222221,1276.0,3.1506172839506172,38.8,-121.18,2.201
4.1528,15.0,6.19327731092437,0.9873949579831933,768.0,3.226890756302521,35.34,-119.08,1.301
6.6739,45.0,5.7926829268292686,1.0170731707317073,751.0,1.8317073170731708,34.13,-118.34,5.00001
3.1728,17.0,6.524271844660194,1.3171521035598706,1749.0,2.8300970873786406,38.01,-121.79,1.468
1.5256,36.0,4.897777777777778,1.0977777777777777,702.0,3.12,33.93,-118.26,0.954
2.5,29.0,6.333333333333333,1.1056910569105691,364.0,2.959349593495935,41.12,-120.96,0.592
10.2264,52.0,4.666666666666667,0.8888888888888888,37.0,1.3703703703703705,37.74,-122.39,2.25
3.5242,33.0,5.125641025641026,0.9435897435897436,1061.0,2.7205128205128206,37.75,-121.42,1.214
4.8269,25.0,5.351351351351352,0.8972972972972973,522.0,2.8216216216216217,37.0,-121.97,2.729
4.7098,52.0,5.955555555555556,1.094949494949495,1363.0,2.7535353535353537,34.17,-118.12,2.879
4.4167,28.0,4.282846715328467,1.1094890510948905,785.0,1.4324817518248176,34.09,-118.39,4.25
7.218,29.0,6.594230769230769,1.0076923076923077,1518.0,2.919230769230769,37.3,-122.0,4.007
3.6298,19.0,5.558320373250389,1.0404354587869362,1373.0,2.135303265940902,38.64,-121.28,2.421
3.1042,37.0,4.508264462809917,1.1115702479338843,905.0,3.739669421487603,34.07,-118.03,1.52
4.239,39.0,5.096774193548387,1.0496277915632755,1205.0,2.990074441687345,34.1,-118.19,2.13
3.599,43.0,5.451263537906137,1.1191335740072201,809.0,2.92057761732852,34.26,-118.3,1.765
2.1944,27.0,4.02,1.0342857142857143,1684.0,4.811428571428571,34.05,-117.64,0.957
4.25,43.0,4.176470588235294,0.9558823529411765,167.0,2.4558823529411766,33.82,-118.18,2.075
2.3889,44.0,4.933806146572104,1.0567375886524824,1270.0,3.0023640661938535,34.1,-117.37,0.861
2.9063,31.0,5.508710801393728,1.0418118466898956,776.0,2.7038327526132404,40.87,-121.67,0.778
2.9219,38.0,4.205882352941177,0.9950980392156863,1250.0,6.127450980392157,34.27,-118.41,1.379
7.2494,6.0,7.60075329566855,0.9887005649717514,3386.0,3.1883239171374766,37.71,-121.96,3.365
2.4375,52.0,5.019607843137255,0.9859943977591037,1049.0,2.9383753501400562,36.76,-119.81,0.571
2.9386,23.0,3.815136476426799,1.066997518610422,1584.0,1.965260545905707,33.74,-118.3,2.605
5.0761,35.0,6.1072507552870094,1.040785498489426,1832.0,2.7673716012084593,37.93,-122.08,2.332
4.065,6.0,6.347670250896058,1.050179211469534,935.0,3.3512544802867383,33.82,-117.08,1.482
2.6226,40.0,4.071216617210682,1.0504451038575668,2747.0,4.07566765578635,34.09,-118.18,1.488
2.875,22.0,16.883561643835616,3.691780821917808,381.0,2.6095890410958904,39.06,-120.13,0.875
3.7895,52.0,5.705882352941177,1.0784313725490196,704.0,2.3006535947712417,34.11,-118.15,3.648
3.2917,52.0,5.564245810055866,0.9636871508379888,948.0,2.64804469273743,33.96,-117.39,1.293
1.5885,30.0,2.318062827225131,1.031413612565445,2188.0,2.863874345549738,34.06,-118.27,1.542
2.3125,18.0,13.440677966101696,2.5084745762711864,186.0,3.152542372881356,39.0,-122.7,1.625
5.1629,20.0,6.178787878787879,1.1303030303030304,862.0,2.6121212121212123,37.73,-121.46,2.229
4.2224,6.0,6.3992673992674,1.0265567765567765,3660.0,3.3516483516483517,34.39,-117.27,1.257
6.8099,15.0,6.221590909090909,0.8977272727272727,361.0,2.0511363636363638,33.03,-117.07,3.282
4.5987,29.0,4.930894308943089,0.926829268292683,654.0,2.658536585365854,32.79,-117.2,2.556
4.4477,4.0,5.752631578947368,1.0252631578947369,2844.0,2.993684210526316,33.17,-117.06,1.748
5.8993,49.0,7.051724137931035,1.0123152709359606,1108.0,2.729064039408867,34.0,-118.34,3.133
1.1607,50.0,4.038461538461538,1.1076923076923078,485.0,1.8653846153846154,39.51,-121.55,0.517
4.8286,17.0,6.518672199170124,1.0235131396957122,2531.0,3.500691562932227,32.87,-116.96,1.585
3.2303,23.0,5.739478957915832,1.0100200400801602,1298.0,2.6012024048096194,38.13,-121.3,1.318
6.1527,40.0,5.472014925373134,1.0541044776119404,1077.0,2.0093283582089554,34.06,-118.42,5.00001
4.2679,26.0,5.627565982404692,1.0117302052785924,1326.0,3.8885630498533725,32.59,-117.05,1.319
1.775,40.0,2.6875,1.0653409090909092,700.0,1.9886363636363635,37.82,-122.27,1.125
3.625,36.0,5.108527131782946,1.0930232558139534,812.0,2.098191214470284,33.17,-117.35,1.98
4.125,41.0,3.3666666666666667,0.7666666666666667,85.0,2.8333333333333335,34.04,-118.39,2.375
2.0066,16.0,5.689567430025445,1.1145038167938932,1361.0,3.4631043256997454,37.2,-120.64,1.25
3.6728,25.0,2.671201814058957,1.2358276643990929,592.0,1.342403628117914,37.81,-122.41,5.00001
2.6442,23.0,4.1342592592592595,1.0324074074074074,1149.0,5.319444444444445,33.75,-117.92,1.563
3.5761,43.0,5.4880239520958085,1.062874251497006,786.0,2.3532934131736525,34.1,-118.06,2.567
4.1312,35.0,5.091787439613527,0.9855072463768116,1257.0,3.036231884057971,34.08,-117.92,1.852
3.5192,9.0,8.747474747474747,1.8451178451178452,796.0,2.68013468013468,38.61,-120.44,0.98
3.0,43.0,5.916334661354582,1.0756972111553784,653.0,2.601593625498008,38.44,-121.56,1.417
3.9107,26.0,5.186728395061729,1.1141975308641976,2709.0,4.180555555555555,33.75,-117.97,1.907
4.4261,16.0,5.619393939393939,1.1006060606060606,2341.0,2.8375757575757574,33.74,-117.98,3.047
3.6023,25.0,4.813953488372093,0.9534883720930233,87.0,2.0232558139534884,37.71,-121.02,1.313
3.1417,15.0,4.658823529411765,1.0549019607843138,1197.0,2.347058823529412,36.8,-119.73,0.746
3.3926,32.0,5.575438596491228,1.0637426900584794,4951.0,2.8953216374269006,38.6,-121.3,1.034
4.2578,36.0,5.258823529411765,1.1176470588235294,2886.0,33.95294117647059,33.94,-117.63,1.833
4.0568,52.0,5.176842105263158,1.0673684210526315,1012.0,2.130526315789474,37.75,-122.43,3.879
2.506,25.0,3.374717832957111,1.0474040632054176,5217.0,2.944130925507901,34.14,-118.25,1.845
3.8819,19.0,4.7552,1.076,2372.0,1.8976,34.17,-118.61,3.289
4.2667,32.0,3.6330150068212825,0.9017735334242838,1403.0,1.9140518417462482,37.46,-122.16,4.102
5.0,26.0,5.768072289156627,1.0210843373493976,2780.0,2.791164658634538,36.67,-121.68,2.023
5.1506,21.0,5.429790026246719,1.0275590551181102,3636.0,2.3858267716535435,37.33,-121.97,3.021
4.9904,5.0,7.843010752688172,1.2247311827956988,3123.0,3.358064516129032,34.6,-118.16,1.541
2.0,52.0,5.355685131195335,1.2419825072886297,1062.0,3.0962099125364433,33.98,-118.31,0.965
3.235,18.0,5.770259638080252,1.0479937057435091,3339.0,2.6270653029110935,38.7,-121.3,1.247
6.0824,3.0,5.0904467853251,1.0392299309843807,7205.0,2.6171449328005814,37.52,-122.07,2.735
5.0162,19.0,7.0534653465346535,1.0495049504950495,1607.0,3.1821782178217823,36.6,-121.7,2.831
4.2273,13.0,7.205438066465256,1.0845921450151057,1985.0,2.998489425981873,33.81,-117.43,2.952
3.9375,32.0,5.3,1.02,170.0,3.4,34.0,-117.88,1.875
4.665,14.0,7.4921875,1.109375,2047.0,3.1984375,36.92,-119.81,1.213
4.6953,18.0,7.051851851851852,1.2666666666666666,1027.0,2.5358024691358025,38.77,-122.85,2.417
3.3438,13.0,3.9222972972972974,0.9763513513513513,630.0,2.1283783783783785,33.69,-117.8,3.333
3.7301,52.0,5.147971360381861,0.9976133651551312,929.0,2.217183770883055,37.68,-121.76,2.044
1.7727,31.0,4.961937716262976,0.9792387543252595,811.0,2.8062283737024223,39.44,-121.55,0.49
2.6997,52.0,4.0627450980392155,1.0627450980392157,1623.0,2.1215686274509804,37.83,-122.28,1.269
4.7356,22.0,6.82875605815832,1.063004846526656,1849.0,2.987075928917609,33.99,-116.99,1.959
2.4297,35.0,3.6475095785440614,1.0383141762452108,949.0,3.636015325670498,33.93,-118.18,1.472
4.1419,45.0,5.32484076433121,1.0955414012738853,838.0,2.6687898089171975,37.75,-122.5,2.915
3.712,21.0,6.373333333333333,1.0566666666666666,1818.0,3.03,38.66,-121.3,1.39
2.6923,14.0,5.180628272251309,1.130890052356021,1756.0,4.596858638743456,37.38,-120.71,0.714
2.9479,22.0,5.222493887530562,1.136919315403423,1143.0,2.7946210268948657,34.6,-120.14,2.431
4.002,5.0,5.32306477093207,0.9881516587677726,4614.0,3.6445497630331753,34.63,-117.84,1.151
2.6371,30.0,3.4004796163069546,1.052757793764988,720.0,1.7266187050359711,33.77,-118.18,1.594
8.111,14.0,8.791044776119403,1.0626865671641792,1293.0,3.8597014925373134,33.64,-117.71,3.089
5.4051,27.0,5.747553816046967,0.9726027397260274,1454.0,2.8454011741682974,37.27,-121.99,2.735
2.25,30.0,5.861861861861862,1.1921921921921923,961.0,2.885885885885886,40.02,-122.18,0.682
1.9375,40.0,4.287846481876333,1.0554371002132197,1528.0,3.257995735607676,34.08,-117.31,0.699
3.05,17.0,8.32008830022075,2.0044150110375276,1160.0,2.5607064017660046,37.64,-118.98,1.889
11.4537,25.0,8.89763779527559,1.0275590551181102,719.0,2.8307086614173227,33.76,-117.78,5.00001
3.5833,52.0,5.15819209039548,1.0715630885122411,1312.0,2.470809792843691,37.77,-122.5,3.229
4.2721,18.0,5.795148247978437,1.0467205750224617,3716.0,3.338724168912848,33.87,-117.6,1.503
4.9118,26.0,6.391304347826087,1.1014492753623188,1597.0,3.3064182194616976,37.55,-122.03,2.173
7.9135,21.0,7.928571428571429,1.1114285714285714,856.0,2.4457142857142857,37.25,-121.97,4.964
2.5707,38.0,5.511494252873563,1.0459770114942528,745.0,2.1408045977011496,38.35,-122.0,1.26
3.6193,35.0,4.2519201228878645,1.1551459293394777,1277.0,1.9615975422427034,33.78,-118.15,2.5
7.1924,52.0,5.715942028985507,0.9478260869565217,755.0,2.1884057971014492,37.91,-122.56,5.00001
5.1669,44.0,5.220883534136546,1.0120481927710843,695.0,2.791164658634538,33.89,-118.32,2.206
2.0043,29.0,4.92332268370607,0.9297124600638977,1007.0,3.2172523961661343,36.71,-119.8,0.535
4.325,37.0,5.074380165289257,0.9793388429752066,572.0,2.3636363636363638,33.81,-118.13,2.239
1.4804,52.0,4.041958041958042,1.1235431235431235,731.0,1.7039627039627039,37.79,-122.45,4.25
3.1914,19.0,4.426656151419558,1.0417981072555205,3018.0,2.3801261829652995,36.98,-121.99,2.156
3.7,35.0,4.50997150997151,0.9230769230769231,1481.0,4.219373219373219,34.25,-118.44,1.76
2.9107,27.0,5.807339449541284,1.135321100917431,1305.0,2.993119266055046,34.06,-117.42,1.431
4.4732,36.0,5.7701492537313435,1.017910447761194,958.0,2.8597014925373134,33.96,-118.13,2.66
6.02,19.0,5.368794326241135,1.049645390070922,361.0,2.5602836879432624,33.87,-118.37,3.042
14.2959,52.0,8.172727272727272,0.8727272727272727,304.0,2.7636363636363637,37.79,-122.46,5.00001
4.8224,27.0,5.825072886297376,1.0291545189504374,970.0,2.82798833819242,38.67,-121.31,1.155
2.7763,30.0,4.231884057971015,1.0614216701173222,3147.0,2.1718426501035197,34.08,-117.88,1.878
3.7321,41.0,4.659217877094972,0.9273743016759777,603.0,3.368715083798883,33.89,-118.08,1.675
4.8237,38.0,5.699386503067485,1.0076687116564418,1784.0,2.736196319018405,37.71,-122.08,2.209
2.7031,10.0,4.507204610951009,1.144092219020173,643.0,1.8530259365994237,37.98,-121.33,1.5
4.2333,16.0,7.207619047619048,1.099047619047619,1615.0,3.0761904761904764,34.07,-117.03,2.203
5.373,36.0,5.375886524822695,0.9716312056737588,1232.0,2.9125295508274234,33.89,-118.34,2.445
2.625,47.0,4.963855421686747,1.3433734939759037,533.0,3.210843373493976,37.74,-122.16,0.982
2.8167,10.0,6.080078125,1.150390625,1508.0,2.9453125,37.19,-119.68,0.961
4.675,24.0,6.412735849056604,1.0235849056603774,1318.0,3.108490566037736,34.19,-118.95,2.288
4.2019,37.0,5.164658634538153,1.0240963855421688,1047.0,4.204819277108434,34.11,-117.9,1.401
2.8042,19.0,3.9358490566037734,1.0849056603773586,1701.0,3.209433962264151,34.41,-119.7,2.361
5.8864,13.0,5.23943661971831,0.971830985915493,800.0,2.2535211267605635,33.96,-118.43,5.00001
4.3036,35.0,5.699059561128527,1.0626959247648904,828.0,2.595611285266458,33.88,-118.32,2.821
5.2557,25.0,5.343373493975903,0.9623493975903614,2653.0,3.9954819277108435,34.02,-118.06,1.888
1.2387,42.0,4.248741188318228,1.1329305135951662,3549.0,3.5740181268882174,37.72,-122.42,2.128
3.1354,26.0,4.394611727416799,1.0792393026941363,1560.0,2.472266244057052,33.96,-118.35,1.643
3.1433,25.0,4.355450236966824,1.1658767772511849,1014.0,1.6018957345971565,34.01,-118.52,5.00001
2.6036,29.0,3.327698309492848,1.023407022106632,1886.0,2.4525357607282183,34.25,-118.28,1.621
3.7454,52.0,4.60377358490566,1.0075471698113208,488.0,1.8415094339622642,36.62,-121.91,2.438
9.2873,26.0,7.772805507745267,1.0516351118760758,1714.0,2.9500860585197937,34.29,-118.49,4.318
4.21,11.0,5.1649122807017545,0.9157894736842105,1012.0,3.550877192982456,33.2,-117.28,1.756
2.8348,8.0,3.7813370473537606,1.0445682451253482,2580.0,3.5933147632311977,36.91,-121.77,1.62
3.1384,46.0,5.627249357326479,1.0874035989717223,866.0,2.2262210796915167,33.95,-117.4,1.115
1.7212,39.0,4.584905660377358,1.030188679245283,1211.0,4.569811320754717,33.94,-118.24,0.955
3.4375,22.0,6.0,1.2394366197183098,461.0,3.2464788732394365,38.81,-122.66,0.833
7.2472,30.0,7.637931034482759,1.0454545454545454,1995.0,3.126959247648903,33.96,-117.97,4.419
4.075,18.0,5.733749349973999,1.0286011440457619,5407.0,2.811752470098804,34.1,-117.83,2.311
3.6641,32.0,5.614886731391586,1.0711974110032363,785.0,2.540453074433657,38.53,-122.46,2.758
3.2277,4.0,6.541910331384016,1.1695906432748537,3126.0,3.046783625730994,34.47,-117.54,1.265
4.175,47.0,5.344594594594595,1.0382882882882882,990.0,2.22972972972973,37.98,-121.3,0.983
5.5486,34.0,5.352697095435684,0.9128630705394191,867.0,3.5975103734439835,33.82,-117.98,2.181
4.625,49.0,5.478927203065134,1.0574712643678161,1178.0,2.256704980842912,37.98,-122.57,3.55
5.3363,16.0,4.529126213592233,0.883495145631068,1835.0,4.453883495145631,37.32,-121.84,2.128
3.7198,13.0,5.692156862745098,1.0,1844.0,3.615686274509804,34.13,-117.38,1.129
4.7375,45.0,5.2661498708010335,1.0180878552971577,1086.0,2.806201550387597,33.94,-118.41,2.896
2.375,52.0,4.289719626168225,1.0467289719626167,276.0,2.5794392523364484,34.27,-119.27,1.984
3.2216,48.0,4.853403141361256,0.9424083769633508,1126.0,2.9476439790575917,34.19,-118.15,1.616
4.6833,17.0,6.077961019490255,0.9805097451274363,2034.0,3.0494752623688157,37.61,-120.95,1.422
5.0056,30.0,3.0,0.875,74.0,4.625,34.17,-118.3,1.625
3.233,25.0,4.633587786259542,1.0729431721798135,3010.0,2.553011026293469,33.79,-118.16,1.991
2.7188,20.0,5.443946188340807,1.1076233183856503,504.0,2.2600896860986546,38.93,-122.89,1.057
2.1949,22.0,5.1937984496124034,1.246124031007752,1644.0,3.186046511627907,32.65,-116.45,1.271
2.8345,31.0,3.8949152542372882,1.1279661016949152,2048.0,1.735593220338983,37.82,-122.26,1.838
5.0464,17.0,6.0130151843817785,0.9739696312364425,1685.0,3.6550976138828633,33.87,-117.58,1.639
3.6815,17.0,4.765864332603939,1.0437636761487965,1077.0,2.3566739606126914,33.82,-118.03,2.453
4.8962,31.0,5.390692640692641,1.0432900432900434,2841.0,3.074675324675325,37.56,-122.03,2.202
1.2094,21.0,3.1817116060961315,1.032825322391559,1549.0,1.8159437280187574,33.96,-118.35,1.575
2.8311,41.0,4.377260981912145,1.0671834625322998,1222.0,3.157622739018088,33.98,-118.05,1.553
1.6948,30.0,5.370801033591731,1.0775193798449612,1885.0,2.4354005167958657,39.75,-122.18,0.675
5.1515,17.0,5.183839479392625,1.0363340563991323,5279.0,2.8627982646420826,34.02,-118.11,3.189
8.2266,28.0,9.163865546218487,1.1932773109243697,728.0,3.0588235294117645,37.36,-122.08,5.00001
2.4444,20.0,6.333333333333333,0.8666666666666667,31.0,2.066666666666667,37.88,-122.22,4.75
5.8527,22.0,6.309486780715397,0.9704510108864697,2204.0,3.4276827371695178,33.81,-118.04,2.41
2.8214,13.0,5.028616852146264,1.152623211446741,1675.0,2.662957074721781,33.2,-117.26,1.219
5.7519,27.0,7.331775700934579,1.1308411214953271,583.0,2.7242990654205608,37.66,-121.87,2.785
3.6042,34.0,5.538461538461538,1.0,621.0,2.985576923076923,32.79,-115.57,0.736
1.7169,36.0,4.706959706959707,0.989010989010989,706.0,2.586080586080586,37.58,-121.02,1.214
6.2096,14.0,5.365079365079365,0.9365079365079365,384.0,3.0476190476190474,33.18,-117.28,1.781
3.2303,17.0,4.783613445378151,0.9642857142857143,1149.0,2.4138655462184873,39.17,-121.02,1.495
2.7593,23.0,4.391117478510028,1.0358166189111748,2042.0,2.9255014326647566,34.34,-119.08,1.948
3.4318,31.0,5.199186991869919,1.0406504065040652,1164.0,2.3658536585365852,32.83,-117.22,2.004
1.3304,28.0,5.6453900709219855,1.0780141843971631,962.0,3.4113475177304964,36.7,-119.8,0.513
2.567,18.0,5.022556390977444,1.0018796992481203,1151.0,2.1635338345864663,39.79,-121.6,1.029
2.4922,31.0,5.011811023622047,1.031496062992126,686.0,2.7007874015748032,33.93,-117.43,1.094
7.9835,27.0,8.187817258883248,1.015228426395939,497.0,2.5228426395939088,34.09,-118.43,5.00001
3.6118,34.0,5.459363957597173,1.047703180212014,1588.0,2.8056537102473498,38.0,-121.79,1.247
3.901,37.0,5.154213036565978,1.109697933227345,1080.0,1.7170111287758347,33.76,-118.14,4.325
9.1415,5.0,7.2052980132450335,0.9757174392935982,1607.0,3.5474613686534218,37.54,-122.26,5.00001
6.0804,42.0,5.244274809160306,1.0076335877862594,907.0,2.3078880407124682,34.01,-118.44,4.2
3.7847,52.0,4.739307535641548,1.1303462321792261,1048.0,2.134419551934827,34.09,-118.27,2.523
3.9038,49.0,4.5724907063197024,1.037174721189591,669.0,2.486988847583643,34.04,-118.39,3.083
1.84,45.0,3.9836065573770494,1.0585480093676816,1484.0,3.4754098360655736,33.99,-118.3,0.914
2.0958,52.0,4.735955056179775,1.0589887640449438,982.0,2.758426966292135,34.0,-118.3,1.164
6.6916,2.0,9.769983686786297,1.4404567699836868,1787.0,2.9151712887438825,34.38,-118.61,3.295
2.0893,41.0,3.369565217391304,0.9420289855072463,349.0,2.528985507246377,34.06,-117.65,1.125
3.175,18.0,5.6272965879265096,1.1023622047244095,985.0,2.5853018372703414,38.4,-120.66,1.185
3.4187,17.0,10.053140096618357,2.3357487922705316,889.0,2.1473429951690823,39.01,-122.75,2.005
4.2404,52.0,4.442477876106195,1.0221238938053097,590.0,2.6106194690265485,34.05,-118.38,3.51
6.992,22.0,6.529202279202279,0.9779202279202279,4319.0,3.076210826210826,37.55,-122.03,2.848
4.0227,10.0,6.346846846846847,1.117117117117117,782.0,3.5225225225225225,38.03,-121.3,1.077
2.6818,39.0,4.032894736842105,1.0328947368421053,1528.0,3.3508771929824563,37.32,-121.87,1.849
3.1513,35.0,4.756207674943567,1.0835214446952597,2241.0,5.058690744920993,33.93,-118.05,1.5
9.3125,27.0,6.2330827067669174,0.8571428571428571,383.0,2.8796992481203008,33.9,-117.91,2.935
6.3178,19.0,6.426829268292683,1.0414634146341464,1497.0,3.651219512195122,37.23,-121.81,2.48
6.1008,37.0,7.157439446366782,1.1003460207612457,1569.0,2.7145328719723185,37.39,-121.82,2.862
2.7308,45.0,4.312267657992565,1.0185873605947955,1095.0,4.070631970260223,33.8,-118.21,1.39
3.6563,40.0,4.405194805194805,0.9662337662337662,835.0,2.168831168831169,34.17,-118.39,2.224
3.6719,46.0,4.296774193548387,1.0612903225806452,746.0,2.4064516129032256,34.43,-119.72,3.574
4.8214,21.0,6.690355329949239,1.0253807106598984,618.0,3.1370558375634516,37.32,-120.45,1.178
3.6296,16.0,3.616842105263158,0.9831578947368421,896.0,1.8863157894736842,34.2,-118.61,1.609
3.7431,19.0,6.240208877284595,1.1240208877284594,3043.0,3.9725848563968666,33.93,-117.46,1.328
4.125,52.0,5.371663244353183,0.971252566735113,1085.0,2.2279260780287475,37.89,-122.28,2.709
4.35,21.0,5.93687707641196,0.9667774086378738,988.0,3.2823920265780733,38.47,-121.43,0.962
1.0714,36.0,2.7995495495495497,1.0585585585585586,1668.0,3.7567567567567566,34.05,-118.22,1.375
1.4274,22.0,3.992248062015504,1.054263565891473,1367.0,2.1193798449612404,38.01,-121.31,0.905
6.8419,16.0,6.822517591868648,1.0297107114933541,3789.0,2.962470680218921,34.39,-118.55,3.233
3.0526,28.0,8.13076923076923,1.9153846153846155,288.0,2.2153846153846155,36.16,-121.39,1.469
5.5777,21.0,7.51831750339213,1.0529172320217097,2214.0,3.004070556309362,37.94,-122.03,2.793
2.3929,31.0,3.7445054945054945,1.1758241758241759,1897.0,5.211538461538462,33.97,-118.16,1.911
2.3658,17.0,4.073093220338983,1.1133474576271187,3102.0,3.2860169491525424,32.78,-117.17,1.641
2.4848,35.0,4.760416666666667,1.0354166666666667,1738.0,3.620833333333333,35.36,-118.96,0.54
3.5536,35.0,6.098360655737705,1.0590163934426229,1011.0,3.314754098360656,34.08,-117.92,2.07
2.6403,31.0,3.7816711590296497,1.045822102425876,724.0,1.9514824797843666,32.8,-117.23,2.161
3.25,19.0,5.70945945945946,1.1047297297297298,855.0,2.8885135135135136,37.74,-120.91,1.767
4.1865,25.0,6.03139534883721,1.086046511627907,2725.0,3.1686046511627906,33.93,-117.55,1.543
1.4329,21.0,3.0577617328519855,1.0036101083032491,1283.0,4.631768953068592,33.93,-118.28,0.941
1.4079,30.0,4.47119341563786,1.1522633744855968,1509.0,3.1049382716049383,34.11,-117.25,0.677
6.5704,26.0,6.239221140472879,0.9860917941585535,1873.0,2.6050069541029206,33.76,-118.31,4.147
4.875,15.0,6.720833333333333,1.2625,702.0,2.925,32.91,-117.15,1.693
2.6713,35.0,5.770588235294118,1.0862745098039215,1460.0,2.8627450980392157,38.69,-121.38,0.844
6.4598,18.0,7.8400735294117645,1.068014705882353,2025.0,3.7224264705882355,33.62,-117.69,2.827
2.9292,29.0,4.505747126436781,0.9540229885057471,1681.0,3.864367816091954,34.09,-117.33,0.845
4.5707,27.0,5.489795918367347,0.95578231292517,1666.0,2.8333333333333335,38.01,-122.03,1.759
5.1005,33.0,6.12,1.064,728.0,2.912,38.57,-122.94,2.667
4.869,35.0,5.372596153846154,0.9375,1148.0,2.7596153846153846,34.27,-118.5,2.216
3.3594,32.0,4.969298245614035,0.9473684210526315,693.0,3.039473684210526,33.87,-117.89,2.021
10.3416,36.0,7.525,1.025,740.0,2.642857142857143,37.9,-122.2,5.00001
6.148,34.0,6.218954248366013,0.9575163398692811,887.0,2.8986928104575163,33.97,-118.02,3.138
4.1875,24.0,4.538709677419355,1.0887096774193548,1463.0,2.359677419354839,34.17,-118.46,3.093
2.9083,14.0,3.6482084690553744,1.0390879478827362,982.0,3.198697068403909,33.76,-118.0,1.792
3.0313,43.0,6.35,1.1166666666666667,259.0,4.316666666666666,33.97,-118.22,1.661
3.9099,33.0,4.55108877721943,1.1088777219430486,1546.0,2.5896147403685092,34.18,-118.43,2.675
1.9964,26.0,3.8184873949579834,1.1663865546218488,2567.0,4.314285714285714,33.77,-118.27,1.506
5.4171,52.0,6.764705882352941,1.0751633986928104,722.0,2.3594771241830066,37.89,-122.28,2.92
3.79,52.0,4.643867924528302,0.9174528301886793,877.0,2.068396226415094,32.74,-117.12,1.634
4.9384,28.0,5.005649717514125,1.048587570621469,2131.0,2.407909604519774,33.85,-118.38,3.781
6.3824,41.0,5.42483660130719,0.8888888888888888,353.0,2.30718954248366,37.45,-122.27,5.00001
3.1304,42.0,4.073717948717949,0.9647435897435898,574.0,1.8397435897435896,34.0,-118.47,3.405
5.128,25.0,6.045180722891566,0.9066265060240963,1135.0,3.4186746987951806,32.78,-115.57,0.996
3.0078,42.0,3.3333333333333335,1.0095238095238095,662.0,3.1523809523809523,34.09,-118.13,1.917
6.057,16.0,5.926339285714286,1.0870535714285714,1862.0,4.15625,37.39,-121.87,2.468
4.8059,52.0,6.572815533980583,1.1019417475728155,531.0,2.5776699029126213,34.16,-118.0,2.706
4.8611,16.0,4.87603305785124,1.0743801652892562,178.0,1.4710743801652892,33.61,-117.73,1.868
5.5111,9.0,6.536656891495602,1.0410557184750733,788.0,2.310850439882698,38.77,-120.93,1.963
3.6287,4.0,3.9006226053639845,1.09794061302682,7604.0,1.8208812260536398,32.86,-117.22,2.808
2.9375,31.0,4.514705882352941,1.0852941176470587,1291.0,3.7970588235294116,33.79,-118.27,1.74
2.6506,14.0,4.813486370157819,0.9971305595408895,1350.0,1.9368723098995695,36.92,-121.74,1.646
2.0804,34.0,4.24,1.104,1215.0,4.86,33.91,-118.23,0.847
3.371,17.0,4.04969696969697,0.9733333333333334,3381.0,4.098181818181819,33.76,-117.93,1.618
5.4496,19.0,6.233265720081136,1.026369168356998,1773.0,3.5963488843813387,37.99,-122.09,2.054
1.125,27.0,5.649122807017544,1.4210526315789473,112.0,1.9649122807017543,33.3,-115.96,0.544
2.8648,29.0,4.7405857740585775,0.9246861924686193,918.0,3.8410041841004183,33.73,-116.23,0.721
5.2099,35.0,5.80327868852459,1.009367681498829,1333.0,3.1217798594847777,33.86,-117.95,1.914
2.4906,31.0,6.180379746835443,1.1582278481012658,999.0,3.161392405063291,38.16,-121.16,1.225
3.6382,25.0,7.772189349112426,1.1449704142011834,1059.0,3.133136094674556,34.66,-118.23,1.382
2.5797,17.0,3.486624203821656,1.105732484076433,2924.0,3.7248407643312103,34.21,-118.59,1.835
1.2794,33.0,4.335968379446641,1.0039525691699605,627.0,2.4782608695652173,37.11,-120.26,0.507
1.6071,27.0,4.190476190476191,1.0389610389610389,587.0,2.5411255411255413,36.97,-120.07,0.55
4.1016,4.0,4.709327548806941,1.295010845986985,928.0,2.013015184381779,37.99,-121.89,1.705
3.7188,21.0,4.147378832838774,1.056379821958457,2487.0,2.459940652818991,37.3,-121.95,2.93
5.5379,42.0,5.689542483660131,0.9836601307189542,723.0,2.3627450980392157,37.92,-122.53,4.105
2.5197,15.0,3.8697318007662833,1.049808429118774,649.0,2.4865900383141764,33.67,-117.82,3.5
5.1775,35.0,5.875881523272215,1.005641748942172,2354.0,3.3201692524682653,33.84,-118.01,2.134
2.5991,28.0,3.489130434782609,1.0891304347826087,936.0,2.034782608695652,32.76,-117.12,1.475
3.625,13.0,5.479674796747967,1.048780487804878,719.0,2.9227642276422765,36.61,-119.46,1.083
3.1591,19.0,6.452132701421801,1.1033175355450238,2703.0,2.562085308056872,33.71,-116.91,1.897
4.8274,21.0,5.832214765100671,0.9899328859060402,983.0,3.2986577181208054,32.57,-117.12,1.741
6.827,36.0,7.021428571428571,1.0357142857142858,1897.0,2.71,34.2,-118.11,3.594
1.8589,20.0,5.225,1.05,921.0,2.558333333333333,38.68,-121.29,1.44
5.0195,19.0,6.0234657039711195,1.01985559566787,1646.0,2.9711191335740073,33.18,-117.24,2.002
1.1642,14.0,2.342070773263434,1.1179554390563564,2251.0,2.9501965923984272,34.06,-118.28,4.0
4.5687,33.0,4.962546816479401,1.0262172284644195,909.0,3.404494382022472,37.55,-122.02,1.772
6.3314,27.0,6.490998363338789,0.9443535188216039,1657.0,2.7119476268412437,38.01,-122.55,3.422
3.175,25.0,4.173913043478261,1.059782608695652,529.0,2.875,33.83,-118.03,1.328
2.7222,36.0,4.297551789077213,1.0056497175141244,918.0,1.728813559322034,32.75,-117.18,2.847
2.809,34.0,4.846153846153846,0.9842209072978304,1538.0,3.0335305719921104,34.12,-117.22,0.825
5.3559,26.0,5.741496598639456,0.9546485260770975,1274.0,2.888888888888889,33.74,-118.04,2.358
2.489,51.0,4.1653944020356235,1.178117048346056,1543.0,3.926208651399491,37.78,-122.22,1.191
4.85,34.0,5.35693215339233,0.9882005899705014,872.0,2.5722713864306783,34.0,-118.4,3.294
2.8326,11.0,4.560148056755089,1.107958050586058,3841.0,2.3695249845774216,34.1,-117.68,1.63
1.5122,19.0,3.948186528497409,1.160621761658031,960.0,2.4870466321243523,36.79,-119.79,0.475
5.8083,10.0,5.6940298507462686,1.2649253731343284,705.0,2.6305970149253732,34.0,-118.4,3.218
3.875,39.0,4.589242053789731,1.0415647921760391,805.0,1.9682151589242054,32.83,-117.27,4.1
3.0827,29.0,4.7915057915057915,1.0193050193050193,2773.0,2.6766409266409266,36.7,-121.65,1.481
3.3929,13.0,8.580645161290322,1.7903225806451613,214.0,3.4516129032258065,39.14,-122.7,1.083
4.175,35.0,5.420529801324503,0.9933774834437086,894.0,2.9602649006622515,34.26,-118.45,2.096
2.3562,28.0,4.174545454545455,1.0963636363636364,1277.0,2.321818181818182,32.65,-117.08,1.238
4.5075,39.0,5.2509855453350855,1.0420499342969776,1744.0,2.2917214191852824,37.51,-122.27,3.649
3.3235,46.0,5.011037527593819,0.9426048565121413,1097.0,2.4216335540838854,37.97,-121.32,0.878
4.7083,25.0,5.414578587699316,1.1184510250569477,1200.0,2.733485193621868,34.28,-118.7,1.961
2.3784,15.0,3.882147024504084,1.1796966161026838,2683.0,3.1306884480746793,34.17,-118.37,1.854
2.6442,34.0,6.185929648241206,1.085427135678392,841.0,4.226130653266332,34.01,-117.41,0.92
7.3672,47.0,5.978456014362657,1.021543985637343,1220.0,2.190305206463196,33.75,-118.12,5.00001
3.8259,33.0,5.2727272727272725,1.1454545454545455,729.0,3.3136363636363635,37.64,-122.06,1.461
3.125,34.0,5.084821428571429,1.0625,1728.0,3.857142857142857,34.08,-117.95,1.541
4.575,48.0,4.441108545034642,0.9422632794457275,1142.0,2.6374133949191685,34.0,-118.45,3.267
3.8803,6.0,5.762492981471084,1.046603032004492,6163.0,3.4604154969118475,34.58,-117.78,1.2
3.6412,15.0,5.3442088091354,1.0929853181076672,1520.0,2.4796084828711256,35.33,-120.84,2.078
2.2321,21.0,5.803191489361702,1.1063829787234043,660.0,3.5106382978723403,41.54,-120.87,0.346
2.3284,30.0,4.048780487804878,1.0548780487804879,577.0,1.7591463414634145,32.81,-117.26,2.906
2.774,38.0,4.809523809523809,0.981859410430839,1547.0,3.507936507936508,35.39,-118.97,0.595
4.5735,39.0,5.284848484848485,1.0272727272727273,1048.0,3.175757575757576,33.89,-118.14,1.955
4.4559,21.0,4.778645833333333,1.1119791666666667,1038.0,2.703125,33.81,-118.19,1.985
3.8506,22.0,4.944845699277741,1.0302035456336178,5254.0,3.4497701904136573,33.76,-117.91,1.674
4.1071,11.0,5.813953488372093,1.0105708245243128,2827.0,2.988372093023256,38.67,-121.21,1.458
3.6667,32.0,7.016666666666667,0.9888888888888889,508.0,2.8222222222222224,33.9,-117.4,3.141
5.038,13.0,5.958762886597938,0.9072164948453608,1084.0,2.7938144329896906,34.87,-120.44,1.94
3.18,28.0,4.27,1.0325,1694.0,2.1175,38.0,-122.54,2.77
13.4883,4.0,8.434426229508198,1.0327868852459017,416.0,3.4098360655737703,37.87,-121.97,5.00001
3.1667,44.0,4.716374269005848,1.0087719298245614,1227.0,3.587719298245614,33.93,-118.19,1.457
4.665,23.0,5.84,1.0847058823529412,1048.0,2.4658823529411764,33.42,-117.6,2.806
5.1615,26.0,6.687037037037037,1.0425925925925925,2089.0,3.8685185185185187,34.43,-119.79,2.762
2.325,52.0,4.4731457800511505,1.0792838874680306,837.0,2.1406649616368285,39.22,-121.06,1.097
5.0753,35.0,5.5125,1.1208333333333333,1084.0,4.516666666666667,33.9,-118.11,1.78
2.1602,14.0,4.917627677100494,1.0,2250.0,3.7067545304777596,36.34,-119.31,0.652
3.23,11.0,11.90079365079365,2.246031746031746,1825.0,2.414021164021164,35.76,-120.93,1.543
1.125,46.0,5.714285714285714,1.4285714285714286,14.0,2.0,34.71,-118.12,2.25
10.2614,16.0,6.421276595744681,0.9191489361702128,578.0,2.4595744680851066,34.16,-118.86,4.108
6.3373,7.0,6.927083333333333,1.11328125,2015.0,2.6236979166666665,33.09,-117.23,2.796
3.7337,36.0,4.798053527980535,0.9294403892944039,1029.0,2.5036496350364965,34.27,-119.26,2.09
2.2868,16.0,5.220843672456576,1.1129032258064515,1634.0,2.0272952853598016,35.25,-120.68,2.337
6.276,17.0,6.433333333333334,0.9755555555555555,1588.0,3.528888888888889,33.67,-117.82,2.907
3.0833,34.0,3.0764331210191083,0.8343949044585988,291.0,1.8535031847133758,37.52,-122.26,2.563
1.74,28.0,6.158892128279883,1.217201166180758,1908.0,2.7813411078717203,41.86,-121.93,0.44
1.5615,38.0,4.282918149466192,1.1209964412811388,1774.0,3.1565836298932384,33.94,-118.29,1.086
2.949,17.0,4.832365747460087,1.0174165457184325,3183.0,2.3098693759071116,32.83,-116.97,1.173
4.8929,36.0,5.0,1.0790513833992095,1052.0,4.158102766798419,33.97,-118.07,1.562
5.6029,17.0,6.058455114822547,0.9937369519832986,1652.0,3.4488517745302714,34.03,-117.72,1.618
3.0143,44.0,3.7838479809976246,1.0403800475059382,3913.0,4.647268408551069,33.96,-118.23,1.482
0.9,52.0,2.237474262182567,1.0535346602608098,3260.0,2.237474262182567,37.8,-122.41,5.00001
3.2115,20.0,5.263529411764706,1.091764705882353,1169.0,2.7505882352941176,38.27,-122.02,0.991
3.0321,21.0,4.731082654249127,1.0139697322467986,1847.0,2.150174621653085,38.92,-121.1,1.355
3.6712,30.0,3.6599825632083696,1.084568439407149,2678.0,2.334786399302528,37.46,-122.15,3.086
3.6389,36.0,5.584615384615384,1.1153846153846154,490.0,3.769230769230769,33.91,-118.1,1.676
3.5703,43.0,4.721875,0.9125,721.0,2.253125,37.97,-121.33,0.874
3.1326,13.0,6.648414985590778,1.1123919308357348,925.0,2.6657060518731988,37.35,-119.68,1.198
4.4485,21.0,6.097039473684211,1.2351973684210527,1420.0,2.335526315789474,36.97,-121.9,2.952
2.5917,43.0,4.548821548821548,0.9326599326599326,1011.0,3.404040404040404,38.41,-122.78,1.44
6.2475,12.0,7.4213197969543145,1.098984771573604,1193.0,3.027918781725888,33.31,-117.22,3.313
4.5588,17.0,6.053691275167785,1.0201342281879195,750.0,2.5167785234899327,38.43,-122.67,1.964
2.2241,21.0,5.218236173393124,1.1360239162929746,1920.0,2.8699551569506725,33.91,-117.47,1.273
2.4042,29.0,4.32037037037037,0.9962962962962963,1120.0,2.074074074074074,37.68,-122.09,2.056
3.6893,52.0,2.9536621823617337,1.0852017937219731,1045.0,1.56203288490284,37.8,-122.43,4.75
2.7411,27.0,4.402366863905326,1.2662721893491125,295.0,1.7455621301775148,37.89,-122.13,3.5
8.5294,35.0,8.186507936507937,1.0555555555555556,676.0,2.6825396825396823,37.36,-122.1,5.00001
5.1433,16.0,6.306264501160093,1.0162412993039442,1515.0,3.51508120649652,32.93,-117.15,1.853
4.75,52.0,4.831896551724138,0.9892241379310345,751.0,1.6185344827586208,37.76,-122.43,5.00001
2.8649,17.0,4.223300970873787,1.0800970873786409,1158.0,2.8106796116504853,33.89,-117.97,1.375
3.9375,24.0,7.662721893491124,1.1952662721893492,1093.0,3.2337278106508878,34.87,-120.33,3.412
1.7991,43.0,4.332613390928726,1.019438444924406,1687.0,3.6436285097192225,34.03,-118.15,1.588
1.1875,48.0,5.492063492063492,1.4603174603174602,129.0,2.0476190476190474,35.38,-119.02,0.638
7.7876,13.0,7.696287025448477,1.0321234876929495,7775.0,3.243637880684189,34.08,-117.81,3.489
2.7466,43.0,3.6666666666666665,1.0478547854785478,1817.0,2.9983498349834985,34.11,-118.25,2.089
4.1563,20.0,4.7357357357357355,1.09009009009009,764.0,2.294294294294294,33.47,-117.7,3.208
2.7045,15.0,4.616438356164384,1.2511415525114156,899.0,4.105022831050229,33.98,-118.22,1.906
6.2976,52.0,7.6040100250626566,1.0175438596491229,1158.0,2.9022556390977443,34.18,-118.27,4.984
5.5797,35.0,6.338461538461538,1.0205128205128204,1171.0,3.0025641025641026,37.67,-122.15,1.981
4.1563,26.0,5.684426229508197,0.9262295081967213,807.0,3.307377049180328,38.67,-121.31,1.357
4.4732,25.0,4.712616822429907,1.060747663551402,1024.0,2.392523364485981,33.68,-117.92,2.456
5.2548,35.0,6.018115942028985,0.9855072463768116,949.0,3.4384057971014492,33.85,-117.99,1.926
4.0966,20.0,5.780068728522337,1.0171821305841924,706.0,2.4261168384879723,33.94,-117.37,1.401
4.7325,19.0,5.940186915887851,1.02803738317757,2954.0,2.7607476635514017,36.99,-121.93,2.835
1.7266,21.0,5.173652694610778,1.248502994011976,731.0,2.188622754491018,38.76,-120.59,0.947
6.5412,12.0,6.889952153110048,0.9712918660287081,1381.0,3.3038277511961724,32.81,-117.04,2.542
1.4583,15.0,4.023148148148148,1.0046296296296295,887.0,4.106481481481482,32.7,-117.09,0.842
5.3028,35.0,6.026128266033254,0.9928741092636579,1161.0,2.7577197149643706,34.19,-118.51,2.292
2.1793,39.0,3.932098765432099,0.9845679012345679,1362.0,4.203703703703703,33.99,-118.25,1.079
3.7433,25.0,5.025122121423587,1.0614096301465457,3264.0,2.277739009071877,37.93,-122.07,2.521
3.2619,52.0,4.792052980132451,1.0172185430463576,1508.0,1.9973509933774833,37.85,-122.26,3.096
2.8679,44.0,4.951554591467824,1.1453362255965294,3269.0,2.363702096890817,37.75,-122.4,2.433
5.7415,17.0,4.787307032590052,0.9931389365351629,1467.0,2.5162950257289878,33.87,-118.38,3.219
4.4375,24.0,5.791304347826087,1.0956521739130434,625.0,2.717391304347826,33.89,-117.96,3.341
1.3134,48.0,3.6625,1.1,1859.0,4.6475,34.02,-118.26,0.962
7.2217,28.0,7.304721030042918,1.0665236051502145,1134.0,2.4334763948497855,33.54,-117.77,5.00001
3.7619,47.0,4.997361477572559,1.0765171503957784,1629.0,4.298153034300792,34.04,-118.2,1.276
4.875,30.0,4.206030150753769,1.07035175879397,606.0,3.0452261306532664,37.69,-122.47,2.588
1.7292,19.0,4.5,1.1818181818181819,51.0,2.3181818181818183,36.95,-117.9,1.375
5.6096,17.0,5.486005089058525,1.1068702290076335,1400.0,3.5623409669211195,37.41,-121.85,1.991
4.625,17.0,7.2594594594594595,1.0972972972972972,511.0,2.7621621621621624,37.03,-121.96,3.864
3.3616,30.0,4.348159509202454,1.0904907975460123,1669.0,2.5598159509202456,33.73,-118.29,2.685
3.8162,36.0,5.274406332453826,1.029023746701847,887.0,2.3403693931398415,33.82,-118.11,2.219
2.8562,12.0,5.7824933687002655,1.1220159151193634,1070.0,2.8381962864721486,38.83,-120.87,1.282
3.4,35.0,4.17741935483871,1.0053763440860215,1022.0,5.494623655913978,34.27,-118.44,1.396
4.3218,17.0,5.805460750853243,1.0170648464163823,941.0,3.21160409556314,35.51,-120.68,2.091
1.474,35.0,3.621700879765396,1.0821114369501466,1246.0,3.653958944281525,36.34,-119.29,0.71
2.3256,24.0,5.959550561797752,1.2764044943820225,1532.0,3.4426966292134833,36.32,-119.66,0.568
4.1842,34.0,7.020576131687243,1.1358024691358024,628.0,2.5843621399176953,34.36,-119.71,3.64
1.4194,10.0,4.108860759493671,1.0354430379746835,988.0,2.50126582278481,36.33,-119.66,0.581
4.75,44.0,5.726114649681529,1.124203821656051,835.0,2.659235668789809,34.0,-118.44,3.558
2.5972,29.0,4.037974683544304,0.8955696202531646,1216.0,3.848101265822785,34.08,-117.71,1.343
2.1103,8.0,4.814814814814815,1.3812104787714543,2143.0,1.9358626919602528,33.74,-117.0,0.944
3.6202,34.0,4.382035928143712,1.102994011976048,1338.0,1.6023952095808383,34.15,-118.36,3.661
3.4032,31.0,4.147761194029851,0.9537313432835821,2259.0,3.3716417910447762,34.09,-117.97,1.434
4.0132,14.0,6.27327935222672,1.0506072874493928,1447.0,2.92914979757085,40.64,-122.08,1.412
3.8194,5.0,5.94015748031496,0.9748031496062992,2097.0,3.3023622047244094,34.54,-117.18,0.985
4.0625,23.0,5.180451127819549,1.0112781954887218,767.0,2.8834586466165413,32.85,-116.92,1.45
2.9293,38.0,4.3344120819848975,1.063646170442287,3702.0,3.9935275080906147,33.89,-118.19,1.136
10.3599,31.0,8.403967538322814,1.030658250676285,2980.0,2.6871055004508566,34.14,-118.48,5.00001
5.1439,21.0,7.276243093922652,1.0349907918968693,1392.0,2.56353591160221,33.43,-117.6,4.14
6.759,4.0,7.361419068736142,0.9955654101995566,3121.0,3.4600886917960088,35.33,-119.1,1.703
3.3375,39.0,4.738831615120275,0.9690721649484536,883.0,3.0343642611683848,33.9,-118.14,1.801
1.9766,28.0,2.6164154103852595,1.085427135678392,1974.0,3.306532663316583,34.09,-118.29,1.125
2.8357,17.0,5.308255659121172,1.059254327563249,2899.0,1.930093209054594,38.37,-121.94,1.201
2.875,43.0,4.779467680608365,1.182509505703422,671.0,2.5513307984790874,34.43,-119.69,2.806
4.8214,35.0,5.523668639053255,1.014792899408284,1213.0,3.588757396449704,37.54,-122.03,1.86
2.625,30.0,3.923841059602649,1.0496688741721854,1466.0,4.854304635761589,34.05,-117.74,0.943
2.825,32.0,4.784232365145228,0.979253112033195,761.0,3.1576763485477177,36.59,-119.44,0.676
2.25,15.0,6.11214953271028,1.2554517133956387,730.0,2.2741433021806854,35.68,-118.06,0.675
5.3283,28.0,5.903100775193798,0.9825581395348837,1772.0,3.434108527131783,37.54,-121.99,2.279
3.4934,27.0,5.46,1.0466666666666666,451.0,3.006666666666667,37.57,-120.85,1.938
2.8058,47.0,3.5497237569060776,1.0814917127071824,3107.0,4.291436464088398,37.48,-122.22,2.295
2.4659,17.0,9.747727272727273,2.0295454545454548,958.0,2.1772727272727272,33.74,-116.41,1.778
9.2298,25.0,7.237676056338028,0.9471830985915493,1585.0,2.790492957746479,37.31,-122.05,5.00001
6.2578,9.0,7.3259668508287294,1.0856353591160222,1355.0,3.7430939226519335,32.67,-116.89,2.931
4.8571,28.0,6.864864864864865,0.9459459459459459,118.0,3.189189189189189,35.43,-119.09,2.375
3.1875,13.0,7.216165413533835,1.343984962406015,1486.0,2.793233082706767,38.02,-120.27,0.998
2.1375,23.0,3.2763713080168775,1.0928270042194093,1988.0,4.194092827004219,33.76,-117.98,1.5
2.9405,39.0,4.348530901722391,1.1114488348530902,1758.0,1.7811550151975684,37.54,-122.3,3.405
5.3819,52.0,4.514851485148514,1.0627062706270627,617.0,2.036303630363036,34.06,-118.35,4.409
2.0,52.0,5.506410256410256,1.1346153846153846,1026.0,3.2884615384615383,34.0,-118.3,1.28
3.654,38.0,4.9363636363636365,1.069090909090909,2357.0,2.1427272727272726,32.75,-117.17,2.49
3.9479,35.0,5.362862010221465,1.0170357751277683,2110.0,3.594548551959114,33.78,-117.97,2.038
2.2125,52.0,5.124293785310734,1.0169491525423728,479.0,2.7062146892655368,38.56,-121.46,1.04
7.3522,26.0,6.516539440203562,0.9872773536895675,1165.0,2.964376590330789,37.24,-121.94,3.638
2.4271,42.0,4.344827586206897,1.0031347962382444,1163.0,3.64576802507837,33.9,-118.25,0.895
5.0912,44.0,6.457575757575758,1.0909090909090908,1040.0,3.1515151515151514,33.95,-118.32,1.698
3.9536,26.0,4.987878787878788,1.0703030303030303,2184.0,2.6472727272727274,33.78,-117.95,1.91
5.5,33.0,5.556768558951965,1.019650655021834,1287.0,2.8100436681222707,37.36,-121.99,2.822
3.4896,17.0,6.084507042253521,0.954225352112676,897.0,3.158450704225352,38.24,-122.61,1.859
4.0023,33.0,5.156944444444444,0.9972222222222222,2106.0,2.925,34.13,-117.88,1.855
2.9688,39.0,5.579207920792079,1.0272277227722773,1388.0,3.4356435643564356,37.72,-122.46,2.32
5.1461,25.0,5.730820995962315,0.9676985195154778,2290.0,3.082099596231494,37.26,-121.91,2.672
3.625,25.0,5.887788778877888,1.0297029702970297,904.0,2.9834983498349836,36.63,-119.43,1.076
3.8068,12.0,4.906194690265487,1.023008849557522,1335.0,2.3628318584070795,38.64,-121.34,1.61
5.0077,35.0,5.346666666666667,1.02,445.0,2.966666666666667,33.93,-118.0,1.85
1.4419,39.0,4.55425219941349,1.064516129032258,1449.0,4.249266862170088,36.73,-119.76,0.455
3.7949,13.0,5.832258064516129,1.0725806451612903,2189.0,3.5306451612903227,34.17,-117.33,1.063
4.4306,52.0,5.4665012406947895,1.066997518610422,1238.0,3.0719602977667493,34.09,-118.15,2.258
1.8685,36.0,3.5824175824175826,1.1007326007326008,1672.0,3.062271062271062,34.04,-118.35,1.507
4.15,14.0,6.517578125,1.115234375,1385.0,2.705078125,33.23,-117.08,2.722
2.9519,43.0,4.189655172413793,0.9885057471264368,935.0,5.373563218390805,34.26,-118.43,1.409
3.395,17.0,3.701399688958009,1.1959564541213064,1216.0,1.8911353032659408,37.69,-122.13,2.713
1.9797,22.0,2.8020050125313283,1.0952380952380953,1190.0,2.982456140350877,33.77,-118.2,1.438
2.0474,5.0,4.378132118451025,1.1138952164009113,938.0,2.1366742596810933,39.15,-121.59,0.613
3.0119,22.0,3.7720090293453725,1.0835214446952597,1005.0,2.2686230248306996,34.15,-118.12,1.714
8.0409,8.0,7.483050847457627,0.96045197740113,1238.0,3.4971751412429377,33.59,-117.65,3.379
1.4191,12.0,3.594392523364486,1.0448598130841122,2809.0,5.2504672897196265,36.19,-120.09,0.551
6.0426,19.0,4.839506172839506,1.345679012345679,287.0,3.54320987654321,37.97,-122.34,1.1
3.5242,18.0,5.2898550724637685,1.0072463768115942,1068.0,1.934782608695652,35.11,-120.57,1.568
1.0208,25.0,3.5,0.9230769230769231,71.0,1.3653846153846154,38.38,-121.94,0.786
8.4355,3.0,7.0,1.1063829787234043,2330.0,2.609182530795073,32.96,-117.21,4.676
3.402,23.0,5.179948586118252,1.044987146529563,1852.0,2.380462724935733,38.25,-122.65,1.933
3.6696,19.0,4.868811881188119,1.2054455445544554,1251.0,3.0965346534653464,33.71,-117.99,2.188
4.0,31.0,4.990521327014218,1.0900473933649288,686.0,3.251184834123223,33.95,-118.15,2.632
5.0679,30.0,6.18849840255591,0.9424920127795527,695.0,2.220447284345048,34.27,-119.22,2.343
3.3917,25.0,4.7701149425287355,1.3103448275862069,368.0,2.1149425287356323,37.38,-122.08,3.429
3.0149,52.0,4.276639344262295,1.0450819672131149,1197.0,2.4528688524590163,37.8,-122.25,2.184
3.0403,26.0,5.140969162995595,0.9750367107195301,1860.0,2.7312775330396475,34.03,-117.03,1.135
5.5198,14.0,6.559751037344398,1.0311203319502074,7363.0,3.055186721991701,34.14,-117.61,2.456
3.3281,32.0,5.067901234567901,0.9629629629629629,1261.0,2.594650205761317,36.79,-119.76,0.751
3.7015,27.0,4.376044568245125,1.085422469823584,2372.0,2.202414113277623,34.19,-118.31,2.879
2.0976,29.0,4.987938596491228,1.0043859649122806,2494.0,2.7346491228070176,33.93,-116.89,0.726
4.1947,26.0,4.974960876369327,1.1001564945226916,2142.0,3.352112676056338,37.53,-121.98,2.227
3.5,32.0,4.316666666666666,0.9333333333333333,1156.0,3.8533333333333335,37.6,-122.02,1.543
5.2486,19.0,6.1676829268292686,1.1951219512195121,955.0,2.9115853658536586,37.05,-121.99,3.53
5.2949,33.0,4.5,1.1,34.0,3.4,33.85,-117.87,3.5
2.7202,31.0,4.684466019417476,1.0533980582524272,599.0,2.907766990291262,33.99,-118.1,1.903
1.6901,36.0,4.344827586206897,1.0883620689655173,1807.0,3.894396551724138,33.99,-118.26,1.035
8.1657,32.0,7.2166584035696575,1.029747149231532,5459.0,2.7064947942488846,34.18,-118.26,5.00001
3.875,21.0,5.8125,1.056686046511628,1889.0,2.745639534883721,35.41,-118.95,0.995
5.9199,25.0,5.786666666666667,0.9866666666666667,199.0,2.6533333333333333,34.16,-118.21,4.205
2.6667,42.0,4.162241887905605,0.8849557522123894,1295.0,3.8200589970501473,34.17,-119.17,1.649
1.3365,26.0,4.556213017751479,1.014792899408284,1007.0,2.9792899408284024,37.94,-122.36,0.729
3.337,29.0,4.212074303405573,1.0557275541795665,1602.0,2.4798761609907123,37.29,-121.97,2.653
2.6406,32.0,3.8786610878661087,0.9853556485355649,1363.0,2.8514644351464433,33.87,-118.16,1.567
2.6726,29.0,7.2,1.0731707317073171,902.0,4.4,35.64,-119.19,0.833
2.2449,30.0,7.508038585209003,1.167202572347267,1214.0,3.9035369774919615,34.13,-117.33,0.932
2.1736,29.0,5.485835694050992,1.1288951841359773,2237.0,3.168555240793201,38.52,-121.46,0.721
5.9277,38.0,6.356502242152466,1.0022421524663676,1148.0,2.5739910313901344,37.44,-122.13,4.466
3.6466,21.0,5.769230769230769,1.0262237762237763,1896.0,3.3146853146853146,34.09,-117.41,1.306
2.184,31.0,5.5256410256410255,1.1538461538461537,231.0,2.9615384615384617,40.57,-122.36,0.773
3.6563,19.0,5.125,0.9791666666666666,1346.0,2.8041666666666667,38.59,-121.29,0.956
3.1875,33.0,5.2844827586206895,1.0603448275862069,343.0,2.956896551724138,37.5,-121.04,1.292
4.0433,16.0,5.7421875,1.01953125,748.0,2.921875,38.34,-121.99,1.322
4.2639,26.0,5.901075268817205,1.0623655913978494,1411.0,3.0344086021505374,34.08,-117.71,1.542
3.1588,30.0,4.069825436408977,1.0,1357.0,3.3840399002493764,34.29,-118.44,1.601
5.6409,3.0,7.837745516652434,1.0832621690862512,8437.0,3.602476515798463,33.97,-117.21,1.977
6.5319,36.0,6.281622911694511,1.0739856801909309,2038.0,4.863961813842482,32.72,-117.25,3.458
4.0,36.0,5.101769911504425,0.9911504424778761,639.0,2.827433628318584,33.94,-118.32,1.92
3.125,52.0,6.13103448275862,1.1172413793103448,273.0,1.8827586206896552,38.56,-121.47,0.856
3.2262,25.0,10.787581699346406,2.215686274509804,994.0,3.2483660130718954,37.21,-120.89,0.972
4.3631,43.0,5.362586605080831,0.9653579676674365,1106.0,2.5542725173210163,34.2,-118.33,2.846
4.6458,24.0,6.24294670846395,1.0579937304075235,1568.0,2.457680250783699,33.82,-118.06,2.134
4.4861,35.0,7.033149171270718,1.160220994475138,555.0,3.0662983425414363,38.28,-122.21,2.693
2.5819,44.0,4.58641975308642,0.9567901234567902,434.0,2.6790123456790123,38.34,-122.73,2.096
1.6944,11.0,21.372093023255815,4.627906976744186,69.0,1.6046511627906976,40.19,-121.08,1.375
2.7298,25.0,5.968253968253968,1.0761904761904761,1003.0,3.184126984126984,36.09,-119.08,1.034
4.3222,15.0,6.361247216035634,1.1184855233853006,7540.0,3.3585746102449887,33.91,-117.43,1.38
3.3047,52.0,7.9363636363636365,1.4318181818181819,941.0,4.277272727272727,37.18,-122.38,2.861
2.6385,26.0,3.676025917926566,0.9848812095032398,2776.0,5.995680345572354,33.73,-117.86,1.802
4.7437,10.0,5.902702702702703,1.0945945945945945,1119.0,3.0243243243243243,34.46,-118.27,2.94
5.6629,36.0,5.665116279069768,0.9832558139534884,3081.0,2.866046511627907,37.46,-122.23,3.436
1.6036,39.0,3.2510822510822512,0.8961038961038961,1010.0,4.372294372294372,34.01,-118.29,1.375
3.2011,17.0,3.5233918128654973,1.0146198830409356,736.0,2.152046783625731,33.93,-118.11,1.625
6.5501,22.0,6.868068833652008,1.0076481835564053,1598.0,3.0554493307839388,33.65,-117.98,2.949
3.2308,39.0,4.478036175710594,1.1085271317829457,855.0,2.2093023255813953,34.03,-118.43,3.408
2.5208,17.0,6.396067415730337,1.3314606741573034,767.0,2.154494382022472,38.45,-120.55,0.991
4.2672,47.0,4.650793650793651,0.9714285714285714,1119.0,3.552380952380952,37.72,-122.4,2.194
2.1667,38.0,5.2377358490566035,1.0415094339622641,871.0,3.2867924528301886,37.73,-122.38,1.938
5.7797,5.0,5.654320987654321,1.0923242082662372,4656.0,2.499194847020934,33.67,-117.67,3.092
2.6979,19.0,4.901015228426396,1.2918781725888324,855.0,2.1700507614213196,33.18,-117.37,2.667
6.1253,25.0,6.66205533596838,0.9920948616600791,1717.0,3.3932806324110674,34.27,-118.75,2.25
6.5858,32.0,6.086956521739131,0.961352657004831,560.0,2.7053140096618358,37.29,-121.92,3.467
2.4732,14.0,4.445402298850575,1.0747126436781609,4731.0,13.594827586206897,37.0,-122.06,1.313
6.6959,34.0,6.470909090909091,1.018181818181818,1747.0,3.1763636363636363,37.52,-122.34,4.112
7.5426,19.0,5.41222366710013,1.033810143042913,2927.0,1.9031209362808843,33.98,-118.43,3.517
4.7909,4.0,7.9763779527559056,1.2230971128608923,5020.0,3.293963254593176,34.15,-117.4,1.492
6.8162,15.0,7.383620689655173,1.0603448275862069,766.0,3.3017241379310347,36.72,-119.72,1.272
3.9464,40.0,5.821428571428571,1.086734693877551,434.0,2.2142857142857144,37.93,-122.32,1.869
2.087,21.0,3.622516556291391,1.0838852097130243,1526.0,3.368653421633554,34.02,-118.29,1.413
4.712,19.0,4.246376811594203,0.991304347826087,646.0,1.872463768115942,37.39,-122.07,2.893
1.6691,52.0,4.307420494699647,1.017667844522968,847.0,2.9929328621908127,38.3,-122.29,1.833
4.7391,35.0,5.94919168591224,1.023094688221709,1273.0,2.9399538106235568,37.69,-122.49,2.728
2.025,33.0,3.432098765432099,1.123456790123457,375.0,4.62962962962963,33.75,-116.25,0.5
3.343,22.0,4.285714285714286,1.216117216117216,1382.0,2.531135531135531,33.89,-117.87,1.846
4.1339,35.0,4.780621572212066,0.9597806215722121,1312.0,2.3985374771480803,32.74,-117.23,2.382
1.6571,31.0,4.289137380191693,1.0782747603833867,1367.0,2.18370607028754,39.15,-123.21,1.089
4.1731,26.0,5.1545741324921135,0.9936908517350158,909.0,2.867507886435331,38.37,-122.8,2.572
5.2261,36.0,6.065217391304348,1.013586956521739,951.0,2.5842391304347827,34.28,-119.25,3.032
3.875,18.0,5.3578947368421055,1.0894736842105264,1292.0,3.4,33.85,-117.89,2.73
5.9714,35.0,6.23015873015873,1.0158730158730158,1248.0,3.3015873015873014,37.31,-122.02,3.325
3.225,9.0,5.557640750670242,1.0831099195710456,916.0,2.455764075067024,38.66,-120.98,1.633
5.2855,31.0,6.851301115241636,1.0483271375464684,749.0,2.7843866171003717,37.71,-122.09,2.535
1.4464,17.0,5.431034482758621,1.5344827586206897,130.0,2.2413793103448274,37.65,-120.46,0.792
2.0938,27.0,6.769230769230769,1.3356643356643356,283.0,1.979020979020979,38.91,-120.01,0.944
3.1406,33.0,5.4485842026825635,1.014903129657228,1698.0,2.5305514157973175,37.97,-121.35,0.939
1.4481,25.0,3.4057377049180326,0.9426229508196722,947.0,3.8811475409836067,36.62,-119.31,0.517
4.7475,28.0,5.325513196480938,1.064516129032258,2100.0,2.0527859237536656,37.88,-122.5,4.746
6.0609,25.0,6.582792207792208,1.025974025974026,3613.0,2.9326298701298703,33.74,-118.01,2.649
4.875,19.0,6.024137931034483,1.0034482758620689,848.0,2.924137931034483,32.8,-116.86,1.872
2.2292,32.0,5.261744966442953,1.0671140939597314,1316.0,2.9440715883668904,39.94,-122.17,0.574
3.5187,33.0,5.072727272727272,1.025974025974026,1912.0,2.483116883116883,37.7,-122.06,2.094
3.1923,31.0,5.348697394789579,1.0300601202404809,1626.0,3.258517034068136,32.72,-117.06,1.169
2.8942,26.0,4.718181818181818,1.0393939393939393,1948.0,2.9515151515151516,32.73,-117.09,1.241
4.1807,6.0,5.397260273972603,1.05,3760.0,2.5753424657534247,33.17,-117.3,1.826
6.3489,13.0,5.795527156549521,1.0223642172523961,1010.0,3.2268370607028753,33.9,-117.92,3.379
3.5774,14.0,5.409185803757829,1.0375782881002087,1371.0,2.862212943632568,38.16,-121.14,1.139
3.0078,26.0,5.184065934065934,1.0467032967032968,1060.0,2.912087912087912,38.33,-122.7,1.604
2.1953,15.0,5.164835164835165,1.205128205128205,599.0,2.1941391941391943,38.92,-122.59,0.75
3.2359,36.0,5.065997130559541,1.0817790530846485,1613.0,2.3142037302725966,33.99,-118.04,1.986
1.4091,35.0,4.25,1.092783505154639,1786.0,4.603092783505154,33.9,-118.22,1.056
8.3634,14.0,7.475778546712803,1.0069204152249136,2025.0,3.5034602076124566,33.71,-117.76,3.551
3.7045,33.0,5.296774193548387,0.9053763440860215,1235.0,2.6559139784946235,38.32,-122.31,1.615
4.0556,19.0,10.920529801324504,2.172185430463576,382.0,2.5298013245033113,34.31,-116.86,1.33
3.375,30.0,5.800865800865801,1.0562770562770563,631.0,2.7316017316017316,37.5,-120.83,1.185
4.125,35.0,5.754414125200642,1.0770465489566614,1401.0,2.248796147672552,34.16,-118.07,3.3
2.29,50.0,3.6545454545454548,1.0415584415584416,1526.0,3.963636363636364,34.05,-118.2,1.218
3.5462,19.0,5.226640159045726,0.9821073558648111,1444.0,2.8707753479125246,33.14,-117.08,1.568
4.3333,33.0,4.711246200607903,1.0440729483282676,1388.0,2.1094224924012157,34.17,-118.45,2.613
2.0972,36.0,3.0126582278481013,1.0901898734177216,3561.0,5.6344936708860756,37.33,-121.88,1.875
6.3814,8.0,7.606271777003484,1.0696864111498259,1000.0,3.484320557491289,32.79,-115.59,1.599
2.0655,37.0,4.684210526315789,1.1345029239766082,1553.0,4.54093567251462,33.96,-118.24,0.934
3.4625,52.0,4.953271028037383,1.1214953271028036,1127.0,3.5109034267912773,34.12,-118.21,1.739
3.625,52.0,4.290094339622642,1.0943396226415094,1068.0,2.518867924528302,33.84,-118.31,2.707
6.0722,4.0,5.857777777777778,0.9688888888888889,673.0,2.991111111111111,33.66,-117.59,2.608
6.8007,9.0,6.694444444444445,0.9913194444444444,1646.0,2.857638888888889,33.55,-117.69,3.183
3.5109,21.0,3.7156398104265405,1.0710900473933649,801.0,1.8981042654028435,33.72,-118.29,2.25
8.9088,7.0,8.014003294892916,0.9967051070840197,4160.0,3.42668863261944,33.89,-117.78,4.153
1.2746,36.0,3.910138248847926,1.2672811059907834,1379.0,3.1774193548387095,33.78,-118.18,1.297
3.7313,13.0,4.696559503666102,1.0428652002256062,4126.0,2.327129159616469,34.21,-118.56,1.898
4.0938,37.0,5.979591836734694,1.0463821892393321,1325.0,2.458256029684601,38.13,-122.24,1.269
2.4779,21.0,3.727272727272727,1.1054545454545455,1131.0,2.056363636363636,32.75,-117.23,1.65
7.9943,16.0,8.367609254498715,1.0501285347043703,2304.0,2.961439588688946,34.2,-118.9,4.521
5.7628,16.0,5.6911764705882355,0.8970588235294118,489.0,3.5955882352941178,34.22,-117.38,2.213
3.168,17.0,4.165820642978003,1.0549915397631133,3080.0,2.6057529610829104,37.55,-121.97,1.894
10.6605,50.0,7.379464285714286,1.125,641.0,2.861607142857143,37.73,-122.47,5.00001
2.4286,36.0,4.442896935933148,1.0668523676880224,1105.0,3.0779944289693595,34.02,-118.12,2.056
2.1944,33.0,4.567415730337078,1.0617977528089888,1062.0,2.9831460674157304,33.93,-117.93,1.396
5.3988,8.0,7.043478260869565,1.0253623188405796,814.0,2.949275362318841,37.05,-120.84,1.655
3.1667,23.0,5.225531914893617,1.0,569.0,2.421276595744681,32.8,-115.64,1.25
1.0472,15.0,5.088,1.112,1383.0,3.688,36.72,-119.8,0.578
3.1842,42.0,4.6923076923076925,1.05668016194332,465.0,1.8825910931174088,37.54,-122.31,3.528
2.4659,27.0,6.311320754716981,1.2358490566037736,314.0,2.9622641509433962,34.39,-119.34,2.313
2.2607,40.0,2.7309236947791167,1.0963855421686748,995.0,3.995983935742972,34.07,-118.26,1.656
1.25,36.0,4.568047337278107,1.0710059171597632,1938.0,3.8224852071005917,33.95,-118.24,0.974
4.1042,36.0,5.822085889570552,1.0061349693251533,502.0,3.079754601226994,33.92,-118.25,1.244
3.3558,27.0,5.461103253182461,1.0155586987270155,2085.0,2.949080622347949,37.99,-121.71,1.297
3.5659,24.0,3.6341248900615657,1.071679859278804,3148.0,1.3843447669305189,34.09,-118.38,2.813
3.3897,37.0,4.827868852459017,0.9754098360655737,375.0,3.0737704918032787,34.19,-118.32,2.227
3.25,32.0,5.220883534136546,0.9397590361445783,712.0,2.859437751004016,34.69,-118.15,1.075
3.071,8.0,4.5962962962962965,1.0851851851851853,1427.0,2.6425925925925924,34.64,-120.47,1.204
8.1871,18.0,10.581521739130435,1.358695652173913,605.0,3.2880434782608696,37.35,-121.75,5.00001
5.409,16.0,8.151960784313726,1.2254901960784315,597.0,2.926470588235294,33.7,-117.78,2.339
1.7361,42.0,3.0,1.0,26.0,1.8571428571428572,37.39,-121.9,5.00001
1.4911,18.0,6.215859030837004,1.4537444933920705,494.0,2.1762114537444934,40.75,-122.31,0.758
2.0899,21.0,4.583497053045186,1.0098231827111985,1308.0,2.569744597249509,40.48,-122.36,0.748
2.0579,42.0,4.101604278074866,1.106951871657754,2114.0,3.768270944741533,33.8,-118.18,1.327
2.2138,49.0,5.058375634517766,1.131979695431472,1052.0,2.6700507614213196,33.98,-118.32,1.198
3.0453,25.0,4.141382868937049,1.1320949432404541,2297.0,2.370485036119711,33.79,-118.15,1.859
4.0329,16.0,5.8275,1.125,1074.0,2.685,38.34,-121.97,1.268
2.3438,34.0,2.45625,1.065625,1239.0,3.871875,34.07,-118.27,1.521
3.2723,39.0,4.474226804123711,1.041237113402062,800.0,2.7491408934707904,34.14,-118.0,1.669
6.4667,17.0,6.236363636363636,0.9636363636363636,1365.0,2.757575757575758,38.5,-121.53,2.168
3.996,25.0,5.643598615916955,1.0173010380622838,1834.0,3.1730103806228374,37.68,-121.02,1.145
3.5083,14.0,4.242957746478873,1.0715962441314555,1924.0,2.2582159624413145,34.19,-118.3,2.809
2.6759,17.0,4.631205673758865,1.0319148936170213,832.0,1.475177304964539,33.61,-117.73,1.206
3.1406,41.0,5.691780821917808,1.0205479452054795,443.0,3.0342465753424657,36.37,-119.78,1.0
2.4817,33.0,3.8757225433526012,1.0346820809248556,2050.0,2.96242774566474,34.16,-118.13,1.695
3.6128,10.0,3.8323529411764707,1.1,1373.0,2.0191176470588235,34.16,-118.37,2.25
3.9375,17.0,18.5,3.0125,202.0,2.525,39.19,-120.1,2.132
3.4042,33.0,4.769363166953529,1.1342512908777969,1496.0,2.5748709122203097,37.38,-122.08,3.536
2.7432,35.0,4.695652173913044,1.1123188405797102,1423.0,5.155797101449275,34.05,-118.19,1.352
2.7138,8.0,6.931897150799166,1.2112578179291174,6835.0,4.749826268241835,35.43,-116.57,0.225
1.8438,17.0,3.2734375,0.8828125,1093.0,2.8463541666666665,37.78,-122.42,0.725
4.2042,20.0,5.241379310344827,1.0524737631184409,3221.0,2.414542728635682,38.0,-122.12,1.664
12.8665,37.0,7.4575645756457565,1.0129151291512914,1318.0,2.4317343173431736,34.07,-118.48,5.00001
6.2551,37.0,6.348623853211009,1.0152905198776758,771.0,2.3577981651376145,33.95,-118.44,5.00001
4.125,52.0,5.6397984886649875,1.057934508816121,941.0,2.370277078085642,34.28,-119.27,3.49
2.1792,18.0,4.559766763848397,0.9912536443148688,1161.0,3.3848396501457727,32.79,-115.69,0.552
5.583,27.0,6.876506024096385,0.9337349397590361,2045.0,3.0798192771084336,33.94,-117.92,2.677
5.7239,26.0,6.401433691756273,1.096774193548387,771.0,2.763440860215054,37.61,-121.62,4.306
3.1389,31.0,5.374631268436578,1.1002949852507375,2229.0,3.2876106194690267,38.02,-121.87,1.178
3.875,35.0,4.604026845637584,0.9530201342281879,480.0,3.221476510067114,37.66,-122.1,1.621
4.119,52.0,5.101674641148326,1.0909090909090908,1555.0,1.8600478468899522,37.76,-122.4,2.983
4.4063,13.0,28.75728155339806,5.300970873786408,252.0,2.4466019417475726,38.26,-120.33,1.558
4.0079,10.0,7.538853503184713,1.5318471337579618,3811.0,2.427388535031847,33.73,-116.38,1.345
3.8462,49.0,5.3651226158038146,1.0272479564032697,977.0,2.662125340599455,34.18,-118.33,2.313
13.1499,7.0,8.802531645569621,1.0531645569620254,1216.0,3.078481012658228,37.81,-121.91,5.00001
2.3276,23.0,5.625444839857651,1.0640569395017794,1984.0,1.7651245551601424,33.7,-117.2,0.924
7.5488,25.0,7.550403225806452,1.0524193548387097,1648.0,3.3225806451612905,33.6,-117.66,2.781
4.2312,22.0,4.488027366020525,0.9806157354618016,3508.0,4.0,37.36,-121.83,1.838
3.175,11.0,5.476415094339623,1.0825471698113207,1373.0,3.2382075471698113,38.4,-121.35,0.944
7.2574,52.0,8.288135593220339,1.073446327683616,496.0,2.8022598870056497,37.85,-122.24,3.521
4.6488,16.0,6.350847457627118,0.9932203389830508,1817.0,3.0796610169491525,38.7,-121.27,1.453
4.2109,21.0,4.208333333333333,1.0416666666666667,688.0,1.7916666666666667,36.61,-121.87,2.788
2.6066,21.0,5.790361445783133,1.163855421686747,1647.0,3.968674698795181,35.65,-119.77,0.8
3.18,32.0,4.167010309278351,1.0804123711340206,973.0,2.0061855670103093,32.77,-117.25,3.625
4.3646,42.0,5.212765957446808,1.066193853427896,1392.0,3.2907801418439715,34.04,-118.13,2.114
2.0417,27.0,6.022371364653244,1.0760626398210291,1518.0,3.3959731543624163,37.33,-120.89,0.942
4.9091,33.0,5.146341463414634,1.06430155210643,1230.0,2.727272727272727,37.36,-121.99,2.703
2.1056,34.0,4.260194174757282,1.007766990291262,1326.0,2.574757281553398,34.9,-117.01,0.72
2.25,16.0,4.331113225499524,1.1094196003805898,2737.0,2.60418648905804,33.14,-117.05,1.363
3.4375,52.0,3.9271781534460337,1.0949284785435631,1294.0,1.682704811443433,37.79,-122.43,5.00001
5.8371,35.0,5.482758620689655,1.1352785145888593,724.0,1.9204244031830238,33.55,-117.8,5.00001
6.0,26.0,6.31063829787234,1.0680851063829788,738.0,3.1404255319148935,33.71,-118.03,2.714
3.7663,37.0,4.3076923076923075,0.9914529914529915,1545.0,4.401709401709402,34.22,-118.36,1.603
4.4375,13.0,4.548387096774194,0.9612903225806452,718.0,4.632258064516129,32.69,-117.06,1.549
1.8208,26.0,4.738430583501006,1.06841046277666,1047.0,2.106639839034205,39.13,-121.63,0.795
8.5957,8.0,8.105882352941176,1.0088235294117647,1045.0,3.073529411764706,33.07,-117.07,4.441
3.7708,35.0,4.8933333333333335,1.01,1295.0,4.316666666666666,34.21,-118.38,1.706
4.8152,36.0,5.637323943661972,1.0211267605633803,715.0,2.517605633802817,33.97,-118.03,2.324
4.525,36.0,4.590909090909091,0.875,237.0,2.6931818181818183,37.98,-122.0,1.613
2.3333,33.0,5.782828282828283,0.9949494949494949,508.0,2.5656565656565657,36.78,-119.75,0.813
1.9135,16.0,4.833333333333333,1.1136363636363635,380.0,2.878787878787879,37.36,-120.61,0.875
7.1262,27.0,7.012727272727273,1.029090909090909,3199.0,2.908181818181818,34.22,-118.31,4.462
4.9783,15.0,7.083601286173633,1.0032154340836013,1051.0,3.379421221864952,37.99,-121.87,1.639
3.475,6.0,6.352941176470588,1.0588235294117647,43.0,2.5294117647058822,33.53,-117.19,1.875
1.3587,20.0,4.311345646437995,1.0989445910290236,1622.0,2.1398416886543536,35.41,-119.04,0.675
4.8906,16.0,6.404210526315789,1.1031578947368421,1516.0,3.191578947368421,34.02,-117.67,1.785
3.3892,20.0,4.195493704440026,1.0185553346587144,2957.0,1.9595758780649437,34.25,-118.53,3.231
2.0133,35.0,3.0200803212851404,0.9578313253012049,2059.0,4.134538152610442,34.07,-118.22,1.458
5.8411,34.0,6.49800796812749,1.0617529880478087,1265.0,2.5199203187250996,34.47,-119.72,3.818
5.2416,37.0,5.349081364829396,0.994750656167979,837.0,2.1968503937007875,33.62,-117.92,4.713
6.868,13.0,7.075,0.9789473684210527,2759.0,3.6302631578947366,37.47,-121.91,3.373
3.9224,39.0,5.332727272727273,1.0727272727272728,1886.0,3.429090909090909,34.05,-117.78,1.313
2.5588,20.0,2.5652173913043477,1.0434782608695652,69.0,3.0,33.78,-118.23,3.5
1.7788,25.0,5.54054054054054,1.1737451737451738,746.0,2.8803088803088803,39.81,-123.24,0.579
4.7547,14.0,5.791438526630165,1.0228969636635141,6443.0,3.207068193130911,34.11,-117.58,1.576
3.2614,19.0,5.767213114754099,1.0786885245901638,2091.0,3.4278688524590164,33.36,-117.1,1.688
5.6228,42.0,6.4453125,1.0703125,645.0,2.51953125,37.9,-122.27,3.754
4.0844,12.0,5.0732984293193715,1.0235602094240839,2146.0,2.8089005235602094,38.34,-122.69,1.654
4.6364,11.0,3.9457013574660635,0.918552036199095,422.0,1.909502262443439,33.82,-118.19,1.563
2.1411,10.0,10.529500756429652,2.249621785173979,1130.0,1.7095310136157338,33.79,-116.46,1.364
4.0775,10.0,6.140900195694717,1.025440313111546,1275.0,2.4951076320939336,39.14,-121.03,1.645
6.7805,27.0,7.913934426229508,1.069672131147541,736.0,3.0163934426229506,34.19,-118.86,3.929
2.655,36.0,4.854477611940299,1.1007462686567164,2313.0,2.876865671641791,38.75,-121.3,0.863
2.6111,13.0,6.372469635627531,1.3475033738191633,4166.0,2.8110661268556005,34.15,-116.09,0.656
4.3009,14.0,5.847244094488189,1.0031496062992127,1845.0,2.905511811023622,38.71,-121.25,1.434
8.051,19.0,7.352459016393443,0.9480874316939891,1154.0,3.1530054644808745,32.84,-117.22,3.636
4.5417,22.0,5.561101549053356,0.9449225473321858,1739.0,2.9931153184165233,34.66,-120.44,1.424
4.2304,17.0,5.909090909090909,0.9343434343434344,1174.0,2.9646464646464645,36.85,-119.81,0.944
4.7986,52.0,6.5038167938931295,1.0572519083969465,746.0,2.8473282442748094,34.19,-118.3,3.261
4.9984,12.0,6.18805765271105,1.0199039121482498,4285.0,2.940974605353466,33.95,-117.51,1.691
3.7328,38.0,4.535014005602241,1.061624649859944,886.0,2.481792717086835,33.99,-118.05,1.824
6.3566,16.0,5.561643835616438,0.8794520547945206,1343.0,3.6794520547945204,37.27,-121.82,2.791
3.3882,17.0,6.155778894472362,1.1256281407035176,1693.0,2.835845896147404,33.22,-117.22,1.908
1.3007,24.0,3.1424870466321244,1.0233160621761659,699.0,1.810880829015544,38.1,-122.26,0.946
4.5368,20.0,6.113095238095238,1.0089285714285714,934.0,2.7797619047619047,38.43,-121.22,2.193
3.5707,29.0,5.50379746835443,1.058227848101266,1030.0,2.607594936708861,34.21,-118.22,3.417
3.5694,31.0,4.305019305019305,1.0347490347490347,1369.0,5.285714285714286,33.73,-117.86,1.505
2.8155,27.0,4.257352941176471,1.0275735294117647,2012.0,3.698529411764706,33.99,-118.12,1.768
4.1,27.0,5.522491349480969,1.027681660899654,1703.0,5.892733564013841,33.71,-117.88,1.849
2.3895,17.0,5.173202614379085,1.0816993464052287,730.0,2.3856209150326797,39.72,-121.41,0.875
1.35,40.0,4.171328671328672,0.9790209790209791,1210.0,4.230769230769231,33.95,-118.24,0.895
4.0781,48.0,4.466666666666667,0.9333333333333333,998.0,3.0242424242424244,37.73,-122.42,2.503
5.3674,26.0,6.875722543352601,0.9710982658959537,988.0,2.8554913294797686,33.65,-117.97,3.393
2.5833,23.0,2.557640750670241,1.0455764075067024,804.0,2.155495978552279,33.81,-118.19,1.813
2.1005,35.0,3.652941176470588,1.0529411764705883,2274.0,4.458823529411765,33.97,-118.21,1.713
2.3917,10.0,6.589686098654709,1.3565022421524664,1167.0,2.616591928251121,35.27,-118.34,0.79
3.4031,15.0,5.286796536796537,1.0692640692640694,2175.0,2.353896103896104,38.3,-122.47,2.095
5.6651,31.0,5.416842105263158,0.9978947368421053,1898.0,3.9957894736842103,37.43,-121.88,2.041
4.2188,17.0,6.024793388429752,1.1074380165289257,431.0,3.56198347107438,37.54,-120.72,1.313
2.8438,36.0,4.377431906614786,1.1089494163424125,966.0,3.7587548638132295,33.87,-117.92,1.625
3.9688,30.0,6.60431654676259,1.1079136690647482,469.0,3.3741007194244603,37.61,-120.8,1.75
3.125,15.0,6.023376623376623,1.0805194805194804,1047.0,2.7194805194805194,39.26,-121.45,1.156
1.186,24.0,3.3642611683848798,0.9862542955326461,546.0,1.8762886597938144,38.55,-121.47,0.67
2.6042,46.0,4.489563567362429,1.0910815939278937,1647.0,3.1252371916508537,37.79,-122.22,1.247
3.8472,35.0,6.296482412060302,1.020100502512563,1316.0,3.306532663316583,37.82,-121.17,1.976
3.2591,33.0,4.128133704735376,1.0403899721448469,2235.0,3.1128133704735377,33.77,-117.94,1.759
6.8323,33.0,6.603960396039604,0.9900990099009901,579.0,2.866336633663366,37.75,-122.14,2.559
2.2925,44.0,4.669329073482428,1.0527156549520766,1371.0,2.1900958466453675,39.73,-121.82,0.858
4.5682,21.0,5.905982905982906,1.017094017094017,1044.0,2.9743589743589745,37.01,-121.97,3.716
2.7727,52.0,4.867158671586716,1.088560885608856,898.0,3.3136531365313653,34.0,-118.29,1.286
5.4819,12.0,5.759345794392523,0.9626168224299065,1226.0,2.864485981308411,33.17,-117.1,1.838
5.193,8.0,6.255813953488372,0.9900332225913622,999.0,3.318936877076412,37.81,-121.21,1.721
5.9639,22.0,6.330708661417323,1.031496062992126,1486.0,2.3401574803149607,33.89,-117.85,2.623
5.6864,21.0,7.677777777777778,1.0083333333333333,902.0,2.5055555555555555,38.64,-121.25,2.587
4.0208,52.0,5.169683257918552,0.9841628959276018,1211.0,2.739819004524887,37.74,-122.48,3.231
3.1484,52.0,4.578034682080925,1.0770712909441233,939.0,1.8092485549132948,37.83,-122.25,2.241
2.8258,37.0,4.238670694864048,1.1148036253776434,1587.0,4.794561933534744,37.47,-122.2,2.328
3.25,29.0,4.505665722379604,1.0113314447592068,1603.0,2.270538243626062,33.94,-117.41,1.125
3.2699,34.0,4.828859060402684,1.0973154362416107,708.0,2.3758389261744965,34.69,-118.14,1.0
3.0,35.0,3.6141479099678455,0.9887459807073955,1762.0,2.832797427652733,34.08,-118.12,2.539
7.1134,38.0,5.487341772151899,1.1033755274261603,870.0,1.8354430379746836,34.11,-118.38,4.167
2.7708,34.0,4.345549738219895,1.0785340314136125,1678.0,4.392670157068062,34.09,-118.21,1.482
1.9955,50.0,5.101010101010101,0.98989898989899,852.0,2.8686868686868685,36.75,-119.75,0.542
2.8462,36.0,5.671348314606742,1.0365168539325842,878.0,2.466292134831461,38.58,-121.39,0.934
3.3542,52.0,5.725888324873097,1.0507614213197969,450.0,2.284263959390863,38.3,-122.3,1.546
3.2371,33.0,4.289699570815451,1.0085836909871244,2170.0,4.656652360515022,33.92,-118.05,1.547
2.1563,22.0,3.6532033426183843,1.0194986072423398,1283.0,1.786908077994429,32.76,-117.13,1.271
5.8322,15.0,5.74015748031496,1.0150918635170603,4784.0,3.1391076115485563,37.39,-121.85,2.766
3.0875,26.0,4.725543478260869,1.0923913043478262,599.0,1.627717391304348,34.44,-119.83,1.984
6.5928,28.0,5.0573065902578795,1.1174785100286533,832.0,2.383954154727794,33.62,-117.94,4.391
4.5833,25.0,6.354216867469879,1.1132530120481927,965.0,2.325301204819277,33.82,-118.06,1.909
4.1467,52.0,5.6891891891891895,1.0439189189189189,675.0,2.2804054054054053,38.55,-121.48,1.75
2.7826,21.0,4.232018561484919,1.037122969837587,962.0,2.2320185614849186,32.77,-117.04,1.438
4.3056,44.0,6.134020618556701,1.0549828178694158,779.0,2.676975945017182,33.82,-118.13,2.286
7.3731,16.0,7.235955056179775,0.9598715890850722,2221.0,3.565008025682183,33.68,-117.97,3.908
4.125,36.0,5.178571428571429,0.8642857142857143,335.0,2.392857142857143,37.66,-122.42,3.276
1.7546,52.0,4.733333333333333,1.0466666666666666,1085.0,3.6166666666666667,37.76,-122.21,0.806
3.4531,52.0,4.203007518796992,1.0244360902255638,1186.0,2.2293233082706765,37.76,-122.46,4.143
2.1213,35.0,3.9166666666666665,0.9553571428571429,732.0,2.1785714285714284,38.58,-121.53,0.792
3.7396,30.0,4.628301886792453,1.0811320754716982,1845.0,3.481132075471698,37.36,-121.88,2.107
4.2273,18.0,5.069252077562327,0.8670360110803325,905.0,2.5069252077562325,38.67,-121.26,1.418
7.75,17.0,8.23076923076923,1.1282051282051282,92.0,2.358974358974359,34.49,-119.14,3.75
4.3456,18.0,4.997311827956989,1.0080645161290323,913.0,2.454301075268817,34.58,-118.38,1.489
2.5625,52.0,5.381642512077295,0.9951690821256038,425.0,2.0531400966183573,37.73,-122.16,1.75
4.0208,43.0,5.949197860962567,1.0481283422459893,890.0,2.379679144385027,35.4,-118.99,0.904
3.4261,16.0,5.160377358490566,1.1132075471698113,945.0,2.9716981132075473,33.63,-117.71,2.197
4.0429,32.0,4.863340563991323,1.0629067245119306,921.0,1.997830802603037,34.02,-118.44,5.00001
2.1591,23.0,4.346938775510204,1.0087463556851313,1223.0,3.565597667638484,37.93,-121.28,0.678
3.2019,33.0,6.128571428571429,1.019047619047619,580.0,2.761904761904762,36.34,-119.72,1.125
4.1339,52.0,4.567058823529412,1.0258823529411765,955.0,2.2470588235294118,37.78,-122.47,3.964
3.6629,30.0,6.3625,1.0666666666666667,757.0,3.154166666666667,37.58,-120.83,1.714
3.0431,41.0,4.605475040257649,1.0982286634460547,1516.0,2.4412238325281805,34.2,-118.34,2.629
2.9219,28.0,4.15347721822542,1.0431654676258992,1198.0,2.8729016786570742,34.2,-118.44,2.413
5.0822,27.0,6.648837209302326,1.0790697674418606,1144.0,2.66046511627907,37.28,-121.94,3.275
4.7279,30.0,6.255376344086022,1.1263440860215055,1114.0,2.9946236559139785,37.24,-121.91,2.72
4.4423,37.0,5.684350132625995,1.013262599469496,1047.0,2.777188328912467,33.84,-118.12,2.16
5.1995,35.0,4.418103448275862,1.043103448275862,388.0,1.6724137931034482,37.45,-122.17,5.00001
4.0391,52.0,6.2439024390243905,1.0627177700348431,782.0,2.724738675958188,37.76,-122.49,3.327
6.256,36.0,6.259067357512953,1.0207253886010363,1115.0,2.88860103626943,33.82,-118.37,3.669
3.4087,45.0,4.67948717948718,1.0128205128205128,672.0,2.871794871794872,34.15,-118.07,2.092
3.2664,29.0,5.057899901864573,1.0637880274779195,2459.0,2.4131501472031402,38.13,-122.23,1.429
2.442,30.0,5.102915951972555,1.0874785591766725,1367.0,2.3447684391080617,40.77,-124.19,0.69
3.0,13.0,6.177285318559557,1.2271468144044322,920.0,2.548476454293629,37.49,-119.9,1.12
5.3668,27.0,6.702898550724638,1.0289855072463767,1793.0,3.2481884057971016,33.92,-117.98,2.198
1.6767,30.0,4.087947882736156,0.9674267100977199,779.0,2.537459283387622,38.05,-122.25,1.477
3.5078,36.0,4.510703363914373,1.003058103975535,806.0,2.4648318042813457,32.83,-117.21,1.66
4.6354,16.0,5.485074626865671,1.037313432835821,299.0,2.2313432835820897,32.74,-117.23,1.792
2.6862,19.0,3.9668141592920354,0.9889380530973452,1222.0,2.7035398230088497,33.93,-118.13,1.958
2.9821,45.0,4.481481481481482,0.9259259259259259,67.0,2.4814814814814814,34.33,-118.68,3.25
0.7714,16.0,2.698581560283688,1.0851063829787233,438.0,1.553191489361702,37.95,-121.29,0.875
2.25,33.0,3.298464491362764,1.0374280230326296,3817.0,3.663147792706334,34.07,-118.1,2.037
4.4148,17.0,5.8563049853372435,0.9970674486803519,952.0,2.7917888563049855,33.7,-117.98,2.392
11.2463,22.0,8.249027237354085,1.0350194552529184,1480.0,2.8793774319066148,37.25,-121.99,5.00001
3.2447,12.0,4.936859147328656,1.0286022665947112,4656.0,2.5126821370750134,37.7,-121.01,1.422
2.4185,48.0,4.168571428571428,0.9257142857142857,902.0,2.577142857142857,34.36,-119.06,1.899
5.273,35.0,5.882783882783883,1.0586080586080586,829.0,3.0366300366300365,33.92,-118.01,1.876
1.4167,20.0,4.066666666666666,1.1238095238095238,402.0,3.8285714285714287,33.96,-118.18,1.375
2.288,19.0,3.7037773359840953,0.9880715705765407,868.0,1.7256461232604374,32.8,-117.24,2.1
1.5347,31.0,4.987068965517241,1.1896551724137931,956.0,4.120689655172414,37.96,-122.36,0.804
4.5,35.0,5.450757575757576,1.0681818181818181,1633.0,3.0928030303030303,37.71,-122.43,2.669
4.7222,21.0,5.428571428571429,1.3,398.0,5.685714285714286,33.92,-117.91,2.083
6.6031,19.0,6.190647482014389,1.0431654676258992,571.0,2.053956834532374,34.15,-118.16,5.00001
2.8365,34.0,4.5813953488372094,1.0794573643410852,1517.0,2.939922480620155,37.79,-122.21,1.392
1.6929,40.0,4.521994134897361,1.0,1283.0,3.7624633431085046,37.29,-120.31,0.559
2.6275,17.0,4.7465753424657535,0.9863013698630136,1501.0,2.5702054794520546,39.18,-123.21,1.421
2.8903,31.0,4.477459016393443,1.0730874316939891,2962.0,2.023224043715847,37.98,-122.52,3.242
2.8625,21.0,4.958695652173913,1.2108695652173913,1510.0,3.282608695652174,33.82,-117.99,1.896
5.3678,7.0,7.38625,1.090625,5499.0,3.436875,34.14,-117.58,2.317
6.5576,38.0,7.601823708206687,1.0577507598784195,805.0,2.4468085106382977,37.91,-122.28,3.585
5.565,17.0,7.577142857142857,0.9771428571428571,1199.0,3.4257142857142857,38.22,-122.63,2.671
5.3441,21.0,7.005,1.03,1620.0,2.7,32.81,-117.01,1.935
3.9028,28.0,4.853277835587929,1.0822060353798126,1963.0,2.0426638917793967,34.16,-118.42,3.679
7.2013,12.0,7.355691056910569,1.089430894308943,1506.0,3.0609756097560976,33.5,-117.63,3.536
2.7206,42.0,3.4309063893016343,1.0178306092124814,2609.0,3.87667161961367,33.95,-118.19,1.621
6.0,36.0,6.196581196581197,1.0042735042735043,568.0,2.427350427350427,37.92,-122.29,3.114
7.2623,52.0,4.287822878228782,1.0418204182041821,1248.0,1.5350553505535056,37.79,-122.43,5.00001
3.0992,9.0,4.3428571428571425,1.0654761904761905,3293.0,3.920238095238095,32.56,-117.07,1.426
2.2278,52.0,6.220883534136546,1.104417670682731,604.0,2.42570281124498,39.25,-121.02,1.554
0.957,52.0,2.709016393442623,1.2950819672131149,392.0,1.6065573770491803,40.8,-124.17,0.6
2.4706,22.0,5.232273838630807,1.0880195599022005,1441.0,3.5232273838630808,37.49,-120.86,0.894
1.7456,26.0,5.127922971114168,1.2214580467675378,1765.0,2.4277854195323245,34.17,-117.28,0.868
2.8285,17.0,4.996610169491525,1.0677966101694916,2307.0,2.606779661016949,35.49,-120.66,1.713
2.525,26.0,3.3160377358490565,0.9528301886792453,757.0,3.5707547169811322,33.87,-118.2,1.555
3.6509,34.0,5.018666666666666,1.1413333333333333,1034.0,2.7573333333333334,33.95,-118.03,1.732
3.8542,33.0,5.00253164556962,1.0227848101265822,1379.0,3.491139240506329,33.94,-118.09,1.754
4.0926,42.0,4.525114155251141,0.9817351598173516,717.0,3.2739726027397262,33.89,-118.09,1.644
4.5333,21.0,4.95970695970696,1.0586080586080586,639.0,2.340659340659341,37.25,-121.93,2.342
4.0167,18.0,5.030651340996169,1.0153256704980842,1302.0,2.4942528735632186,33.51,-117.66,1.896
5.0897,36.0,5.225563909774436,1.0150375939849625,887.0,3.3345864661654137,34.07,-117.91,1.89
2.7969,38.0,4.626707132018209,1.078907435508346,2167.0,3.2883156297420335,37.79,-122.22,1.417
3.0757,39.0,4.524663677130045,1.0022421524663676,1221.0,2.7376681614349776,37.8,-122.21,1.51
3.0294,42.0,4.919449901768173,1.0864440078585462,1550.0,3.045186640471513,34.07,-117.74,1.357
2.6726,32.0,5.005102040816326,1.0178571428571428,1005.0,2.563775510204082,36.77,-119.75,0.704
5.7396,16.0,6.653846153846154,0.9461538461538461,403.0,3.1,36.97,-121.59,3.087
2.5363,30.0,4.505235602094241,1.044502617801047,1878.0,4.9162303664921465,37.62,-121.02,0.839
8.5282,25.0,7.831050228310502,1.1073059360730593,1284.0,2.9315068493150687,34.15,-117.66,3.601
2.0156,33.0,3.4304857621440537,0.9798994974874372,2074.0,3.474036850921273,33.78,-118.16,1.527
5.1508,15.0,5.3171728971962615,1.078855140186916,3333.0,1.9468457943925233,33.77,-118.11,3.673
4.2344,52.0,4.1656441717791415,0.8098159509202454,483.0,2.96319018404908,34.12,-118.19,1.625
5.1207,34.0,5.063938618925831,0.9846547314578005,970.0,2.4808184143222505,37.53,-122.28,3.109
4.5461,33.0,5.0296495956873315,0.8814016172506739,1053.0,2.838274932614555,33.76,-117.85,2.138
1.1563,38.0,4.84390243902439,1.2,760.0,3.707317073170732,32.71,-117.13,0.827
1.0481,19.0,4.181818181818182,1.0532915360501567,1171.0,3.670846394984326,36.72,-119.8,0.485
5.316,33.0,5.210862619808307,1.0670926517571886,1411.0,2.253993610223642,37.43,-122.12,3.981
2.6914,52.0,3.6870588235294117,1.1341176470588235,654.0,1.5388235294117647,37.77,-122.43,3.667
5.9339,15.0,6.361313868613139,0.927007299270073,943.0,3.4416058394160585,33.51,-117.64,2.86
3.6373,52.0,6.841397849462366,1.0779569892473118,1004.0,2.6989247311827955,34.04,-118.33,4.2
4.0125,29.0,5.720268006700167,1.0569514237855946,1527.0,2.557788944723618,35.44,-119.02,0.844
8.2737,7.0,7.364768683274021,0.9679715302491103,1843.0,3.2793594306049823,36.86,-119.77,1.935
6.4339,16.0,6.673400673400673,0.9427609427609428,1030.0,3.468013468013468,37.26,-121.85,2.892
6.2892,22.0,6.127214170692431,0.9597423510466989,2118.0,3.4106280193236715,37.43,-121.87,2.542
1.9206,26.0,4.097639484978541,1.0246781115879828,3010.0,3.2296137339055795,37.62,-120.98,0.813
2.6111,13.0,3.984009840098401,1.044280442804428,2751.0,3.3837638376383765,33.88,-117.59,1.07
3.9323,5.0,6.017738359201774,1.1019955654101996,2725.0,3.0210643015521064,38.15,-121.32,1.301
4.5625,12.0,6.6796246648793565,1.0167560321715818,5008.0,3.35656836461126,33.99,-117.44,1.713
5.0393,45.0,6.229461756373937,1.0141643059490084,942.0,2.668555240793201,34.16,-118.09,3.211
4.9464,43.0,6.216949152542373,0.9898305084745763,997.0,3.3796610169491523,33.93,-118.31,1.503
2.125,22.0,6.856687898089172,1.4681528662420382,903.0,2.875796178343949,40.4,-122.76,1.232
3.1739,52.0,3.985276073619632,1.0466257668711656,1819.0,2.2319018404907975,33.78,-118.16,2.229
1.7463,19.0,7.61214953271028,1.8037383177570094,551.0,2.574766355140187,39.3,-122.51,0.688
6.2475,26.0,5.824561403508772,0.9590643274853801,980.0,2.865497076023392,37.34,-122.02,3.5
2.9871,52.0,3.7246376811594204,1.046583850931677,2062.0,2.1345755693581783,37.79,-122.41,3.8
2.4968,46.0,4.374622356495468,0.9969788519637462,1094.0,3.305135951661631,37.35,-121.86,1.741
4.9237,4.0,6.310280373831776,0.9813084112149533,1684.0,3.147663551401869,34.66,-120.47,1.666
3.1654,25.0,5.267605633802817,0.9295774647887324,564.0,2.647887323943662,38.6,-121.28,1.116
4.2297,47.0,3.8737419945105214,1.0576395242451968,1808.0,1.6541628545288198,37.45,-122.16,4.25
3.0859,13.0,4.497902097902098,1.06993006993007,1627.0,2.2755244755244757,37.95,-121.96,1.678
2.6343,14.0,4.696308724832215,1.0369127516778522,2294.0,3.848993288590604,37.73,-120.93,0.815
3.7067,18.0,4.886486486486486,1.0810810810810811,968.0,2.616216216216216,38.41,-122.36,1.75
3.9914,3.0,6.205776173285199,1.0884476534296028,1602.0,2.891696750902527,38.66,-121.46,1.205
3.5051,17.0,3.9865513928914504,1.1027857829010568,1808.0,1.7367915465898174,34.16,-118.37,2.324
8.0073,39.0,7.266791044776119,1.046641791044776,1271.0,2.371268656716418,34.12,-118.31,5.00001
3.9489,21.0,4.753794266441822,1.0927487352445193,1435.0,2.4198988195615514,34.04,-118.45,3.602
5.0483,35.0,4.985915492957746,1.019718309859155,1083.0,3.0507042253521126,34.2,-118.56,2.21
4.125,52.0,5.036144578313253,1.0542168674698795,747.0,4.5,33.95,-118.37,1.74
3.4474,28.0,4.4487394957983195,1.1058823529411765,1459.0,2.4521008403361346,33.72,-118.3,2.534
6.0224,15.0,6.635802469135802,1.0092592592592593,1094.0,3.376543209876543,38.02,-122.21,1.985
3.3036,52.0,8.725,1.475,121.0,3.025,37.7,-121.04,1.975
2.4375,15.0,5.128440366972477,1.0581039755351682,858.0,2.623853211009174,40.15,-122.25,0.592
1.9083,42.0,3.88855421686747,1.0391566265060241,1535.0,4.623493975903615,34.05,-118.19,1.192
1.4766,23.0,4.143947655398037,1.0937840785169028,3786.0,4.128680479825518,36.76,-119.76,0.506
8.0448,35.0,7.672176308539945,0.9972451790633609,1001.0,2.757575757575758,37.88,-122.12,4.333
3.212,33.0,5.684073107049608,1.0548302872062663,891.0,2.3263707571801566,38.0,-120.39,1.052
4.1071,37.0,6.272842639593908,1.0799492385786802,2164.0,2.746192893401015,33.76,-117.87,3.113
2.246,6.0,2.647787610619469,1.056637168141593,3800.0,3.3628318584070795,33.76,-117.87,1.833
7.2589,21.0,8.035714285714286,1.1071428571428572,812.0,2.6363636363636362,38.23,-122.18,3.204
3.5258,13.0,6.099709583736689,1.0454985479186834,3840.0,3.717328170377541,37.02,-120.06,0.849
6.2498,19.0,6.428861788617886,1.0416666666666667,3444.0,3.5,37.64,-122.45,3.533
1.5917,28.0,5.45136186770428,1.1361867704280155,967.0,3.762645914396887,37.3,-120.4,0.894
3.2361,38.0,5.066308243727598,1.0412186379928314,972.0,1.7419354838709677,32.72,-117.23,5.00001
5.2661,37.0,6.7018867924528305,1.1358490566037736,702.0,2.6490566037735848,34.26,-118.34,3.149
3.575,50.0,4.884892086330935,1.0551558752997603,1089.0,2.6115107913669067,34.12,-118.27,2.306
3.5114,52.0,4.411347517730497,1.0780141843971631,444.0,1.574468085106383,34.08,-118.39,4.308
3.3456,11.0,3.895022624434389,1.1266968325791855,1960.0,1.7737556561085972,32.75,-117.23,1.598
3.1364,38.0,4.377215189873418,0.9974683544303797,801.0,2.027848101265823,34.44,-119.73,3.575
3.55,20.0,6.138823529411765,1.128235294117647,2302.0,2.708235294117647,34.12,-118.05,4.767
3.915,34.0,5.301639344262295,1.1278688524590164,938.0,3.0754098360655737,34.2,-118.5,2.177
1.7696,18.0,3.7222222222222223,1.1245210727969348,1329.0,2.545977011494253,32.75,-117.11,1.031
3.1719,8.0,6.979220779220779,1.2857142857142858,5087.0,13.212987012987012,37.79,-120.45,1.154
4.7955,33.0,5.673151750972763,1.0428015564202335,1115.0,4.33852140077821,34.04,-117.96,1.581
1.3523,18.0,5.883116883116883,1.5194805194805194,152.0,1.974025974025974,39.39,-120.74,0.857
3.0529,25.0,5.057142857142857,1.062857142857143,1466.0,2.7923809523809524,34.02,-118.12,2.658
3.1061,19.0,5.490066225165563,1.0706401766004414,1110.0,2.4503311258278146,39.76,-121.58,1.102
2.625,11.0,3.6,0.8,150.0,7.5,34.02,-118.48,2.5
2.6719,35.0,4.455026455026455,1.0634920634920635,763.0,4.037037037037037,33.88,-118.23,1.098
2.2007,21.0,3.617610062893082,1.0088050314465409,2487.0,3.128301886792453,36.61,-121.84,1.128
2.5872,31.0,3.8357963875205257,1.077175697865353,1186.0,1.9474548440065682,32.75,-117.13,1.306
10.1597,16.0,7.606936416184971,1.1213872832369942,450.0,2.601156069364162,34.14,-118.83,5.00001
4.87,35.0,5.72488038277512,0.9976076555023924,1336.0,3.1961722488038276,34.08,-117.94,1.877
10.2264,45.0,3.1666666666666665,0.8333333333333334,7460.0,1243.3333333333333,38.32,-121.98,1.375
4.7685,5.0,4.331352154531946,1.0950965824665677,3959.0,1.9608717186726101,37.39,-122.04,2.801
5.9856,39.0,6.102564102564102,1.0085470085470085,314.0,2.6837606837606836,33.98,-118.4,4.321
2.6341,15.0,4.369281045751634,1.065359477124183,1172.0,3.8300653594771243,39.37,-121.03,0.85
2.5742,32.0,3.3523809523809525,1.2571428571428571,313.0,2.980952380952381,37.78,-122.4,3.5
3.5288,8.0,5.733455882352941,1.1397058823529411,1159.0,2.130514705882353,34.88,-120.41,1.655
3.5156,44.0,5.466911764705882,1.1544117647058822,961.0,3.5330882352941178,37.79,-122.22,1.095
1.9375,40.0,4.766891891891892,0.9594594594594594,609.0,2.0574324324324325,36.78,-119.77,0.677
8.565,31.0,8.107438016528926,1.0041322314049588,697.0,2.8801652892561984,34.25,-118.56,5.00001
1.7262,18.0,5.71259842519685,1.094488188976378,695.0,2.736220472440945,40.58,-123.18,0.737
6.5948,23.0,6.673622704507513,1.0467445742904842,3484.0,2.9081803005008346,37.57,-122.26,4.04
4.9732,34.0,5.57277628032345,0.9258760107816711,2154.0,2.9029649595687332,37.63,-122.43,3.423
1.3417,40.0,4.65979381443299,1.1237113402061856,412.0,4.247422680412371,37.94,-121.3,0.608
4.3833,14.0,6.481308411214953,1.0537383177570094,1292.0,3.0186915887850465,39.15,-121.68,1.152
4.1492,34.0,4.3192019950124685,0.9950124688279302,1120.0,2.7930174563591024,34.25,-118.47,1.957
2.6779,26.0,5.467871485943775,1.21285140562249,1847.0,3.708835341365462,34.1,-117.74,1.36
4.0417,25.0,4.911931818181818,1.0880681818181819,769.0,2.184659090909091,37.53,-122.33,4.585
3.5611,12.0,6.175373134328358,1.0845771144278606,2191.0,2.7251243781094527,36.23,-119.34,0.902
4.6023,8.0,5.917293233082707,0.9473684210526315,446.0,3.3533834586466167,34.64,-120.44,1.634
4.4236,38.0,5.78140703517588,1.0452261306532664,1079.0,2.7110552763819094,34.1,-118.03,2.336
4.54,23.0,5.347878787878788,1.103030303030303,2380.0,2.8848484848484848,33.84,-118.09,2.131
4.174,22.0,6.213171577123051,0.949740034662045,1757.0,3.045060658578856,39.1,-121.63,1.001
2.7917,48.0,6.447115384615385,1.1490384615384615,671.0,3.2259615384615383,36.79,-120.04,0.828
2.6941,11.0,5.599378881987578,1.0854037267080745,2074.0,3.220496894409938,36.93,-120.04,0.633
3.8687,11.0,4.663424124513619,1.017509727626459,1566.0,3.046692607003891,32.71,-117.06,1.452
5.2079,21.0,5.46089850249584,1.086522462562396,1398.0,2.3261231281198005,37.89,-122.1,3.103
3.1786,35.0,5.293906810035843,0.946236559139785,852.0,3.053763440860215,32.7,-117.08,1.006
2.6389,45.0,5.497175141242938,1.0338983050847457,500.0,2.824858757062147,35.07,-119.45,0.3
2.125,24.0,5.127208480565371,1.1307420494699647,1413.0,4.992932862190813,37.93,-121.27,0.612
2.75,41.0,5.666666666666667,1.0726072607260726,855.0,2.8217821782178216,37.75,-121.43,1.273
1.965,23.0,6.058608058608058,1.3516483516483517,669.0,2.4505494505494507,41.6,-123.41,0.654
7.355,11.0,7.2486702127659575,0.9787234042553191,2526.0,3.359042553191489,34.29,-118.73,3.439
3.428,15.0,5.572317262830482,1.0015552099533438,2183.0,3.3950233281493003,38.02,-121.35,1.407
4.0972,37.0,5.7592592592592595,1.1296296296296295,171.0,3.1666666666666665,37.8,-121.2,1.018
3.75,52.0,6.081632653061225,1.064625850340136,792.0,2.693877551020408,34.1,-118.1,2.8
6.1724,35.0,7.006359300476947,1.0389507154213036,3450.0,2.742448330683625,38.01,-122.59,4.143
3.0212,31.0,3.984126984126984,0.9990662931839402,3176.0,2.965452847805789,34.03,-118.13,2.082
2.7201,52.0,4.939338235294118,1.1029411764705883,1716.0,3.1544117647058822,34.17,-118.14,2.057
4.4,45.0,5.15625,1.0,645.0,2.51953125,33.86,-118.13,2.095
7.333,23.0,7.811188811188811,0.9440559440559441,854.0,2.986013986013986,37.68,-121.88,3.372
2.2604,17.0,6.016,1.432,661.0,2.644,38.35,-120.57,0.848
4.9688,36.0,5.456852791878172,1.0,509.0,2.583756345177665,33.92,-118.37,2.389
1.5694,30.0,5.0227272727272725,1.1704545454545454,413.0,4.693181818181818,39.13,-121.57,0.579
5.8966,17.0,7.33983286908078,1.083565459610028,994.0,2.768802228412256,33.02,-117.06,2.615
3.8214,36.0,5.897435897435898,1.0128205128205128,690.0,2.948717948717949,33.83,-117.95,2.109
2.0216,18.0,5.463291139240506,1.0455696202531646,1461.0,3.69873417721519,36.38,-119.21,0.58
3.29,32.0,4.281675392670157,1.0209424083769634,3775.0,3.9528795811518322,34.07,-118.08,2.055
2.9491,49.0,4.939716312056738,1.0283687943262412,605.0,2.145390070921986,34.16,-118.28,2.574
2.6567,20.0,5.295867768595041,1.0330578512396693,2016.0,3.332231404958678,37.68,-121.03,1.104
2.871,31.0,3.552677029360967,1.0379965457685665,2397.0,4.139896373056994,34.22,-118.46,1.844
4.8229,23.0,6.351618705035971,1.0575539568345325,3100.0,2.787769784172662,34.12,-117.81,1.926
7.0875,41.0,6.593457943925234,1.088785046728972,626.0,2.925233644859813,37.79,-122.18,2.407
2.462,6.0,3.2325581395348837,1.1966173361522199,1051.0,2.221987315010571,34.04,-118.26,1.625
3.9868,17.0,3.8505338078291813,1.0355871886120998,598.0,2.1281138790035588,33.87,-118.36,2.819
3.7969,40.0,5.949781659388647,1.1593886462882097,1167.0,2.5480349344978164,38.36,-122.54,2.028
5.4719,38.0,5.890080428954423,0.9571045576407506,1228.0,3.292225201072386,37.52,-122.28,3.979
3.2237,31.0,4.65792759051186,1.0649188514357053,2313.0,2.8876404494382024,33.92,-118.14,2.182
8.944,30.0,7.170454545454546,1.0875,1776.0,2.018181818181818,34.1,-118.39,5.00001
8.9571,33.0,7.210696920583469,1.0307941653160453,1684.0,2.7293354943273904,37.86,-122.18,3.997
3.9167,44.0,5.443609022556391,1.0,373.0,2.8045112781954886,33.87,-118.33,2.656
4.4063,23.0,5.6679174484052535,0.9887429643527205,1580.0,2.9643527204502815,34.01,-117.32,1.299
4.8906,15.0,5.7281323877068555,1.0283687943262412,1366.0,3.2293144208037825,33.54,-117.67,1.818
2.3036,35.0,4.62051282051282,1.176923076923077,1009.0,2.5871794871794873,37.79,-122.2,1.26
10.3661,52.0,8.03370786516854,1.0449438202247192,547.0,3.0730337078651684,34.08,-118.34,5.00001
3.6528,13.0,6.259615384615385,0.9807692307692307,301.0,2.894230769230769,38.25,-121.06,2.0
8.6454,31.0,8.062404870624048,1.0106544901065448,1986.0,3.0228310502283104,34.24,-118.51,4.835
3.3438,25.0,4.297674418604651,1.1081395348837209,2827.0,3.2872093023255813,33.84,-118.08,1.533
2.1864,29.0,4.031626506024097,1.0406626506024097,1880.0,2.8313253012048194,38.43,-122.73,1.432
4.196,5.0,5.515682656826568,1.0977859778597785,2679.0,2.4714022140221403,38.11,-121.3,1.717
3.6625,33.0,5.224719101123595,1.0157303370786517,1170.0,2.6292134831460676,34.08,-117.91,2.171
3.925,37.0,5.4672897196261685,1.0124610591900312,699.0,2.177570093457944,37.35,-121.96,2.513
4.3814,16.0,6.286415711947627,1.0147299509001637,1799.0,2.944353518821604,36.79,-121.74,2.453
6.4894,16.0,7.381656804733728,0.9792899408284024,1118.0,3.3076923076923075,38.37,-122.02,1.98
4.8438,36.0,5.626923076923077,0.9884615384615385,722.0,2.776923076923077,33.84,-118.11,2.263
2.3152,25.0,5.412844036697248,1.055045871559633,1424.0,3.2660550458715596,36.21,-119.32,0.631
1.5594,52.0,2.8368794326241136,1.1099290780141844,1337.0,4.74113475177305,32.71,-117.14,0.875
2.5275,27.0,4.246653919694072,1.0363288718929253,1328.0,2.5391969407265775,34.14,-117.96,1.517
2.0529,43.0,3.845878136200717,1.2329749103942653,660.0,2.3655913978494625,32.72,-117.14,1.688
5.6441,18.0,6.089593383873191,1.0523776705720194,3946.0,2.7195037904893176,33.91,-117.94,3.13
4.8096,16.0,5.512071156289708,1.0374841168996187,5130.0,3.2592121982210926,37.65,-122.46,2.62
2.6181,9.0,5.077477477477477,1.4792792792792793,851.0,1.5333333333333334,32.75,-117.15,2.042
2.5739,22.0,4.586160108548168,1.0719131614654003,2199.0,2.983717774762551,34.19,-118.54,2.392
4.1099,10.0,6.834909716251075,1.125537403267412,3176.0,2.7308684436801376,40.57,-122.42,1.201
1.3157,43.0,1.9118264520643806,1.1518544436669,3049.0,2.1336599020293914,34.1,-118.33,3.333
6.4913,28.0,6.8975069252077565,0.9556786703601108,948.0,2.6260387811634347,37.36,-122.03,4.119
3.1312,19.0,4.137724550898204,1.1437125748502994,324.0,1.9401197604790419,36.91,-122.01,3.885
1.9208,37.0,4.150793650793651,1.1063492063492064,2484.0,3.942857142857143,34.0,-118.26,1.034
10.3713,18.0,7.9475982532751095,0.9606986899563319,728.0,3.1790393013100435,37.87,-122.13,4.261
1.4254,19.0,4.076388888888889,1.0597222222222222,1953.0,2.7125,32.73,-117.08,1.113
3.1662,7.0,4.866192170818505,1.008540925266904,3468.0,2.4683274021352313,38.48,-122.79,1.91
2.0833,31.0,4.1825,0.955,1734.0,4.335,37.93,-121.25,0.483
3.8819,44.0,4.395348837209302,1.0813953488372092,1378.0,3.2046511627906975,33.85,-118.18,1.432
1.625,48.0,2.31055900621118,1.0848861283643891,1610.0,3.3333333333333335,34.1,-118.33,2.375
2.837,38.0,4.57089552238806,1.0149253731343284,1823.0,3.4011194029850746,34.07,-117.64,1.112
2.8226,17.0,5.190066857688635,1.0563514804202483,2755.0,2.6313276026743075,38.71,-121.3,0.999
3.3906,36.0,5.0785340314136125,1.044502617801047,1076.0,2.816753926701571,32.58,-117.16,1.478
3.6823,30.0,4.3,0.990625,629.0,1.965625,34.14,-118.36,2.952
7.5118,11.0,7.337962962962963,0.9722222222222222,1418.0,3.2824074074074074,34.22,-118.84,3.619
4.0231,31.0,4.003322259136213,0.9302325581395349,1476.0,4.903654485049834,33.75,-117.89,1.392
4.3542,5.0,4.479820627802691,1.1210762331838564,1185.0,2.6569506726457397,33.57,-117.65,1.956
2.4632,35.0,5.56043956043956,0.9862637362637363,786.0,2.159340659340659,38.61,-121.39,1.569
3.6648,34.0,4.297539149888143,0.9440715883668904,1230.0,2.751677852348993,34.06,-117.94,1.939
5.6533,35.0,5.209923664122138,0.9770992366412213,662.0,2.5267175572519083,37.37,-122.05,2.914
3.6273,7.0,6.651162790697675,1.140396210163652,2975.0,2.5624461670973298,33.61,-117.21,1.509
4.5625,34.0,5.764119601328904,1.0564784053156147,1019.0,3.3853820598006643,37.36,-121.98,2.427
7.9976,52.0,7.742465753424658,1.0438356164383562,924.0,2.5315068493150683,34.13,-118.13,5.00001
5.9734,10.0,6.3443627450980395,1.0490196078431373,2190.0,2.6838235294117645,32.82,-117.08,2.717
5.4243,25.0,6.390845070422535,0.9894366197183099,960.0,3.380281690140845,34.25,-118.74,2.147
1.9891,26.0,4.6067039106145256,1.2793296089385475,1703.0,1.9027932960893854,33.19,-117.38,5.0
6.0622,10.0,10.095238095238095,1.8095238095238095,78.0,3.7142857142857144,37.18,-122.03,3.9
3.275,34.0,5.45945945945946,1.054054054054054,1293.0,2.9121621621621623,33.93,-118.01,1.899
2.8438,26.0,4.6390532544378695,1.047337278106509,662.0,3.9171597633136095,33.76,-117.92,1.743
1.8913,43.0,5.498637602179836,1.111716621253406,1111.0,3.02724795640327,37.76,-122.18,0.912
2.319,41.0,5.366265060240964,1.1132530120481927,1129.0,2.720481927710843,36.78,-119.79,0.591
5.2289,41.0,5.569105691056911,1.146341463414634,266.0,2.16260162601626,37.87,-122.25,3.846
4.1528,15.0,7.389355742296919,1.2016806722689075,1289.0,3.6106442577030813,36.76,-121.34,3.368
2.6316,46.0,6.229508196721311,1.3442622950819672,807.0,2.2049180327868854,38.5,-122.94,1.17
4.4615,20.0,4.357005758157389,0.9558541266794626,1070.0,2.053742802303263,33.83,-118.38,3.848
4.793,44.0,4.854910714285714,1.0602678571428572,1019.0,2.2745535714285716,34.01,-118.47,4.708
2.5179,42.0,4.424242424242424,1.0722610722610724,1503.0,3.5034965034965033,33.93,-118.28,0.974
3.6339,28.0,5.592074592074592,1.0163170163170163,1613.0,3.7599067599067597,33.87,-118.07,2.201
5.3135,36.0,6.212410501193317,0.9737470167064439,966.0,2.305489260143198,38.53,-121.51,2.166
2.5074,16.0,7.365284974093265,1.461139896373057,892.0,2.3108808290155443,41.35,-120.51,0.691
4.0507,34.0,4.984126984126984,1.0595238095238095,638.0,2.5317460317460316,37.98,-122.01,1.61
2.4432,24.0,3.399168399168399,1.054054054054054,2480.0,5.155925155925156,33.96,-118.16,1.875
2.0278,33.0,5.458149779735683,1.1013215859030836,648.0,2.854625550660793,37.13,-120.26,0.588
1.6078,28.0,4.2514792899408285,1.183431952662722,806.0,2.3846153846153846,37.66,-121.02,1.25
5.1782,23.0,6.564476885644769,0.9975669099756691,1094.0,2.661800486618005,32.8,-117.07,1.951
1.6006,52.0,4.427083333333333,1.0173611111111112,1246.0,2.1631944444444446,34.07,-117.75,1.462
9.7194,9.0,8.306260575296108,0.9763113367174281,1981.0,3.3519458544839256,37.49,-121.89,5.00001
1.9236,52.0,4.5064935064935066,1.0909090909090908,558.0,2.4155844155844157,34.07,-117.65,1.172
2.24,30.0,3.9302325581395348,1.0588235294117647,1593.0,2.179206566347469,32.64,-117.07,1.295
3.455,48.0,5.8830188679245285,1.058490566037736,1275.0,2.4056603773584904,38.45,-122.71,2.221
5.5218,15.0,6.282926829268293,1.0195121951219512,1657.0,4.041463414634146,37.58,-122.08,2.544
2.66,29.0,3.825046040515654,1.0386740331491713,2087.0,3.8434622467771637,34.01,-118.1,1.892
5.2773,21.0,6.303262955854127,0.9347408829174664,1832.0,3.5163147792706333,34.23,-119.03,2.508
5.7979,52.0,5.981432360742706,1.0875331564986737,823.0,2.183023872679045,37.88,-122.26,4.153
3.3929,52.0,5.994652406417113,1.1283422459893049,554.0,2.962566844919786,37.83,-122.29,0.757
3.3208,47.0,4.318295739348371,0.974937343358396,1216.0,3.0476190476190474,37.72,-122.46,2.386
1.3167,49.0,4.969230769230769,1.1743589743589744,599.0,3.071794871794872,37.94,-122.37,0.716
6.9113,17.0,7.484536082474227,0.9690721649484536,630.0,3.247422680412371,33.9,-117.86,2.852
3.3268,23.0,4.440619621342513,1.114744693057946,4124.0,2.366035570854848,37.47,-122.22,3.228
4.0862,44.0,5.295373665480427,0.9217081850533808,667.0,2.373665480427046,32.74,-117.24,3.218
3.5379,26.0,5.713426853707415,1.0681362725450902,1544.0,3.094188376753507,38.02,-121.32,0.991
4.0602,44.0,4.811287477954145,1.0317460317460319,1227.0,2.164021164021164,34.1,-118.28,3.24
2.4912,29.0,3.7248,1.1312,2304.0,1.8432,37.81,-122.25,2.578
9.802,8.0,6.918032786885246,1.1475409836065573,375.0,2.0491803278688523,33.62,-117.87,5.00001
5.2417,36.0,6.005813953488372,1.1656976744186047,942.0,2.738372093023256,37.11,-122.02,1.964
3.1204,44.0,5.295774647887324,1.0586854460093897,1057.0,2.4812206572769955,38.1,-122.22,1.108
10.6834,28.0,7.702479338842975,1.0055096418732783,1085.0,2.9889807162534434,37.24,-122.02,5.00001
5.6902,5.0,6.266900790166813,1.077260755048288,2623.0,2.302897278314311,38.69,-121.17,2.432
1.5313,19.0,5.609489051094891,1.2007299270072993,617.0,2.2518248175182483,39.49,-121.53,0.503
4.6861,16.0,5.494262295081967,1.0549180327868852,7030.0,2.8811475409836067,34.44,-118.45,1.879
5.3737,26.0,6.211678832116788,0.9854014598540146,1337.0,3.2530413625304138,33.71,-117.97,2.529
3.494,31.0,4.508637236084453,1.034548944337812,2028.0,3.892514395393474,34.05,-117.95,1.545
3.1607,33.0,5.415254237288136,1.0932203389830508,460.0,3.8983050847457625,33.94,-118.1,1.89
3.8571,37.0,4.411700975081256,0.980498374864572,1468.0,1.590465872156013,34.03,-118.51,5.00001
2.675,33.0,4.698412698412699,1.1587301587301588,216.0,3.4285714285714284,37.93,-122.32,0.225
3.2937,33.0,5.317647058823529,1.0676470588235294,824.0,2.4235294117647057,38.16,-121.69,0.964
4.0972,30.0,5.687170474516696,1.0333919156414764,1167.0,2.0509666080843587,38.52,-121.51,1.814
5.253,5.0,7.093508500772797,1.0517774343122102,4573.0,3.534003091190108,33.96,-117.23,1.633
1.55,36.0,3.1495016611295683,1.0066445182724253,1042.0,3.4617940199335546,33.79,-118.17,1.0
3.5179,36.0,6.013888888888889,0.9537037037037037,763.0,3.5324074074074074,34.05,-117.97,1.614
4.375,34.0,4.532051282051282,1.0192307692307692,381.0,2.4423076923076925,37.6,-122.39,3.409
1.2545,41.0,4.306010928961749,1.139344262295082,1567.0,4.281420765027322,36.75,-119.76,0.455
2.0353,32.0,4.706855791962175,1.1914893617021276,1139.0,2.692671394799054,37.96,-122.35,1.136
4.6771,16.0,6.919732441471572,1.0434782608695652,889.0,2.9732441471571907,38.92,-121.14,2.12
3.025,35.0,4.446511627906977,0.9906976744186047,488.0,2.269767441860465,38.81,-123.02,1.406
2.7,5.0,8.857142857142858,2.0476190476190474,41.0,1.9523809523809523,33.38,-115.94,0.588
5.2853,31.0,5.169444444444444,1.1944444444444444,736.0,2.0444444444444443,34.15,-118.42,3.559
1.9718,46.0,4.252873563218391,1.028735632183908,1511.0,4.341954022988506,34.05,-117.75,1.106
3.625,52.0,3.973568281938326,1.0440528634361232,846.0,3.7268722466960353,37.79,-122.25,1.25
2.625,11.0,5.873809523809523,1.105952380952381,2508.0,2.9857142857142858,33.76,-117.16,1.554
7.3343,37.0,7.0975,0.975,1006.0,2.515,38.58,-121.37,2.804
2.5486,23.0,5.604081632653061,1.0775510204081633,677.0,2.763265306122449,37.72,-121.01,1.611
3.6033,39.0,4.5701754385964914,0.9692982456140351,863.0,3.7850877192982457,33.98,-118.08,1.578
4.8523,20.0,5.848341232227488,0.985781990521327,649.0,3.075829383886256,38.67,-121.3,1.43
2.7321,31.0,5.491150442477876,1.1238938053097345,767.0,3.393805309734513,36.51,-119.81,0.836
2.8385,42.0,4.514344262295082,0.9569672131147541,1470.0,3.012295081967213,34.03,-118.13,1.922
3.1125,29.0,4.851851851851852,1.0246913580246915,672.0,2.765432098765432,37.57,-120.95,1.548
3.5583,32.0,4.967889908256881,0.944954128440367,737.0,3.3807339449541285,33.95,-118.09,1.708
3.5208,20.0,5.2,1.34,69.0,1.38,34.0,-116.57,0.766
4.4529,10.0,6.006167400881057,1.0466960352422907,4163.0,3.66784140969163,38.15,-122.24,1.441
1.625,33.0,4.491071428571429,1.0476190476190477,1734.0,5.160714285714286,36.53,-119.29,0.503
1.4617,25.0,3.341708542713568,1.067001675041876,743.0,1.2445561139028476,33.76,-118.08,0.469
10.1357,24.0,7.564516129032258,0.9851116625310173,2248.0,2.7890818858560795,33.74,-118.32,5.00001
5.0796,35.0,6.112359550561798,1.101123595505618,1158.0,2.602247191011236,34.19,-118.5,2.283
2.8466,29.0,4.928571428571429,1.0761904761904761,985.0,2.3452380952380953,38.0,-121.82,1.134
2.5234,35.0,6.239130434782608,1.0724637681159421,381.0,2.760869565217391,34.13,-117.25,0.882
5.1814,46.0,5.68135593220339,1.0915254237288134,846.0,2.8677966101694916,34.19,-118.36,2.095
3.4013,35.0,5.303030303030303,0.987012987012987,720.0,3.116883116883117,34.23,-118.43,1.765
5.482,49.0,6.131696428571429,1.0535714285714286,1281.0,2.859375,37.75,-122.47,3.663
3.194,24.0,4.911764705882353,1.1561085972850678,870.0,1.9683257918552035,33.06,-117.3,2.763
3.875,28.0,5.767123287671233,1.1324200913242009,601.0,2.7442922374429224,34.1,-117.67,1.74
2.6983,49.0,4.586894586894587,1.0541310541310542,961.0,2.737891737891738,34.42,-119.72,2.601
2.4012,18.0,5.234793187347932,1.0206812652068127,5303.0,3.225669099756691,37.37,-120.5,0.797
3.5812,12.0,4.4271457085828345,1.1307385229540918,2176.0,2.1716566866267466,33.78,-118.15,1.986
6.057,21.0,6.674358974358975,1.035897435897436,1350.0,3.4615384615384617,33.85,-117.82,2.359
4.1029,33.0,4.9125,0.95,330.0,4.125,32.58,-117.1,1.227
5.311,8.0,6.464096749811035,1.0861678004535147,3335.0,2.5207860922146637,33.12,-117.25,2.558
5.6407,39.0,5.351239669421488,0.987603305785124,566.0,2.3388429752066116,37.47,-122.15,3.264
5.0574,37.0,5.530487804878049,1.0030487804878048,850.0,2.591463414634146,33.8,-118.1,2.408
6.3052,31.0,5.292096219931271,0.9037800687285223,1493.0,2.5652920962199315,37.34,-122.01,3.442
3.0263,15.0,2.5864864864864865,0.972972972972973,615.0,1.662162162162162,33.88,-117.88,1.625
2.0089,52.0,4.2727272727272725,1.217008797653959,1238.0,3.63049853372434,34.1,-117.31,0.681
5.9567,35.0,6.092651757188499,1.0415335463258786,912.0,2.913738019169329,37.33,-121.98,2.943
4.0185,22.0,4.910979228486647,1.0207715133531157,1807.0,2.6810089020771515,33.83,-117.97,2.009
4.2841,30.0,5.903394255874674,1.156657963446475,929.0,2.425587467362924,37.68,-122.15,2.134
3.0375,21.0,4.972270363951473,1.0329289428076256,1471.0,2.5493934142114383,32.82,-117.17,1.976
1.9792,47.0,4.816770186335404,1.124223602484472,1329.0,4.127329192546584,34.0,-118.31,1.164
2.6042,45.0,4.027027027027027,1.0405405405405406,925.0,4.166666666666667,34.03,-118.16,1.45
3.2768,40.0,5.469135802469136,1.1388888888888888,1122.0,3.462962962962963,33.92,-118.24,0.961
2.3438,26.0,4.616438356164384,0.9452054794520548,277.0,3.7945205479452055,36.47,-119.37,1.0
3.2993,25.0,5.553191489361702,1.148936170212766,789.0,3.3574468085106384,38.13,-121.25,0.911
3.183,33.0,4.132,1.1186666666666667,2025.0,2.7,33.97,-118.12,1.911
1.9495,26.0,3.2094763092269325,1.0062344139650872,3163.0,3.9438902743142146,34.08,-118.21,1.732
8.2064,36.0,7.15695067264574,1.0493273542600896,654.0,2.9327354260089686,33.79,-118.37,5.00001
4.2885,31.0,5.506238859180035,1.0427807486631016,1366.0,2.4349376114081998,38.53,-121.52,1.603
3.9583,35.0,5.3828125,1.0,379.0,2.9609375,34.08,-117.93,2.06
2.5612,5.0,5.7405857740585775,1.0613668061366806,1714.0,2.390516039051604,33.76,-116.87,1.308
3.9,52.0,4.848189415041783,1.0459610027855153,1444.0,2.011142061281337,37.82,-122.24,2.757
3.996,36.0,6.257425742574258,1.0396039603960396,937.0,3.092409240924092,35.41,-118.97,0.855
2.6014,36.0,3.8026315789473686,1.0164473684210527,521.0,1.7138157894736843,34.43,-119.72,3.206
3.8958,4.0,6.631768953068592,1.036101083032491,934.0,3.371841155234657,33.23,-117.35,1.898
4.5461,42.0,5.629032258064516,1.0725806451612903,1713.0,2.7629032258064514,34.16,-118.08,2.424
2.575,39.0,3.591203104786546,1.0866752910737387,2546.0,3.2936610608020698,34.16,-118.14,1.535
4.0735,35.0,6.137931034482759,1.0919540229885059,514.0,2.954022988505747,33.82,-117.95,2.087
6.6842,25.0,6.77859778597786,1.0258302583025831,1006.0,3.7121771217712176,37.41,-121.85,2.653
2.598,21.0,5.045602605863192,1.0521172638436482,1351.0,2.2003257328990227,34.02,-117.05,1.067
4.375,36.0,4.896373056994818,1.0362694300518134,1232.0,3.1917098445595853,33.92,-118.15,1.842
3.1458,42.0,4.645320197044335,0.8423645320197044,466.0,2.2955665024630543,33.94,-117.4,1.16
3.8897,14.0,6.097222222222222,1.0717592592592593,1402.0,3.2453703703703702,38.36,-121.2,1.757
5.3767,20.0,6.359550561797753,0.9943820224719101,518.0,2.9101123595505616,36.35,-119.37,2.313
2.125,39.0,3.3584070796460175,0.9513274336283186,883.0,3.9070796460176993,34.02,-118.17,1.438
1.3438,48.0,3.8484848484848486,1.170995670995671,1237.0,2.6774891774891776,37.96,-121.29,1.031
4.575,45.0,5.578947368421052,1.0555555555555556,890.0,2.6023391812865495,33.84,-118.14,3.36
2.6739,16.0,5.603174603174603,1.0803571428571428,2524.0,2.503968253968254,34.12,-116.4,0.78
1.76,52.0,2.6363636363636362,0.8181818181818182,48.0,2.1818181818181817,38.31,-122.28,1.667
4.2109,14.0,4.98974358974359,1.1871794871794872,1205.0,3.08974358974359,32.93,-117.14,1.712
6.0777,35.0,5.918681318681319,1.0835164835164834,1343.0,2.951648351648352,37.36,-122.06,3.275
3.7784,32.0,5.975206611570248,1.0764462809917354,1580.0,3.2644628099173554,37.43,-120.84,1.645
3.1382,14.0,4.956442831215971,1.0490018148820326,1109.0,2.0127041742286753,37.31,-121.81,1.397
4.1071,52.0,4.681603773584905,0.9457547169811321,1337.0,3.1533018867924527,37.73,-122.43,2.409
5.9357,19.0,5.8584070796460175,1.0575221238938053,1160.0,2.566371681415929,33.78,-118.01,2.074
4.0,37.0,6.363945578231292,1.0918367346938775,806.0,2.741496598639456,39.25,-121.71,1.014
4.5455,25.0,5.511326860841424,1.1067961165048543,775.0,2.5080906148867315,34.68,-118.14,1.265
3.3304,16.0,4.462321792260693,1.0047522063815342,6161.0,4.182620502376103,34.28,-118.4,1.549
9.2327,19.0,8.118279569892474,1.014336917562724,904.0,3.240143369175627,33.88,-117.81,4.613
6.2048,23.0,7.304843304843305,0.9886039886039886,1043.0,2.9715099715099713,37.73,-121.93,2.75
4.1302,36.0,5.869565217391305,1.0568561872909699,913.0,3.0535117056856187,37.66,-122.11,1.727
6.3942,4.0,5.681271810779372,1.0957735556417216,5613.0,2.1764249709189607,37.78,-121.95,3.567
2.4211,20.0,3.8445440956651717,1.094170403587444,1534.0,2.2929745889387143,33.73,-117.84,1.75
2.25,24.0,6.044871794871795,1.3397435897435896,514.0,3.2948717948717947,36.65,-120.31,0.766
5.8666,37.0,5.824561403508772,1.0964912280701755,626.0,2.745614035087719,34.01,-118.45,4.401
5.2039,24.0,5.693843594009984,0.9916805324459235,1763.0,2.9334442595673877,34.4,-119.51,3.013
5.0965,19.0,5.973996175908222,1.0405353728489484,6109.0,2.3361376673040155,38.06,-122.56,2.953
5.1696,52.0,6.115902964959568,1.0242587601078168,1004.0,2.706199460916442,37.89,-122.29,2.614
4.3428,20.0,5.7973621103117505,1.023980815347722,2983.0,3.57673860911271,33.2,-117.28,1.521
4.7931,36.0,5.462585034013605,1.0816326530612246,889.0,3.0238095238095237,34.1,-118.05,2.726
3.5909,35.0,4.047058823529412,0.9905882352941177,1452.0,3.416470588235294,37.69,-122.47,2.561
1.7199,17.0,2.518,1.196,3051.0,3.051,34.06,-118.28,1.75
5.7907,20.0,6.408260524225576,0.9666401906274821,3489.0,2.7712470214455918,37.67,-121.77,2.642
2.25,31.0,3.5585585585585586,1.0855855855855856,1095.0,4.9324324324324325,34.28,-119.14,0.75
5.5842,15.0,7.112820512820512,1.2102564102564102,638.0,3.2717948717948717,36.82,-119.85,0.889
3.1364,18.0,3.629032258064516,1.2594086021505377,1042.0,1.4005376344086022,36.59,-121.89,1.5
3.6375,24.0,4.9390581717451525,1.059556786703601,1697.0,2.350415512465374,32.78,-117.16,1.786
5.7083,35.0,6.120689655172414,1.0295566502463054,1226.0,3.019704433497537,34.24,-118.26,3.295
2.5272,5.0,6.080049261083744,1.4027093596059113,2204.0,2.7142857142857144,34.1,-117.41,0.92
3.1977,31.0,3.6412213740458017,0.9414758269720102,704.0,1.7913486005089059,36.58,-121.9,2.893
3.0125,40.0,3.8513513513513513,0.9369369369369369,745.0,3.355855855855856,34.09,-118.09,2.24
2.625,34.0,5.597402597402597,1.103896103896104,391.0,5.077922077922078,38.67,-121.63,2.25
4.4595,24.0,6.2486910994764395,1.0078534031413613,1051.0,2.75130890052356,34.7,-120.47,1.527
1.9038,16.0,5.456445993031359,1.0662020905923344,652.0,2.2717770034843205,39.92,-122.17,0.608
2.4659,32.0,5.356415478615071,1.1384928716904277,1069.0,2.1771894093686353,33.86,-118.15,2.09
5.2837,27.0,6.900523560209424,1.130890052356021,495.0,2.5916230366492146,32.81,-117.21,2.838
3.175,37.0,5.337110481586402,1.0368271954674222,1052.0,2.9801699716713883,34.89,-117.04,0.668
3.5391,27.0,5.835260115606936,1.023121387283237,1029.0,2.9739884393063583,34.9,-120.43,1.447
6.8753,26.0,6.987288135593221,0.9745762711864406,1241.0,2.6292372881355934,37.36,-122.04,4.03
2.8667,43.0,4.106813996316759,1.0736648250460405,1667.0,3.0699815837937385,34.11,-118.25,2.178
4.0972,24.0,4.130526315789473,1.2021052631578948,7174.0,7.551578947368421,37.43,-122.17,3.875
2.4911,35.0,4.506702412868632,0.9651474530831099,1648.0,4.418230563002681,34.07,-117.99,1.459
3.0403,20.0,5.607361963190184,1.1116564417177914,2125.0,2.607361963190184,39.08,-120.98,1.48
1.8849,16.0,4.536741214057508,0.9936102236421726,470.0,1.5015974440894568,33.22,-117.27,0.908
3.4148,38.0,3.6243523316062176,1.0103626943005182,859.0,2.2253886010362693,34.21,-118.23,2.348
2.0833,42.0,4.914583333333334,1.05,1131.0,2.35625,37.64,-120.97,0.955
1.5078,36.0,4.544529262086514,1.063613231552163,1367.0,3.4783715012722647,33.95,-118.3,0.996
5.4449,16.0,6.504237288135593,1.0084745762711864,768.0,3.2542372881355934,35.34,-119.08,1.185
1.8463,17.0,4.83203732503888,1.1695178849144634,2160.0,3.3592534992223952,34.12,-117.25,0.726
2.9688,22.0,5.987261146496815,1.1464968152866242,743.0,2.3662420382165603,41.68,-123.91,1.527
4.2875,30.0,8.119205298013245,1.3576158940397351,380.0,2.5165562913907285,32.96,-117.3,5.00001
2.7857,8.0,5.680733944954128,1.255045871559633,1454.0,2.6678899082568805,36.78,-119.85,0.797
4.8214,29.0,5.4186046511627906,0.8895348837209303,711.0,4.133720930232558,33.95,-117.5,1.434
4.9615,34.0,5.351916376306621,0.9512195121951219,804.0,2.8013937282229966,33.93,-118.32,1.578
3.5313,46.0,4.737024221453288,0.9826989619377162,766.0,2.6505190311418687,37.72,-122.17,1.597
3.025,44.0,4.4296875,1.03125,1091.0,2.8411458333333335,33.86,-118.17,1.623
2.5714,43.0,4.9393939393939394,0.9772727272727273,1322.0,2.503787878787879,37.98,-121.27,0.7
2.6618,22.0,4.210131332082551,1.0787992495309568,1543.0,2.8949343339587243,33.77,-117.97,1.796
2.6447,22.0,7.595588235294118,1.7058823529411764,442.0,3.25,36.23,-118.74,1.375
2.8274,12.0,4.7682926829268295,1.0121951219512195,292.0,1.7804878048780488,36.85,-119.78,0.795
4.1836,36.0,5.574175824175824,0.9642857142857143,1327.0,3.6456043956043955,34.12,-117.88,1.643
15.0001,38.0,8.954732510288066,1.0946502057613168,798.0,3.2839506172839505,34.19,-118.2,5.00001
2.765,13.0,4.490074441687345,0.9813895781637717,1759.0,2.1823821339950373,33.23,-117.3,0.985
2.2574,37.0,4.702576112412178,1.0913348946135832,1261.0,2.9531615925058547,38.52,-121.5,0.591
2.9453,28.0,5.343042071197411,0.9870550161812298,780.0,2.5242718446601944,36.81,-119.72,0.722
0.8941,27.0,3.517467248908297,1.0458515283842795,1457.0,3.1812227074235806,34.0,-118.26,0.919
2.3958,37.0,6.095238095238095,1.288515406162465,1067.0,2.988795518207283,38.67,-121.38,0.784
2.2961,46.0,3.4318181818181817,0.9015151515151515,533.0,4.037878787878788,34.06,-118.2,1.125
3.4047,26.0,4.481052631578947,1.085263157894737,1861.0,1.9589473684210525,34.44,-119.74,2.945
2.5395,25.0,4.970588235294118,1.2379679144385027,1070.0,2.8609625668449197,34.05,-117.68,1.875
3.5056,23.0,3.720532319391635,0.9828897338403042,1454.0,2.76425855513308,33.75,-118.3,2.031
2.2583,42.0,3.761764705882353,1.0529411764705883,1254.0,3.6882352941176473,37.33,-121.89,1.925
2.0917,35.0,4.284403669724771,1.107033639143731,1357.0,4.149847094801223,33.95,-118.29,0.993
3.15,26.0,4.724691358024692,1.0049382716049382,3367.0,4.1567901234567906,34.04,-117.73,1.297
0.7069,29.0,3.0934579439252334,0.794392523364486,341.0,3.1869158878504673,34.13,-117.34,0.703
2.5763,28.0,3.4306451612903226,1.0080645161290323,3160.0,5.096774193548387,34.06,-118.06,1.739
3.3393,45.0,4.256997455470738,0.9592875318066157,1078.0,2.7430025445292623,37.76,-122.5,2.723
5.6846,27.0,6.016096579476861,1.0362173038229376,1849.0,3.7203219315895373,33.81,-118.04,2.161
7.0842,34.0,5.571969696969697,1.1666666666666667,498.0,1.8863636363636365,33.88,-118.41,5.00001
2.9716,15.0,4.613065326633166,1.0615577889447236,1827.0,2.2952261306532664,33.19,-117.33,1.736
4.8152,21.0,6.349072512647555,1.0320404721753795,1722.0,2.903878583473862,33.19,-117.21,2.185
5.01,19.0,6.136792452830188,1.0353773584905661,1156.0,2.7264150943396226,33.69,-117.93,2.638
5.1265,34.0,5.897163120567376,1.0602836879432624,762.0,2.702127659574468,34.21,-118.52,2.11
3.4703,5.0,5.649149922720247,1.0757341576506956,2316.0,3.579598145285935,37.61,-121.01,1.293
2.2679,12.0,4.730769230769231,1.0653846153846154,1334.0,5.130769230769231,33.68,-116.16,0.614
3.2516,16.0,5.064777327935222,1.0769230769230769,1211.0,2.451417004048583,32.86,-116.84,2.021
1.735,14.0,4.599397590361446,0.9789156626506024,1453.0,4.376506024096385,32.73,-115.53,0.612
0.7054,43.0,2.2291666666666665,0.9166666666666666,107.0,2.2291666666666665,33.12,-117.08,1.375
9.1232,20.0,7.621866666666667,1.0314666666666668,5452.0,2.9077333333333333,34.13,-118.6,4.72
5.4035,44.0,5.616541353383458,0.9849624060150376,618.0,2.3233082706766917,34.01,-118.4,3.563
4.7422,32.0,5.865306122448979,1.0489795918367346,752.0,3.0693877551020408,38.39,-122.82,2.409
4.6923,15.0,5.766544117647059,0.9356617647058824,1635.0,3.005514705882353,38.69,-121.33,1.227
3.075,52.0,5.322649572649572,1.0128205128205128,1098.0,2.3461538461538463,37.85,-122.26,2.135
4.2875,36.0,4.297520661157025,0.9400826446280992,1939.0,4.006198347107438,34.21,-118.37,1.766
6.3131,17.0,5.293948126801153,1.1873198847262247,1364.0,1.9654178674351586,37.33,-122.05,4.364
3.6902,41.0,5.221311475409836,1.040983606557377,1290.0,2.6434426229508197,36.99,-122.01,2.33
4.7845,37.0,5.53551912568306,1.0874316939890711,493.0,2.6939890710382515,33.81,-118.13,2.314
2.8824,39.0,5.2239747634069404,1.0504731861198737,866.0,2.7318611987381702,35.12,-120.57,1.952
4.7159,36.0,6.561576354679803,1.0689655172413792,648.0,3.1921182266009853,34.13,-118.01,3.659
6.0922,7.0,6.922535211267606,1.0492957746478873,1335.0,3.1338028169014085,33.08,-117.27,3.424
2.152,35.0,3.379120879120879,1.1181318681318682,1512.0,4.153846153846154,33.99,-118.18,1.708
4.3472,15.0,5.923832923832924,1.095823095823096,1144.0,2.810810810810811,38.34,-122.47,2.61
5.25,41.0,3.4782608695652173,0.8695652173913043,61.0,2.652173913043478,33.92,-118.39,2.472
2.6544,17.0,5.926553672316384,1.0451977401129944,912.0,2.5762711864406778,38.0,-120.4,1.126
2.7361,35.0,4.4916201117318435,0.888268156424581,727.0,4.06145251396648,34.03,-117.95,1.457
8.8742,31.0,5.6929460580912865,1.0943983402489628,1938.0,2.0103734439834025,33.6,-117.88,5.00001
3.5302,52.0,5.586056644880174,1.093681917211329,1092.0,2.3790849673202614,37.76,-122.49,3.296
5.5061,17.0,6.6871165644171775,1.0061349693251533,473.0,2.901840490797546,38.48,-122.65,2.318
2.885,9.0,5.323108384458077,1.0143149284253579,4660.0,4.76482617586912,33.71,-117.82,1.625
3.2083,43.0,5.038363171355499,0.969309462915601,1036.0,2.649616368286445,34.07,-117.64,1.228
1.5407,10.0,4.461538461538462,1.0294117647058822,1469.0,3.323529411764706,36.21,-119.11,0.584
5.536,13.0,6.119174942704355,1.0435446906035142,3920.0,2.9946524064171123,33.88,-117.64,2.048
2.3347,29.0,3.646153846153846,1.0487179487179488,1057.0,2.7102564102564104,33.82,-117.94,2.081
7.7317,16.0,7.427480916030534,0.9923664122137404,1454.0,2.7748091603053435,33.01,-117.25,3.96
5.5224,24.0,4.285714285714286,1.1700680272108843,257.0,1.748299319727891,34.09,-118.37,4.0
2.8922,16.0,4.068610634648371,1.0085763293310464,1400.0,2.4013722126929675,38.6,-121.7,1.536
2.2201,29.0,4.525252525252525,1.1338383838383839,1650.0,4.166666666666667,32.68,-117.09,1.0
1.5771,12.0,4.175903614457831,1.0144578313253012,1861.0,4.48433734939759,39.53,-121.56,0.652
4.7891,22.0,6.025817555938038,1.0860585197934596,1297.0,2.2323580034423407,32.85,-117.2,2.953
1.4946,34.0,4.340694006309148,1.1861198738170347,702.0,2.2145110410094637,39.15,-121.58,0.555
2.1406,45.0,3.1987951807228914,0.9879518072289156,722.0,4.349397590361446,34.06,-118.05,1.625
2.2161,20.0,4.846965699208443,1.0448548812664908,1498.0,1.9762532981530343,33.74,-116.97,0.769
3.5139,28.0,5.265350877192983,1.1030701754385965,1155.0,2.5328947368421053,33.77,-118.0,2.117
8.6718,32.0,7.073943661971831,0.9929577464788732,1400.0,2.464788732394366,33.99,-118.37,4.391
5.4413,8.0,6.795297372060857,1.0290456431535269,2005.0,2.773167358229599,38.67,-120.99,1.879
5.6327,18.0,6.759916492693111,1.129436325678497,2413.0,2.5187891440501042,34.17,-118.58,5.00001
2.0802,22.0,5.577681874229347,1.1288532675709002,4276.0,2.636251541307028,41.61,-120.55,0.479
2.8548,6.0,8.095914742451155,1.4280639431616342,1543.0,2.7406749555950265,34.7,-118.09,1.385
12.3411,4.0,7.472103004291846,0.9656652360515021,811.0,3.48068669527897,33.64,-117.81,5.00001
0.536,52.0,5.0,1.0,13.0,2.6,32.75,-117.19,1.625
3.9,14.0,6.353932584269663,1.0842696629213484,520.0,2.9213483146067416,39.05,-121.19,1.804
4.8603,16.0,6.790155440414508,1.077720207253886,1247.0,3.2305699481865284,38.24,-122.6,1.984
4.3529,38.0,6.1547231270358305,1.0,1495.0,2.4348534201954397,32.77,-117.07,1.84
5.5118,48.0,5.799256505576208,1.0408921933085502,825.0,3.066914498141264,34.17,-118.27,3.547
1.4688,44.0,3.6424870466321244,0.9248704663212435,1489.0,3.8575129533678756,37.94,-121.28,0.568
2.1111,33.0,4.927272727272728,0.9818181818181818,888.0,2.3064935064935064,39.16,-121.58,0.687
2.9271,48.0,5.046594982078853,1.0788530465949822,682.0,2.4444444444444446,34.63,-120.46,1.466
5.5954,27.0,6.401084010840108,1.0745257452574526,2394.0,3.2439024390243905,34.44,-119.88,2.614
4.9643,11.0,12.1,2.2,230.0,2.5555555555555554,34.25,-116.88,1.76
4.1379,42.0,4.828767123287672,1.0547945205479452,624.0,2.136986301369863,38.03,-122.7,3.091
5.3508,25.0,5.39493670886076,1.0379746835443038,1132.0,2.8658227848101268,37.31,-122.03,4.091
3.6705,50.0,5.130563798219584,1.053412462908012,617.0,1.8308605341246291,32.77,-117.11,1.67
3.4784,17.0,4.510532837670384,1.0285006195786865,3537.0,4.382899628252788,34.08,-117.98,1.522
3.0912,21.0,5.225127087872186,1.028322440087146,3927.0,2.8518518518518516,38.26,-122.05,1.263
1.4034,52.0,3.5671641791044775,1.1011608623548923,1146.0,1.900497512437811,38.58,-121.49,0.903
4.5417,36.0,6.203187250996016,1.0756972111553784,697.0,2.7768924302788847,33.84,-118.1,2.196
4.7188,29.0,6.511278195488722,1.037593984962406,341.0,2.56390977443609,37.95,-122.04,1.971
4.3906,44.0,5.936675461741425,0.9973614775725593,928.0,2.4485488126649075,35.4,-119.0,0.939
1.6728,37.0,5.0,1.1084745762711865,946.0,3.2067796610169492,35.37,-118.95,0.554
6.3373,12.0,6.59330985915493,1.0625,3329.0,2.930457746478873,37.68,-121.89,3.397
2.5,32.0,4.862857142857143,0.9942857142857143,1016.0,2.902857142857143,36.25,-119.46,0.736
1.2647,22.0,4.997214484679666,1.2116991643454038,1127.0,3.139275766016713,36.58,-119.63,0.553
4.282,46.0,5.53265306122449,1.0020408163265306,1277.0,2.6061224489795918,34.18,-118.35,2.247
2.4526,23.0,4.332453825857519,1.0488126649076517,3257.0,4.296833773087071,33.81,-117.99,1.829
7.1937,36.0,5.7784615384615385,0.9938461538461538,846.0,2.603076923076923,33.81,-118.09,2.544
4.4831,36.0,5.2560975609756095,0.9817073170731707,838.0,2.5548780487804876,33.8,-118.09,2.539
3.8864,36.0,5.438405797101449,1.039855072463768,703.0,2.5471014492753623,37.69,-122.15,1.973
5.5238,34.0,5.335740072202166,0.9061371841155235,956.0,3.4512635379061374,33.92,-118.02,1.853
3.0466,15.0,3.0356798457087755,1.0761812921890068,3556.0,3.429122468659595,37.36,-121.85,1.596
1.3844,29.0,3.4564643799472297,0.9604221635883905,1009.0,2.662269129287599,37.78,-122.43,1.775
4.2042,52.0,3.878313253012048,1.1674698795180722,1152.0,1.3879518072289156,37.79,-122.43,5.00001
3.1087,39.0,3.7934426229508196,0.8950819672131147,877.0,2.875409836065574,33.91,-118.17,1.71
4.2333,20.0,6.1981566820276495,1.0599078341013826,731.0,3.3686635944700463,36.81,-121.5,3.633
1.6559,48.0,5.161662817551963,1.0,1363.0,3.147806004618938,33.99,-118.31,1.014
3.6923,45.0,5.084084084084084,1.012012012012012,1255.0,3.7687687687687688,33.81,-118.21,1.597
3.8026,28.0,5.647940074906367,0.9850187265917603,996.0,3.730337078651685,32.81,-117.23,2.7
3.9712,46.0,6.410334346504559,1.1762917933130699,922.0,2.802431610942249,37.79,-122.18,2.081
3.16,23.0,3.8088235294117645,1.0661764705882353,1795.0,2.639705882352941,37.34,-122.04,2.25
4.3836,18.0,6.057575757575758,1.1272727272727272,2071.0,3.1378787878787877,38.71,-121.31,1.02
2.8036,15.0,5.950282485875706,1.1649717514124294,2147.0,2.4259887005649716,41.38,-122.28,1.101
3.337,35.0,5.320537428023033,1.0307101727447217,1392.0,2.671785028790787,32.82,-117.2,1.723
7.5655,37.0,6.9798994974874375,1.0251256281407035,1577.0,2.641541038525963,37.38,-122.1,5.00001
4.2099,21.0,6.283464566929134,1.0918635170603674,1291.0,3.388451443569554,33.98,-117.5,1.387
2.0156,29.0,5.25,1.219387755102041,509.0,2.5969387755102042,41.36,-124.08,0.628
4.2833,44.0,5.079913606911447,1.0453563714902807,1517.0,3.2764578833693303,34.09,-118.1,2.58
1.0649,43.0,3.564625850340136,1.0612244897959184,1320.0,4.489795918367347,38.56,-121.51,1.375
1.9853,47.0,3.9927797833935017,0.9620938628158845,1903.0,3.435018050541516,33.99,-118.3,1.011
2.2024,33.0,4.766968325791855,1.0203619909502262,1364.0,3.085972850678733,36.32,-119.29,0.672
3.4456,5.0,4.65,1.1017241379310345,1633.0,2.81551724137931,33.19,-117.28,1.658
3.7316,13.0,5.508701472556894,1.0468540829986612,2903.0,3.8862115127175367,36.85,-121.38,1.924
2.788,42.0,3.6946902654867255,0.9601769911504425,1997.0,4.418141592920354,34.04,-118.18,1.505
5.3168,18.0,6.638888888888889,1.0833333333333333,92.0,2.5555555555555554,37.53,-120.88,1.75
5.3106,27.0,5.375722543352601,0.9884393063583815,1498.0,2.886319845857418,33.8,-118.3,2.683
5.2155,18.0,6.553133514986376,1.0626702997275204,872.0,2.3760217983651226,38.27,-122.52,2.483
2.8529,35.0,4.933179723502304,1.0092165898617511,1053.0,2.4262672811059907,40.77,-124.16,0.856
2.7368,23.0,4.956435643564356,1.0534653465346535,1735.0,3.4356435643564356,33.92,-118.29,1.628
4.1146,28.0,4.842271293375394,1.0410094637223974,1937.0,6.110410094637224,37.33,-121.84,1.601
1.8167,35.0,3.9172413793103447,1.0344827586206897,622.0,4.289655172413793,37.62,-121.01,0.795
2.5547,36.0,3.6475409836065573,0.9852459016393442,2755.0,4.516393442622951,33.94,-118.35,1.504
2.0926,11.0,4.134939759036144,0.9734939759036144,722.0,1.7397590361445783,38.61,-121.34,1.661
9.7821,28.0,8.212871287128714,1.0915841584158417,1604.0,3.9702970297029703,34.43,-119.77,5.00001
1.7596,26.0,5.103448275862069,1.043103448275862,268.0,2.310344827586207,36.32,-119.68,1.208
2.1856,23.0,5.0418250950570345,1.1406844106463878,722.0,2.7452471482889735,34.13,-117.38,1.078
6.0097,25.0,5.972222222222222,0.8796296296296297,689.0,3.189814814814815,34.45,-118.5,2.202
5.7519,27.0,6.298192771084337,1.0120481927710843,1037.0,3.1234939759036147,33.88,-117.89,2.434
7.3151,34.0,6.204176334106728,1.0092807424593968,1087.0,2.5220417633410674,33.9,-118.4,4.922
7.0329,11.0,7.450865051903114,1.065051903114187,9671.0,3.3463667820069203,33.97,-117.83,3.683
3.5046,18.0,5.63481228668942,1.0546075085324231,856.0,2.9215017064846416,39.75,-121.86,1.183
3.226,52.0,5.372469635627531,0.9473684210526315,1157.0,2.3421052631578947,37.96,-121.31,1.076
2.4688,38.0,4.146825396825397,1.0297619047619047,1871.0,3.7123015873015874,33.96,-118.21,1.69
4.0469,45.0,4.125,0.95,282.0,3.525,37.75,-122.18,0.807
4.5972,39.0,5.1201923076923075,1.1923076923076923,497.0,2.389423076923077,37.11,-122.05,1.463
2.3851,21.0,6.6,1.2,510.0,2.914285714285714,39.68,-122.38,0.675
3.864,24.0,5.444714459295262,1.094775212636695,2398.0,2.913730255164034,33.96,-117.41,1.234
2.375,12.0,4.606914212548015,1.0601792573623559,2588.0,3.313700384122919,34.09,-117.44,1.138
4.375,2.0,4.42023346303502,1.4202334630350195,535.0,2.0817120622568095,37.39,-121.89,4.25
6.0689,19.0,6.7318181818181815,0.9204545454545454,1295.0,2.9431818181818183,33.61,-117.68,2.48
1.9657,13.0,4.187035069075452,1.0584484590860785,4749.0,2.5233793836344316,38.48,-121.42,1.16
1.6806,46.0,3.948936170212766,1.004255319148936,790.0,3.3617021276595747,32.67,-117.11,0.925
3.5179,33.0,4.709677419354839,1.0,75.0,2.4193548387096775,38.36,-121.99,0.844
6.0574,32.0,7.502923976608187,1.1345029239766082,485.0,2.8362573099415203,37.64,-121.97,4.31
3.2375,36.0,5.058181818181819,1.029090909090909,1025.0,3.727272727272727,34.01,-118.07,1.768
6.4335,7.0,7.383081896551724,1.2672413793103448,4446.0,2.3954741379310347,32.83,-117.08,2.606
4.1189,42.0,5.83989501312336,0.963254593175853,864.0,2.267716535433071,38.01,-122.12,1.724
3.6823,18.0,4.003267973856209,1.0359477124183007,694.0,2.2679738562091503,34.41,-119.71,2.55
5.1021,27.0,5.779582366589327,0.9930394431554525,1171.0,2.7169373549883993,37.97,-122.0,2.028
1.5903,16.0,3.6907630522088355,1.0160642570281124,912.0,3.6626506024096384,33.84,-117.91,1.654
1.2679,47.0,5.186567164179104,1.154228855721393,1346.0,3.3482587064676617,38.54,-121.47,0.567
4.2206,29.0,6.639204545454546,1.1107954545454546,1054.0,2.9943181818181817,38.51,-121.35,1.577
4.75,35.0,5.626984126984127,1.1031746031746033,1247.0,3.298941798941799,33.86,-117.94,1.856
2.964,14.0,5.8175675675675675,1.1081081081081081,3136.0,3.027027027027027,33.75,-116.93,1.215
4.0388,17.0,4.877598152424942,1.1085450346420322,1893.0,4.371824480369515,33.51,-117.67,1.204
1.8929,29.0,4.474093264248705,1.1373056994818653,1063.0,2.7538860103626943,37.59,-120.95,0.636
4.1667,35.0,5.276951672862453,1.100371747211896,1413.0,2.62639405204461,34.23,-118.25,2.712
4.6563,32.0,5.36979969183359,1.044684129429892,1715.0,2.642526964560863,33.86,-118.32,2.917
2.9334,22.0,4.334478021978022,1.0796703296703296,6666.0,4.5782967032967035,34.07,-118.01,1.826
2.8031,34.0,4.678988326848249,1.0525291828793775,1342.0,2.6108949416342413,34.07,-117.13,0.869
2.6734,26.0,4.238938053097345,1.1880530973451326,2340.0,2.588495575221239,33.97,-118.35,1.434
4.45,37.0,5.256267409470752,0.9832869080779945,895.0,2.4930362116991645,37.95,-122.32,1.966
8.3065,14.0,7.979977753058955,1.0567296996662958,2782.0,3.0945494994438265,37.24,-121.88,3.942
4.5739,35.0,6.01010101010101,0.9696969696969697,1033.0,3.478114478114478,33.79,-117.92,1.905
4.0096,35.0,5.4366925064599485,1.0310077519379846,1659.0,4.286821705426356,33.96,-118.08,1.65
8.0257,48.0,7.781045751633987,1.1274509803921569,859.0,2.80718954248366,34.04,-118.49,5.00001
1.3062,10.0,3.016476552598226,1.0684410646387832,1245.0,1.5779467680608366,37.78,-122.43,2.2
3.7167,17.0,5.034129692832765,1.0511945392491469,549.0,1.8737201365187712,32.8,-117.05,1.804
4.2562,45.0,5.747448979591836,1.0994897959183674,1382.0,3.5255102040816326,37.71,-122.45,2.216
1.5195,42.0,2.3997539975399755,1.040590405904059,2500.0,3.075030750307503,34.09,-118.31,2.182
1.6458,52.0,4.2924528301886795,1.0,429.0,2.0235849056603774,38.26,-121.51,0.528
2.9063,42.0,4.590909090909091,1.0858585858585859,646.0,3.2626262626262625,37.73,-122.18,0.8
4.5179,15.0,6.862884160756501,1.0401891252955082,1325.0,3.132387706855792,38.04,-121.33,1.456
1.7961,52.0,3.5789473684210527,1.2982456140350878,248.0,4.350877192982456,32.67,-117.11,0.475
3.0347,21.0,5.334883720930232,1.1116279069767443,1306.0,3.0372093023255813,36.77,-121.7,2.272
1.9189,28.0,3.097560975609756,1.0540069686411149,2184.0,3.8048780487804876,34.06,-118.06,1.659
4.7946,52.0,5.010964912280702,1.1162280701754386,839.0,1.8399122807017543,37.75,-122.43,3.556
8.7124,15.0,8.042735042735043,1.0897435897435896,1448.0,3.094017094017094,33.84,-117.76,4.105
5.8831,19.0,6.881188118811881,1.0247524752475248,1320.0,3.267326732673267,38.44,-121.27,2.099
5.1145,34.0,5.1469194312796205,0.9636650868878357,1810.0,2.859399684044234,34.28,-118.31,2.199
5.2549,28.0,4.519911504424779,0.9513274336283186,1108.0,2.4513274336283186,33.65,-117.9,2.618
4.1652,37.0,5.205673758865248,1.0780141843971631,1038.0,3.6808510638297873,37.64,-122.06,1.582
3.2426,26.0,5.489830508474577,1.0966101694915253,1529.0,2.5915254237288137,34.24,-118.58,2.369
3.1944,6.0,4.589403973509934,0.9470198675496688,276.0,1.8278145695364238,38.63,-121.5,1.17
3.4063,52.0,4.558194774346793,0.9596199524940617,1483.0,3.522565320665083,37.75,-122.41,2.539
3.96,45.0,4.944099378881988,1.0093167701863355,920.0,2.857142857142857,37.76,-122.54,2.722
3.2115,14.0,3.36013986013986,1.0664335664335665,662.0,2.3146853146853146,34.44,-119.81,2.063
2.8062,27.0,5.06544502617801,1.2041884816753927,1456.0,3.81151832460733,34.09,-118.15,1.928
4.6591,29.0,5.635593220338983,1.2415254237288136,613.0,2.597457627118644,33.66,-117.99,3.531
2.9286,20.0,4.507142857142857,1.2178571428571427,1819.0,3.2482142857142855,32.56,-117.12,2.577
3.1768,31.0,5.010869565217392,1.0942028985507246,1441.0,2.6105072463768115,38.11,-122.21,1.31
4.8889,5.0,6.1587628865979385,0.9422680412371134,1821.0,3.754639175257732,34.11,-117.39,1.389
3.4583,31.0,4.4674556213017755,1.0591715976331362,1617.0,3.1893491124260356,33.84,-117.96,1.863
5.5737,35.0,5.430379746835443,0.9873417721518988,914.0,2.892405063291139,37.56,-122.02,2.145
4.5,36.0,5.071698113207547,0.9735849056603774,782.0,2.950943396226415,37.69,-122.49,2.756
2.3269,35.0,4.614754098360656,1.0846994535519126,1135.0,3.101092896174863,32.73,-117.11,0.973
4.5179,35.0,6.780487804878049,1.113821138211382,392.0,3.186991869918699,34.07,-117.89,2.188
13.2949,4.0,9.104216388225934,1.0779634049323787,3898.0,3.1010342084327767,37.82,-121.89,5.00001
2.5902,14.0,5.202608695652174,1.0643478260869565,3255.0,2.8304347826086955,34.09,-117.35,1.115
3.9758,48.0,4.4186046511627906,1.0232558139534884,1491.0,2.4767441860465116,37.76,-122.48,3.486
2.8352,38.0,6.385964912280702,1.619047619047619,755.0,1.8922305764411027,33.65,-118.02,4.083
5.2,10.0,5.043296089385475,1.1215083798882681,1599.0,2.233240223463687,37.26,-121.95,2.487
4.3977,49.0,5.8047138047138045,0.9932659932659933,795.0,2.676767676767677,37.76,-122.49,3.536
1.1346,42.0,3.5921052631578947,1.0219298245614035,899.0,3.942982456140351,33.93,-118.25,0.854
2.0591,15.0,4.840046029919447,1.0609896432681243,1863.0,2.143843498273878,41.74,-122.61,0.557
3.089,18.0,3.9971264367816093,1.0816091954022988,2803.0,1.610919540229885,38.58,-121.41,1.414
5.9539,39.0,6.27027027027027,1.0324324324324323,508.0,2.745945945945946,37.53,-122.31,3.791
5.1836,36.0,5.926267281105991,0.9700460829493087,1318.0,3.0368663594470044,33.84,-118.1,2.197
5.3526,15.0,6.214765100671141,1.0604026845637584,906.0,3.040268456375839,34.07,-117.15,1.298
4.1552,43.0,4.964179104477612,0.9850746268656716,935.0,2.791044776119403,37.74,-122.41,2.409
2.0125,31.0,3.669421487603306,1.1487603305785123,1405.0,3.8705234159779613,33.88,-118.21,1.43
3.5256,39.0,3.073529411764706,0.9338235294117647,704.0,2.588235294117647,37.32,-121.92,1.926
7.4837,8.0,7.773191094619666,1.0547309833024119,7249.0,3.3622448979591835,34.13,-117.76,3.587
2.75,49.0,3.647840531561462,1.053156146179402,1411.0,4.687707641196013,34.02,-118.2,1.46
2.6951,44.0,3.9089615931721196,1.0170697012802277,2962.0,4.213371266002845,33.97,-118.23,1.693
2.4662,15.0,5.85273492286115,1.1276297335203367,2393.0,3.356241234221599,33.83,-117.29,1.183
8.4952,16.0,6.89044289044289,0.916083916083916,1379.0,3.2144522144522143,33.8,-118.02,3.596
1.2904,46.0,3.081081081081081,0.990990990990991,1109.0,3.33033033033033,37.95,-121.28,0.633
1.9766,27.0,3.685279187817259,1.0642978003384094,2379.0,4.025380710659898,34.06,-117.77,1.08
5.3096,47.0,5.588095238095238,1.0404761904761906,1219.0,2.9023809523809523,33.81,-118.2,2.099
4.1164,52.0,5.485436893203883,1.0097087378640777,994.0,2.412621359223301,37.73,-122.16,1.982
3.9833,21.0,4.311871227364185,1.13682092555332,1803.0,3.6277665995975856,34.25,-118.45,1.625
2.5469,35.0,4.637271214642263,0.9767054908485857,1431.0,2.3810316139767056,39.12,-121.62,0.659
4.0,24.0,7.288043478260869,1.1630434782608696,667.0,3.625,35.26,-118.95,0.945
4.1875,45.0,4.6414342629482075,0.9402390438247012,845.0,3.366533864541833,37.57,-122.31,2.673
1.6065,47.0,3.5303030303030303,1.1174242424242424,1226.0,4.643939393939394,33.97,-118.23,1.114
4.7159,36.0,5.613138686131387,1.0364963503649636,498.0,3.6350364963503647,33.89,-118.1,1.821
4.9861,12.0,7.123684210526315,1.1394736842105264,1200.0,3.1578947368421053,38.03,-121.34,1.335
2.1292,23.0,3.538938053097345,1.0460176991150443,2051.0,1.8150442477876105,32.75,-117.13,1.35
8.7477,52.0,9.0,1.1340782122905029,556.0,3.106145251396648,37.82,-122.23,5.00001
1.6991,17.0,6.3740648379052365,1.4638403990024937,1005.0,2.506234413965087,34.89,-114.65,0.691
5.5176,47.0,5.2644927536231885,0.894927536231884,721.0,2.61231884057971,33.96,-118.32,1.91
1.8477,39.0,3.6723768736616704,1.3340471092077089,1327.0,2.841541755888651,37.8,-122.27,1.792
4.2589,8.0,5.145714285714286,1.0857142857142856,684.0,1.9542857142857142,37.99,-121.36,1.349
3.0181,10.0,5.758620689655173,1.0886699507389161,2845.0,3.5036945812807883,34.51,-117.28,1.004
2.2024,20.0,5.277777777777778,1.037037037037037,304.0,2.814814814814815,37.76,-120.9,1.563
3.0296,52.0,3.504819277108434,1.0253012048192771,1711.0,2.06144578313253,37.79,-122.41,5.00001
4.9286,24.0,5.781065088757397,0.8698224852071006,454.0,2.6863905325443787,32.74,-116.98,1.737
6.3406,41.0,7.601769911504425,1.0766961651917404,913.0,2.6932153392330385,38.58,-121.39,4.483
3.2031,43.0,4.326704545454546,1.0738636363636365,1338.0,3.8011363636363638,34.08,-118.16,1.446
2.5663,26.0,4.036161335187761,1.0584144645340752,2258.0,3.1404728789986094,36.61,-121.84,1.289
4.1932,46.0,5.093883357041252,1.0782361308677098,1670.0,2.375533428165007,37.73,-122.44,2.692
4.6184,36.0,5.760135135135135,1.010135135135135,871.0,2.9425675675675675,33.95,-118.02,1.798
6.0666,30.0,6.446064139941691,1.0087463556851313,844.0,2.4606413994169096,37.84,-122.2,3.115
3.875,45.0,4.664634146341464,0.9878048780487805,608.0,1.853658536585366,37.92,-122.53,3.908
2.5029,43.0,3.922920892494929,1.0365111561866125,1895.0,3.843813387423935,33.94,-118.2,1.597
3.5819,36.0,4.826498422712934,1.0757097791798107,703.0,2.217665615141956,34.28,-119.25,2.319
5.4741,24.0,6.587798845836768,1.0601813685078318,4017.0,3.3116240725474033,37.24,-121.84,2.388
1.7995,27.0,4.562711864406779,1.152542372881356,1177.0,3.989830508474576,34.03,-118.19,1.534
3.5769,32.0,5.466472303206997,1.0524781341107872,1027.0,2.9941690962099123,38.71,-121.29,1.038
5.0962,17.0,6.063551401869159,1.0299065420560747,3199.0,2.9897196261682244,34.28,-118.68,2.38
6.2308,2.0,8.801007556675064,1.3738035264483628,5964.0,3.0045340050377836,33.87,-117.64,2.579
5.2088,52.0,5.76008064516129,0.9455645161290323,1431.0,2.8850806451612905,37.73,-122.46,3.442
4.4896,48.0,4.989304812834225,1.0623885918003566,1235.0,2.201426024955437,34.07,-118.38,5.00001
4.0905,13.0,6.197026022304833,1.0055762081784387,1923.0,3.574349442379182,38.25,-122.03,1.348
3.5114,41.0,4.401273885350318,1.124203821656051,704.0,2.2420382165605095,37.68,-122.09,1.975
2.4375,19.0,6.0368663594470044,1.1105990783410138,702.0,3.2350230414746544,36.54,-119.84,0.782
3.3839,36.0,5.621621621621622,0.9954954954954955,672.0,3.027027027027027,38.26,-122.06,1.059
5.2551,13.0,6.071428571428571,0.9894179894179894,1284.0,3.3968253968253967,34.04,-117.67,1.943
3.0556,18.0,5.473958333333333,0.9817708333333334,1059.0,2.7578125,40.4,-122.23,0.955
3.875,31.0,4.416666666666667,0.8809523809523809,208.0,2.4761904761904763,38.73,-122.0,1.375
1.9013,36.0,4.232905982905983,1.0833333333333333,1998.0,4.269230769230769,37.64,-121.01,0.699
4.3651,2.0,6.621134020618556,1.1108247422680413,1232.0,3.1752577319587627,33.61,-117.12,1.456
8.0103,20.0,8.856140350877194,1.0912280701754387,965.0,3.3859649122807016,34.15,-117.66,3.955
6.9615,13.0,8.347107438016529,1.137741046831956,1027.0,2.8292011019283745,36.57,-121.81,5.00001
4.1779,10.0,5.817850637522769,1.0546448087431695,2088.0,3.80327868852459,34.03,-117.64,1.591
4.0208,8.0,2.5,0.625,309.0,19.3125,34.22,-119.09,0.525
1.1793,32.0,4.494818652849741,1.1139896373056994,1699.0,4.401554404145077,33.92,-118.23,1.038
5.2769,18.0,6.135549872122762,0.9948849104859335,1131.0,2.8925831202046037,38.36,-122.81,2.939
3.5,7.0,3.8897196261682243,1.2280373831775702,1456.0,2.721495327102804,34.21,-118.46,1.869
4.6852,34.0,5.332599118942731,1.0462555066079295,1232.0,2.7136563876651985,34.23,-118.25,2.962
2.9018,52.0,4.621212121212121,1.0984848484848484,281.0,2.128787878787879,37.85,-122.28,1.194
4.5795,18.0,13.858024691358025,2.419753086419753,421.0,2.5987654320987654,39.21,-120.11,1.583
6.2113,52.0,5.841791044776119,1.1223880597014926,1177.0,1.7567164179104477,37.86,-122.48,5.00001
8.4262,14.0,8.288235294117648,1.025,2281.0,3.3544117647058824,37.21,-121.89,4.592
3.6364,42.0,5.087533156498674,1.030503978779841,2118.0,2.8090185676392574,34.07,-118.16,2.546
3.0606,16.0,5.2760607647983235,1.070193818753274,5913.0,3.0974332111052907,33.98,-117.42,1.195
7.2074,3.0,6.488188976377953,1.110236220472441,3318.0,2.6125984251968504,33.73,-117.79,2.913
2.2264,31.0,4.9804469273743015,1.0670391061452513,1266.0,3.536312849162011,36.2,-119.35,0.508
3.1964,13.0,4.751334044823906,1.0128068303094984,2740.0,2.9242262540021344,37.82,-121.22,1.415
7.0935,22.0,6.349367088607595,1.0177215189873419,1254.0,3.1746835443037975,33.82,-118.32,3.795
6.8939,17.0,7.131944444444445,1.0104166666666667,836.0,2.9027777777777777,33.61,-117.98,3.839
4.5833,39.0,4.911111111111111,1.0733333333333333,1023.0,2.2733333333333334,37.39,-122.08,3.424
2.052,31.0,3.812267657992565,1.020446096654275,1581.0,2.9386617100371746,32.67,-117.09,1.089
6.626,51.0,5.5322128851540615,0.9747899159663865,771.0,2.1596638655462184,34.04,-118.42,5.00001
3.5551,30.0,4.712737127371274,0.9728997289972899,1914.0,5.186991869918699,33.71,-117.88,1.852
2.735,18.0,4.049306625577812,1.1093990755007703,2276.0,3.5069337442218798,33.88,-118.0,1.708
2.375,39.0,4.55607476635514,1.1401869158878504,1702.0,2.6510903426791277,33.86,-118.18,1.608
2.5129,18.0,5.265060240963855,1.0481927710843373,1335.0,2.29776247848537,37.98,-120.42,1.159
6.1628,31.0,6.993464052287582,1.0130718954248366,426.0,2.784313725490196,32.77,-117.08,2.192
4.6167,11.0,4.694835680751174,0.9178403755868545,1503.0,3.528169014084507,34.09,-117.61,1.44
3.9732,28.0,4.6524663677130045,1.0381165919282511,1216.0,2.726457399103139,33.86,-118.35,2.815
4.6029,15.0,6.134020618556701,0.9922680412371134,1292.0,3.329896907216495,37.99,-121.84,1.426
4.3047,27.0,4.295345104333868,1.0465489566613162,2661.0,4.271268057784912,34.3,-118.45,1.521
6.8322,25.0,6.578212290502793,1.0642458100558658,823.0,2.298882681564246,32.92,-117.29,5.00001
6.5382,24.0,7.308943089430894,1.0040650406504066,1573.0,3.1971544715447155,32.86,-117.21,3.26
4.5432,2.0,7.6216498433693,1.222763661677689,8652.0,3.011486251305256,38.72,-121.35,1.513
3.0625,33.0,4.338028169014085,1.1038732394366197,2932.0,5.161971830985915,34.05,-118.02,1.658
2.3125,48.0,5.025714285714286,1.1114285714285714,716.0,2.045714285714286,39.2,-121.05,1.083
6.822,41.0,4.982352941176471,1.0176470588235293,344.0,2.023529411764706,33.87,-118.43,5.00001
10.9529,17.0,8.609958506224066,1.0871369294605808,704.0,2.921161825726141,32.83,-117.25,5.00001
3.6953,26.0,3.9094890510948903,1.0248175182481751,3262.0,4.762043795620438,33.76,-117.9,1.768
2.6465,27.0,3.44080604534005,1.0919395465994963,1690.0,2.1284634760705288,33.86,-118.2,1.602
7.7364,24.0,6.576271186440678,0.9463276836158192,969.0,2.73728813559322,37.52,-122.31,4.358
2.9808,38.0,5.670588235294118,1.1176470588235294,928.0,3.6392156862745098,36.79,-120.08,0.896
12.0088,16.0,6.006711409395973,1.2147651006711409,237.0,1.5906040268456376,33.96,-118.48,5.00001
5.31,15.0,7.1680851063829785,1.0617021276595744,1733.0,3.6872340425531913,38.57,-121.32,1.275
2.4492,12.0,5.817004048582996,1.2275303643724695,4862.0,3.9368421052631577,34.1,-117.39,1.038
1.6037,44.0,2.767391304347826,1.0304347826086957,1754.0,3.8130434782608695,34.05,-118.28,2.75
5.75,52.0,6.739130434782608,0.9723320158102767,658.0,2.600790513833992,37.76,-122.23,3.063
8.735,10.0,6.343373493975903,0.9608433734939759,1002.0,3.0180722891566263,33.68,-117.79,3.753
3.7802,10.0,5.087403598971722,1.167095115681234,1117.0,2.87146529562982,34.08,-117.7,1.073
2.4464,32.0,3.920704845814978,1.066079295154185,1732.0,3.814977973568282,34.08,-118.03,1.696
4.5357,25.0,6.013371537726838,1.0334288443170965,3200.0,3.0563514804202483,37.69,-121.79,1.884
8.5491,20.0,6.763698630136986,1.047945205479452,703.0,2.4075342465753424,33.81,-118.38,4.103
2.8281,29.0,5.1167763157894735,1.087171052631579,1530.0,2.5164473684210527,34.89,-117.02,0.693
2.6528,45.0,4.154285714285714,0.96,520.0,2.9714285714285715,34.03,-118.45,3.0
3.7813,43.0,4.752321981424148,1.0340557275541795,1240.0,1.9195046439628483,33.76,-118.12,4.615
3.0184,9.0,5.420863309352518,1.0539568345323742,761.0,2.737410071942446,34.87,-118.17,0.879
5.086,17.0,7.359663865546218,1.0571428571428572,1720.0,2.8907563025210083,34.51,-117.21,1.484
3.9375,51.0,5.231805929919138,1.0188679245283019,1012.0,2.7277628032345014,34.14,-118.2,2.17
2.5787,35.0,4.14662273476112,1.0906095551894563,1883.0,3.102141680395387,34.08,-118.13,2.23
5.7951,24.0,6.63575042158516,1.0539629005059021,1912.0,3.224283305227656,33.89,-117.84,2.269
2.5,15.0,4.581967213114754,1.1055327868852458,1837.0,1.882172131147541,37.99,-121.33,1.759
3.0357,33.0,4.359756097560975,1.048780487804878,1165.0,3.551829268292683,34.08,-118.09,2.06
3.358,9.0,4.65625,1.09375,297.0,1.85625,38.57,-121.5,0.775
2.9569,27.0,6.2330827067669174,1.1954887218045114,2362.0,4.43984962406015,33.82,-116.49,0.659
2.3496,26.0,5.539366515837104,1.0723981900452488,4224.0,3.8226244343891405,38.47,-121.49,0.68
3.625,36.0,5.0756013745704465,1.0481099656357389,788.0,2.7079037800687287,33.9,-118.13,1.958
4.7019,14.0,6.466409266409267,1.0864864864864865,2916.0,2.2517374517374518,33.15,-117.11,1.911
4.2171,32.0,4.1243432574430825,1.021015761821366,1605.0,2.810858143607706,33.89,-118.29,2.182
4.5694,31.0,6.104925053533191,0.9807280513918629,1286.0,2.753747323340471,33.16,-117.34,2.437
2.2132,23.0,7.596153846153846,1.3461538461538463,166.0,3.1923076923076925,36.72,-121.06,1.0
4.125,34.0,4.283464566929134,0.8503937007874016,348.0,2.7401574803149606,33.21,-117.23,1.646
3.2042,11.0,5.852713178294573,0.9870801033591732,1285.0,3.3204134366925064,36.07,-119.07,0.762
2.0057,52.0,5.061728395061729,1.0781893004115226,609.0,2.506172839506173,37.96,-120.23,0.682
2.1591,52.0,6.122137404580153,1.2213740458015268,564.0,4.305343511450381,34.06,-117.32,0.635
6.0265,32.0,6.4066985645933014,1.0,601.0,2.875598086124402,37.95,-122.09,2.479
2.8261,24.0,4.532994923857868,1.0609137055837563,342.0,1.736040609137056,33.75,-117.82,1.465
3.4327,52.0,5.126760563380282,1.1338028169014085,313.0,2.204225352112676,36.62,-121.92,2.545
8.6572,20.0,8.130434782608695,1.0271739130434783,1105.0,3.0027173913043477,38.58,-121.35,3.202
3.4706,20.0,5.274253731343284,1.0335820895522387,1822.0,3.3992537313432836,32.8,-117.17,1.576
3.5481,34.0,3.7553956834532376,0.9928057553956835,373.0,2.683453237410072,33.94,-118.13,2.65
3.9219,37.0,4.024024024024024,0.975975975975976,928.0,2.7867867867867866,34.12,-118.0,1.75
7.2316,31.0,4.314199395770393,0.9667673716012085,677.0,2.0453172205438066,33.89,-118.41,5.00001
1.7604,32.0,4.384615384615385,1.1301775147928994,623.0,3.6863905325443787,32.81,-115.37,0.686
2.8289,38.0,4.438148443735036,1.031125299281724,3523.0,2.8116520351157224,36.68,-121.67,1.683
3.3026,14.0,3.9806763285024154,1.103059581320451,1292.0,2.080515297906602,34.43,-119.88,2.295
3.7238,34.0,4.791855203619909,0.9886877828054299,1414.0,3.1990950226244346,33.92,-118.08,1.668
3.1563,37.0,5.109965635738831,1.0171821305841924,863.0,2.9656357388316152,33.94,-118.32,1.862
3.2279,43.0,5.662790697674419,1.1007751937984496,800.0,3.10077519379845,37.37,-121.83,1.824
7.8904,33.0,7.082802547770701,1.0047770700636942,1675.0,2.667197452229299,37.95,-122.52,4.688
3.3854,31.0,4.11669658886894,0.9856373429084381,1108.0,1.9892280071813286,32.76,-117.11,2.044
2.5521,21.0,4.790291262135923,1.0097087378640777,1721.0,3.341747572815534,36.55,-119.29,0.656
2.875,49.0,5.264615384615385,1.0707692307692307,1138.0,3.5015384615384617,37.71,-122.46,2.25
4.0781,36.0,5.605263157894737,0.9736842105263158,699.0,2.6278195488721803,33.85,-118.15,2.173
2.8841,46.0,4.851015801354402,1.018058690744921,905.0,2.0428893905191874,34.05,-118.35,2.908
3.9792,19.0,5.896103896103896,1.025974025974026,306.0,1.9870129870129871,38.0,-121.31,1.319
3.5385,36.0,3.675,0.8375,266.0,3.325,34.12,-117.93,1.344
2.8056,32.0,3.512019230769231,1.0144230769230769,1494.0,3.5913461538461537,36.91,-121.75,1.732
2.5504,26.0,3.725552050473186,1.1093585699263933,2742.0,2.8832807570977916,33.96,-118.36,1.513
4.6648,10.0,5.395209580838324,0.9760479041916168,698.0,4.179640718562874,32.69,-117.03,1.561
7.5813,20.0,8.197943444730077,1.0796915167095116,1234.0,3.172236503856041,37.36,-121.81,3.741
2.2254,11.0,4.598499061913696,1.2476547842401502,1155.0,2.1669793621013134,37.8,-121.23,1.308
5.752,35.0,5.728571428571429,1.0,802.0,2.8642857142857143,33.95,-118.12,2.91
1.125,18.0,4.549112426035503,1.1467455621301774,1832.0,2.1680473372781064,38.94,-122.63,0.818
2.1827,52.0,4.344230769230769,1.0326923076923078,957.0,1.8403846153846153,38.45,-122.71,1.888
5.4351,37.0,6.0542986425339365,0.9728506787330317,535.0,2.420814479638009,37.53,-122.3,3.766
2.5313,38.0,3.918918918918919,0.9234234234234234,1065.0,4.797297297297297,34.26,-118.41,1.361
1.9375,35.0,4.386252045826514,1.0376432078559739,2188.0,3.5810147299509003,37.94,-121.28,0.567
3.2083,35.0,3.9404388714733543,0.9968652037617555,764.0,2.394984326018809,34.16,-118.29,2.38
4.4271,44.0,5.51417004048583,0.9595141700404858,709.0,2.8704453441295548,33.88,-118.36,3.362
3.6635,36.0,5.580459770114943,1.0201149425287357,891.0,2.560344827586207,33.95,-118.14,2.821
2.4598,31.0,4.2578616352201255,0.9056603773584906,523.0,3.289308176100629,37.74,-121.13,0.971
3.8177,21.0,5.140142517814727,1.1401425178147269,1164.0,2.7648456057007125,32.96,-115.56,1.072
6.5138,16.0,8.127098321342926,1.0215827338129497,5669.0,3.3986810551558753,34.15,-117.62,3.115
2.1406,19.0,2.847741935483871,1.0451612903225806,1304.0,1.6825806451612904,37.45,-122.16,4.025
4.4432,35.0,5.322077922077922,1.0129870129870129,1286.0,3.3402597402597403,34.23,-118.43,1.815
5.2166,17.0,5.078073089700997,1.0066445182724253,2030.0,3.372093023255814,37.28,-121.83,2.309
4.6898,45.0,5.03921568627451,1.0137254901960784,1256.0,2.462745098039216,34.18,-118.33,2.26
3.5938,40.0,4.201438848920863,0.9064748201438849,316.0,2.273381294964029,36.96,-122.03,2.435
1.8261,52.0,4.251612903225807,0.9935483870967742,1368.0,4.412903225806452,37.95,-121.27,0.546
3.1901,52.0,4.7309417040358746,1.0179372197309418,3731.0,4.182735426008969,33.97,-118.21,1.676
3.4695,6.0,6.402402402402402,1.1246246246246245,2005.0,3.0105105105105103,34.42,-117.56,1.388
3.0917,48.0,6.059139784946237,1.010752688172043,530.0,2.849462365591398,38.87,-121.13,1.281
2.2083,52.0,4.107438016528926,1.0909090909090908,547.0,4.520661157024794,34.03,-118.21,1.463
0.8362,17.0,8.471698113207546,2.849056603773585,141.0,2.660377358490566,40.07,-123.41,0.875
7.9338,4.0,7.9296,1.1088,1802.0,2.8832,33.54,-117.7,3.547
2.6729,22.0,4.037433155080214,1.1354723707664884,1684.0,3.001782531194296,34.15,-118.27,2.171
1.5313,23.0,3.305,1.0183333333333333,2048.0,3.4133333333333336,33.96,-118.28,0.914
2.6899,22.0,5.400244798041616,1.1321909424724603,3116.0,3.813953488372093,37.6,-121.0,0.821
4.0547,52.0,4.787878787878788,1.0212121212121212,1425.0,4.318181818181818,37.71,-122.46,2.462
5.1998,5.0,6.971496437054632,1.160332541567696,1917.0,2.276722090261283,33.01,-117.07,2.941
2.6023,22.0,4.741333333333333,1.088,875.0,2.3333333333333335,38.61,-121.34,1.422
2.625,43.0,3.5346820809248554,1.1040462427745665,1699.0,2.4552023121387285,33.98,-118.04,1.633
2.3661,37.0,7.923566878980892,1.5732484076433122,484.0,3.082802547770701,39.01,-121.47,0.775
5.5121,16.0,6.051612903225807,1.043010752688172,1305.0,2.806451612903226,37.26,-121.86,2.241
3.4063,39.0,4.726943942133816,1.0289330922242315,1665.0,3.0108499095840866,34.04,-118.38,2.716
6.0102,12.0,5.219765929778934,1.1287386215864759,1605.0,2.0871261378413526,33.71,-118.04,3.969
1.9362,33.0,4.210216110019647,0.9587426326129665,1732.0,3.4027504911591357,35.6,-119.34,0.59
0.9708,21.0,4.064516129032258,1.103225806451613,1167.0,3.764516129032258,33.95,-118.24,1.076
3.9028,52.0,12.90188679245283,2.9320754716981132,710.0,2.6792452830188678,34.08,-116.88,1.286
2.3814,28.0,4.370839936608558,0.9873217115689382,2179.0,3.4532488114104596,32.67,-117.07,1.123
2.4643,27.0,3.8486646884273,1.053412462908012,776.0,2.3026706231454006,32.8,-117.23,2.444
1.3286,17.0,5.272965879265092,1.230971128608924,820.0,2.152230971128609,33.9,-116.81,0.818
2.6607,30.0,3.8215384615384616,1.04,1438.0,4.424615384615384,37.32,-121.88,1.693
1.1912,32.0,6.3561643835616435,1.6164383561643836,703.0,2.4075342465753424,38.97,-122.65,0.6
3.5387,20.0,3.9372013651877134,1.0901023890784982,4853.0,3.3126279863481227,33.73,-117.83,1.604
5.3701,36.0,5.957345971563981,0.9715639810426541,530.0,2.5118483412322274,33.8,-118.12,2.514
2.075,43.0,4.624641833810888,1.146131805157593,926.0,2.653295128939828,34.1,-117.44,0.951
3.9009,33.0,4.272030651340996,0.9578544061302682,1168.0,4.475095785440613,37.28,-121.83,1.786
2.9877,5.0,4.46780303030303,1.0795454545454546,2564.0,2.428030303030303,34.17,-117.33,1.199
4.2061,16.0,3.4104938271604937,1.0925925925925926,499.0,1.5401234567901234,37.36,-122.01,2.536
3.0375,48.0,4.575221238938053,1.095132743362832,946.0,2.0929203539823007,37.34,-121.93,2.185
3.8068,34.0,7.341317365269461,1.0778443113772456,359.0,2.1497005988023954,38.63,-121.39,1.504
5.7837,49.0,6.137037037037037,0.9851851851851852,613.0,2.27037037037037,37.59,-122.38,3.781
4.1141,20.0,4.158852344296711,1.0762771168649405,2492.0,1.7438768369489153,34.05,-118.44,3.05
1.6111,13.0,4.35064935064935,1.155844155844156,247.0,3.207792207792208,37.8,-121.22,0.741
3.4868,27.0,3.139963167587477,1.0644567219152854,2314.0,2.130755064456722,37.4,-122.1,1.656
1.6369,15.0,6.003115264797508,1.3302180685358256,810.0,2.5233644859813085,39.13,-122.87,0.865
2.6136,35.0,4.598159509202454,1.0429447852760736,1141.0,3.5,33.82,-118.3,2.136
1.6731,14.0,4.741322314049587,1.062809917355372,4722.0,3.902479338842975,37.62,-121.02,0.958
3.5977,23.0,5.439914163090129,1.0515021459227467,1327.0,2.847639484978541,34.1,-117.86,1.806
2.7222,24.0,5.212795549374131,1.070931849791377,1827.0,2.541029207232267,36.8,-119.77,0.831
2.3199,15.0,3.130311614730878,0.983947119924457,2749.0,2.595845136921624,37.37,-121.84,1.401
3.6435,52.0,4.819070904645477,1.0122249388753055,1065.0,2.6039119804400976,34.05,-118.35,1.958
3.7031,27.0,5.6474530831099194,1.0053619302949062,2142.0,2.871313672922252,37.81,-120.9,1.733
2.9605,52.0,5.3924050632911396,1.1518987341772151,921.0,2.331645569620253,34.06,-118.36,5.00001
3.9917,35.0,4.6091370558375635,0.9847715736040609,413.0,2.0964467005076144,37.96,-122.53,2.908
4.9335,13.0,6.719399538106235,1.0612009237875288,2228.0,2.5727482678983833,33.23,-117.11,2.981
3.8073,14.0,5.111111111111111,1.0956072351421189,1085.0,2.8036175710594313,32.82,-116.91,1.701
5.2402,52.0,6.200892857142857,0.9464285714285714,510.0,2.2767857142857144,37.81,-122.21,2.964
3.7804,27.0,5.772466539196941,0.9579349904397706,1580.0,3.0210325047801145,34.69,-118.12,1.135
2.5556,24.0,4.864904552129222,1.1292217327459617,1631.0,2.395007342143906,38.66,-121.35,1.057
2.6719,23.0,5.159754224270353,1.1136712749615976,1862.0,2.860215053763441,36.85,-121.53,1.936
2.5562,43.0,6.072463768115942,1.1594202898550725,1056.0,3.8260869565217392,36.65,-119.53,0.932
5.0543,21.0,6.760925449871466,1.1465295629820051,1789.0,4.598971722365039,37.31,-121.8,2.32
5.0814,25.0,5.29404309252218,1.0544993662864386,2123.0,2.6907477820025347,33.8,-118.34,4.468
5.5194,18.0,7.543175487465181,1.064066852367688,988.0,2.752089136490251,34.62,-120.09,3.67
4.2583,35.0,6.03954802259887,1.0833333333333333,3295.0,4.653954802259887,34.17,-119.19,1.873
3.5777,32.0,4.604342581423402,1.06875753920386,1888.0,2.2774427020506636,34.21,-118.24,2.456
6.5764,17.0,6.55511811023622,0.9724409448818898,755.0,2.97244094488189,33.89,-117.95,3.49
4.75,35.0,5.513317191283293,1.0169491525423728,1353.0,3.276029055690073,37.53,-121.97,1.97
6.994,27.0,7.159685863874346,0.9882198952879581,1916.0,2.507853403141361,37.99,-122.49,4.208
1.9267,18.0,4.7309090909090905,1.0018181818181817,1042.0,1.8945454545454545,32.6,-117.07,0.675
2.1333,31.0,3.9306569343065694,1.094890510948905,1198.0,4.372262773722627,34.07,-118.21,1.602
4.1958,31.0,5.825622775800712,1.0213523131672597,2334.0,2.7686832740213525,32.63,-117.05,1.601
2.3075,27.0,5.244744744744745,1.364864864864865,1481.0,2.2237237237237237,35.38,-120.85,1.842
1.5987,28.0,4.211586901763225,1.0478589420654911,1335.0,3.36272040302267,32.8,-115.56,0.594
4.3438,39.0,4.1506849315068495,0.9452054794520548,131.0,1.7945205479452055,33.98,-118.37,3.318
4.6875,33.0,6.924242424242424,1.1136363636363635,394.0,2.984848484848485,38.67,-123.01,2.462
4.7472,13.0,5.7862407862407865,1.031122031122031,3864.0,3.1646191646191646,38.19,-122.29,1.486
3.25,36.0,3.9972677595628414,1.0081967213114753,1492.0,4.076502732240437,34.06,-118.1,1.792
4.675,27.0,4.907725321888412,1.053648068669528,1101.0,2.3626609442060085,33.87,-118.38,3.169
4.6944,30.0,6.030018761726079,0.9624765478424016,1700.0,3.189493433395872,34.28,-118.35,2.482
1.8914,25.0,4.944320712694878,1.1380846325167038,912.0,2.0311804008908685,39.93,-120.98,0.878
3.152,21.0,4.4875,1.015,2246.0,5.615,33.71,-117.86,1.528
5.0866,35.0,5.55984555984556,1.0308880308880308,743.0,2.8687258687258685,37.36,-121.98,2.546
4.7245,13.0,4.540295119182747,1.0022701475595914,1999.0,2.2690124858115777,33.68,-117.99,2.736
4.8693,44.0,6.181434599156118,1.0421940928270041,817.0,3.4472573839662446,38.02,-122.02,1.569
2.7451,42.0,4.295285359801489,1.0794044665012408,866.0,2.1488833746898264,33.73,-118.3,2.554
3.775,52.0,4.3979591836734695,0.9551020408163265,962.0,1.963265306122449,37.75,-122.43,3.259
