lread,lwrite,scall,sread,swrite,fork,exec,rchar,wchar,runqsz,freemem,freeswap,target
1,0,3548,436,166,0.4,0.2,499823,82427,4.6,327,976682,90
1,1,212,41,37,0.2,0.2,256240,253263,2.4,4639,1827776,97
6,1,1752,145,106,2.61,2.4,24047,28494,3.8,1449,1042624,88
11,1,4377,151,157,2.4,2.6,143728,165257,4.4,623,1622459,81
8,0,3360,194,111,0.4,0.2,223067,128505,3.6,3731,1342350,93
3,0,4577,195,157,2.8,3.4,191031,116174,1.8,167,990722,82
1,0,2046,142,111,0.4,0.4,74395,45172,1.5,337,1010007,90
3,2,4156,448,230,1.0,2.0,275661,116795,1.0,158,1121726,78
6,4,4517,290,192,0.4,0.4,180673,39693,1.7,344,982749,91
45,61,1383,155,93,1.0,1.2,11530,33475,2.6,166,1059021,91
9,1,5001,211,134,4.4,5.0,367556,46509,3.2,1079,1387750,79
9,1,4652,285,164,3.4,5.4,314418,78977,1.4,278,989790,79
14,6,2181,278,116,2.2,9.8,257023,18972,2.0,1589,1023714,89
10,1,1612,410,68,2.8,2.6,137882,42400,1.6,2281,1805726,76
171,4,2428,195,144,0.6,0.8,657219,14586,5.6,127,1347790,81
0,0,2253,188,136,0.2,0.2,67816,70543,2.2,170,1765675,86
4,2,879,95,56,0.6,0.6,229339,14622,2.0,577,1015192,94
14,9,3013,271,138,3.8,4.6,595449,504034,5.0,3141,1040317,81
1,0,2112,109,89,0.8,3.61,108588,121214,1.8,2448,1012757,90
15,20,797,31,30,0.2,0.2,914,4168,2.0,2039,1720296,95
26,39,1722,139,114,0.2,0.2,163304,47725,1.0,229,1016514,91
10,6,3249,555,526,2.39,4.38,469560,380797,1.4,870,1126010,81
15,11,2198,305,171,0.6,1.8,294877,57789,1.2,159,1085358,90
4,2,1492,219,99,0.4,0.4,241235,231696,4.2,1642,1604389,93
2,0,1139,118,60,0.6,0.6,157977,42773,2.4,4565,1731554,93
1,0,894,56,70,1.4,1.6,33141,95468,2.2,4345,1782467,87
3,0,3580,278,230,3.19,1.0,292840,55884,4.2,1006,1388792,84
4,0,1917,195,155,1.6,0.6,89080,73434,1.0,1156,1013640,90
3,1,2836,208,129,1.0,1.4,113354,27649,1.0,652,1064578,91
6,0,660,73,34,0.4,0.4,235409,4964,3.4,138,1737786,87
36,57,453,42,34,0.6,0.6,27437,19314,2.8,1019,1717410,95
0,0,200,32,31,0.2,0.2,700,15435,1.0,605,1727257,96
1,0,4463,204,149,0.2,0.2,38837,41409,1.0,2124,1110435,88
2,0,667,131,141,1.4,4.8,2185,12395,1.0,7617,1879974,95
10,0,3290,463,321,6.6,3.4,394348,64553,2.5,2681,1045133,75
3,1,540,96,88,0.2,0.2,45128,56460,2.0,1333,1713242,96
18,12,923,212,117,2.0,0.6,294150,236336,2.6,5351,1826106,91
25,1,1109,83,72,5.0,3.2,136175,19238,2.4,314,1744074,83
2,1,254,11,22,0.2,0.2,10004,67114,1.0,7493,1869185,98
25,13,1509,178,114,3.4,4.6,89871,23958,446.0,87,13,0
8,1,1935,313,273,5.0,1.4,138248,19599,1.4,428,1742645,87
1,0,2797,183,141,0.2,0.2,129142,119557,4.0,397,1118680,87
48,3,4078,258,170,11.98,34.33,81756,56652,2.2,192,1088992,65
126,123,5600,350,224,0.4,0.6,290128,233814,3.6,1429,1323393,86
36,15,2306,208,225,4.2,14.6,307712,145811,6.0,200,1538973,82
6,3,4225,212,204,1.8,4.4,189851,209246,4.8,1121,1608506,83
60,71,2647,289,300,1.0,3.2,32797,37359,1.0,505,1101470,88
13,3,4229,615,463,1.0,2.2,209747,204867,3.4,1506,1398194,88
3,1,442,46,30,2.2,2.2,105052,44010,1.2,11466,1877964,87
0,0,235,21,26,0.2,0.2,813,9813,1.0,7693,1871504,98
7,5,3577,180,135,0.6,3.01,100188,34902,1.0,517,984358,89
2,0,1929,120,82,2.2,2.4,322206,37095,2.6,4042,1779082,85
1,1,197,14,30,0.2,0.2,6990,11710,1.0,6136,1856768,97
5,1,1871,99,96,0.4,0.4,13170,37286,1.0,1059,1055131,93
9,5,1371,119,68,2.6,5.2,227225,20985,2.0,2517,1015792,90
9,0,2486,178,157,6.39,18.56,57610,57884,2.4,173,1101016,78
117,118,8353,263,175,2.8,8.4,223582,115554,4.6,2065,1327851,65
7,0,2820,373,332,6.8,1.8,173582,20888,4.2,143,1751645,75
22,4,3111,177,131,1.8,2.2,123060,53761,1.5,969,1077584,87
9,1,4655,404,140,3.6,5.8,400425,55951,1.4,939,1048038,78
1,0,1293,59,49,0.6,1.0,3767,14409,2.4,1268,968080,93
14,22,449,119,49,0.2,0.2,65939,7203,1.6,897,1770642,97
11,10,2961,141,102,0.2,0.2,94910,22005,1.0,329,976061,92
3,1,429,60,30,2.4,2.4,60955,12806,1.6,8427,1837531,90
1,0,652,27,28,0.4,1.0,2185,13897,1.5,271,1016312,97
12,1,2466,193,189,3.19,2.0,105786,83337,440.0,87,13,0
56,59,5526,776,598,6.2,1.6,361328,220236,6.2,292,1545926,72
1,0,1279,76,60,0.4,0.4,5187,21909,2.0,760,1039144,95
7,2,2128,183,166,0.8,2.2,89713,240084,3.2,406,1527165,90
11,2,3354,380,249,0.6,2.0,361171,268701,3.0,273,1016677,77
6,1,4010,486,243,1.6,0.8,433441,19761,5.6,2238,1370315,83
19,7,5937,338,185,2.4,8.6,310390,39939,5.8,3304,1548571,73
59,0,6122,345,87,15.17,49.9,476515,34281,3.2,185,1083578,57
65,80,5470,745,456,1.0,1.2,197237,121219,1.4,321,1082862,78
3,1,474,43,50,2.4,2.4,72534,44687,1.8,236,1801544,85
7,0,3851,377,302,5.96,2.19,189893,18213,1.0,1970,1070584,77
48,1,3221,243,128,10.8,31.0,562196,29018,3.5,285,1089582,65
30,8,4113,479,348,10.0,18.2,239482,38730,1.7,210,1083712,64
2,1,2552,179,122,0.6,2.0,55959,40816,2.2,432,1532312,91
8,1,3416,467,365,5.6,1.6,251705,69298,2.3,181,983189,77
3,2,380,47,10,0.4,1.4,21957,2478,1.0,8507,1862716,98
14,3,3542,360,259,3.4,1.2,458811,147720,2.0,225,1077714,81
2,0,340,28,18,2.0,2.0,51800,20787,1.0,8092,1868448,91
106,0,4164,437,173,2.6,5.0,405237,234732,1.2,139,1118814,78
36,0,5542,652,483,13.03,7.01,394254,20627,1.0,184,969985,55
12,11,1725,128,96,0.4,0.4,9587,32274,2.0,471,979923,95
47,17,2625,340,251,1.6,1.0,87682,214358,1.0,121,1102846,86
22,8,6630,202,115,3.8,9.4,279697,9693,5.8,821,1529410,73
0,0,241,25,38,0.2,0.2,15975,105114,2.0,155,1741774,92
7,0,3992,268,243,4.41,3.01,107318,188650,2.4,686,1017114,76
67,66,1117,430,154,0.4,0.2,631396,632869,688.0,94,6,0
10,1,415,34,28,0.4,0.4,19380,10141,2.4,6428,1711995,96
36,47,345,26,20,1.8,1.8,51659,26403,1.2,8807,1871341,91
188,199,1363,207,71,1.79,1.79,1253463,105106,4.8,7644,1855914,86
2,0,2037,159,120,0.4,0.4,133558,48781,3.8,432,1064513,93
19,7,5222,117,91,2.8,10.0,49911,36240,3.2,1051,1519818,68
35,0,3593,621,124,7.62,10.22,731563,25521,2.2,127,1058769,62
3,1,1102,109,61,0.2,0.2,22698,22482,6.2,171,1112885,94
24,14,3061,237,138,1.0,1.0,63879,74591,1.8,1207,1129149,87
46,54,1304,154,104,1.2,2.0,441213,141771,2.8,202,1068515,85
1,0,607,81,45,0.2,0.2,2174,6138,2.8,962,1711923,96
7,2,1628,212,170,3.99,1.2,122017,15907,1.8,8532,1862631,90
10,5,1711,175,137,1.39,3.76,30699,34177,1.8,246,1042893,89
0,0,5241,289,271,0.2,0.2,24691,350196,2.4,1295,1377797,87
48,1,4398,245,165,12.6,35.0,103091,51490,1.8,212,1095352,60
54,61,4814,410,180,10.2,31.2,426881,38624,1.8,141,1081010,54
0,0,159,8,27,0.2,0.2,2061,27692,1.0,7641,1878904,97
55,69,4194,278,195,2.79,1.8,199257,49131,2.2,340,1090001,80
4,0,1641,156,75,0.2,0.2,242121,40298,2.2,1737,1770982,83
3,1,2070,300,243,1.0,0.8,117702,26318,1.0,195,1103667,89
59,67,1813,123,94,0.4,0.4,223748,30279,2.8,1969,1768944,81
28,36,1326,75,50,0.4,2.0,84961,36739,2.0,4667,1732315,96
1,0,383,100,33,0.6,0.8,654200,182333,2.8,5679,1837142,96
2,0,1174,231,170,1.4,1.8,427110,115077,2.2,2524,1730254,87
18,15,2455,288,143,1.4,1.4,420367,89848,3.6,941,1132286,85
6,2,3132,388,156,1.0,3.0,427460,69115,1.4,862,1018798,84
71,87,5000,470,208,1.4,1.4,293420,86058,1.0,125,984354,79
15,12,7635,711,209,3.0,6.2,865872,61238,1.4,497,1012398,79
1,0,3032,230,149,0.6,2.0,108408,119191,1.5,432,985101,77
22,29,1873,60,59,0.2,0.2,4773,52693,2.0,2046,1642926,97
56,48,2173,306,183,2.0,7.78,330940,138458,582.0,86,12,1
1,0,3543,139,128,0.2,0.2,23901,45254,2.3,2491,1046205,91
3,1,722,57,68,0.6,0.6,43279,20088,1.0,434,1062194,90
5,0,2500,251,347,3.4,1.0,97385,28939,3.4,2016,1719568,87
7,5,892,84,53,0.6,0.6,5332,16069,3.0,951,977579,96
22,19,3515,293,190,2.99,2.99,208287,57369,3.2,523,1017028,79
19,27,744,71,78,0.2,0.2,74934,203418,1.2,4387,1821778,92
2,1,487,57,46,0.4,1.8,6810,13719,3.0,1383,1716426,97
8,1,1652,298,221,5.6,1.8,275926,146174,2.4,5155,1836584,84
3,1,1299,258,126,0.4,0.4,194200,56983,3.2,967,1540414,94
10,7,2944,444,218,1.99,1.79,283744,202504,2.0,157,1022185,84
17,23,277,46,22,0.2,0.2,263599,11435,1.6,7170,1873640,97
1,0,335,40,67,0.2,0.2,15260,148559,2.0,132,1752387,88
2,1,523,52,37,0.4,0.4,176128,68253,1.0,8054,1834821,96
73,98,3147,279,181,1.4,2.2,388256,56469,4.0,219,1393995,79
1,0,1274,150,91,0.2,0.2,62260,37831,3.2,655,1630731,95
11,1,3102,522,258,1.6,1.2,146669,55686,1.0,132,1089326,80
4,0,2148,108,77,2.6,8.0,130916,26669,2.4,267,1751203,91
48,0,3866,245,197,11.18,33.73,133990,65861,2.0,315,1092819,61
9,8,3033,164,127,0.2,0.2,11198,28899,540.0,91,9,0
21,10,1562,142,144,1.6,1.0,50456,95182,1.7,655,1053592,90
5,4,1145,177,82,0.2,0.2,268645,18606,1.5,614,984304,94
12,10,2363,121,99,1.0,2.8,44871,20145,2.2,1094,1457250,92
1,0,158,16,22,0.2,0.2,23640,27403,2.2,3684,1822544,98
66,63,3210,387,235,2.6,2.6,314096,84354,2.0,530,1121797,83
0,0,1977,256,133,0.6,2.61,225802,37213,2.2,299,1105616,91
2,0,404,32,30,2.2,2.99,71109,38940,1.6,2436,1816624,85
2,1,506,28,51,0.6,0.4,45758,37433,1.2,7424,1876323,96
12,7,1279,105,65,0.8,2.59,38119,32996,545.0,91,9,0
1,0,865,150,115,0.2,0.2,20990,87927,1.0,659,1064699,93
1,1,330,163,40,0.2,0.2,286593,260061,2.2,5762,1830802,97
10,0,1036,177,75,2.6,5.8,288087,190120,3.6,1605,1732917,90
0,0,2367,97,139,0.2,0.2,31548,37969,2.0,838,1720995,95
12,8,775,71,37,3.8,4.2,125517,40041,1.4,2613,1794333,79
0,0,155,10,23,0.2,0.2,452,31807,1.0,1345,1761811,97
35,53,952,144,107,0.2,0.2,97252,50477,1.4,341,1741270,94
499,161,1939,101,151,8.6,9.2,8949,139059,2.4,1519,1715733,77
26,35,244,22,44,0.2,0.2,3458,87701,1.6,363,1744803,90
155,136,4579,354,215,4.2,8.4,391100,262676,5.0,209,1333910,83
12,3,3282,297,177,5.0,6.6,157055,68800,1.4,183,1104856,76
14,1,1923,403,314,1.8,4.0,522927,132931,3.4,514,1698622,84
1,0,2358,143,184,0.4,0.6,75627,11554,4.6,826,1637987,93
5,4,1056,81,68,0.2,0.2,5452,16180,2.0,213,1116158,94
3,1,394,43,15,2.0,2.0,98609,25482,1.4,11566,1882530,90
7,1,1869,207,132,1.6,2.8,9959,103268,2.8,762,1532491,90
22,2,3538,415,392,7.2,2.0,239000,55448,4.0,2003,1530184,79
15,5,3625,193,127,1.8,8.58,298958,80896,7.4,206,1311396,79
0,0,494,23,24,0.2,0.2,1091,11026,1.2,284,1751064,95
4,1,520,51,52,2.0,2.0,126557,53547,2.2,11197,1868873,88
13,6,4688,129,120,1.8,8.4,51511,188157,2.4,405,1523059,83
3,0,493,72,55,0.6,0.8,29548,12598,3.2,325,1701342,94
17,8,2515,293,132,2.2,2.2,513694,197703,1.2,441,1017961,82
15,4,4503,604,476,7.4,5.6,380857,140991,1.8,1215,996741,63
6,4,1932,66,85,1.0,0.8,67203,79964,3.5,165,1128728,90
31,41,1394,163,124,0.4,0.4,26747,64771,136.0,89,11,0
2,1,221,38,26,0.2,0.2,87720,6324,1.2,7364,1861736,97
15,12,3367,190,130,2.2,4.0,207205,137147,1.0,427,987661,84
0,0,298,33,64,0.2,0.2,3314,55348,1.0,483,1733852,96
7,2,1575,177,131,0.8,0.4,190860,27291,2.2,661,1103814,92
34,44,698,69,72,0.4,0.4,94947,66105,1.4,630,1060845,94
66,86,6185,353,216,0.4,0.4,232387,62770,1.5,135,994904,82
10,0,3378,341,278,8.22,18.44,265448,124892,1.0,341,1079413,70
5,2,2574,112,87,0.4,0.6,56458,97339,3.2,1196,1548555,92
10,4,1404,94,62,0.4,0.6,220900,19629,159.0,92,8,0
1,0,1188,65,61,0.2,0.2,2635,18487,1.0,168,1064578,97
2,1,330,47,35,0.4,0.4,5114,11775,2.0,998,1723549,98
3,0,583,53,68,2.6,3.2,62950,258017,1.8,270,1807019,81
9,5,2585,304,259,0.8,0.8,212643,195632,828.0,88,12,0
17,0,4962,546,485,8.2,2.2,229511,27746,1.5,232,1069243,74
66,80,2306,159,468,1.6,3.6,173555,40022,1.2,213,1012886,88
13,4,1109,134,104,0.4,0.4,573439,103146,1.0,766,1078288,92
2,1,3363,126,134,0.2,0.2,13163,176688,2.2,452,1523230,91
2,2,2264,131,104,0.2,0.2,5816,20602,2.2,3116,1707682,95
6,2,1224,129,92,0.2,0.2,144733,81218,2.8,1579,1538003,94
1,0,2574,77,155,0.4,0.4,5773,23044,2.2,672,1720138,93
1,1,555,55,17,0.2,0.2,267213,42374,1.6,7002,1850772,97
2,1,2905,80,80,0.2,0.2,3086,4895,2.0,619,1443205,98
47,66,2379,174,103,0.2,0.2,316190,53327,1.5,163,1114024,89
1,0,872,77,54,0.2,0.2,3152,21336,1.6,395,1016512,97
4,0,3278,233,167,3.81,4.21,327640,137004,3.2,1257,1049927,77
9,7,2523,214,104,0.6,0.6,50827,31696,6.0,1730,1314139,92
143,81,682,144,167,0.2,0.2,86750,138284,2.0,1756,1762155,95
7,3,709,44,46,0.8,1.4,23587,16036,2.2,5368,1680051,96
1,0,659,146,65,0.4,1.0,174169,173437,3.6,797,1746192,96
5,2,3292,284,132,2.0,4.39,658861,20114,4.2,171,1095674,81
99,46,5467,904,164,3.39,4.39,2204636,77915,452.0,77,23,0
3,1,2659,262,181,1.2,1.8,190937,49972,1.0,292,1104144,84
4,0,1508,175,147,1.8,2.2,179589,66684,1.2,336,1012502,92
20,29,2386,164,155,0.2,0.2,77339,62093,2.2,1411,1724984,93
5,0,842,140,155,1.4,8.0,129889,56953,1.8,1639,1729440,90
1,0,939,94,91,0.2,0.2,14208,21796,5.8,375,1054422,95
5,4,1030,170,115,0.2,0.2,120128,128776,4.0,1754,1557714,96
1,0,4093,171,102,0.2,0.2,156218,37170,2.5,1044,1015238,89
3,0,1599,141,59,3.0,4.4,306725,30076,2.0,350,1030334,88
2,1,279,34,23,0.2,0.2,1574,6389,3.0,529,1720128,96
10,8,1697,159,124,0.2,0.2,367223,88343,3.4,4712,1671243,92
2,1,1185,70,63,0.4,1.8,23241,32553,2.0,377,1533190,95
1,0,3108,216,127,0.2,0.2,298303,209120,3.2,3341,1345885,96
10,2,1490,279,229,1.6,1.4,168863,24702,1.0,688,971408,89
3,0,2443,366,128,1.8,0.6,255296,213845,3.4,666,1742014,90
2,0,2745,500,473,1.6,2.61,475622,350382,1.0,849,1131040,89
12,5,745,82,83,1.2,0.8,56291,47669,1556.0,92,8,0
9,7,2053,156,131,0.4,0.4,149799,52383,1.7,439,973485,92
0,0,2334,76,110,0.2,0.2,4703,14345,2.4,1393,1725040,96
20,27,1359,268,179,1.2,2.4,172460,22644,3.0,404,1712434,91
29,15,5190,350,132,1.37,3.13,357653,44662,1.7,597,1176309,78
33,18,3104,208,139,1.4,3.0,359408,34574,4.6,7345,1377104,87
0,0,199,10,18,0.2,0.2,5478,58790,1.0,7877,1875126,98
20,11,6131,220,120,5.4,27.0,321920,124515,5.6,779,1604088,67
2,0,2137,92,72,1.2,1.4,19846,16092,1.0,201,1068720,91
5,0,2619,455,348,5.4,1.4,328916,131103,3.2,1964,1759706,83
18,1,5416,305,152,15.0,13.6,353139,55246,2.2,204,977618,51
2,0,2399,57,58,2.4,2.4,67724,39491,2.4,691,1763923,92
8,6,1440,172,118,1.0,2.4,353123,93783,2.2,141,1000632,90
2,1,587,45,32,0.6,0.6,94622,9992,1.4,6259,1857560,96
1,1,166,11,11,0.2,0.2,7467,6028,1.0,4811,1816638,97
5,2,1687,224,163,0.2,0.2,277479,103797,3.0,177,1062338,90
1,0,587,75,39,0.4,0.6,21868,13848,3.6,133,1716253,95
1,1,231,23,29,0.2,0.2,19505,2909,1.0,7261,1868646,98
1,0,883,49,48,0.2,0.2,3049,13534,1.3,162,1015463,97
0,0,765,81,62,0.2,0.2,34390,36627,1.2,1723,1771888,91
34,13,5633,306,187,2.6,8.0,507057,151253,5.4,414,1314480,74
29,42,2656,410,312,0.2,0.2,180209,32295,2.4,427,1693699,88
1,0,956,173,86,1.0,0.6,469212,30623,3.6,143,1704136,94
19,28,488,138,34,0.2,0.2,178356,159984,2.2,5481,1817940,98
0,0,360,126,47,0.4,0.4,150266,151116,3.0,1817,1759117,97
3,2,2879,229,150,0.4,0.6,20915,78528,1.6,471,996451,93
5,2,1463,125,152,1.0,0.8,501614,26240,1.7,737,1047366,92
2,1,1600,85,136,0.2,0.2,15271,112122,2.5,331,1061296,94
0,0,1019,104,80,0.4,0.4,10819,17998,2.0,1041,1066749,94
4,0,2281,154,114,0.8,1.0,97786,25104,1.0,181,1111448,91
15,0,3778,219,160,11.2,34.4,269997,75702,2.8,301,1092590,59
5,0,3352,357,264,0.8,0.99,601754,121329,3.4,2822,1339054,83
3,2,4073,470,347,0.8,0.4,37552,54687,3.0,137,1695512,86
11,16,356,188,46,0.2,0.2,328899,301873,2.4,5744,1834547,95
6,1,4146,248,164,6.8,7.2,452773,119655,1.4,787,996381,74
5,3,1038,77,38,1.0,1.2,308260,13559,1.7,145,1010936,94
2,1,766,179,73,0.2,0.2,444620,202863,1.4,8331,1837272,93
30,1,5504,400,267,8.57,18.92,894305,33041,3.2,204,1076897,67
1,1,241,18,24,0.2,0.2,7016,10288,1.4,7398,1865531,97
12,8,4746,239,175,1.4,2.4,115480,41224,1.0,406,987694,80
42,61,4328,151,168,0.2,0.2,93311,244826,2.6,214,1385874,90
10,1,4046,500,389,7.4,2.4,618922,61134,3.4,8098,1834163,77
1,1,359,50,35,0.2,0.2,280638,34065,1.2,6719,1858523,96
18,2,4907,531,443,7.4,2.6,251588,29974,4.6,230,1330691,73
1,1,385,150,50,0.4,1.0,268276,228622,2.2,6835,1835978,97
0,0,1169,61,49,0.2,0.2,1730,19355,4.6,260,1104173,94
74,39,946,113,127,0.2,0.2,185780,145380,4.4,132,1597397,94
0,0,230,28,16,0.2,0.2,87903,7919,1.2,6766,1826779,98
34,43,713,38,24,0.2,0.2,5409,7962,1.2,1704,1780000,97
3,0,1359,149,112,0.8,0.4,16723,25838,2.0,246,1118432,92
0,0,348,51,16,0.2,0.2,19341,18074,1.0,8651,1871976,99
12,2,2357,113,96,6.99,20.16,55137,36291,1.7,530,1077027,76
3,2,3446,307,210,0.8,2.4,534055,75495,2.5,351,985938,85
40,50,1809,610,57,2.8,4.4,555730,378487,2.6,229,1757285,84
0,0,4630,197,148,0.2,0.2,21921,142011,1.0,341,1013229,88
12,4,4961,165,141,1.0,1.0,125039,50388,3.2,831,1529981,89
12,0,1798,111,207,2.8,3.2,116467,82644,2.4,612,1521061,78
66,27,5275,461,324,6.96,9.15,373711,142975,2.2,227,1284924,74
16,14,5702,310,174,1.0,0.6,62510,36316,1.7,1192,1014768,86
2,0,834,68,72,1.4,1.6,7242,17194,3.6,573,1048361,94
6,2,2501,155,229,2.0,3.2,177296,56976,1.3,1089,1052451,85
12,3,2805,544,146,1.2,2.2,279920,329100,3.0,286,1547198,83
6,1,6213,317,271,3.8,1.8,100052,30511,3.0,363,1015990,80
23,21,2458,180,137,0.4,0.4,11664,33798,362.0,94,6,0
12,2,3175,373,153,7.58,14.77,191239,47291,2.0,149,1033405,66
24,33,2750,160,140,0.8,0.2,27531,88516,2.6,1018,1647146,90
13,1,5052,677,581,5.18,1.39,214153,111303,1.5,192,1083463,79
7,4,4425,306,241,2.81,5.01,154513,63102,2.0,168,995703,78
9,1,1909,78,58,0.4,0.4,43494,5858,1.0,363,1752696,94
10,9,906,93,62,0.2,0.2,7332,23635,1.0,1628,1081958,96
34,48,1078,141,122,0.4,1.8,44449,24698,1.7,325,1030629,94
0,0,2682,237,129,0.8,0.8,158917,22200,3.4,518,1021098,90
3,0,858,139,160,0.8,2.0,24953,21251,1.0,369,1022384,94
33,42,1366,84,82,0.8,0.8,168814,106967,3.0,1005,1540261,91
14,11,5925,383,230,1.4,6.2,153597,50906,9.4,296,1001605,81
3,1,1581,232,175,0.4,1.8,108075,127030,2.0,414,1019966,90
11,0,5423,585,508,8.18,2.2,455277,27670,4.4,276,1706392,70
3,3,245,14,18,0.6,0.6,7337,7968,1.2,7393,1865622,96
22,29,792,71,40,0.2,0.2,11629,55572,1.4,6796,1853318,96
1,0,268,42,43,0.2,0.2,18237,5721,2.0,613,1746560,92
4,1,4379,331,147,0.4,0.2,917608,17468,4.2,1379,1468944,87
0,0,199,17,21,0.2,0.2,13540,22848,1.0,2707,1771696,97
2,0,2434,224,175,1.6,3.0,137420,31819,1.8,654,1095594,88
4,2,2668,323,144,1.2,2.4,1018115,32869,2.8,400,1096968,86
4,2,389,38,15,2.0,2.0,80836,17496,1.2,11542,1879136,90
22,32,192,22,22,0.2,0.2,527,6310,1.0,432,1760834,98
1,0,2474,126,158,1.2,1.6,82015,257281,1.8,490,1019664,87
1,1,2706,144,226,0.2,0.2,77750,480168,2.4,159,1386030,89
13,19,980,41,32,0.2,0.2,6049,11472,2.2,305,1743032,92
114,100,2969,224,151,7.41,18.64,136034,84091,1.3,130,1074519,67
8,6,1473,123,130,0.4,0.6,138254,30008,4.5,2512,1095232,93
21,13,1258,92,64,0.4,0.4,27604,35912,2.2,1143,1714018,96
0,0,498,22,28,0.6,0.6,10200,11243,1.0,7680,1871328,96
52,19,7237,522,211,7.58,7.98,235939,45053,2.0,250,1108706,67
9,5,4233,288,216,1.8,2.4,217085,132699,1.0,1425,1018525,79
1,1,470,48,35,0.4,0.4,160644,60051,1.0,8717,1834907,95
17,4,2404,223,156,4.2,3.2,285474,87061,276.0,82,18,0
24,9,1698,259,107,2.0,2.6,810653,260681,134.0,80,19,0
19,5,5535,739,654,11.2,21.6,602850,387484,5.0,421,1010981,61
92,108,3091,280,168,3.8,4.2,664426,106101,7.2,305,1302630,83
6,1,1560,110,145,1.2,1.0,29946,47399,2.2,2428,1538910,93
0,0,1758,116,166,0.2,0.2,49953,70743,2.0,274,1705742,96
9,0,3044,278,264,8.02,18.64,330420,127851,1.7,123,1104948,71
12,6,1579,52,71,4.01,3.61,109697,163903,1.0,186,1131263,78
0,0,935,93,55,0.4,1.8,101335,21527,1.4,1542,998768,94
0,0,579,63,39,0.0,0.0,1601,17342,1.6,240,1755790,91
2,0,430,41,37,1.8,2.4,46701,30907,1.4,388,1813072,87
2,1,831,71,37,0.4,0.4,3836,10985,1.0,1300,1749587,97
3,2,4698,215,167,0.4,0.4,43638,36529,2.4,498,1447382,91
2,1,510,23,24,0.6,2.2,18019,9643,1.8,6236,1832586,88
9,1,2772,465,380,7.2,1.8,527107,8114,2.4,6602,1872614,79
6,1,5386,561,303,4.6,2.2,374135,166222,1.0,234,1116590,75
1,1,181,16,26,0.2,0.2,10180,25473,1.2,9225,1867488,98
9,8,1174,103,67,0.2,0.2,7145,21507,1.0,1517,1081568,95
0,0,319,69,35,0.2,0.2,436770,15308,1.4,6025,1855512,98
5,0,3206,130,106,1.4,2.2,98359,45104,2.6,858,1523749,87
1,0,388,76,51,0.2,0.2,325605,240758,2.8,143,1716574,86
64,1,1877,196,186,2.79,2.2,53123,30434,4.0,962,1125137,86
6,0,1035,87,45,1.6,1.8,304001,22135,1.4,1580,1026153,93
13,0,4123,322,151,0.8,1.2,615802,41718,4.4,1159,1466419,85
5,4,3011,128,157,0.2,0.2,9034,316545,2.2,276,1392184,93
2,1,1896,121,107,0.2,0.2,106415,47198,2.0,259,1016510,94
16,1,2820,392,351,7.2,2.0,181685,14476,2.8,283,1738422,76
51,69,1064,142,118,0.4,0.2,5288,24594,2.8,1752,969454,93
2,0,1177,136,61,0.2,0.2,124566,69960,1.0,711,1063202,96
8,4,5225,195,149,0.8,1.2,127902,141409,3.8,3091,1344471,84
23,20,3695,344,198,1.2,3.99,276192,97365,4.4,211,1007005,80
2,0,1343,194,65,0.4,0.4,104806,14598,2.2,6218,1725992,95
5,0,2505,349,341,1.8,0.4,208343,175584,2.2,404,1010756,87
2,1,1429,123,63,0.2,0.2,154718,45755,1.0,171,1056115,88
22,10,2473,229,177,0.4,0.2,147854,42367,3.4,7604,1380197,90
0,0,533,107,78,0.2,0.2,23160,120134,1.8,1723,1770424,88
0,0,2128,206,137,0.4,0.4,164827,42642,1.3,314,1018701,89
4,0,915,128,42,1.0,1.2,296223,11187,2.8,5272,1724709,95
0,0,1339,86,68,0.2,0.2,6285,13180,3.2,452,1719110,94
13,2,1510,151,109,2.39,3.59,45093,27988,178.0,87,13,0
3,2,1531,93,76,0.4,0.8,101164,59291,1.0,176,1073318,91
40,26,6636,1144,313,10.22,18.84,2134529,184935,2.3,245,1098398,52
3,1,3167,348,163,1.4,1.4,91118,37133,2.0,157,1099906,83
6,3,2822,113,92,0.8,2.59,179136,99896,2.2,264,1517261,90
0,0,1423,325,278,0.4,0.4,9495,58622,2.0,138,1695530,91
8,6,3296,326,204,1.0,1.8,296167,47802,2.0,374,994989,80
1,0,180,12,28,0.6,0.2,4049,10974,1.0,6406,1870936,98
3,2,1668,107,93,0.4,0.4,51510,48700,1.5,451,976706,95
17,4,1910,131,91,1.8,2.0,113894,28026,1.4,7696,1871554,92
61,84,2896,158,124,0.6,0.6,17358,30465,1.0,299,987488,90
2,1,255,22,23,0.4,0.8,652,4595,3.0,951,1714590,98
14,6,1493,167,88,2.0,2.4,145001,61683,5.2,2137,1554117,91
22,7,5753,715,476,3.0,2.0,222677,201168,173.0,72,28,0
4,0,1511,192,185,3.6,1.2,114916,34748,1.8,2681,1771302,87
3,0,1073,141,132,2.99,1.0,82644,19928,2.0,8317,1860658,92
4,0,2162,307,216,2.19,0.6,485056,33264,2.0,504,1051743,86
2,1,193,15,14,0.2,0.2,6997,4123,1.0,7288,1860160,98
0,0,209,16,29,0.2,0.2,5044,10538,2.6,2430,1772118,92
10,8,3514,176,111,1.8,3.8,375121,94898,5.6,2094,1640810,87
10,5,1449,237,110,1.8,1.4,27394,21164,1.2,1149,970851,90
1,0,3801,511,491,0.6,0.8,69409,73843,1.5,182,1012693,85
2,1,3803,145,110,0.8,3.19,6064,21324,1.0,195,1013365,91
77,100,3656,223,126,0.8,2.0,351795,49663,4.0,171,1008244,84
0,0,886,105,62,0.2,0.2,5502,23118,2.2,262,1757120,93
6,1,5646,966,814,4.6,1.4,139644,30990,2.8,864,1721136,75
61,81,3280,154,134,0.6,0.6,147416,194494,3.4,1046,1549746,87
26,23,2106,238,183,2.2,0.8,65300,29634,1.7,195,1076550,88
11,9,2393,210,158,0.8,0.8,92784,64280,1.0,579,1060939,87
34,45,4051,198,165,2.2,8.58,300514,250049,5.0,957,1604386,81
4,2,635,94,70,0.4,0.4,37166,28774,2.0,847,1065635,94
52,64,4385,201,145,6.2,17.4,65581,37335,3.3,387,1101664,74
47,28,7628,430,401,1.0,1.2,509671,516403,1649.0,79,21,0
3,0,551,77,29,3.0,3.2,320678,10455,2.2,4822,1849413,89
19,29,2161,80,108,0.2,0.2,3948,12262,2.4,1361,1723224,94
6,3,1005,63,60,0.2,0.2,134728,76858,2.2,1789,1525715,93
15,7,3196,280,216,8.0,22.4,222937,137527,1.8,181,1076869,70
1,0,262,21,17,0.2,0.2,831,4648,3.0,513,1719942,98
1,0,2804,352,410,0.4,2.0,37461,53614,2.6,1969,1705293,87
5,1,1056,159,90,3.78,2.39,392045,14382,2.0,11346,1873335,85
15,12,1664,109,79,1.2,1.0,62620,31710,5.0,244,1059291,89
14,13,6360,217,166,0.6,0.6,77756,74474,1.8,766,999555,87
11,11,6070,358,246,0.2,0.2,974434,50477,1.0,657,1010163,86
9,8,1608,173,148,0.4,0.4,422098,192255,1.0,146,1084374,87
105,111,4269,518,454,3.8,2.2,353289,211528,1.6,268,1077443,79
45,31,2366,465,225,5.77,3.98,635457,467915,453.0,81,19,0
3,2,2257,356,161,1.0,1.0,153753,162182,3.2,2656,1578555,89
3,2,2557,130,155,0.4,0.4,7007,17054,2.2,1427,1725170,94
33,47,562,92,36,0.4,1.8,292680,26315,1.0,599,1034651,94
4,0,3028,272,172,3.4,1.8,233445,29012,1.6,169,1003584,84
18,21,594,48,53,1.0,1.4,121246,133013,1.4,6478,1846885,90
0,0,174,10,10,0.2,0.2,1016,4634,1.0,1827,1781192,98
0,0,484,37,29,0.2,0.2,7835,10182,1.0,180,1746769,98
32,14,2141,221,115,3.6,17.6,108448,24365,402.0,82,16,1
207,202,4832,194,113,6.4,18.6,214574,104466,5.2,212,1107437,75
132,105,2007,177,139,0.4,0.4,95309,82017,1.0,794,1008800,91
10,7,1245,127,68,3.0,4.0,217133,21362,3.0,234,1025125,89
87,113,1933,441,175,0.6,0.8,661668,724078,588.0,85,15,0
5,0,1779,144,92,0.6,0.8,265930,109091,2.4,1990,1543290,93
9,1,3244,413,338,6.0,1.6,163931,14484,2.4,292,1709072,81
8,1,2917,441,394,7.0,2.2,208791,26249,1.6,236,1744536,79
0,0,160,8,18,0.4,1.4,1092,13641,1.0,7431,1876200,98
7,1,1879,176,135,1.6,3.01,23947,64669,1.2,583,1110095,90
1845,13,4377,125,118,3.8,4.0,33563,62630,4.2,376,1512704,57
1,0,756,44,33,0.2,0.2,19561,13898,1.0,520,993283,97
81,94,5480,729,683,9.0,6.6,476209,430097,2.2,1473,1037573,61
1,1,2210,277,185,0.2,0.2,523626,117453,1.5,337,1016118,89
126,30,1697,258,228,0.4,0.4,92249,127353,1.0,130,975880,89
2,1,1700,86,71,0.2,0.2,2382,9266,2.0,6339,1722656,96
0,0,279,31,30,0.2,0.2,109280,34524,1.4,2039,1770862,91
3,1,1084,95,34,2.6,3.0,406873,20007,2.6,7141,1873899,89
5,1,2443,405,327,3.8,2.2,183535,89572,1.0,2637,1017880,85
0,0,201,16,25,0.2,0.2,18359,29253,1.2,2708,1771696,97
235,253,2173,406,183,1.2,0.4,1050030,39200,2.0,143,975350,88
14,12,1028,362,128,0.2,0.2,597656,620164,821.0,94,5,0
6,4,2006,154,132,0.4,1.0,179464,33351,1.0,180,1022267,93
3,2,831,162,110,0.2,0.2,13405,37243,1.5,147,1057486,95
9,0,2215,185,167,7.62,20.04,333381,19480,2.7,214,1090602,75
17,22,254,24,44,0.2,0.2,7140,28377,1.0,7465,1865982,96
11,6,2532,201,110,1.4,2.6,137911,26016,2.5,141,1112808,87
10,1,3895,359,194,2.4,4.0,355931,141785,5.6,1242,1339760,80
35,29,1418,178,129,1.4,6.4,511310,474767,205.0,90,10,0
6,2,3529,123,87,0.8,2.4,203737,45113,3.8,3325,1547805,87
1,0,1132,32,30,0.2,0.2,5381,22916,3.2,172,1714160,96
8,0,2802,408,355,8.38,2.2,233031,12990,3.2,7298,1859602,80
2,0,834,70,60,0.4,1.8,20692,22085,1.2,1082,1018774,95
17,1,3418,383,265,5.8,3.2,435552,31323,360.0,80,19,0
5,0,2053,297,504,4.0,3.0,58759,55921,3.0,733,1703618,85
10,9,3305,179,161,0.8,1.2,23778,15635,2.4,1140,1458098,89
1,0,3297,407,225,0.8,1.0,226064,117799,3.0,195,1113811,85
0,0,2015,76,67,0.2,0.2,40551,49200,1.0,178,1013480,95
1,0,3347,257,153,0.4,1.8,555900,47401,4.4,278,1041150,85
20,6,6709,335,318,2.39,1.0,85428,34037,2.6,2005,963321,81
3,0,1997,257,160,2.6,0.8,540001,106074,4.8,1468,1756045,87
15,3,679,96,61,0.4,0.4,290517,8610,3.6,149,1704173,94
9,4,1926,146,182,0.6,0.8,78004,123542,1.7,858,1046085,88
14,2,2429,115,104,2.4,4.0,201506,61210,2.8,1024,1543222,88
5,0,1184,110,41,4.8,4.8,134210,80919,3.6,1366,1756885,87
10,4,1519,118,68,1.4,2.0,419241,196810,4.0,229,1538755,90
6,1,2365,91,80,4.0,10.4,31104,26401,1.4,4189,1820699,91
28,25,3903,271,162,2.4,2.4,293696,35661,1.2,920,974752,86
5,4,2718,265,190,0.2,0.2,146000,94479,1.2,243,982323,90
3,1,330,35,18,0.8,0.8,75541,7730,1.0,7579,1869181,97
0,0,660,68,24,0.6,1.2,412816,11399,2.6,1187,1766742,89
61,83,1438,120,106,1.0,1.4,43252,59905,2.0,627,1116195,88
8,0,4171,556,512,8.0,2.2,410525,140796,3.4,454,1757598,70
30,43,3816,139,157,0.6,3.2,47471,329880,2.4,2097,993981,87
28,2,2824,172,111,6.6,18.0,393444,65196,2.5,1606,1110507,77
10,2,2826,197,236,0.6,0.6,57037,166871,1.0,302,1000642,90
24,35,751,89,62,0.2,0.2,89416,20160,1.0,405,1009161,94
42,59,415,65,60,0.4,0.4,13406,9725,2.8,281,1713627,97
8,2,1095,80,76,0.2,0.2,234011,61095,2.6,1328,1540717,94
5,1,729,91,27,1.4,1.8,65918,2998,1.8,1584,1766574,88
1,0,1908,313,141,0.2,0.2,158242,161640,5.6,4056,1606056,91
77,40,2726,182,156,3.41,4.21,142105,75490,1.6,189,1088441,84
11,0,3251,485,403,9.6,4.0,272686,21411,1.8,6464,1849030,71
37,47,3209,204,81,2.0,5.2,228027,46911,1.8,159,1126944,87
3,0,5187,306,181,0.6,0.8,294902,58527,1.8,359,1079656,84
6,1,3196,299,300,3.2,1.0,258950,352656,2.6,399,1382054,82
70,75,1764,290,152,1.8,3.0,363507,53398,130.0,82,18,0
3,3,197,15,17,0.2,0.2,7010,4904,1.0,7348,1864270,98
24,30,2583,242,171,1.4,2.0,40055,108188,4.0,648,1640984,83
0,0,601,120,49,0.2,0.2,454452,13125,2.8,1659,1733061,91
0,0,458,51,48,0.4,0.4,57722,8820,2.0,1834,1761584,91
21,15,2743,140,135,1.4,1.6,93968,57136,4.0,7773,1383296,87
3,2,1893,204,151,0.8,0.8,224155,58290,3.0,167,1135840,88
16,5,3116,289,190,0.6,0.6,325948,52640,1.0,400,969106,87
1,1,1438,49,29,0.0,0.0,95495,11982,1.2,8239,1863088,95
2,1,2133,134,90,0.8,1.0,100812,83681,1.8,405,987278,89
17,9,2787,268,116,0.6,2.2,754629,62263,8.2,340,1297729,81
3,0,936,74,44,0.2,0.2,89501,63905,3.0,446,1704470,94
1,0,2629,394,278,1.0,3.8,95204,324792,2.4,174,1375040,87
1,1,1051,61,83,0.2,0.2,67916,350924,1.6,6837,1873536,93
1,0,362,115,67,0.2,0.2,196922,186447,3.6,741,1727502,97
1,0,670,70,35,0.2,0.2,97203,17815,131.0,96,4,0
54,5,2288,217,183,0.8,0.8,143018,79772,3.0,1391,1532322,93
29,39,452,62,44,1.8,1.8,66490,41917,1.8,399,1801952,84
17,12,4120,383,272,3.79,2.59,981550,821788,3.0,171,1013509,77
0,0,153,11,22,0.2,0.2,3693,1972,1.0,6477,1871658,99
2,0,549,49,64,0.6,4.2,116406,217353,1.4,7663,1879211,91
4,1,2143,125,85,0.8,1.8,194743,48969,2.6,3062,1655947,92
36,53,2180,309,119,0.2,0.2,597126,35393,1.0,157,1096487,88
6,0,1973,323,267,5.6,1.6,382504,212283,3.2,3657,1819877,85
62,79,1022,113,81,0.6,1.8,98428,29898,1.0,179,1015712,95
83,67,4419,318,140,8.6,25.2,222311,50939,4.6,278,1091496,66
20,6,9388,631,503,9.38,9.98,409706,81338,7.0,200,1506469,59
2,0,2486,284,256,2.6,4.8,134314,55197,4.0,245,1055248,88
8,5,1028,134,141,1.0,0.6,39910,46082,5.0,548,973145,93
29,20,3382,202,159,1.8,0.8,166820,31939,4.8,136,1520570,91
21,4,6398,247,179,2.2,6.6,181309,55825,4.0,635,1529202,80
6,0,2029,249,176,5.79,20.76,228319,47314,1.0,141,1100679,76
47,63,1921,87,73,0.2,0.2,176786,67927,2.4,1778,1649347,95
30,41,3447,298,226,2.4,2.2,202350,106970,3.6,191,1053651,84
3,3,174,13,15,0.2,0.2,9661,14010,1.0,6855,1826152,98
27,39,2887,137,81,0.6,0.6,40273,39759,1.4,308,1749037,91
8,5,1111,156,128,0.4,0.6,215802,17088,2.5,244,974036,91
6,0,3755,313,232,3.79,1.6,190407,88541,1.0,267,1006453,79
133,124,3215,293,189,1.4,1.2,340039,142524,2.2,713,997958,86
13,3,662,34,35,1.4,1.2,26150,5587,1.0,7405,1865309,94
54,21,3709,243,140,4.6,5.4,265286,116407,5.6,2836,1565138,82
9,8,2064,61,69,0.2,0.2,2085,14400,2.0,1706,1009560,96
32,42,2331,242,212,4.0,1.6,158546,34270,1.0,205,1023574,83
5,0,1776,106,29,4.4,17.8,200983,13030,1.8,5306,1832483,88
17,0,3902,411,355,15.4,35.4,284485,228809,1.0,373,1079026,56
28,23,1303,370,177,1.0,3.6,553959,500924,818.0,89,10,1
27,34,1741,231,218,4.4,1.2,125125,36427,2.4,2657,1771130,86
63,53,3813,370,277,8.58,18.96,267107,84420,2.0,137,982794,71
3,0,1513,111,55,2.0,2.2,27360,16241,1.0,1544,1084026,91
22,30,239,24,32,0.2,0.2,16918,31674,1.6,2179,1776491,90
6,2,1562,183,116,0.2,0.2,244700,29933,3.0,572,1076589,93
35,26,4039,410,255,2.0,1.4,135818,111308,4.2,8216,1373632,79
4,2,2065,171,133,1.6,1.4,47486,64173,2.5,531,1059970,89
1,0,265,80,32,0.4,0.4,108156,11835,2.2,4187,1840552,97
1,1,2033,553,142,0.2,0.6,327246,254291,2.4,267,1382013,89
34,34,2883,447,396,7.78,2.0,225955,20663,3.2,260,1734611,73
23,15,4420,229,168,1.6,10.4,86381,69422,7.8,153,1292285,78
33,40,1774,89,57,0.6,0.6,209087,17601,1.0,6845,1864867,93
46,0,3871,726,696,1.8,0.8,132101,114754,3.2,185,1046607,78
30,41,1972,156,137,0.4,0.4,108058,183512,6.0,141,1053814,88
15,23,148,9,19,0.2,0.2,425,9693,1.0,6033,1855592,98
0,0,199,24,19,0.2,0.2,4935,9164,1.0,7276,1847232,98
2,0,1567,133,137,0.2,0.2,41338,73068,2.0,6175,1727312,96
1,0,465,25,31,0.8,2.4,4507,8507,1.4,416,1753565,96
2,1,2675,143,94,0.2,0.2,304215,19274,3.0,690,1757880,81
1,0,4813,428,200,0.4,1.0,37103,65163,1.0,253,1129515,85
6,0,658,54,31,2.6,2.6,95966,38156,1.6,2625,1795446,79
0,0,767,38,41,0.2,0.2,960,6172,1.4,975,1761416,91
15,23,200,16,19,0.2,0.2,3376,1612,1.0,7250,1861542,97
5,1,3506,350,189,1.0,1.0,162808,119490,2.6,2354,1397294,83
57,34,4103,738,398,6.8,4.8,945180,528524,796.0,73,27,0
19,15,934,96,78,1.6,1.4,69777,88143,1.0,265,991232,89
4,0,1012,137,112,2.6,0.8,78025,6260,1.6,587,1742296,86
34,49,481,46,40,0.4,1.8,4978,18275,1.0,243,1026964,96
8,2,4496,237,166,1.6,3.59,104263,34799,7.2,1107,1304056,79
74,0,6835,377,188,20.12,59.56,274532,34446,1.5,168,1100449,46
3,0,4505,269,154,0.6,0.6,144699,54580,1.0,478,1128262,85
2,0,2735,330,174,1.2,3.99,293121,31777,2.0,368,1097134,86
9,8,803,104,59,1.0,1.0,177891,38416,2.2,1614,1811498,87
23,2,6172,781,624,10.4,3.4,746908,166202,134.0,55,45,0
6,0,2000,275,268,3.0,1.2,114746,112680,2.5,429,1058998,86
0,0,3028,807,601,0.2,0.2,13703,22683,2.2,1183,1719400,88
3,1,903,107,86,2.2,2.0,61943,151411,1.4,5507,1840805,90
12,3,4338,319,246,1.6,2.2,346697,139861,6.4,465,1290687,76
1,1,7299,305,185,0.2,0.2,87654,47922,4.0,329,998792,82
44,43,985,148,130,0.2,0.2,29097,34174,1.4,219,990363,92
23,4,3769,296,176,5.6,9.8,505747,46865,1.3,154,1005171,68
53,8,5116,612,442,12.6,8.2,266963,24095,5.8,2778,1536829,63
1,0,1892,122,124,0.2,0.2,47850,53271,2.0,268,1725296,97
8,0,1921,78,64,7.19,21.16,21268,34032,1.0,603,1079904,77
1,0,1611,66,70,0.2,0.2,16723,50242,1.3,581,1019464,96
2,0,1506,222,165,2.0,0.8,339023,59833,2.5,465,1012653,90
1,1,1345,223,192,0.6,0.6,198703,293578,2.6,121,1375446,91
84,47,2579,355,292,2.0,2.0,289199,192469,1.0,998,1093544,79
1,0,1412,112,121,0.6,0.6,32016,40720,3.0,2511,1701450,91
2,0,975,111,56,2.4,2.4,54087,18420,1.8,276,1749632,94
43,55,2386,247,221,3.39,1.2,99913,23227,1.0,141,1064891,86
2,0,723,130,66,2.2,2.2,533645,223278,2.6,2107,1817314,75
18,28,187,15,14,0.2,0.2,546,5216,2.0,578,1710862,98
7,4,3722,160,135,0.8,0.8,21245,32319,1.5,160,968381,91
13,2,5872,503,253,1.8,6.4,210122,87588,7.6,295,1307861,80
39,19,4517,228,175,5.0,23.6,359751,160929,4.6,696,1640552,71
0,0,248,16,29,0.6,0.4,800,7862,1.8,970,1757734,89
7,4,2241,235,202,0.4,0.4,127621,35747,391.0,88,12,0
0,0,802,28,31,0.2,0.2,4235,54696,1.0,6799,1853384,98
252,267,4146,614,470,3.4,3.0,191240,107303,1.0,350,1089149,78
6,2,239,35,31,0.2,0.2,109650,6671,2.0,4694,1847805,97
3,0,2031,104,90,0.4,1.6,6882,32301,1.0,595,1021051,94
11,2,4396,232,298,0.8,5.98,416339,513414,3.4,227,1003385,78
188,203,2150,153,121,6.19,16.77,38701,18975,1.0,174,1101199,78
1,0,2481,262,205,0.2,0.2,9731,44698,2.5,634,977747,91
13,11,3085,406,273,1.4,4.2,342384,133641,1.0,193,1101050,82
57,75,2117,313,205,0.8,1.4,232233,84426,2.0,133,1055830,88
34,46,1888,171,118,1.2,3.01,30939,20025,2.0,332,1106624,88
6,1,2505,170,159,0.6,0.6,417374,113156,5.4,3031,1540722,88
0,0,522,64,136,0.2,0.2,183839,147631,1.4,214,1747157,95
44,37,3700,488,295,3.2,4.4,233145,128026,1.0,195,945811,72
14,4,1575,358,236,2.2,1.8,468846,173574,1.0,362,1070280,88
18,15,1747,142,74,3.39,5.78,216979,50870,3.6,197,1014610,80
3,2,933,66,74,0.4,0.4,5198,20851,1.5,3042,1013574,95
4,1,2377,190,78,0.4,2.0,41003,36190,2.0,347,1527106,95
2,1,2818,186,177,0.2,0.2,256228,245958,2.4,227,1519582,89
19,25,197,15,18,0.2,0.2,7457,4595,1.2,7548,1870232,97
4,2,2131,218,178,0.6,1.0,11474,60333,1.0,1108,1123651,90
208,223,4083,309,198,5.6,17.2,783601,139522,3.2,172,1095856,66
13,0,2093,98,74,0.4,1.8,39697,6783,3.4,5549,1410350,91
1,0,1674,110,78,0.6,0.6,17273,50639,1.3,180,1129784,93
19,7,6892,355,202,2.2,8.8,172921,81519,4.2,943,1631170,74
7,2,3855,274,191,1.2,2.0,130110,115049,3.4,3078,1548314,89
1,0,2498,135,77,0.4,0.4,45680,30423,1.2,1903,1752755,94
3,1,1329,131,74,1.0,1.0,115563,85464,1.0,232,1054184,90
33,47,2047,86,79,0.2,0.2,49666,33156,1.4,177,1744294,92
11,3,5890,418,292,1.0,3.4,239153,95900,5.4,1169,1333459,84
15,20,774,59,65,0.4,0.8,55367,45091,3.0,1782,1074698,93
5,0,3291,265,173,4.4,3.6,203625,41092,3.4,724,1516834,84
0,0,946,67,43,0.2,0.2,121879,14862,2.3,766,1032696,97
3,1,357,27,14,1.8,1.8,44160,13197,1.0,7793,1868872,92
82,2,4146,436,204,0.6,1.2,213852,125542,6.6,1149,1305397,81
17,24,807,47,65,0.4,0.4,2688,13620,1.5,701,1037450,93
4,1,2237,278,169,0.6,0.6,156950,85934,2.0,451,989412,90
1,0,1760,184,192,0.4,0.6,289863,262582,1.5,684,1044353,84
38,0,4582,288,141,10.22,29.06,639671,86484,3.6,142,1098099,63
3,0,2457,226,203,3.39,2.59,87333,56444,1.0,192,1122643,86
31,51,1162,84,103,0.6,0.6,40639,145846,2.2,4670,1726842,93
14,1,2111,350,336,5.59,3.99,375410,225367,3.5,168,1042622,83
5,3,3239,127,143,0.4,0.4,21107,210168,2.6,226,1519560,88
1,1,2609,117,89,0.4,1.0,14928,84242,5.0,332,974861,93
2,0,3693,118,110,0.8,2.0,45770,27854,1.0,1057,1055381,90
3,2,1626,139,84,0.6,0.6,105625,67257,2.2,852,1717360,95
1,0,3289,96,87,0.4,0.6,9591,19138,1.8,1352,1749926,85
11,1,5233,687,559,9.42,4.61,315760,73309,1.0,283,1000053,63
3,1,4821,236,258,2.0,9.38,83870,479867,2.0,963,1037206,80
1,0,3290,360,240,0.6,0.6,49705,52288,5.0,163,1098061,85
18,2,2535,332,162,3.8,3.8,535709,83384,5.6,548,1298520,86
89,99,1232,232,231,1.6,1.8,440049,450751,327.0,87,13,0
2,1,313,33,28,0.6,0.6,172272,26701,1.4,6748,1865980,95
15,1,4171,681,474,9.2,4.0,446678,105973,6.8,964,1539776,70
5,0,8158,536,245,1.2,1.2,326530,205427,4.6,1207,1329096,85
15,1,3969,304,258,0.4,0.2,542851,473805,1.8,138,1007989,73
2,0,1708,129,96,1.2,1.8,20244,18736,1.8,303,1085696,92
0,0,658,51,47,0.2,0.2,4331,8920,2.0,3140,1707714,98
2,1,1536,133,110,1.4,3.8,24308,22390,1.2,162,1102811,91
6,5,1774,110,76,0.4,0.6,18733,21187,2.6,442,965008,93
4,1,4182,770,659,2.4,1.6,522993,475727,1.0,842,1130637,79
42,36,2071,326,587,3.59,8.38,153277,50719,1.0,313,1013351,85
8,0,3540,382,347,7.39,2.0,187167,18673,2.8,8310,1860712,80
6,6,2945,327,214,0.4,0.4,262196,54753,1.0,135,966686,87
10,0,2301,180,77,7.4,24.4,143010,16978,1.8,264,1089357,74
5,0,3426,275,269,3.2,1.0,81449,18478,3.4,844,1720685,84
1,1,2044,115,89,0.2,0.2,6558,20569,1.5,128,1020136,93
3,0,943,119,116,0.8,0.6,34217,32924,531.0,93,7,0
20,7,4531,397,305,3.59,1.8,408514,24179,1.8,1962,964972,82
7,0,2365,205,176,3.0,1.8,74832,63129,1.0,482,1059445,85
2,0,4424,259,230,0.4,0.4,61058,99269,3.4,466,1061705,88
5,0,2628,152,133,1.6,1.4,208287,177679,2.6,2657,1648291,94
9,1,1983,193,120,2.6,1.8,265901,36296,2.2,152,1122034,83
29,38,7089,381,371,0.4,0.4,23628,70543,2.0,780,1063819,83
8,7,3129,140,118,1.4,2.2,70014,36333,1.0,654,991731,87
52,72,2227,237,162,0.4,1.8,186688,22599,1.3,198,1100078,88
41,36,3265,527,470,9.78,2.79,255950,13672,2.6,7304,1859067,73
1,0,223,13,21,0.2,0.2,5489,70655,1.0,7369,1862755,98
27,26,2339,118,119,0.2,0.2,36205,118269,2.4,843,1644499,95
10,0,2045,322,283,6.0,1.4,168307,29811,1.4,346,1741760,82
2,0,192,11,30,0.2,0.2,464,22942,1.0,6231,1856718,99
3,1,694,105,29,2.4,2.4,468844,13454,2.4,11175,1870992,86
2,1,3560,195,195,0.2,0.2,64062,44007,1.3,172,1052894,89
9,1,3468,339,138,0.6,2.0,82704,26937,1.0,196,991962,90
2,1,1804,90,94,0.4,1.8,31422,86746,4.6,2120,988291,96
12,11,4904,189,184,1.0,2.4,475481,69264,1.3,120,1009396,81
18,15,3448,173,118,0.4,0.4,35249,49677,5.0,169,1519323,91
2,1,1806,125,86,0.4,0.6,55432,53360,1.0,180,1129489,93
10,9,3362,172,192,0.2,0.2,422528,189987,4.4,3634,1341744,92
184,25,3797,251,240,1.8,3.79,150508,116593,3.4,309,1327385,88
190,36,3506,550,440,3.4,1.0,264051,173799,1.0,137,1017334,74
17,13,3587,342,223,2.81,4.01,509515,315743,2.0,189,1040996,80
22,17,1893,138,110,0.8,0.8,141423,58049,1.5,122,968677,89
3,2,3798,389,219,0.8,2.0,129830,163040,5.6,1914,1005442,83
7,5,2322,259,169,0.4,0.8,620416,636285,1963.0,88,11,1
4,0,4412,521,252,1.0,0.4,940869,73413,1.5,500,1074803,84
34,48,3941,283,270,1.8,0.8,194163,352420,2.6,882,1372090,87
9,0,3153,274,209,8.6,4.4,161102,12945,2.8,4265,1727141,77
29,42,3746,162,116,0.4,1.0,216431,126334,2.4,330,1015565,90
2,1,1584,95,113,0.6,0.6,44283,95737,2.0,272,1535600,95
3,1,726,101,94,1.8,0.6,66252,29809,1.4,7267,1864941,95
18,27,141,8,10,0.2,0.2,1028,9290,1.0,11972,1884990,98
9,3,3120,405,277,1.0,1.79,162000,110195,2.0,566,1068770,87
1,0,1437,68,62,0.8,1.2,13136,18208,1.0,136,1061994,95
11,8,2549,192,134,2.99,3.99,274418,39942,1.5,383,1015162,87
12,0,3360,515,375,8.0,2.2,966822,60723,3.6,3182,1769629,69
5,4,1568,68,102,0.2,0.2,42053,30000,1.5,313,1016542,92
2,0,326,55,42,0.4,0.4,1323,6704,2.0,6353,1724304,98
4,0,3538,315,229,3.2,6.2,308752,33198,1.0,125,1100429,76
335,242,2930,274,590,0.2,0.2,24372,228660,2.2,338,1713718,83
10,1,1564,157,137,0.6,0.6,184137,59736,1.3,485,1067194,93
26,2,5900,1094,1036,5.4,2.6,1143194,743917,2.0,859,1055504,68
8,2,3907,359,271,4.8,1.4,164803,29992,2.6,288,1709192,83
55,76,4119,285,206,1.6,2.8,126303,102504,1.0,283,982560,79
6,1,2745,152,117,1.0,3.8,12744,32916,1.0,1343,1113069,89
7,4,3338,734,110,1.0,1.4,2408325,41666,1.7,2443,1088307,85
34,48,1648,267,223,0.2,0.2,13279,37860,2.2,2935,1736318,89
1,0,1310,141,134,0.4,0.4,90515,24380,2.4,133,1119430,90
0,0,1076,71,140,0.6,0.4,71539,48756,3.2,135,1443416,94
7,1,1950,180,97,5.99,6.19,397379,148245,1.6,365,1005349,74
9,0,3034,446,397,8.2,2.2,210022,18396,1.4,1532,1747277,80
11,11,3893,363,99,0.2,0.2,111535,50786,3.0,130,997800,90
1,0,3235,358,357,0.2,0.2,507366,535487,1.7,101,1063947,78
3,2,1126,136,106,0.2,0.2,11318,27334,3.0,422,993879,96
58,73,4483,795,436,1.4,2.8,124437,16244,3.8,373,1536698,77
627,8,1183,17,32,0.2,0.2,5068,43710,1.2,5768,1848389,86
4,0,2174,223,169,1.2,1.8,103138,87018,3.2,2525,1540277,90
17,7,2341,230,141,1.6,3.8,339842,27019,2.2,718,990224,89
1,0,2647,330,336,0.4,0.4,149828,80133,2.6,1659,1709059,85
2,1,2912,250,217,1.0,2.8,141678,400483,3.0,290,1375298,87
36,55,4085,156,137,0.2,0.2,8149,6247,2.2,794,1447821,94
5,2,1198,280,164,0.4,0.4,107936,28463,5.0,1457,1071050,90
32,31,603,76,64,2.0,1.8,112623,55035,1.2,509,1802803,85
4,4,2113,101,153,0.4,0.6,8068,356041,2.2,294,1391992,92
3,0,2015,204,75,1.0,1.2,283228,16189,1.7,125,1064920,88
35,10,6454,468,156,6.2,14.2,169118,55350,8.4,161,1301640,63
23,32,3355,234,111,1.2,3.0,155241,126756,5.4,4018,1606019,88
2,0,4242,212,163,0.4,0.6,97711,77021,1.6,519,1069346,89
44,53,4539,586,371,6.6,2.6,416014,21148,3.5,224,980310,73
44,53,3236,552,553,3.2,1.4,436934,459568,2.8,623,1059738,80
4,0,1805,151,143,2.0,0.6,102862,78396,2.4,4755,1726893,90
0,0,1944,114,133,0.2,0.2,10959,36319,2.0,136,1053427,94
3,1,3384,544,386,0.4,1.79,26014,38071,2.2,6153,1723610,89
3,0,3471,187,95,1.6,2.4,283979,13036,1.8,421,1734499,89
1,0,845,63,56,0.6,0.8,13187,19673,1.0,671,1033102,94
5,2,1918,140,109,0.8,0.8,123435,146039,2.4,2156,1550651,94
94,91,3302,370,149,0.8,2.59,303202,60139,1.2,174,1126315,85
10,1,2028,229,140,1.2,1.2,128849,44653,1.8,125,1068635,86
1,0,5744,168,190,0.2,0.2,51175,189975,1.2,312,1013458,89
7,0,3084,163,183,0.2,0.2,8727,40144,3.0,131,1041432,92
4,1,1751,148,125,0.6,2.0,419384,40810,6.4,2621,1378523,86
11,1,4579,228,149,1.6,1.6,117336,61540,3.2,1838,1391714,85
7,1,2544,135,126,1.2,2.4,69693,23159,4.0,2892,1375262,91
3,0,917,109,106,1.8,0.6,45919,21664,1.0,243,1750581,91
0,0,951,66,70,0.2,0.2,2473,33786,2.0,289,1059456,97
47,36,1401,140,112,1.79,3.17,113759,41443,2.0,269,982138,90
23,11,7183,819,707,10.78,5.79,619588,328356,1.8,821,1012409,59
2,1,161,15,15,0.2,0.2,20785,8860,2.0,3688,1822496,97
5,3,1926,417,175,0.2,0.6,271043,264934,4.2,2412,1574105,89
10,3,3768,463,264,2.2,0.8,235474,60534,1.0,157,1099117,81
14,7,2823,194,119,1.4,3.6,195576,114991,2.4,1996,1548301,88
10,9,1750,84,58,0.4,1.8,25590,25581,1.3,1513,1079473,93
60,73,3005,131,96,2.0,1.8,47890,31396,4.2,133,1016803,85
7,4,2490,262,123,2.0,7.4,95775,26881,8.6,143,1021181,85
1,0,1084,91,63,0.2,0.2,11951,22614,3.0,622,1016328,95
8,7,1658,141,80,0.6,1.0,147920,20071,3.0,557,996139,88
15,20,413,38,23,2.2,2.2,80964,22418,1.2,6812,1855458,88
1,0,2370,155,81,0.8,0.8,57350,58671,1.2,500,1757933,89
4,3,294,29,54,0.6,0.4,45310,30398,1.4,7511,1870499,95
25,2,5086,335,283,9.8,28.0,723823,61615,4.2,170,1098459,60
4,1,5301,448,310,3.0,1.8,97917,10751,4.2,228,1388955,82
0,0,135,8,10,0.0,0.0,981,8307,1.0,12012,1892571,99
1,1,198,18,22,0.2,0.2,7045,10484,1.2,7352,1869571,98
2,0,2253,353,176,0.8,1.2,387419,31544,1.5,172,1050558,85
0,0,1892,143,102,0.2,0.2,268383,61995,1.5,197,1016394,93
19,15,3163,285,168,0.4,0.4,154297,104602,2.5,265,1123963,87
2,0,603,114,66,1.8,1.4,389786,275961,2.4,3573,1821803,90
1,1,1028,49,48,0.2,0.2,93613,102306,1.2,8439,1837168,93
9,1,2369,297,170,1.4,3.2,210369,145662,3.6,1163,1545403,86
80,111,2618,316,191,0.8,0.8,616266,107389,3.2,468,1028564,83
3,0,1514,58,51,1.0,1.0,43703,26727,1.0,208,1001206,94
8,1,2549,129,107,1.6,1.8,6665,50010,2.0,1224,1636050,94
25,1,4418,301,153,5.8,15.0,315550,53801,3.4,123,1100149,67
3,0,2201,201,74,0.4,1.0,111582,23487,3.6,139,1112096,90
11,2,4053,131,92,2.0,1.8,229531,74623,3.4,1084,1516277,81
46,64,4783,357,165,2.4,2.2,195220,149556,2.8,172,1120559,80
0,0,132,6,9,0.2,0.2,416,4514,1.0,7739,1880280,99
23,6,7129,691,516,8.58,2.59,758159,113632,3.2,152,1076744,66
34,17,5783,194,164,5.4,15.8,204070,43945,2.0,168,1011917,77
6,2,2040,121,112,0.6,0.6,38688,60507,1.0,1201,1111232,92
0,0,225,50,30,0.2,0.2,312021,297905,2.2,1314,1762008,98
9,6,7811,245,195,2.4,9.4,86551,20758,4.6,1932,1386678,73
15,5,7183,845,609,9.98,6.99,314269,47208,8.6,241,1436899,50
10,6,2502,226,83,0.8,1.6,319639,286931,3.2,3079,1345570,95
3,1,4361,266,219,1.0,1.2,106745,199509,1.8,238,1001872,81
1,1,1242,279,120,0.2,0.2,356664,349244,2.8,1934,1759984,95
8,7,3288,257,175,0.2,0.2,34842,45553,2.6,259,968504,87
2,1,4024,175,169,0.2,0.2,24876,223160,2.6,1236,1395318,90
36,49,1394,117,94,0.6,2.0,39790,23048,1.0,159,1098501,92
6,1,504,80,34,2.2,3.6,53037,22287,1.2,7970,1877981,95
29,41,1607,95,66,0.2,0.2,7241,24019,1.7,935,998152,92
18,5,2148,302,182,3.01,4.61,1238843,954679,135.0,87,13,0
6,6,1143,100,67,0.4,1.0,92840,29857,1.0,676,991750,95
50,59,1547,185,141,0.6,0.4,39002,26888,4.6,733,1057994,93
4,2,3812,297,147,0.4,0.4,394794,88076,3.0,1207,1536325,86
1,1,194,15,23,0.2,0.2,585,16000,3.0,579,1710640,97
1,0,2430,90,78,0.2,0.2,4435,17861,1.0,156,1069491,93
0,0,600,127,158,0.2,0.2,29801,52413,2.0,2019,1730618,96
4,4,517,109,40,0.4,0.4,138351,146506,3.0,1098,1749926,97
0,0,403,164,56,0.2,0.2,194739,212276,2.2,1363,1745691,95
8,0,3791,399,369,5.8,5.2,232803,99600,1.0,960,1050710,75
6,2,3626,212,182,1.0,0.8,37579,53591,3.0,2002,1532208,89
0,0,4891,153,138,0.2,0.2,19710,94854,4.2,327,976960,87
21,9,5903,165,114,3.2,10.4,70199,59637,4.6,6628,1409661,72
2,0,457,48,37,2.0,2.0,65518,74456,1.0,6493,1851952,90
5,2,4903,333,267,0.4,1.8,15674,63082,2.2,3025,1640324,90
3,0,2522,167,111,0.8,0.4,30475,141122,1.0,322,1128417,88
0,0,1724,206,157,0.4,0.6,134961,336338,5.6,1883,1601197,90
3,1,654,35,22,1.2,2.2,99031,16033,1.0,8511,1869794,94
2,1,406,41,32,0.2,0.2,3373,7138,1.0,579,1752968,98
4,1,3256,591,502,1.6,3.4,343778,335048,2.3,289,1129867,85
7,1,776,70,47,0.4,0.4,13890,20383,1.0,244,1017748,97
20,15,3672,347,230,0.8,0.8,190433,71105,2.6,419,995144,85
21,0,5553,388,219,0.4,0.6,611792,261670,2.4,130,1006030,73
136,172,2730,272,218,2.4,0.8,115066,41164,5.2,2871,1378723,87
2,0,411,60,67,0.4,0.4,69261,44301,2.2,856,1722466,97
0,0,760,92,54,0.2,0.2,166118,48516,1.2,286,1752392,92
15,2,4106,204,134,12.4,36.2,172102,52177,1.4,134,1081658,60
44,62,1186,110,108,0.8,0.8,119701,57634,1.7,276,974613,88
25,34,3032,325,155,0.4,0.4,375978,40713,3.6,133,1725756,80
42,64,2453,423,669,1.4,2.2,474034,140393,2.6,2592,1733226,82
3,1,4426,576,403,2.2,2.4,231193,329741,2.6,150,1366637,83
14,8,2329,146,92,1.0,1.0,148968,71628,541.0,88,12,0
3,2,1042,93,71,0.4,0.4,85904,36139,2.2,1566,1538107,94
28,26,4492,312,135,1.8,2.2,231071,29774,2.8,441,1379102,88
5,1,2598,182,69,0.6,1.2,756698,13776,2.8,2569,1702059,91
10,2,3408,397,306,5.2,2.2,196093,14080,3.0,236,1435354,79
8,0,3154,148,89,6.81,20.44,128585,37322,3.4,465,1083872,72
12,3,563,27,23,0.8,0.8,20028,13118,1.0,6412,1846159,96
72,91,1320,101,51,0.8,1.0,78153,29519,3.0,1173,1544433,91
0,0,1669,70,59,0.2,0.2,1920,6021,2.2,2913,1413325,96
0,0,227,22,38,0.4,0.2,84629,24638,1.2,6815,1876861,97
1,1,1638,117,48,0.2,0.2,504952,63641,2.0,8385,1838173,95
0,0,2310,163,61,0.2,0.2,8993,50725,2.0,1378,1753942,91
3,0,3940,271,182,1.0,0.8,362811,124977,2.0,443,1075396,87
0,0,1506,114,50,0.2,0.2,4736,18382,1.0,579,1734802,96
4,2,2129,169,184,1.2,2.6,220260,280690,5.0,1332,1613035,87
9,2,2363,217,143,6.99,20.96,170241,56440,1.3,117,1112195,75
13,1,4392,524,392,10.38,18.76,308510,22421,1.5,172,1107251,64
50,71,3455,355,202,0.8,0.8,103830,53977,2.4,646,1516422,88
29,38,486,50,46,2.2,2.2,125028,61574,2.6,10805,1870795,86
11,3,2515,215,140,1.4,2.8,328668,20783,4.2,1027,1122035,83
33,48,246,47,27,0.4,1.2,308390,286630,2.8,5617,1835560,96
19,2,2448,477,269,5.41,5.21,413929,51595,3.0,1418,1074081,80
46,61,2650,143,112,1.4,4.0,58112,39991,1.6,298,1053496,84
164,18,4432,573,222,5.99,8.58,386448,38136,2.2,132,972691,58
4,2,672,99,127,1.4,1.6,65248,516883,3.6,250,1706224,83
128,143,3247,543,172,3.01,5.61,648088,295537,1.7,137,1119484,73
45,51,3855,184,200,1.8,1.8,226375,171511,4.8,1533,1640438,88
0,0,995,34,84,0.2,0.2,13842,375855,1.0,8339,1864704,96
52,48,4380,344,257,0.8,0.6,232167,101473,5.8,228,1294933,88
2,1,450,82,45,1.6,1.6,356547,297275,2.2,3680,1822077,88
9,8,3206,105,70,0.2,0.2,5415,33582,1.2,2912,1011918,92
2,0,2091,74,162,0.2,0.2,37888,206184,2.2,136,1710504,92
28,1,2993,395,210,0.2,0.2,383988,75354,1.6,466,1025397,82
62,59,3502,273,148,2.2,2.4,355154,49921,1.0,965,975280,85
1,1,181,14,13,0.2,0.2,7597,2540,2.0,9908,1866879,98
3,1,1044,32,44,1.2,2.6,54971,146349,1.4,6888,1852709,93
7,6,2446,349,216,1.0,3.41,47815,34294,1.8,385,1100598,87
9,1,8351,1486,1359,8.18,6.79,1327527,1052853,1.2,509,1092029,57
24,1,2888,503,325,6.2,3.2,189565,39458,337.0,78,22,0
13,2,3416,224,175,10.4,35.2,96120,93186,1.3,188,1088254,66
0,0,183,38,21,0.2,0.2,255771,228527,2.8,3652,1819990,97
1,0,2100,78,80,0.6,3.0,66955,32083,2.0,263,1752520,94
12,10,3265,224,102,0.2,0.2,11191,68439,2.4,849,1642790,91
3,2,253,23,24,0.2,0.2,2158,7345,1.0,6613,1859304,97
5,4,1550,257,127,0.2,0.2,10676,41599,2.2,1130,969322,92
3,0,3051,157,115,0.6,0.8,306491,69347,4.2,3108,1539470,90
8,5,2119,175,110,0.6,1.0,73746,40532,2.4,147,1531090,89
9,0,3319,507,432,8.78,2.4,423006,26076,3.6,1526,1773533,75
4,2,2333,195,158,0.4,0.4,70434,44240,1.6,146,1032714,88
10,9,1339,81,74,1.0,0.6,13140,25936,1.8,150,1059384,94
21,18,718,43,47,3.39,3.39,92375,78566,1.6,6210,1848837,85
1,0,2542,138,98,0.2,0.2,8835,17943,618.0,93,7,0
2,1,248,16,22,0.4,0.4,7334,9807,1.0,7550,1870232,97
88,47,3382,347,220,7.39,18.56,360144,142694,1.0,497,1102534,67
159,40,2443,299,262,1.0,1.0,240375,209450,2.8,536,1069565,87
1,0,1012,247,137,0.2,0.2,49962,40693,3.4,427,1061962,93
64,5,2696,317,365,6.81,4.01,226884,117404,1.8,141,1043352,72
0,0,175,10,22,0.2,0.2,2738,21092,1.4,8334,1861017,98
11,15,217,15,34,0.2,0.2,5339,19480,1.0,7292,1875112,98
17,3,2542,176,106,3.6,8.8,51858,26836,6.2,202,1111174,82
3,0,3548,171,145,2.0,3.8,59768,39613,4.6,606,1014917,86
32,28,1946,176,112,1.6,1.6,366407,150365,1.0,205,1081718,81
23,1,6362,527,468,6.57,6.18,386297,115456,5.6,3542,1336048,68
15,13,4405,191,170,2.0,7.0,128411,32278,3.7,187,1001387,85
42,54,4727,393,215,0.6,2.8,684711,703355,4.2,2867,1546402,85
3,1,1909,303,103,1.0,4.01,1150630,27113,2.6,220,1099550,88
97,0,887,135,47,0.8,1.0,845121,35646,4.2,356,1700874,92
3,2,1527,122,145,0.2,0.2,413659,365236,3.0,135,968140,84
24,15,1489,170,105,0.2,0.2,177302,51313,1.0,1061,1082534,93
14,11,3731,238,185,0.8,3.39,145128,69890,1.0,382,992198,90
59,45,1503,113,76,1.8,1.8,322275,27068,1.8,499,1104940,86
4,0,2197,138,131,1.4,2.2,112116,79948,1.0,712,1061429,89
5,3,3618,246,176,0.2,0.2,100084,224588,3.8,181,1519798,89
3,1,5598,221,283,0.4,0.6,98296,532449,1.0,227,1002725,79
22,4,3675,661,464,7.0,3.4,353396,189025,1.0,890,1010875,72
9,7,2014,127,150,0.6,2.2,192523,150917,1.0,182,1068709,91
1,1,185,13,34,0.2,0.2,6994,13808,1.0,6040,1855672,99
46,64,2447,285,150,0.8,1.2,103376,86067,2.3,139,1101517,86
7,5,581,65,65,0.8,0.6,216603,25199,156.0,95,5,0
21,4,3092,242,180,1.4,1.6,122507,16070,2.4,1135,1524046,90
19,5,4770,1638,1563,0.8,2.4,157093,36008,1.0,138,986815,79
0,0,133,7,9,0.2,0.2,438,5817,1.2,8603,1865776,99
14,4,2210,181,144,1.2,1.0,290899,53735,3.5,204,1018000,89
0,0,3414,277,136,0.2,0.2,56625,33528,1.7,220,1127178,88
0,0,870,101,72,0.2,0.2,82498,117368,1.8,1952,1769032,89
31,41,5305,225,177,0.2,0.2,58099,75714,2.0,371,1060971,86
16,23,970,139,83,0.2,0.2,129190,133167,3.2,1448,1756176,93
7,0,2834,43,43,1.6,1.6,110077,45701,2.2,1366,1637480,91
8,6,496,72,67,0.8,2.0,58479,49585,2.0,207,1719907,93
9,2,3602,297,238,3.4,1.0,138967,52594,2.8,3651,1773886,79
99,37,575,176,131,0.2,0.2,114644,105899,2.0,2199,1763296,96
21,6,4489,502,165,1.2,4.39,332391,57132,2.0,722,986702,80
31,28,3930,194,169,2.2,3.0,118913,168930,1.5,349,989998,84
3,1,1875,192,167,0.8,3.59,106247,23835,1.7,457,1089844,90
2,0,3122,276,175,0.4,0.4,42658,49244,2.0,355,1077730,92
0,0,1124,67,55,0.2,0.2,2781,12296,1.8,778,1758064,91
31,43,1918,113,66,0.2,0.2,3987,11048,2.2,5297,1724966,94
0,0,1021,57,48,0.2,0.2,37328,46619,216.0,98,2,0
0,0,927,95,54,0.0,0.0,2205,9319,2.0,2527,1700784,97
49,65,1825,252,107,0.4,0.2,182668,56760,1.0,1875,1092909,88
405,393,3168,295,198,1.0,2.4,990950,37039,2.4,2398,1702935,82
4,1,863,226,78,1.8,2.0,454550,221890,3.6,7015,1835541,87
8,0,3782,498,428,7.2,2.2,181646,22390,1.5,370,1028214,75
1,1,372,25,33,0.2,0.2,7977,18631,1.0,7591,1869464,97
82,44,2342,156,323,0.6,0.6,97904,75368,3.2,487,1320070,94
2,0,1753,123,126,1.2,0.8,30510,22466,1.6,279,1019373,84
22,18,1067,86,74,2.0,2.2,97803,45412,1.8,557,1017241,84
5,2,2929,387,204,2.6,2.6,288065,215294,2.0,315,1130874,81
48,30,4032,470,330,6.0,2.6,655028,68781,7.6,8067,1368011,65
12,16,220,17,21,0.2,0.2,20943,16792,1.0,7425,1866435,97
4,1,5408,239,218,0.8,2.0,320857,97794,3.0,2889,1643259,89
3,1,565,74,42,1.8,2.0,178698,115623,1.0,5270,1839325,90
4,2,1159,104,75,0.6,0.6,13302,26359,1.0,374,1097306,89
1,1,1603,54,60,0.2,0.2,59769,30942,1.0,281,1751058,96
1,0,1547,115,86,1.2,3.4,53184,91654,3.6,458,1094496,86
18,12,2385,334,124,5.8,16.0,928637,33286,2.8,672,1097338,80
88,104,5849,473,441,8.4,16.0,241603,199394,1.0,153,1090811,62
48,2,1184,163,116,0.2,0.2,1336878,51629,3.5,160,1023751,88
30,26,3345,168,136,2.0,2.0,33450,35514,2.6,181,1083288,87
5,1,5473,335,200,1.0,1.0,908732,64771,1.0,480,1074680,85
5,0,1798,107,103,4.2,8.6,53830,50292,2.0,4175,1820453,89
1,1,230,51,32,0.2,0.2,315152,297176,2.4,5589,1835376,98
92,90,2612,243,170,2.6,1.6,67969,57978,3.0,688,1123032,86
1,0,258,35,16,0.2,0.2,186209,43337,1.2,7052,1851499,97
2,0,450,48,30,2.0,2.4,110942,48105,1.0,11884,1888162,90
55,0,4652,302,223,16.17,36.93,180995,29681,1.0,187,1102798,52
0,0,109,10,13,0.0,0.0,278,7934,1.0,8493,1866040,99
21,10,3047,445,208,6.21,7.21,654086,429810,1.6,1526,1037688,75
7,0,4160,267,208,7.2,18.0,244849,21467,3.6,149,1750672,71
0,0,656,46,33,0.4,1.6,1306,14762,1.4,7786,1879430,97
53,78,1163,90,205,1.4,7.6,8742,517416,2.0,1570,1042291,87
48,40,2400,181,175,0.2,0.2,85111,185686,3.0,2089,1643112,89
2,0,438,48,50,1.6,1.6,72567,33132,2.2,1750,1773152,85
50,68,2487,124,80,0.2,0.2,12574,22433,3.4,303,1018837,91
40,62,3236,247,277,0.2,0.2,149105,68558,2.8,270,1135904,87
5,3,2373,250,133,0.2,0.2,121195,73791,5.4,162,1534834,93
13,4,2585,161,76,3.59,13.77,2104670,20704,2.2,185,1104053,67
13,0,4279,235,176,12.22,34.47,289309,30701,1.0,184,1079269,61
191,210,3205,223,186,1.0,1.0,286727,337862,1.5,109,1002637,74
37,37,2799,208,109,1.0,2.4,289700,32274,1.0,174,1070764,88
5,3,3694,611,520,2.4,2.2,723819,282690,2.0,502,1132314,76
11,9,1784,106,65,1.39,3.78,552187,20575,1.0,323,1100151,79
2,1,1424,149,63,2.0,4.6,335886,64486,1.4,8277,1837725,89
1,1,210,15,28,0.2,0.2,26812,13536,1.0,7261,1875328,98
26,36,5731,312,224,0.8,0.8,155004,264757,3.2,249,1383946,81
28,28,2755,385,340,7.82,2.2,249104,74852,2.0,7525,1868382,78
8,0,2363,472,349,3.59,1.2,187907,130569,1.0,432,1060201,83
14,13,3398,511,103,2.2,2.2,125593,29286,1.0,138,1081218,84
25,16,4669,463,327,2.2,1.8,330037,140092,11.0,146,1304138,70
37,7,4774,232,157,4.4,6.2,522823,107871,4.8,377,1527138,69
0,0,131,6,10,0.2,0.2,419,6684,1.0,1913,1781405,99
1,0,436,45,31,0.4,0.4,34266,8778,2.0,835,1722474,96
1,1,876,83,83,0.2,0.2,15661,15976,1.0,242,1014240,96
33,5,3679,349,285,3.99,2.99,483452,152847,2.0,594,983668,74
14,9,4058,263,227,7.01,4.41,173227,92769,2.0,293,1123827,75
2,1,4569,334,195,0.2,0.2,14031,82179,2.0,587,1077120,87
23,29,415,34,56,0.2,0.2,28673,57303,1.2,2212,1772588,93
23,21,2218,123,88,0.4,0.4,175316,24270,3.8,8833,1369906,87
0,0,339,49,10,0.2,0.2,15123,3804,1.0,7110,1873408,99
8,1,2168,339,279,7.19,5.19,405747,214249,3.2,3646,1816136,80
7,6,3970,367,169,1.4,3.2,580469,69074,3.4,415,1095523,82
11,2,4116,573,357,8.18,23.35,112691,58567,1.5,256,1075701,64
4,1,444,44,19,2.4,2.79,81225,19035,1.0,11399,1877732,88
5,0,594,107,67,2.0,2.0,46657,16271,2.0,1263,1767294,88
8,0,2928,495,380,6.8,1.8,468904,99160,5.2,1534,1755962,79
14,0,2339,181,121,3.4,3.2,89211,45547,4.0,723,1106075,85
182,199,1134,210,73,0.6,5.41,1011772,54133,1.0,429,1032951,92
9,2,2174,283,182,4.0,4.4,111934,46051,4.8,214,1055130,81
3,0,3579,223,216,2.8,1.0,75101,141958,5.6,443,1015458,85
24,11,4818,143,84,2.6,8.2,372082,92551,3.4,978,1541931,76
0,0,201,17,22,0.2,0.2,23893,34205,1.0,2839,1773744,97
1,1,369,184,51,0.2,0.2,311998,299575,2.2,5714,1832986,97
0,0,148,8,15,0.2,0.2,423,3942,1.2,6458,1871616,98
45,59,1734,124,100,0.6,1.4,19784,25273,2.0,187,1085952,90
3,1,802,52,65,1.2,3.2,56074,212985,1.2,6933,1852528,92
2,0,497,57,59,2.0,2.0,54089,32755,1.0,3650,1822097,84
2,0,1067,112,118,0.4,0.4,60677,38355,2.8,315,1061732,94
10,1,3338,478,417,8.6,2.4,328815,18709,2.8,7381,1874141,78
47,27,3614,297,224,2.4,9.6,268558,149443,6.2,334,1315598,75
31,46,3827,330,155,0.4,0.6,372450,49765,1.5,255,1117835,85
2,1,3456,199,143,0.2,0.2,13373,19947,4.0,459,1316662,91
7,2,2576,157,118,0.4,0.6,317672,104149,1.6,147,981075,87
6,1,2425,311,213,1.0,1.0,475421,340088,4.6,897,1600730,86
0,0,216,32,27,0.2,0.2,3001,23146,1.0,925,1742603,98
1,0,362,37,82,0.2,0.2,90723,86835,3.2,990,1716496,96
1,0,1493,118,45,0.2,0.2,466559,7214,1.0,1059,1746774,95
5,2,2282,166,124,0.4,0.4,97019,25076,1.8,500,974101,91
3,0,2095,118,91,0.4,0.4,317741,97914,5.0,410,1522066,90
10,1,6019,337,282,0.8,0.8,121389,385351,1.0,289,983114,80
2,2,1479,213,153,0.4,0.2,88759,45182,1.7,638,1120110,93
21,24,333,35,29,0.8,0.8,50320,9400,1.4,1803,1781719,94
6,5,367,72,62,0.4,0.4,2927,13606,1.0,137,1753517,97
78,94,3863,148,123,11.22,32.26,74522,27955,1.3,530,1095466,66
1,1,1107,47,26,0.2,0.2,9887,13536,1.0,8188,1836408,97
2,1,870,52,28,1.0,1.6,232556,8611,1.6,5310,1832723,93
3,0,830,113,99,2.0,1.0,167001,95606,2.6,743,1715010,92
34,1,3060,162,85,7.41,23.25,47325,22144,3.4,193,1113364,72
4,3,3282,257,187,0.8,0.8,64145,281762,2.8,134,1010344,88
19,6,1985,190,110,1.0,1.0,259376,68790,1.5,287,986922,90
0,0,1425,92,53,0.2,0.2,214550,15664,1.0,2191,1009408,95
1,1,160,14,16,0.2,0.2,7007,8363,1.0,8496,1866056,98
20,24,1267,213,169,3.2,1.0,391564,267529,3.0,3657,1819818,89
1,0,325,62,27,0.8,0.8,324311,181984,2.4,5669,1836762,96
0,0,210,30,25,0.2,0.2,3772,9781,1.8,1187,1766979,93
32,47,1389,170,96,0.2,0.2,398035,25963,1.0,1473,1093851,90
11,0,1118,64,51,3.0,4.6,53934,16807,2.0,285,1070042,89
47,0,2824,150,111,12.0,35.0,85212,42485,3.2,198,1096288,65
2,1,162,12,15,0.2,0.2,7609,14038,1.0,6356,1848880,99
12,5,1519,109,69,1.4,1.4,276516,244145,5.4,2520,1548502,93
1,1,214,16,20,0.2,0.2,7013,6313,1.0,7246,1863656,98
3,1,3081,286,212,0.8,1.6,411248,548836,1.6,902,1033120,86
2,1,205,23,21,0.2,0.2,11019,5549,1.0,7116,1847163,96
19,15,981,132,115,0.6,0.6,36934,56799,1.7,566,975364,91
2,0,3952,272,185,2.4,4.19,108374,56949,1.0,173,983393,85
7,6,1144,176,107,0.8,2.2,139134,20153,1.6,124,944686,84
3,1,794,32,32,0.6,0.6,25397,10264,1.0,8565,1883538,96
3,2,1872,114,94,0.2,0.2,93509,29910,1.0,874,1054637,95
15,9,5763,322,275,4.2,3.4,225329,158009,6.2,1164,1614413,78
47,70,791,110,59,0.2,0.2,10027,11437,1.8,658,1759344,90
22,31,1564,89,75,0.4,0.4,31239,39031,367.0,95,5,0
6,0,2719,136,105,1.0,2.4,50963,25627,5.6,6421,1404078,88
61,68,1450,213,112,1.4,2.0,211900,201633,3.6,2599,1580109,86
1,1,318,19,40,0.2,0.6,32972,12604,1.0,6454,1871424,97
15,1,5710,410,307,11.0,26.0,313576,11481,5.4,1758,1399382,62
8,4,2359,160,112,1.2,2.81,166388,43275,1.0,249,1125539,86
2,0,386,42,14,2.2,2.2,92461,20544,1.6,9145,1879085,88
13,10,1030,113,93,0.4,1.8,18024,24547,1.6,357,942938,85
1,1,772,66,48,0.2,0.2,3479,22449,1.0,441,1021113,95
3,0,3562,228,151,1.2,1.8,453897,79788,3.4,1127,1044126,86
2,1,1776,69,67,0.2,0.2,5274,52246,2.0,3173,1657160,97
0,0,2376,87,69,0.2,0.2,2851,3983,2.0,316,1709720,93
32,10,2843,330,185,7.58,4.79,243642,129323,6.2,1048,1553491,77
9,2,6177,232,182,1.6,1.6,133249,65281,3.4,259,1458397,83
1,0,928,115,89,0.4,1.4,4969,17251,5.0,889,1063856,95
8,2,2896,220,181,1.8,0.8,94102,87033,1.0,232,1080682,88
5,4,2207,178,98,1.0,2.2,34542,25834,2.2,1111,1128755,89
43,53,1012,250,147,1.0,3.61,1635551,1526410,147.0,90,10,0
1,1,1115,36,29,0.8,1.6,24117,49679,1.2,8171,1838451,96
1,0,266,50,40,0.2,0.2,986,7095,2.0,6343,1724179,97
6,1,7448,1590,1544,4.4,1.6,1349215,1292798,1.7,725,1113125,60
1,1,3835,268,146,0.2,0.2,361961,76683,2.4,207,1446538,91
3,0,1391,56,37,0.6,0.6,91372,17434,1.5,1600,1022271,95
222,217,5397,422,285,1.0,3.59,312033,283788,4.0,131,1326418,82
29,24,1681,145,91,4.0,4.4,86683,32474,3.0,172,999750,86
10,7,4379,244,151,2.2,2.2,80140,41270,2.5,2584,1014251,86
2,1,2161,208,121,0.0,0.0,8981,30912,2.2,287,1537754,95
37,55,846,70,81,0.2,0.2,21396,43922,1.0,703,1060514,96
48,46,1392,216,143,2.2,2.59,37374,28050,2.5,301,989464,89
22,27,2478,303,247,4.2,1.2,124481,20933,1.8,1520,1747144,86
3,1,2669,147,111,0.4,0.4,416802,208804,3.0,178,1518803,93
0,0,3657,230,131,0.4,0.6,350733,241407,5.4,1594,1615850,92
0,0,918,85,102,0.4,0.4,12093,24617,1.6,402,1060733,96
53,65,1017,176,68,3.19,2.99,81296,8662,3.0,511,1707930,87
7,0,3237,403,344,6.6,1.8,242204,61619,2.4,7714,1871030,79
4,0,2056,93,100,1.0,1.4,12514,71606,2.0,2976,1654442,94
9,8,1824,134,112,1.0,2.2,47048,50902,1.3,213,1019315,93
19,17,3516,243,200,0.2,0.2,11558,30861,132.0,87,13,0
16,12,3007,178,134,0.6,0.6,39887,66967,2.4,361,1628362,92
16,1,2142,215,147,4.6,9.8,256517,58279,2.5,554,1040491,78
1,1,2197,237,135,0.6,0.6,134759,106978,2.0,2186,1006133,87
60,84,2475,210,73,1.8,2.0,400236,26803,1.0,583,1070709,87
7,0,2144,344,296,6.6,1.8,203939,12761,2.6,7276,1846826,85
16,23,172,22,10,0.2,0.2,105725,6405,2.2,3688,1822496,97
2,0,3583,179,119,1.4,1.6,100395,31497,2.6,1371,1753816,82
1,1,1630,59,92,0.2,0.2,22811,383465,1.2,8358,1864774,94
7,1,1071,50,60,6.2,9.6,27162,193369,1.8,6829,1852869,85
8,1,2004,174,114,6.4,21.0,179671,17740,1.5,157,1103323,76
2,0,2585,203,145,0.6,0.6,329604,126738,1.0,451,1057294,86
71,80,1052,221,157,0.4,0.4,145004,48770,896.0,89,11,0
13,0,3583,179,136,1.39,1.59,170092,94875,3.2,566,1059437,83
3,0,2271,199,284,0.6,0.6,189869,199051,3.2,294,1047448,86
3,1,447,45,37,1.8,1.8,142564,25634,2.6,149,1783752,87
1,1,280,45,13,0.2,0.2,259511,5734,1.6,5271,1856600,97
3,1,2265,189,112,0.4,1.8,238639,32278,3.8,594,1076909,91
19,7,3762,216,131,3.0,8.2,302582,73496,3.8,441,1527320,79
1,0,2666,245,150,0.2,0.2,91155,77414,1.5,497,1058100,84
755,207,9934,2396,1645,7.4,3.4,1494946,1312695,6.8,151,1307638,57
67,81,2332,195,120,0.4,0.6,159456,25770,1.4,129,1041139,90
5,1,3584,133,157,0.2,0.2,7705,88398,1.0,686,1058842,90
116,52,1417,197,142,3.6,6.2,165098,108109,1.0,311,982754,84
2,0,1119,83,53,0.8,1.4,27734,18778,1.3,665,1064901,94
0,0,1855,175,161,0.4,1.8,42276,22413,1.0,274,1089161,92
12,17,1140,54,45,0.2,0.2,89639,38819,1.0,567,1752966,91
19,7,4247,337,240,1.6,2.8,372442,147253,1.0,158,1006832,74
2,1,1133,183,134,0.2,0.2,194225,21523,667.0,94,6,0
60,76,1376,201,92,0.8,1.2,153571,52010,1.0,1811,1006641,87
1,1,301,43,32,0.2,0.2,20290,4785,2.2,147,1716640,98
6,0,4513,278,170,1.2,3.0,192102,71682,1.0,514,1076918,87
2,1,452,116,58,0.4,0.4,255513,172909,2.8,4047,1827405,91
1,0,3159,461,232,1.8,1.4,318346,64616,2.2,145,1125303,80
36,42,1327,179,180,3.2,1.0,87113,29424,2.2,3673,1773795,84
2,1,823,27,26,0.2,0.2,18803,20002,1.0,4624,1828408,98
2,1,2826,208,120,0.8,0.8,449006,120906,2.2,237,989936,87
3,0,370,21,24,0.8,0.8,22085,6406,2.2,1060,1752096,90
10,1,1414,191,319,1.0,0.6,272169,51784,2.6,1420,1715034,90
16,3,5028,440,343,5.4,1.6,235095,24289,2.6,2470,974229,76
20,9,5998,660,226,2.2,4.79,194430,88620,2.2,1115,1018756,77
27,37,882,92,71,0.4,0.4,38612,31518,1.0,148,1011275,94
84,38,1328,222,188,0.4,0.4,100484,87614,2.5,885,999952,93
15,12,3957,339,346,3.0,1.4,321703,342201,4.2,1406,1614402,83
44,54,2797,323,204,1.6,4.59,265347,40452,2.3,367,1098207,84
36,53,1730,158,151,1.2,4.01,31690,26367,1.2,323,1093624,90
0,0,382,57,14,0.2,0.2,347005,7518,1.2,972,1746730,97
33,21,2389,161,122,2.0,2.6,219788,28278,3.0,8577,1369232,88
2,1,468,73,53,0.8,1.0,130396,14905,2.0,2191,1720920,96
2,1,4381,140,154,0.4,1.8,22358,25160,1.5,313,1015656,94
4,1,877,62,51,0.6,2.0,17524,35342,2.0,1820,1539704,95
10,5,1002,93,69,0.6,1.2,146514,64707,1.8,161,1072518,93
1,1,2118,115,130,0.4,0.4,14685,11951,2.4,1046,1721310,96
1,1,152,8,13,0.2,0.2,6994,4155,1.2,6455,1871482,99
16,0,1877,168,104,3.2,2.8,92379,38380,1.5,152,1056966,86
0,0,1703,158,127,0.2,0.2,5095,24264,1.6,166,1099232,90
4,2,2318,252,116,0.4,0.4,284319,144524,3.6,669,1326208,94
29,6,2375,146,123,2.0,3.19,109539,39984,1.0,663,1018837,89
1,0,220,12,19,0.4,0.4,2501,8204,1.0,5782,1864648,96
1,1,694,30,35,0.6,1.0,7099,110246,1.2,6825,1849464,96
42,57,2754,224,136,1.0,1.2,57544,63620,2.6,192,1525907,84
6,1,2170,101,79,1.2,1.2,118152,67852,2.6,2011,1642163,94
0,0,1334,123,107,0.2,0.2,13610,29899,1.5,557,1024446,96
31,2,1480,168,138,2.6,2.6,121708,44505,1.2,133,1068155,88
7,4,961,86,80,1.0,4.4,216565,145935,1.5,169,989717,89
163,52,1891,255,246,0.8,0.8,196064,238996,1.0,177,981045,91
1,0,4041,374,274,0.2,0.2,89934,17257,2.4,6327,1732208,88
0,0,334,70,32,0.2,0.2,384724,185229,2.8,991,1759528,96
1,1,227,10,15,0.4,1.0,7003,23179,1.2,7529,1878160,96
5,0,1363,202,149,1.2,1.0,8169,26982,2.0,538,978795,92
6,2,1036,103,114,1.0,1.0,172076,355965,2.0,6527,1851864,90
1,0,420,28,58,1.8,1.8,38630,72092,1.2,12027,1889014,92
8,1,5398,435,196,0.4,0.4,206075,51884,6.0,183,1005125,83
1,1,213,12,24,0.2,0.2,8658,28541,1.0,7652,1869904,98
48,68,4285,202,165,0.4,0.4,24771,41113,1.0,265,969712,89
3,2,1421,139,99,0.6,0.6,108524,50858,2.0,140,1054172,90
3,0,2334,367,305,1.8,2.0,226808,102677,2.6,238,1692817,85
2,0,1002,93,81,0.4,0.6,21689,20743,1.5,320,1013824,94
0,0,156,9,14,0.2,0.2,1046,10826,1.8,8524,1866256,98
1,0,1606,148,123,0.6,1.0,101977,79770,2.0,188,1099693,89
1,1,764,96,49,0.2,0.2,241669,21943,2.5,539,1038814,95
2,2,2379,220,221,0.2,0.2,23448,54657,2.0,1147,1056250,95
2,0,2277,207,92,1.2,1.6,84870,52712,2.0,280,1056816,90
17,10,2072,361,203,3.2,9.0,863910,370839,4.0,712,1037512,80
1,0,3294,271,172,1.0,2.6,569257,296604,1.6,369,1017470,85
2,1,217,15,17,0.2,0.2,25964,10572,1.2,8094,1866180,98
1,0,2634,255,127,1.0,3.6,174672,33215,1.4,415,1093984,86
2,0,1860,166,100,1.2,1.0,140779,44401,1.2,2551,1096235,87
1,0,2053,73,95,0.4,0.4,35359,20724,1.0,166,1053560,92
1,0,3523,214,149,0.4,0.6,253210,121578,1.0,228,1112768,86
12,9,5661,289,150,2.8,9.8,89740,42905,6.4,3168,1602059,75
1,1,182,13,14,0.4,0.4,1327,2502,2.0,9849,1866323,97
4,4,2369,85,136,0.2,0.2,6027,377608,2.0,326,1389325,91
3,2,1060,92,31,1.2,6.0,408625,13070,1.2,5687,1832611,93
37,53,1471,71,68,0.2,0.2,5876,29047,2.0,845,1052512,94
4,0,5359,331,195,4.41,4.61,212339,22073,1.2,196,999274,76
18,25,223,21,32,0.2,0.2,1187,21394,1.6,4123,1780992,90
43,59,1132,132,95,0.4,0.4,69187,22703,3.0,207,978217,93
6,1,5226,473,353,4.2,1.2,148787,53090,5.0,233,1136888,77
5,1,2143,134,91,0.8,0.6,17593,26145,1.4,547,1103411,89
4,3,622,64,50,0.6,0.8,2705,21780,2.3,303,1023552,96
32,26,3205,350,245,1.0,1.4,109372,69986,2.6,405,1315331,80
10,4,4758,276,187,2.2,2.4,326597,138722,5.6,1514,1343109,72
39,0,3920,291,155,9.98,29.74,509907,56912,2.8,298,1087858,64
20,29,1997,94,64,0.2,0.2,4637,6918,2.0,3956,1775598,91
0,0,719,60,60,0.2,0.2,7281,19696,1.0,1124,1060267,97
0,0,974,72,45,0.2,0.2,89310,13592,2.2,145,1007922,95
47,64,1364,432,273,0.6,0.6,965273,950976,52.0,75,25,0
4,1,7225,252,310,1.4,1.4,164847,565690,2.3,299,1004424,77
77,96,5275,461,387,3.99,1.0,211372,39920,142.0,70,30,0
2,0,1997,75,60,0.2,0.2,15216,20451,4.4,694,1642832,96
3,1,1490,147,111,1.4,4.0,29410,32328,1.8,1147,1124344,91
14,5,4970,457,324,9.4,6.2,402397,60714,1.5,312,972771,64
44,56,2303,246,153,2.2,4.4,1225925,1104543,1.7,174,1015101,84
0,0,238,38,11,0.2,0.2,243290,9658,1.4,7717,1882171,98
73,83,4405,540,461,8.42,2.4,272948,43129,430.0,68,32,0
68,61,2899,279,179,4.39,4.79,327686,125390,2.0,829,971586,78
817,1,5602,120,139,0.2,0.2,13845,38325,2.8,820,1517128,76
14,1,1939,143,91,2.59,10.18,373972,26795,560.0,88,11,0
0,0,253,17,25,0.4,0.4,1467,6983,1.0,7548,1870237,98
6,2,772,84,83,2.59,2.99,287951,221075,1.4,6621,1848714,83
0,0,508,105,41,0.2,0.2,133259,132790,3.2,749,1741819,97
7,3,7070,346,226,2.6,5.6,429107,40146,5.8,2650,1436826,76
33,3,3388,493,263,3.8,5.2,402655,354612,2.0,132,1119445,76
1,0,1149,78,64,0.2,0.2,26968,17900,2.7,693,1062730,95
8,5,3428,301,156,0.4,0.4,284331,33861,1.4,539,980623,89
0,0,568,54,50,0.4,0.6,4835,16186,1.0,715,1033664,95
14,21,1191,93,51,0.2,0.2,3079,5915,1.8,657,1759232,91
3,3,2213,135,125,0.2,0.2,23254,25981,4.2,707,1637710,95
5,0,3744,172,117,0.6,2.0,174906,28502,1.0,162,1014147,83
10,4,1977,214,129,1.0,1.0,288196,84397,1.0,326,1116013,83
42,54,3844,490,336,4.98,2.79,380591,28167,2.2,151,998441,78
83,100,4659,260,242,3.4,7.0,87695,133647,3.8,1069,1639603,78
35,17,3406,251,176,1.2,1.6,300935,29767,1.0,517,1014586,90
2,0,2977,159,127,2.2,2.4,51139,66704,2.4,162,1760360,80
1,0,2496,137,135,1.4,1.8,95179,182817,2.2,937,1020712,85
49,70,2104,412,136,0.8,0.6,590463,559409,265.0,84,16,0
17,9,2154,169,126,4.2,9.8,435778,96535,1.8,256,974442,78
6,1,4244,348,168,0.8,0.8,243159,218163,3.6,3214,1337067,92
20,29,3350,221,206,0.2,0.2,37797,100198,1.0,346,1069827,91
0,0,3231,112,98,0.2,0.2,33505,22795,1.8,427,1754056,88
204,226,3108,381,183,0.6,0.8,1207116,324896,1.4,229,1019115,77
16,0,5776,527,379,5.58,1.99,651304,62577,1.8,142,996244,70
1,0,2324,202,89,0.4,0.4,59488,63951,1.6,3564,1769182,89
2,1,1738,144,72,0.6,2.0,176182,20310,1.0,557,1093573,93
8,1,2071,125,86,6.4,18.6,71609,38177,1.0,137,1076886,81
1,0,253,37,31,0.2,0.2,781,8619,2.0,6167,1723842,98
4,0,2107,142,86,0.8,3.8,35105,26504,3.2,161,1107042,90
1,0,475,77,45,0.8,1.0,157874,16216,2.2,1052,1723310,96
5,2,2747,308,162,0.4,1.79,860758,73164,6.0,141,1092602,87
21,13,6610,260,191,1.4,5.59,256986,72968,1.2,243,1003382,77
2,1,3274,245,176,0.4,0.8,303552,102946,2.8,1161,1043141,73
2,1,1614,161,129,0.6,0.8,14766,25774,1.0,151,1100256,91
19,9,3744,393,329,6.8,4.4,209666,21515,1.3,235,1073950,80
14,4,3191,175,173,0.8,2.2,211339,401453,1.8,157,1010797,82
75,68,2224,308,265,6.4,5.8,211609,159046,1.0,181,960515,80
10,9,4026,167,126,0.8,0.8,178582,19180,2.6,308,1457261,90
31,3,2629,202,145,1.2,1.2,288215,79023,1.0,1700,1069051,82
28,10,4615,126,98,2.2,5.79,41279,6016,4.0,629,1538887,78
84,37,3277,261,221,4.4,2.8,253538,87740,5.2,240,1081061,79
1,0,1467,108,85,1.2,2.4,6816,17369,1.5,418,1091789,90
36,27,2641,230,161,8.98,21.56,47204,29349,3.0,328,1104260,69
13,2,1523,86,109,0.8,1.0,51962,8402,4.0,2118,1347805,95
17,9,2371,109,117,1.6,1.6,30574,84978,2.6,1840,1641224,92
2,1,158,9,10,0.2,0.2,13646,4979,1.2,8577,1865565,99
421,93,2399,488,427,1.2,1.4,364724,369211,1.8,266,976278,82
37,47,2314,102,76,5.8,16.6,190684,35065,1.5,384,1082818,79
1,1,189,10,13,0.2,0.2,7004,7560,1.0,7650,1869904,98
3,3,2041,162,111,0.6,3.4,166876,75927,1.8,158,1098038,88
1,0,1457,189,119,0.2,0.2,20059,55123,1.5,515,1071665,93
1,0,287,29,39,0.2,0.2,25343,35325,1.4,1863,1763816,90
23,7,3369,551,347,3.79,2.2,86636,45185,2.2,2732,973673,80
14,21,4405,139,129,0.2,0.2,4462,6266,2.6,4587,1731704,91
18,23,192,14,33,0.2,0.2,427,14377,1.0,5274,1858256,98
0,0,2047,182,99,0.2,0.2,60110,42150,1.0,189,1127664,93
27,17,3059,385,287,6.79,7.19,343111,254225,2.2,171,1003404,71
1,0,3244,165,188,0.2,0.2,70909,156108,3.0,2892,1650291,94
2,1,1098,24,39,1.0,1.6,18446,13224,1.2,7034,1845005,93
29,40,1906,118,90,0.8,2.0,8175,27313,3.6,166,1107088,88
23,1,3357,305,173,6.8,5.0,345574,146362,4.2,325,1528362,77
1,1,985,80,52,0.6,1.0,93811,26031,2.0,633,1032854,95
38,49,4075,180,145,0.8,1.2,49728,143178,2.8,226,1628595,89
2,1,208,17,17,0.2,0.2,7212,8911,1.0,7244,1861541,98
1,1,3420,341,166,0.2,0.2,696743,147916,2.6,1341,1395784,89
184,203,977,72,41,0.2,0.2,52830,69155,1.4,318,1753752,92
2,2,3472,220,193,0.2,0.2,23632,308442,3.0,259,1001804,86
8,1,1807,121,76,1.0,1.2,27203,24142,1.8,497,965349,86
1,1,484,53,27,0.4,0.4,133297,20706,1.0,8767,1835240,97
36,43,2042,149,116,7.0,20.2,161119,19732,4.0,162,1087090,75
27,3,4267,467,384,8.8,11.4,413386,75318,7.0,1389,1634174,73
43,50,1532,178,80,1.2,1.2,153622,48096,2.8,3403,1534949,92
1,0,458,97,80,0.2,0.2,126668,50140,3.0,6276,1722750,97
8,6,1474,130,61,1.0,1.2,31184,24607,3.2,676,973321,91
7,1,4504,303,255,1.2,1.8,164442,165346,1.4,150,1000069,80
6,2,1322,51,51,0.4,0.4,27582,35275,334.0,95,5,0
5,2,1660,125,79,0.6,2.4,36704,25056,1.5,201,1001517,94
37,41,1858,84,69,0.4,0.8,7765,60755,2.0,833,1643795,94
2,0,1145,108,59,0.8,0.8,129287,17061,3.8,356,1058657,90
25,13,3659,140,148,0.4,0.4,165106,199521,2.6,3172,1637477,92
17,13,3125,228,147,3.0,3.0,41720,28149,3.0,658,1074107,85
51,72,3680,234,179,0.6,1.2,176480,86286,7.2,203,1308542,81
2,1,1632,128,102,0.4,0.2,92965,48978,1.6,473,974620,92
1,1,368,26,23,0.2,0.2,3796,10090,1.6,165,1741878,91
72,91,1273,81,52,1.6,1.8,145574,47053,3.0,578,1063845,88
35,48,1723,101,85,0.4,0.6,165098,99015,1.6,8455,1882138,91
13,2,1438,82,80,0.2,0.2,5794,42148,1.3,218,1054350,89
11,6,1551,85,79,1.0,2.0,19640,58019,1.7,302,1052301,87
285,79,2780,417,367,2.8,3.6,278259,312911,1.4,280,1066042,79
15,12,2882,358,253,0.8,0.8,372240,271212,4.2,610,1334266,86
3,1,363,32,28,1.6,1.6,53787,31694,1.0,11943,1884942,93
10,0,4690,495,465,7.4,2.6,249492,58996,4.2,3782,1720078,74
5,3,2562,165,132,0.4,0.4,372680,115023,3.8,212,1323400,92
1,0,432,37,20,0.8,4.2,118932,4598,1.8,606,1760808,96
55,68,4924,611,348,4.6,1.4,130709,32755,1.0,237,1074595,78
37,44,2886,451,357,7.6,2.0,467306,99716,6.8,1607,1756069,75
12,4,2194,226,165,2.0,0.8,182972,22727,2.0,137,1105118,85
17,13,3350,321,288,0.8,0.6,438593,637453,2.0,118,1028534,69
3,2,2130,114,137,0.4,0.4,4434,28432,2.2,737,1728022,95
6,0,2246,70,64,1.4,7.8,62874,3089,4.6,922,1631942,95
1,0,1965,62,62,0.2,0.2,7315,52915,2.0,2094,1642685,98
68,20,4502,547,406,5.0,5.0,176961,167776,1.0,295,1086019,75
11,4,3344,175,106,1.8,7.0,170377,98441,4.8,2977,1546898,89
55,74,3992,406,333,1.8,1.4,236911,225773,2.8,391,1123736,83
18,13,4270,395,191,0.6,0.6,1020951,136368,5.2,347,1523955,86
47,45,6735,288,182,2.59,7.78,157424,177312,2.6,202,1382053,72
24,3,4316,371,301,5.2,3.8,140241,105211,4.2,3744,1549013,79
1,1,419,164,44,0.8,0.6,254313,229754,3.2,6884,1836338,96
3,1,597,59,42,2.2,2.2,196705,159142,1.4,5263,1842539,87
95,82,1567,170,114,0.8,0.8,245713,56190,1.0,637,992291,91
7,1,1821,218,179,0.6,0.6,205863,73349,2.5,256,1099336,85
22,12,2000,304,70,3.4,3.4,198968,16062,2.2,359,1744197,80
39,51,2253,100,126,0.2,0.2,138204,351378,2.4,212,1013159,88
8,2,4094,314,202,2.2,2.81,399035,67149,1.6,298,997220,77
13,2,5673,356,250,4.4,7.6,366128,176393,2.0,141,983581,77
1,0,1930,113,128,0.2,0.2,134171,244514,2.6,136,1539870,93
19,18,3858,222,151,1.2,1.2,437045,78441,2.3,155,996604,78
5,2,3841,194,189,0.8,1.99,12984,96970,2.0,436,1064942,87
0,0,2611,286,167,0.2,0.2,82615,83485,5.2,3047,1601744,92
1,0,345,50,38,0.2,0.2,42575,17007,1.0,465,1743290,98
1,0,2528,246,143,0.6,1.8,31990,48475,2.3,828,1116351,88
1,0,839,135,174,0.4,0.4,94748,34095,3.2,1353,1716182,93
1,0,1576,109,111,0.2,0.2,9675,51611,2.0,338,1064992,95
40,55,5497,160,103,1.4,1.8,31832,42627,3.4,325,1445446,80
3,1,2058,162,105,0.6,2.0,204184,27750,1.7,2011,1098920,92
1,0,1607,93,67,0.4,0.6,9713,48502,1.0,154,1126918,94
41,50,2676,434,375,2.8,1.2,168112,174379,2.0,441,1058874,82
20,19,1692,170,91,0.8,1.4,19836,27765,1.0,1358,1077927,87
5,1,1706,124,58,3.2,5.8,91651,35442,1.2,8437,1882131,91
4,0,2458,176,111,0.8,1.4,70087,28627,2.0,1258,969024,89
20,16,3029,394,253,0.6,0.4,203625,65382,3.8,168,1396573,90
14,10,1338,123,128,0.6,0.4,122682,43380,167.0,88,12,0
5,0,1732,144,79,0.4,0.4,163239,11850,1.6,442,1727851,91
8,0,3934,407,137,7.6,8.2,129213,18723,1.3,181,1035285,65
0,0,2414,75,132,0.2,0.2,33243,31811,2.0,262,1708744,95
14,3,3123,261,151,0.4,0.6,156543,36039,2.5,601,1076970,87
3,0,3980,451,180,0.6,0.6,27783,53049,1.3,553,1082528,88
79,101,1076,143,103,0.2,0.2,49908,52017,1.7,140,1005056,93
3,3,1256,94,89,0.6,0.6,13216,18267,3.0,498,1447061,96
2,0,2941,214,118,1.2,3.0,20216,9736,2.8,1107,1403693,90
1,0,1785,88,84,0.2,0.2,23164,31231,154.0,96,4,0
1,0,887,62,64,0.2,0.2,30083,16777,1.0,241,1014226,95
100,114,2815,196,123,1.79,2.99,144658,32908,496.0,85,15,0
12,2,2318,329,269,8.8,3.6,218562,8324,4.0,7094,1859120,81
14,0,4719,495,282,4.2,5.8,437927,35992,2.8,294,1048386,74
4,0,973,130,120,0.8,4.0,56826,40037,2.2,2071,1732128,93
1,1,250,12,22,0.2,0.2,12083,67041,1.0,7862,1871376,96
16,13,1163,85,103,0.6,0.4,206377,154758,2.6,475,1513082,91
28,13,3753,371,248,4.6,7.8,487032,117631,5.4,2341,1330541,84
0,0,4129,274,136,0.8,0.8,295888,114089,2.2,515,1011946,86
70,78,2836,158,114,2.8,5.8,293303,8046,5.4,971,1331979,83
1,0,1160,161,66,0.2,0.2,166384,133012,3.0,1031,1753680,96
12,0,4315,426,372,5.4,1.6,162628,11693,2.8,4973,1718726,82
2,1,230,12,15,0.8,0.8,9104,3377,1.2,7233,1876062,97
14,11,3197,564,347,2.0,1.2,74713,52640,1.5,204,1098558,80
4,0,4608,490,560,2.79,1.0,315487,704234,2.6,201,1023724,73
3,1,418,56,49,1.8,1.8,35096,26899,1.2,8600,1841038,92
45,53,623,24,51,1.8,1.8,41854,212631,2.0,5071,1841507,88
1,0,2371,167,117,0.2,0.2,6600,32354,2.5,149,1055497,92
2,0,694,71,77,0.2,0.2,123951,57396,146.0,95,5,0
1,1,2068,199,138,0.4,1.6,139395,52225,1.0,321,1019960,86
20,26,177,18,19,0.2,0.2,2164,6015,1.0,7431,1866853,97
51,63,7093,633,357,8.18,11.78,287553,371722,6.8,221,1371542,50
1,0,1283,125,445,0.2,0.2,17782,52520,2.4,829,1704290,92
22,13,2865,177,161,1.6,5.0,119291,193151,4.0,536,1642779,85
2,1,875,40,28,0.6,0.6,98180,6014,1.2,5027,1828758,95
12,10,2084,261,154,1.6,2.0,733109,679579,3.8,2351,1034834,85
3,0,724,43,13,2.81,3.01,88088,19214,1.4,11780,1890676,86
34,41,2102,297,315,4.8,1.4,430457,412366,1.6,6224,1844643,80
2,2,614,34,31,0.4,0.4,33362,17996,2.0,903,1074280,96
13,9,5911,184,181,3.6,9.4,75490,343226,3.6,998,1377794,72
0,0,404,55,41,0.2,0.2,2133,12253,2.0,696,1722088,96
1,0,1763,507,375,0.4,0.4,56452,59961,3.0,139,1720707,88
4,1,462,54,29,1.8,2.0,171457,10198,2.2,6289,1845656,94
2,0,5192,326,228,0.6,0.8,267945,92218,2.2,472,1005806,84
2,1,2695,252,200,0.4,0.4,118741,87008,2.0,233,1018211,89
21,13,5708,478,299,0.4,0.4,359552,60994,1.7,478,1001208,84
14,18,282,23,29,0.4,0.4,7368,11958,1.2,7665,1871163,95
9,3,1611,279,141,1.2,2.0,33847,22830,1.5,238,977387,89
3,1,2215,179,112,0.4,0.4,72784,88980,2.0,136,1051462,90
67,83,5967,199,139,1.4,1.8,254279,17845,5.0,713,1528790,82
1,0,163,8,12,0.2,0.2,430,8682,1.0,1824,1749022,98
1,0,244,46,21,0.2,0.2,137263,9223,1.4,7945,1833245,98
41,58,4876,270,204,0.2,0.2,63051,106043,1.6,296,1067949,86
17,6,3386,545,378,6.8,5.2,947563,119175,2.0,2521,1091992,74
1,1,1996,218,112,0.4,0.4,195971,60009,2.0,155,1095359,88
12,11,1351,121,113,0.2,0.2,231592,84571,2.6,976,1086653,94
6,0,1899,222,92,4.79,2.99,299235,26325,1.0,1085,1053785,85
3,1,663,81,96,1.8,0.6,62398,53313,1.0,7348,1874123,95
5,4,1515,219,90,0.2,0.2,258043,239938,4.2,1911,1601232,92
2,1,204,16,9,0.2,0.2,14162,4918,1.4,6958,1845062,98
18,14,5708,256,157,0.6,0.6,31628,26477,5.2,143,1521075,86
20,30,1889,127,113,0.2,0.2,76661,106567,1.5,202,1118800,89
56,64,3893,332,238,1.4,1.6,536029,449132,3.0,150,1035609,66
5,1,2433,194,142,1.4,1.4,346692,122775,1.5,875,1055194,81
3,1,927,88,52,0.4,0.4,19803,23188,1.4,1102,1741247,96
25,20,1423,187,171,0.2,0.2,122096,137418,1.6,532,1099797,91
0,0,408,62,45,0.2,0.2,1635,17161,3.0,626,1711344,98
4,0,1134,102,19,2.2,2.6,291175,13298,1.6,7226,1876670,93
3,2,520,61,48,0.4,0.4,138319,109404,1.2,5921,1842325,96
2,0,348,26,21,1.8,1.8,68491,42274,1.6,2414,1823942,85
5,5,2630,94,74,0.2,0.2,7567,37410,1.0,274,1016989,94
2,0,1722,132,77,1.4,1.4,175711,32362,1.0,776,1068697,88
9,6,1408,147,111,0.8,0.8,94565,20446,1.4,1994,969677,92
1,0,789,116,122,0.2,0.2,5722,23842,1.5,1885,1075006,96
1,1,3898,189,138,0.6,2.0,166414,10001,3.2,173,1441305,91
42,55,3949,249,244,2.6,4.6,197289,529200,3.4,331,1013805,79
4,2,3107,270,198,1.6,1.8,49962,60719,5.0,156,1020181,88
17,5,2435,162,124,0.8,0.8,113728,69800,1.5,255,1070645,90
6,2,2712,259,301,3.19,1.0,91310,26600,1.5,304,1032599,87
1,0,1130,96,49,0.2,0.2,106879,15422,2.0,134,1013482,95
1,0,1444,124,92,0.8,2.4,99178,22756,2.0,211,1118126,92
28,39,157,14,15,0.2,0.2,8738,8548,1.0,1882,1768184,96
16,2,6188,312,195,5.0,3.8,323403,43465,3.8,3280,1550174,83
3,0,3565,361,246,3.0,6.4,219668,173869,2.5,2486,996440,80
1,1,159,12,10,0.2,0.2,8582,7064,1.0,7234,1847178,98
40,10,7969,450,283,8.6,17.6,297948,79757,6.6,2397,1372435,56
51,1,4103,279,205,11.4,32.4,174616,60155,2.0,155,1089586,61
1,1,1811,226,132,0.6,0.6,314015,45517,1.0,486,1115851,90
13,9,6431,324,175,2.99,9.78,340837,108188,2.6,175,1388778,70
2,0,431,55,50,1.4,1.6,45640,21646,2.2,4033,1775705,91
16,1,5420,560,450,6.59,1.8,190506,64355,3.8,2525,1640078,78
5,2,4617,460,217,1.2,1.2,122675,148030,3.0,1894,1001723,84
1,0,1295,124,122,0.2,0.2,2544,19444,2.7,635,1101223,94
3,2,6051,1025,922,0.2,0.2,274243,164297,2.6,140,1521426,87
1,1,1078,34,30,0.4,0.4,1887,3124,2.0,2233,1697794,96
0,0,170,12,36,0.2,0.2,1886,31093,1.0,7374,1874600,98
2,0,1260,88,63,1.0,1.2,46147,33738,1.0,171,1022195,93
7,2,2862,278,150,5.61,4.81,253841,114278,2.4,1934,1007500,79
3,0,551,131,44,0.6,0.6,33213,18076,2.0,528,1749958,90
5,0,3044,215,113,1.4,1.6,140810,50903,2.8,294,1069146,91
6,1,2053,188,155,0.4,1.0,90743,191001,2.4,228,1535224,93
104,135,2591,158,102,0.8,0.8,47110,43166,1.0,496,1028866,89
6,5,689,75,51,0.6,0.4,110658,21332,1.0,139,1024010,95
0,0,264,43,30,0.2,0.2,242664,22158,1.2,7598,1879750,98
5,1,928,136,42,1.6,2.0,339827,25101,1.6,7607,1879741,93
7,0,2100,178,104,1.6,1.8,58633,26231,3.2,283,1113419,90
39,2,3204,353,221,0.6,0.6,136586,197932,2.2,128,1026091,81
5,0,925,158,118,1.0,3.6,509935,268476,2.0,2400,1738904,90
14,8,2128,206,118,2.0,2.4,221487,182173,5.0,193,1594190,88
5,1,504,90,33,2.0,2.0,53054,13833,1.0,7461,1869166,95
11,0,4575,643,547,8.78,2.4,261177,27758,1.0,763,1020744,70
4,3,1107,80,54,0.4,0.4,3303,23337,1.0,2467,1015398,95
11,6,1512,98,59,0.4,0.4,313126,16402,163.0,92,7,0
27,38,2245,139,139,0.8,0.8,91783,66250,1.5,506,1046352,90
5,3,4509,291,182,1.0,1.6,138031,108618,1.0,149,1127822,84
71,70,1029,119,83,0.6,1.8,54702,51872,1.5,1181,1001486,94
8,0,2896,438,400,8.2,2.0,238898,25251,2.2,7384,1874275,79
1,0,442,84,49,0.2,0.2,215389,4085,3.2,222,1704142,96
16,5,2596,172,101,2.6,5.4,367523,68362,3.6,852,1545477,92
18,11,2651,203,114,3.2,4.2,152264,53820,1.2,681,967776,85
14,5,1030,198,179,1.2,1.0,166905,30638,563.0,90,10,0
29,33,1025,122,116,4.6,3.2,62602,24649,1.6,7207,1874082,90
29,6,7029,678,599,7.78,3.59,528984,237007,9.0,190,1538338,53
36,45,3745,432,380,5.8,9.4,576508,641678,1.8,195,1042576,75
51,45,5244,478,430,7.2,4.0,203264,92352,3.6,2571,1644069,76
404,2,5093,441,359,7.8,9.2,270723,60705,7.2,2471,1378088,68
3,0,3089,254,282,0.8,0.6,708020,413212,2.4,473,1644789,84
0,0,159,15,16,0.2,0.2,452,2755,1.0,7360,1865208,99
1,0,1538,155,106,1.0,1.6,15336,20631,3.0,223,1118258,92
39,56,2165,175,188,0.2,0.2,6088,38736,3.0,203,1021519,92
5,1,1490,172,82,2.2,2.2,462717,19436,1.0,162,977095,89
0,0,173,17,20,0.2,0.2,456,4817,1.0,7306,1863872,98
22,23,1068,61,52,2.0,1.8,18034,20905,1.0,309,1014486,91
133,131,3828,283,224,0.6,0.6,364223,169192,1.3,1070,1010744,83
1,1,1072,58,44,0.2,0.2,261668,133124,1.8,8228,1863022,97
1,1,235,19,25,0.2,0.2,7848,12733,1.0,7478,1873331,98
26,37,1203,101,73,0.8,0.8,107456,186673,2.0,6561,1852306,92
47,0,2735,104,81,12.22,36.27,70870,43520,1.8,208,1097988,65
39,50,4374,202,227,1.2,1.6,171941,241147,1.0,238,999811,84
0,0,264,46,25,0.2,0.2,256267,28155,1.0,7358,1874496,96
0,0,325,122,41,0.2,0.2,213523,167029,3.4,952,1753448,98
6,0,1930,275,233,5.8,1.6,130635,21141,2.8,6342,1864230,85
7,0,3459,373,391,5.6,1.6,237571,409952,2.2,178,1374995,79
7,1,2394,334,315,6.8,19.2,142940,86476,1.8,354,1113926,74
6,2,2003,103,134,0.2,0.2,53400,16856,1.0,130,1054803,87
1,1,1800,174,95,1.2,1.2,235774,31673,2.0,2559,1051687,90
2,1,823,62,45,0.4,0.4,89883,10946,1.2,957,1746548,96
6,0,3919,207,206,0.4,0.2,93352,273327,2.2,262,1064978,84
17,1,5741,822,608,8.42,2.4,262205,60046,1.7,319,1069743,70
5,0,1136,167,124,2.8,1.6,189887,15359,1.6,741,1773115,87
11,9,2064,86,67,1.8,4.8,34707,24636,2.7,215,989568,92
1,1,263,25,43,0.2,0.2,9874,7485,1.2,7697,1871520,98
2,1,1932,117,122,0.6,0.6,133827,91027,2.2,544,1725482,93
0,0,158,12,23,0.2,0.2,443,8217,1.0,3739,1849659,98
1,0,1691,35,58,0.4,2.0,10331,6008,2.0,976,1402544,96
0,0,302,33,61,0.2,0.2,36566,50719,1.0,2729,1768495,94
19,10,2090,256,96,1.2,1.6,863773,124296,1.7,602,990371,87
25,2,3772,286,250,3.6,3.2,380396,202088,5.2,250,1522648,75
27,2,4332,507,422,7.8,3.2,375370,26815,1.5,1970,1077070,72
87,7,3754,206,185,10.8,8.2,35220,86724,2.2,453,1716659,74
13,19,419,38,38,0.2,0.2,19140,11716,1.2,5946,1864240,96
1,0,2856,150,157,0.6,0.6,10376,69707,1.7,731,1062061,91
2,0,488,55,47,2.2,2.2,105707,47856,2.2,11158,1877659,88
44,0,3700,410,200,3.39,5.79,544367,247202,2.0,180,1118221,75
10,5,2243,96,87,1.6,0.6,39657,55403,2.0,1775,1638170,94
17,25,1405,83,142,0.6,0.6,12122,157021,1.2,144,1746180,94
54,69,1119,120,112,0.6,0.6,255769,25425,4.0,260,1042852,84
16,0,3041,284,188,1.2,1.2,191742,86046,1.0,148,978713,85
0,0,170,18,21,0.2,0.2,448,8385,1.0,7278,1869002,97
35,6,1493,127,142,0.6,0.8,239978,122822,2.0,1062,1065931,88
0,0,574,41,39,0.2,0.2,1714,16923,2.0,1053,1763003,93
2,2,2978,177,118,0.6,0.6,17929,38643,2.0,178,1015352,91
17,14,1128,429,142,0.4,0.4,818219,590202,480.0,93,7,0
10,0,3003,447,383,9.0,2.8,273594,10059,3.4,8659,1865656,79
2,0,4798,316,251,2.0,0.8,72190,187115,4.8,121,1018835,80
65,83,2194,220,133,0.4,0.4,246472,80797,1.0,1310,1086976,82
10,8,6647,235,228,0.2,0.2,14918,62481,3.0,358,1069267,88
1,0,454,38,39,0.8,1.2,102227,8211,1.6,1454,1753898,87
4,2,2741,250,155,0.8,1.2,768769,116500,1.2,323,1018675,86
4,3,2365,409,202,1.2,2.59,158972,63925,1.0,157,1099780,85
29,43,985,111,87,1.2,1.2,277901,23626,3.0,298,1054046,91
2,1,1120,60,59,1.6,2.8,9287,15261,1.0,179,1024437,92
80,101,1408,227,147,1.0,2.4,16443,20863,3.0,144,990772,85
8,8,396,71,55,0.4,0.2,173114,8007,2.0,187,1715517,97
4,4,1901,213,103,0.4,0.8,616593,504045,4.6,3058,1032533,90
198,219,430,51,32,1.2,1.2,50363,11116,1.4,538,1731609,91
0,0,1108,87,48,0.6,0.6,199489,36309,1.4,462,989240,95
12,11,820,170,97,0.8,2.4,277834,222616,3.4,4085,1828326,89
3,0,2484,181,82,1.6,3.61,127530,49770,2.0,536,1068205,90
12,3,2857,159,132,1.6,3.0,126476,116554,2.2,2989,1547434,89
12,9,4264,220,156,0.4,0.4,34420,51388,1.7,407,1130074,88
7,2,1420,131,134,3.8,6.6,506387,250930,1.8,6101,1843602,83
2,0,644,155,52,1.6,1.6,724550,37539,1.8,256,1806056,83
6,4,1657,144,142,1.2,2.4,5804,22230,1.0,270,1016170,92
12,9,4495,473,204,1.6,1.6,187576,143122,3.8,2019,1005795,82
3,1,3179,255,184,0.4,1.8,142564,143743,2.4,261,1535739,88
0,0,218,23,28,0.2,0.2,2094,7513,1.0,7696,1871514,98
6,4,3739,386,266,1.2,2.0,67930,55275,1.0,1144,984715,85
3,1,2459,127,103,0.6,0.6,26388,76015,2.4,3145,1656507,94
51,2,2437,116,67,12.77,35.93,100642,41200,3.4,240,1093632,62
6,2,3727,228,203,1.4,1.2,118911,202558,1.0,283,1001634,86
1,0,2185,167,838,0.6,0.8,47868,97238,1.8,1974,1734194,90
3,2,3423,146,160,0.8,1.2,31159,24676,1.5,220,1025794,90
3,2,2590,130,167,0.8,0.4,106798,26057,3.2,4490,1720176,90
6,0,2043,121,75,0.8,2.2,155244,39102,4.4,156,1525677,92
4,2,4121,373,191,0.6,3.4,363786,349279,2.2,200,1010323,81
9,9,1437,279,140,0.4,0.8,200790,121184,4.4,2867,1604600,93
14,13,953,129,57,0.2,0.2,167995,177470,3.0,1218,1746349,95
2,0,1322,109,71,0.6,0.6,166893,128089,1.8,2368,1007775,92
14,10,4831,332,191,0.8,3.6,265497,84870,5.4,340,1298264,82
18,11,3589,225,189,0.6,0.8,197954,27757,2.4,2065,966973,85
3,1,1065,60,42,1.8,2.6,98610,319867,1.8,6823,1843387,89
12,10,588,100,91,0.8,0.6,27040,33387,2.4,194,1716059,92
1,0,523,98,51,0.2,0.2,470059,21536,3.4,174,1750059,78
3,0,1889,275,175,1.2,1.4,1004117,381578,1.4,315,1020269,81
74,100,4606,831,206,2.79,3.99,1379703,54436,1.0,425,1014860,78
43,29,1569,260,134,1.6,3.6,307107,241976,3.4,2497,1581968,91
2,1,1125,124,78,0.8,2.4,225895,24254,2.0,2190,1007462,91
9,2,2682,376,330,6.8,2.0,204365,6143,2.6,6626,1872949,83
9,1,1239,95,73,0.6,0.8,44883,18876,3.0,336,1058588,94
0,0,221,28,25,0.2,0.2,132148,12550,1.2,5264,1858165,98
1,1,1913,104,108,0.2,0.2,5303,37591,2.0,1069,1057396,96
12,5,3192,363,257,5.6,4.4,145662,40099,2.0,322,1025882,78
36,44,3028,350,336,2.4,7.2,239705,224320,3.8,498,1095611,82
17,4,2446,199,79,4.0,3.4,214179,140499,4.2,600,1337333,88
1,1,313,21,15,0.2,0.2,7861,9902,1.0,6337,1845190,97
3,0,503,44,31,2.79,2.79,124355,51038,2.4,2331,1815754,82
173,189,643,156,69,0.2,0.2,769383,39827,4.0,425,1702806,94
20,16,3238,505,379,1.2,1.0,170554,78908,6.4,7957,1371010,80
24,38,2180,114,89,0.2,0.2,51945,38286,2.0,548,1120072,93
1,0,711,72,82,1.0,0.8,57329,28539,1.2,682,1752805,95
26,17,3111,446,256,4.6,3.0,929087,324567,1.0,3243,1033187,75
12,1,3039,191,121,7.4,23.8,158848,24306,1.8,287,1085333,74
7,4,1282,314,118,0.6,0.6,937754,24186,1.2,144,989789,91
15,14,2423,566,248,0.2,0.2,649934,653520,1.8,430,1044971,91
1,0,1448,150,127,0.2,0.2,8504,54101,1.0,1167,1068462,92
34,45,8870,302,238,2.0,7.19,82170,33180,2.8,267,1444629,74
23,19,3755,298,174,3.01,4.61,138010,62887,1.8,734,1022807,79
199,186,7625,779,485,3.4,3.6,292564,190527,3.4,154,1337360,73
4,0,2739,163,140,0.8,2.0,112413,48966,6.4,178,1310477,91
47,29,1055,101,86,1.0,1.4,17622,26557,1.7,241,1066601,89
2,1,756,23,20,0.2,0.2,10505,4454,1.0,4602,1828424,98
2,0,878,256,124,2.2,2.2,360331,385317,2.4,135,1803171,77
13,9,1583,229,155,0.6,0.8,892724,877944,2426.0,73,26,1
7,6,819,91,46,0.2,0.2,194325,24819,2.0,205,969859,94
6,4,2573,189,118,0.6,0.6,107287,30575,1.4,1107,975696,90
34,0,1377,82,82,1.8,0.8,34866,18090,1.0,163,1067130,93
2,1,253,22,24,0.8,0.8,34552,22677,1.2,7091,1846198,96
2,0,2494,198,148,0.2,0.2,41957,31916,3.0,247,1084270,93
0,0,2563,217,166,0.2,0.0,94197,34963,2.3,138,1057800,92
6,1,1987,71,43,4.2,5.4,170574,29605,2.6,8398,1865216,84
13,6,1792,138,89,1.8,2.0,85911,18297,1.0,552,1015315,90
1,0,2439,262,138,0.2,0.2,256393,169970,6.0,3168,1602259,91
2,0,306,43,38,0.4,1.4,845,10232,2.0,6381,1711666,97
0,0,681,62,40,0.2,0.2,1931,34918,1.8,991,1765360,89
7,3,2453,347,484,2.0,1.4,144649,114582,1.3,1024,1015162,87
5,0,2183,370,340,0.4,1.8,113768,19844,1.6,364,1086010,83
8,1,4069,282,257,2.99,2.59,152071,227909,1.0,151,996252,82
4,2,3652,267,322,2.4,0.8,98603,523740,3.2,422,1015224,82
8,4,2247,142,110,0.4,0.4,174831,170471,5.0,360,1314491,93
0,0,197,12,13,0.2,0.2,815,11485,1.0,579,1732672,97
1,0,3765,108,95,0.6,1.0,76969,84407,3.5,392,1016318,91
1,1,857,90,44,0.2,0.2,46735,82746,1.0,6709,1818845,96
26,5,1912,187,144,3.0,3.2,357583,165363,2.4,302,1536163,85
112,121,2279,267,145,3.39,2.99,576694,513275,2.0,2023,1034794,79
1,0,345,47,41,0.8,0.8,82998,18250,2.2,854,1764458,93
3,0,906,59,42,2.4,2.4,98592,39686,1.0,3810,1825467,84
6,5,3792,191,115,0.2,0.2,18171,35150,1.5,541,1119909,91
2,1,317,23,38,0.4,0.4,12206,10751,1.0,7904,1880794,98
12,5,4038,530,466,6.0,1.8,269206,113453,1.0,1028,999211,74
0,0,2693,334,112,0.2,0.2,178179,173468,3.6,1317,1731365,93
476,142,3768,618,528,1.6,5.8,553559,484708,1.0,177,1017134,73
0,0,3884,199,199,0.4,1.8,21250,387525,2.0,187,1380750,90
7,3,3021,190,108,2.8,6.6,112454,38502,1.3,355,1095077,89
64,66,2938,167,91,5.01,13.03,259358,47170,3.2,223,1087484,79
0,0,539,43,26,0.2,0.2,50909,26377,2.2,543,1747245,89
6,2,2361,121,78,0.4,0.4,196740,83650,3.0,2043,988526,93
2,0,2157,123,84,0.4,0.6,88150,5522,3.8,6643,1411531,96
2,0,788,91,73,1.4,1.6,171714,142275,2.0,6410,1848032,91
52,36,3084,203,389,2.8,2.8,94519,116569,2.4,1632,1641173,89
30,40,1190,140,110,0.8,2.2,108130,29941,1.2,1510,1023830,91
2,1,306,18,26,1.0,1.0,18417,62482,1.2,7544,1865267,95
20,7,3038,181,143,1.6,1.2,105138,29626,1.5,167,1052509,84
13,5,1129,167,99,0.4,0.6,282508,18904,2.4,256,967705,92
10,8,3537,948,190,1.4,1.8,362670,77336,1.6,308,1135336,80
4,1,2439,183,114,0.6,0.6,171077,108093,2.4,2113,1539048,93
2,1,1583,176,75,0.8,2.0,252010,144391,4.2,3260,1605616,94
30,43,848,126,41,1.2,1.0,39046,8223,2.2,787,1706722,93
9,5,2947,243,148,1.2,2.4,208635,32396,1106.0,90,9,0
18,13,1224,88,77,2.99,2.99,51124,23822,1.0,1053,1090694,90
2,1,2669,170,114,0.2,0.2,12970,27319,1.2,173,1137886,92
1,0,4489,288,216,0.2,0.2,22982,44999,2.5,297,1015237,89
21,11,1435,149,127,1.0,1.0,50750,75544,1.0,692,977183,88
6,4,670,91,15,2.39,2.39,446893,20744,2.0,11692,1880091,86
1,1,192,16,36,0.2,0.2,14470,26804,1.0,8360,1864653,98
37,58,1061,76,45,0.2,0.2,1985,5799,1.0,611,1730464,96
20,6,3099,170,104,6.79,19.16,228241,36850,1.6,300,1074263,74
4,2,1812,124,76,1.8,2.2,61200,9751,4.2,931,1639242,93
0,0,2967,185,126,0.4,0.6,19246,50729,1.4,244,1127214,91
65,6,2532,166,125,0.6,0.8,38998,80415,1.0,342,1036602,81
36,48,1667,95,78,0.4,0.4,18151,24364,550.0,91,9,0
28,22,2586,195,128,1.4,1.4,234850,107410,8.0,436,1317290,88
37,26,1669,134,99,2.81,3.61,66491,24147,3.2,488,978381,83
1,0,306,51,59,0.2,0.2,10830,12360,2.0,361,1745200,94
93,47,4993,293,608,9.0,22.0,457411,221414,1.0,146,1075955,65
7,1,3441,379,251,3.19,3.79,297313,175290,1.6,170,1009493,74
8,0,2435,286,177,1.4,2.4,511926,160573,4.6,625,1329721,89
1,0,2533,145,134,0.6,0.6,4528,22579,2.4,509,1723696,94
1,1,465,22,28,0.2,0.2,11366,12964,1.2,6848,1877352,98
1,1,163,12,12,0.2,0.2,27322,15675,2.0,3598,1821480,98
1,1,229,22,32,0.2,0.2,10948,19298,1.2,7291,1865672,98
48,56,2159,307,267,3.0,1.4,431140,110214,312.0,81,19,0
6,5,1642,97,93,0.2,0.2,119009,24558,404.0,93,7,0
5,3,1188,189,75,1.6,1.8,87923,24470,1.0,262,1037323,87
0,0,2487,99,141,0.2,0.2,63574,13382,2.8,3959,1716152,94
20,22,2066,297,247,6.59,3.19,174105,10290,1.6,385,1753290,81
4,2,1817,240,71,0.2,0.2,21627,10457,2.0,2560,1701149,94
2,1,3631,144,96,0.2,0.2,29995,79122,2.6,3163,1656826,93
3,2,1740,206,162,0.2,0.2,141298,107080,135.0,84,16,0
18,0,5276,681,528,8.0,2.2,353135,151126,6.2,231,1544432,73
42,53,2608,235,148,1.4,0.6,108359,42599,1.0,615,1076654,89
3,1,510,48,85,2.0,2.0,166234,138252,2.4,5812,1842711,88
7,1,1933,220,109,4.18,4.38,726842,119979,5.8,7790,1856038,78
40,10,3027,450,312,4.41,1.8,489125,111761,2.8,2864,972754,70
1,0,2284,92,62,0.2,0.2,20074,11558,1.8,828,1750747,87
24,32,366,25,37,0.2,0.2,7746,113906,1.2,5685,1840018,96
6,3,4203,359,261,0.6,0.6,187068,195261,1.0,547,1053986,79
0,0,261,80,29,0.2,0.2,112146,103588,3.6,920,1742870,98
29,19,2621,298,138,1.4,1.8,437944,411901,4.2,1022,1343950,92
55,67,5296,695,423,6.8,2.4,270206,78483,2.0,228,1114467,72
1,0,2948,178,106,0.4,0.4,21262,17499,1.0,2993,1012963,92
13,3,2120,277,214,0.8,2.2,62230,30983,2.2,3105,1737642,89
12,11,2712,138,88,1.0,1.4,28926,33076,2.5,2373,1013866,90
127,51,1934,207,198,0.6,0.8,125735,166302,1.0,1015,1009613,88
21,29,482,34,31,2.0,2.0,104119,45343,2.2,741,1786800,85
1,0,1542,50,45,0.2,0.2,1914,10872,2.2,3827,1774014,90
8,5,2335,118,85,1.6,3.4,262631,95924,3.4,266,1022885,82
0,0,254,42,22,0.2,0.2,255327,12261,1.2,7309,1873272,98
27,42,234,23,27,0.2,0.2,7179,8894,1.6,6660,1852606,96
1,0,859,116,67,0.2,0.2,202962,22913,2.8,438,1054056,94
1,1,1533,39,37,0.2,0.2,12691,25273,1.2,8243,1863248,98
27,11,3540,490,233,6.21,10.02,256042,29123,1.0,564,1103211,66
19,16,3002,194,123,1.8,2.2,300654,71750,2.4,1202,1014886,83
0,0,1463,112,100,0.2,0.2,60598,58822,1.2,151,1750994,94
19,12,1486,335,193,2.4,7.4,522139,153118,2.2,2970,1737266,82
2,0,3348,222,148,0.2,0.2,316936,441152,5.4,623,1006553,86
0,0,2219,148,116,0.2,0.2,32355,49411,1.0,544,1022382,94
31,33,1891,278,195,7.2,3.2,430255,14730,2.4,7870,1862782,82
10,3,6340,208,154,1.0,1.4,171628,167282,2.8,3816,1338878,82
8,1,4911,247,185,2.0,4.0,215402,41434,2.8,990,1538602,86
4,0,5283,247,208,0.8,2.2,188986,59023,2.2,552,1068752,85
82,49,2004,215,160,2.79,3.79,239272,161394,1.0,1257,999866,83
5,2,2644,327,197,0.4,0.4,103311,47800,1.3,715,1104346,87
13,9,1076,119,95,1.0,0.6,104474,56550,317.0,89,11,0
87,57,3900,216,143,12.38,33.93,220639,88324,2.0,165,1104481,56
7,0,273,62,32,0.2,0.2,115125,10672,1.4,1653,1774815,97
16,7,6743,222,175,2.0,7.2,270921,173821,3.4,2959,1647653,79
11,4,2378,200,109,6.79,20.56,42708,21136,1.8,138,1100343,75
18,4,4427,185,146,1.6,2.6,131611,47320,1.3,717,987594,82
16,14,2626,218,118,1.0,1.0,773291,99704,6.4,627,1308659,87
1,0,576,52,22,1.0,3.6,303082,202993,2.8,1027,1758669,96
26,4,5240,304,299,3.59,4.79,523148,603192,5.0,769,977341,63
12,9,1328,237,79,1.8,2.8,466909,156780,3.2,2730,1584686,93
18,16,2304,506,238,1.0,1.0,576576,492864,1.6,621,1044544,89
1,0,1977,337,300,0.6,2.2,95597,53903,2.2,207,1696294,90
2,1,467,77,100,0.6,0.4,56431,37651,1.0,264,1744410,96
1,0,356,31,31,1.8,1.8,44217,20023,1.0,7303,1849827,91
15,10,4119,150,118,1.2,1.4,107909,12136,3.6,7383,1388517,89
4,1,1040,98,46,3.0,3.2,194087,61224,2.4,6259,1853043,88
4,2,4804,232,164,0.2,0.2,115314,86722,7.4,1034,1312821,84
1,1,335,158,40,0.2,0.2,290620,267389,2.0,5753,1833178,97
1,0,2642,153,123,0.2,0.2,7778,87361,1.3,1287,1072240,93
2,0,2193,338,144,3.19,3.99,374978,33587,1.0,258,1099142,83
3,2,857,94,90,0.2,0.2,94949,27795,2.6,126,1088995,94
0,0,2635,141,156,0.2,0.2,5803,19417,2.0,280,1705852,95
50,62,3443,468,327,5.4,3.0,178546,78089,1.3,171,966218,76
1,0,959,93,35,0.2,0.2,5607,10188,2.0,5951,1722552,97
6,4,1532,130,55,0.6,1.0,228855,43159,323.0,93,7,0
7,4,900,76,107,0.6,2.4,24530,33419,1.0,495,1014379,94
6,5,1893,237,136,0.4,0.4,708874,681925,247.0,86,14,0
20,5,4567,393,320,3.6,5.0,240737,66407,3.6,777,972827,79
1,0,282,40,9,0.8,1.0,224466,3420,1.2,6458,1871590,97
5,2,4455,304,190,0.8,0.6,29321,147067,2.4,930,1377046,90
1,0,461,59,38,0.2,0.2,21060,13045,2.0,988,1761753,88
25,35,926,82,48,0.2,0.2,424352,236380,2.4,1016,1758643,95
11,6,2480,219,148,1.0,0.8,322214,299376,4.4,2685,1563270,92
186,167,5364,578,343,2.4,0.8,518970,232856,3.4,136,1326243,80
4,1,4147,368,242,0.4,0.4,52481,108660,1.0,366,1090760,86
15,11,2937,187,172,2.6,3.4,85740,133011,1.2,669,1044240,78
14,8,2420,355,239,0.8,0.8,81892,50960,3.0,140,1097291,84
19,27,2061,90,106,0.2,0.2,88071,10311,2.2,690,1726904,95
16,3,4601,285,200,2.0,4.21,154735,58160,3.3,575,1011166,79
15,6,1963,286,277,0.6,1.2,703296,539298,101.0,75,25,0
0,0,246,41,15,0.2,0.2,172229,42402,1.4,7071,1858535,98
15,21,213,26,17,0.2,0.2,84647,4861,1.0,7385,1865600,97
0,0,303,48,39,0.2,0.2,253231,18778,1.2,8054,1862464,98
9,5,1978,291,228,4.0,1.2,239288,65637,2.0,885,1008509,85
43,60,3084,261,155,1.4,3.8,21092,62289,2.6,274,1537773,90
0,0,603,117,91,0.2,0.2,2101,12113,2.2,700,1721992,96
4,2,1620,163,60,0.2,0.2,96638,13553,2.4,5951,1722552,94
7,5,4324,723,264,2.6,9.0,532078,21737,3.4,2486,1409182,77
3,0,3295,196,165,1.4,2.4,92544,32340,3.0,168,1003514,76
0,0,2254,109,137,0.2,0.2,50288,17569,3.2,3917,1721176,93
1,0,225,14,22,0.2,0.2,5448,67049,1.0,6935,1855302,97
43,46,3083,467,407,8.2,2.0,224444,18218,4.2,636,1710493,78
3,2,712,73,58,0.2,0.2,18641,64419,1.5,613,1016112,94
0,0,344,53,20,0.2,0.2,252379,11130,2.0,5524,1816099,95
1,0,1011,56,56,0.6,1.0,15493,18387,2.8,739,1089934,93
28,2,1776,157,148,0.6,0.8,177035,91063,2.2,710,1022157,87
10,4,6601,1078,1011,4.8,2.0,839271,734468,1.8,227,1121504,72
5,2,1734,121,97,0.6,0.6,44497,99825,2.8,1897,1529088,91
5,4,1532,79,57,0.2,0.2,2032,26233,2.0,1090,1016978,95
53,0,3760,272,112,12.83,36.67,434501,32705,2.3,185,1108132,55
14,0,2252,215,177,2.79,3.79,198289,24564,3.0,146,1051986,80
7,0,4117,303,247,4.2,3.8,188954,92388,3.6,470,1049291,79
7,4,2319,174,120,2.0,5.6,112936,112075,1.0,185,1060130,84
0,0,784,61,45,0.4,0.6,14287,15889,1.0,1543,998760,96
8,2,2766,266,204,6.41,4.01,146608,55637,1.6,175,987902,82
5,0,850,145,69,0.4,0.4,604037,25686,3.8,2948,1768731,74
3,2,267,35,30,0.2,0.2,9632,14033,1.0,647,1748749,98
1,0,5520,414,259,0.2,0.2,84595,46486,1.2,178,1066061,90
1,1,2913,167,107,0.2,0.2,9863,23225,2.6,219,1017912,95
49,60,3735,492,275,3.61,2.61,552034,89148,1.0,187,1068874,79
129,45,2223,243,164,0.6,0.6,417425,122887,1.0,247,973678,87
23,12,2580,122,108,2.4,2.2,74035,28647,4.2,7303,1393122,89
212,208,4232,406,255,1.2,2.0,388291,161853,3.4,422,1334416,85
54,72,1075,269,118,0.6,1.0,556405,509163,1502.0,90,9,1
0,0,2194,111,125,0.2,0.2,3731,18802,2.0,562,1725064,96
3,1,477,35,30,2.2,2.2,77144,25437,1.2,8588,1833952,89
5,0,2452,173,139,2.0,2.0,49625,39763,2.6,663,1727416,91
10,4,481,57,48,1.6,0.8,35708,35100,1.0,366,1742059,94
10,0,1032,252,100,0.6,1.0,399020,275959,4.4,1382,1602011,94
3,0,1944,196,103,0.4,0.4,369644,29704,1.0,517,975115,91
3,1,4299,244,273,1.2,1.4,178072,614311,1.0,343,984790,78
0,0,186,19,18,0.2,0.2,615,5652,1.0,1863,1781320,99
3,1,883,197,163,1.2,1.4,307742,153302,2.2,6010,1837382,90
3,1,814,68,45,2.6,2.8,160007,70993,1.6,8400,1838891,90
0,0,3082,154,97,0.4,1.8,40618,23263,1.0,183,1027330,90
0,0,2927,140,132,0.2,0.2,3375,195292,2.2,217,1383510,93
193,213,4585,385,330,0.6,0.6,561341,494475,2.0,1041,1018917,72
12,1,4607,387,288,11.8,34.4,199059,40730,1.6,158,1077451,60
22,10,4572,205,146,2.0,3.8,226476,42162,7.2,202,1313782,76
95,79,1856,228,152,3.0,3.0,133141,44174,1.0,149,977054,83
56,31,6025,509,410,6.6,10.4,357773,269817,4.8,2450,1644301,65
20,13,388,55,41,0.4,0.4,25037,34828,2.0,673,1711805,97
34,26,4307,452,388,7.4,5.4,197746,68193,2.0,304,1003450,65
17,14,3301,441,255,3.2,6.8,155154,103324,3.5,116,985470,72
8,0,2418,364,325,7.0,2.0,197265,36000,2.2,2103,1768178,74
1,1,245,32,22,0.2,0.2,20549,12114,1.4,7395,1865552,97
5,4,519,66,71,0.2,0.2,92342,18279,147.0,97,3,0
1,0,241,28,18,0.2,0.2,956,4955,2.0,6193,1724072,98
101,2,5227,208,110,0.8,0.8,821072,74087,3.6,2557,1632006,85
30,44,1406,136,85,0.2,0.2,39455,29702,2.0,183,1741947,90
5,0,1794,99,106,5.6,8.2,43470,345679,2.2,6415,1851832,85
20,1,2232,204,103,5.2,4.8,349753,173656,1.5,518,1029395,74
23,34,461,63,45,0.4,0.6,322640,150635,1.6,6805,1842576,92
112,60,2131,230,173,1.0,2.4,207237,183891,2.2,4792,1672382,89
10,2,3731,321,257,1.4,1.2,479961,501134,2.6,275,1063549,72
18,28,281,22,19,0.2,0.2,3344,13554,1.2,6363,1852585,98
5,1,2410,176,150,0.6,0.6,74357,96317,2.2,170,1065320,86
6,1,4016,666,564,2.79,1.0,425293,404456,3.0,494,1093713,81
0,0,463,34,34,0.2,0.2,749,7750,1.6,4098,1776888,89
3,3,2070,176,118,0.6,1.0,19761,26919,2.3,499,1119318,91
3,0,4563,313,282,0.8,1.0,559849,428414,6.6,126,1318419,80
1,0,5227,171,162,0.2,0.2,102624,56903,4.4,132,1013872,87
2,0,1508,389,229,0.4,0.6,635277,571460,413.0,91,9,0
0,0,3577,505,217,0.2,0.2,12789,36746,2.0,175,1129958,87
16,5,2634,330,284,0.4,0.4,240012,164265,3.2,193,1322870,90
644,9,4506,264,176,1.8,3.19,202621,114122,2.3,245,1063034,76
24,20,1737,263,145,3.4,4.4,305734,188601,5.2,2666,1603402,86
145,3,4928,178,118,0.6,1.2,8260,38748,2.6,537,1517352,86
5,1,1391,177,158,3.39,1.0,104967,6694,1.0,7269,1871409,89
12,4,4168,313,205,1.4,1.0,235149,53022,1.0,257,1052590,84
6,5,2042,107,79,0.6,0.6,54202,132182,2.0,275,982831,90
3,0,2297,283,214,0.6,1.0,238430,171208,1.0,259,1054470,85
42,45,3708,465,436,8.0,2.2,267790,130802,3.8,741,1535707,75
25,18,2182,499,165,1.2,2.6,929960,613173,2.6,240,1032798,83
3,0,972,36,21,1.8,3.19,72137,7678,1.4,7534,1865183,93
2,2,1066,107,58,0.2,0.2,273368,251282,4.2,333,1595283,95
41,18,5068,365,189,5.4,10.8,394008,124046,9.4,2372,1326565,70
35,5,1636,402,152,8.0,7.0,609058,609562,251.0,78,22,0
27,5,6165,861,380,4.4,6.8,671262,217361,5.4,2541,1645075,76
3,0,579,95,60,2.4,3.8,335111,286429,3.4,3835,1808006,82
2,0,461,44,64,1.2,0.8,24720,20705,2.0,534,1742819,89
1,0,402,46,41,0.2,0.2,1567,10318,2.2,859,1720144,97
139,89,1743,253,173,1.6,1.8,360018,101640,515.0,83,17,0
54,66,2449,84,67,6.0,18.0,54266,34429,1.0,114,1061226,71
1,0,5200,429,398,1.2,2.8,46306,29547,1.5,132,1015242,84
16,6,2734,219,124,2.2,5.21,234900,68243,2.0,1628,1087989,84
10,5,1268,141,95,1.0,0.8,48951,32716,2.6,432,974360,92
6,5,1633,126,90,0.2,0.2,125882,48981,2.0,5097,1673574,93
0,0,1311,99,72,0.2,0.2,7261,23751,2.2,323,1118797,93
67,90,1850,131,61,1.2,2.2,40316,23559,1.3,694,1020261,90
0,0,185,20,25,0.2,0.2,63914,4090,1.4,4388,1853618,94
9,6,3453,920,839,0.2,0.2,10714,73390,170.0,84,16,0
1,0,1676,80,76,0.2,0.2,98641,55135,2.0,3517,1771766,88
13,11,3030,332,180,1.4,4.4,1200996,1105343,1.0,200,1014856,87
27,39,1252,53,118,0.2,0.2,26592,54394,1.2,7762,1875466,95
2,1,338,34,19,1.4,7.4,99771,34115,1.8,4292,1821627,96
29,13,6425,136,104,3.78,10.76,93046,74742,4.2,2106,1628714,72
1,0,2497,362,169,0.8,2.0,262300,41748,2.4,2632,1042780,82
2,0,777,100,128,0.6,0.4,38511,29268,1.0,319,1093058,94
50,61,2040,189,139,0.8,2.2,106948,41849,2.4,129,1106501,88
3,0,2091,107,436,2.2,2.2,160355,95085,2.2,3657,1821454,80
19,6,1782,167,77,3.0,4.2,121916,38079,1.0,353,976608,88
5,1,1636,198,110,0.6,2.4,766534,293691,4.2,121,1537819,83
16,5,4638,229,146,2.2,3.8,387503,91247,3.8,122,1522832,75
33,40,731,112,72,2.79,2.99,318492,36947,2.2,1996,1812881,82
4,1,1150,86,39,2.2,7.8,394576,273556,3.2,5631,1836403,93
3,1,1670,70,64,0.8,1.2,3865,6900,1.2,1361,1743170,93
1486,1,7266,157,192,1.6,1.0,98595,73892,2.8,2451,1712099,64
12,0,3239,256,181,11.38,34.53,322629,96593,2.0,168,1086058,65
1,0,3037,192,160,0.2,0.2,10313,96764,1.0,344,1070120,91
14,13,1642,194,201,0.4,1.0,587932,495713,1.0,645,1082777,81
3,1,2428,149,108,0.4,0.4,20081,174651,2.4,237,1519549,94
17,3,6510,389,349,4.2,2.0,348289,117345,2.7,190,1010160,72
5,2,3380,361,186,2.4,1.2,162994,58649,1.0,331,972947,83
5,0,1950,448,175,3.2,3.0,556152,25751,3.0,1297,1047098,74
1,1,1075,146,59,0.4,0.4,441386,64385,1.0,159,1023106,92
14,19,320,49,37,0.4,0.2,258302,32701,1.4,7444,1875896,96
11,10,568,56,56,0.6,1.2,11724,22513,2.0,660,1008230,96
2,0,1050,118,105,0.4,0.4,33268,34654,2.0,433,1092555,95
33,44,905,96,83,0.2,0.2,19351,18112,1.5,308,1015077,93
0,0,326,28,29,0.2,0.2,1045,18304,3.0,581,1710640,98
80,45,4068,450,312,2.2,3.6,311482,221885,1.0,170,1097622,80
3,3,1941,427,173,0.8,0.8,658879,844732,1.8,635,1045738,88
2,1,308,24,32,0.8,0.8,189492,30085,1.2,9327,1873303,95
2,0,5836,294,277,0.4,2.0,7776,98384,1.7,327,1067952,88
7,2,1976,366,321,1.0,2.8,235811,56167,3.4,431,1697954,85
1,0,1609,104,45,0.2,0.2,101426,89444,4.2,2020,1559666,97
2,1,420,93,30,0.8,1.0,206743,111335,3.4,1761,1758696,94
22,32,3778,153,149,0.4,0.6,14108,50224,1.0,287,1011205,91
2,0,278,59,41,0.2,0.2,1558,13630,1.0,6479,1856891,97
5,2,447,59,42,1.8,1.8,166619,12441,2.4,4024,1837898,94
18,13,4475,699,425,4.2,1.2,557374,557281,1.5,567,1040643,74
6,0,4755,462,280,4.77,3.18,367389,252852,2.3,219,1118255,75
0,0,830,41,48,0.2,0.2,1605,40024,2.0,195,1013584,96
8,4,3661,627,346,3.2,1.0,604427,426782,2.8,581,1040554,79
1,0,749,81,138,0.6,0.6,289878,27455,3.2,1084,1716637,95
1,1,1534,182,94,0.2,0.2,4389,14758,1.2,399,1117269,92
0,0,2595,174,146,0.2,0.2,84039,82244,1.0,156,1751064,94
20,17,2003,180,105,2.2,2.2,115928,48771,3.4,343,1018272,86
10,3,1629,77,59,6.41,18.84,75901,17091,2.0,178,1107962,77
7,1,2139,329,127,2.8,3.6,1001902,34497,1.2,2376,1090363,83
41,59,1532,137,137,1.0,2.4,58358,50384,2.0,464,1131266,88
20,14,4323,184,161,1.0,2.0,204809,125941,3.8,276,1540699,83
6,5,2065,151,108,1.0,1.2,246521,25261,1.7,555,1017827,89
8,5,2489,128,208,0.2,0.2,66317,431882,2.0,172,1385682,90
1,0,1541,146,118,0.6,0.8,28217,19883,2.7,167,1098957,90
1,0,769,99,67,0.8,1.0,96293,14271,1.0,272,1023098,94
24,30,992,51,32,2.99,3.59,126690,26503,1.8,2287,1816024,82
21,4,5077,748,763,10.8,7.4,387795,50254,3.0,2541,1734995,60
1,0,1347,71,77,0.2,0.2,5380,18794,4.8,1443,1075200,96
1,0,813,89,88,0.6,0.6,5816,22412,2.0,178,973330,95
1,0,2638,148,126,0.2,0.2,292436,17005,2.0,2493,1700475,94
19,17,1792,111,152,1.0,1.0,281818,65470,1.5,1183,1007947,92
0,0,1345,138,97,0.6,1.2,121947,31895,1.0,359,1029237,92
32,43,1148,86,36,1.8,7.0,205838,15591,2.2,140,1754102,90
1,0,5527,192,147,0.2,0.2,265066,88570,1.5,126,1010410,89
8,3,864,260,132,1.2,5.2,1965524,1801623,177.0,91,9,0
212,208,6286,761,581,8.02,2.4,1079757,207983,3.8,154,1082132,59
0,0,1181,67,66,0.2,0.2,39602,77617,1.8,306,1118776,91
45,54,1410,88,70,6.21,18.44,39621,18546,1.0,153,1106596,77
7,0,2798,169,107,5.6,4.2,270281,79436,1.5,198,1011712,82
8,0,2616,413,350,5.79,3.39,263708,92655,4.6,223,1718330,81
4,1,1310,114,123,1.0,0.6,22851,96155,3.5,611,1059350,93
11,1,1562,193,68,1.8,2.6,241653,145933,4.6,2542,1574757,92
10,4,3660,203,167,1.0,1.6,92071,87407,3.8,2695,1530957,90
19,9,676,98,69,2.2,2.99,27662,13993,1.2,205,1751332,93
15,6,5508,436,337,3.59,1.2,133529,32417,164.0,70,30,0
2,1,243,13,15,0.6,0.6,19519,8189,1.2,8393,1864787,97
8,7,1663,93,78,0.2,0.2,43229,62330,2.6,583,1758885,87
12,1,3562,292,249,8.0,5.4,305047,77066,2.4,489,1053720,73
59,5,4215,255,127,14.17,32.53,147062,56430,3.0,176,1100525,50
34,46,1410,74,57,0.8,2.0,15951,14418,3.0,557,1038219,92
2,0,2224,249,186,1.0,2.99,203563,49821,2.2,339,1016750,88
75,99,1292,75,67,0.6,0.8,16586,38494,1.0,2488,1094443,91
39,2,4137,227,161,7.62,18.64,70587,30229,2.7,357,1096063,74
7,0,2067,151,63,1.8,2.0,205488,170521,3.6,316,1331270,91
3,2,325,28,34,0.2,0.2,93859,27823,1.0,7728,1871744,96
2,1,4298,199,124,0.2,0.2,61506,23699,161.0,91,9,0
1,0,1894,122,68,0.2,0.2,62039,23810,1.7,201,1003520,93
16,8,3665,293,271,6.41,4.81,190369,174297,1.0,725,988733,75
4,3,1900,172,82,0.4,0.4,357236,21458,1.6,177,1085061,91
6,0,2901,391,235,5.4,3.0,899023,23670,4.0,2988,1769106,77
12,4,3870,162,96,2.0,6.6,415969,37617,5.8,162,1290510,66
8,2,3959,536,131,1.2,1.6,212552,153528,4.4,3054,1532029,86
12,11,414,167,56,0.6,2.6,281537,281447,2.6,5535,1828835,96
4,3,1669,169,119,1.4,2.8,162209,46829,3.0,331,1104515,91
11,0,5054,223,168,2.0,3.6,145345,14738,2.6,706,1384168,87
35,44,2500,76,65,1.2,1.6,10740,14939,144.0,91,8,0
6,2,1705,154,172,0.2,0.2,159052,60606,5.0,2027,1367739,96
17,2,2349,344,125,2.6,6.0,254144,189500,1.6,171,1120445,83
1,1,1642,81,48,0.4,0.4,175290,62313,1.2,8244,1839018,95
42,3,3704,403,316,6.0,4.8,381160,118895,6.8,362,1316630,77
1,0,2832,131,92,0.2,0.2,9102,53734,2.0,506,1629285,95
1,1,170,14,14,0.2,0.2,20923,17200,1.0,6459,1871530,98
2,0,1687,66,57,1.8,3.8,145191,83587,1.6,762,1069069,89
25,6,4636,705,485,6.6,2.2,467038,275586,5.8,326,1546581,66
12,1,3007,356,300,9.8,4.6,196639,22334,3.0,1061,1068536,75
12,6,2557,140,81,1.2,2.0,34223,30138,1.0,193,967147,86
18,26,2469,249,138,0.2,0.2,95921,47034,3.0,979,1084157,92
5,0,2576,340,209,3.0,1.4,453313,22792,3.2,2440,1763877,81
0,0,194,25,24,0.2,0.2,616,9071,1.0,1363,1761824,97
11,1,2323,192,131,1.0,2.0,317087,135869,2.4,872,1539085,91
15,21,218,11,17,0.2,0.2,10365,48741,1.0,7379,1859400,98
1,0,2488,130,165,0.6,0.6,162018,30392,2.8,3857,1716347,89
2,1,1630,121,98,0.2,0.2,104391,31531,1.0,125,1089237,95
34,6,6266,751,536,9.38,5.99,734546,57497,2.6,414,1078189,57
3,0,953,143,121,2.6,0.8,145468,11423,2.0,7345,1865565,93
8,2,4551,974,337,0.8,2.39,596214,74507,1.2,117,1038378,77
55,64,2240,212,121,7.0,22.0,162659,30126,1.6,181,1105998,75
2,1,696,64,47,0.8,0.8,58463,39507,1.2,8575,1840258,94
28,10,4791,310,180,5.8,4.2,533790,66271,6.8,1281,1543910,73
7,3,439,49,58,0.8,1.4,3877,23938,2.2,6333,1701510,94
6,5,1075,150,77,0.6,0.6,186329,20552,3.0,200,971387,95
1,1,866,72,52,0.2,0.2,126330,110599,1.0,8506,1837072,97
0,0,174,10,10,0.2,0.2,20814,4821,1.0,6357,1870942,97
27,37,756,20,23,0.2,0.2,1360,8056,1.0,4623,1828408,97
0,0,1745,229,97,0.2,0.2,19591,17415,1.4,1762,1074608,94
7,5,719,88,96,0.8,0.8,26625,22985,1.5,708,991186,94
6,0,1474,217,222,4.6,2.8,168369,45720,1.8,3704,1820309,77
15,3,3760,718,501,4.0,3.0,378705,122879,5.6,2921,1602693,77
1,1,1609,92,73,0.6,2.2,111653,16050,1.0,170,1025342,90
1,0,1478,108,80,0.6,1.2,49601,14601,2.0,272,1023184,93
2,0,1592,107,65,0.8,0.6,29553,10110,3.2,302,1711082,93
31,22,4119,203,315,6.19,18.96,74396,49147,1.2,316,1083757,74
2,2,1424,133,101,0.2,0.2,210413,16994,2.0,342,979099,95
2,1,1373,91,77,0.2,0.2,184464,37232,2.6,1157,1718800,93
21,29,421,24,17,1.2,1.2,44450,7566,1.2,3313,1847784,94
1,0,1567,164,86,0.2,0.2,21470,58682,1.2,369,1753499,91
2,1,176,10,13,0.4,0.4,7566,11234,1.0,6598,1854819,98
5,2,1618,112,80,0.6,2.0,31294,30419,3.0,140,1112069,92
0,0,184,11,25,0.2,0.2,2065,10058,1.0,7733,1881032,97
3,1,3662,256,187,1.8,3.79,360623,160015,3.2,159,989493,80
32,39,746,175,144,0.4,0.2,173416,73499,3.2,341,1738622,93
1,0,401,36,25,0.2,0.2,25843,8743,2.2,1119,1707957,97
3,0,3707,233,153,1.6,1.8,354435,99856,2.0,147,1009598,83
2,1,1259,72,60,0.4,0.2,205056,67970,1.6,4264,1822139,94
20,13,5194,508,390,7.4,5.4,521179,342017,1.3,1142,1014674,69
56,56,3007,311,211,5.4,4.4,328714,42929,3.8,1683,1532330,79
38,28,3514,87,70,2.0,2.8,33738,46921,2.2,3372,1657336,87
53,75,1345,98,108,0.4,0.4,16472,65359,4.4,1432,1044718,91
1,0,1364,54,57,1.2,3.19,57963,21216,1.0,219,987281,93
6,2,3225,223,152,2.59,2.59,47285,46942,1.2,328,1097562,84
55,59,5513,327,213,0.4,0.4,122053,99901,1.2,228,981948,80
13,11,709,126,58,0.2,0.2,356875,135170,3.8,1392,1756062,95
0,0,1220,61,96,0.2,0.2,17422,107652,1.6,4371,1782864,90
6,0,2088,223,151,2.6,3.2,74339,26261,1.0,578,1066797,85
88,64,4215,279,189,12.42,30.46,135841,25070,3.8,434,1109996,59
1,0,3689,333,174,0.4,0.6,146163,96026,1.5,183,1129250,85
2,0,3953,356,135,0.2,0.4,311951,205296,2.4,762,1547232,86
44,54,2476,155,105,2.2,2.81,385336,17260,1.8,165,1062111,86
1,1,1563,91,74,0.2,0.2,18554,16897,4.2,1402,1075176,93
10,9,1075,80,66,0.2,0.2,4730,17851,2.6,1482,967736,95
14,14,261,81,44,0.2,0.2,102119,117424,3.2,1829,1759162,98
35,53,1282,69,64,0.8,6.8,48949,23650,2.2,614,1756534,93
55,76,1846,251,198,0.6,0.6,382579,56300,1.0,128,1046594,86
10,5,4113,222,156,3.8,3.0,126566,37744,1.6,887,982733,84
7,0,4307,301,350,4.99,4.79,113691,506583,2.2,540,1014933,71
9,5,2960,521,200,1.0,1.0,731913,50971,1.0,135,967152,84
7,0,1837,262,219,4.39,1.2,193979,41064,2.4,1042,1741938,79
5,3,5089,331,184,1.2,2.8,140551,83988,1.8,375,1017955,82
2,0,668,51,129,0.6,0.6,7239,28933,2.6,1183,1718032,94
0,0,138,9,10,0.2,0.2,1046,7427,1.0,6363,1852585,98
9,3,2374,164,141,1.0,2.4,14453,122037,1.5,301,1061539,91
1,0,1326,92,75,1.0,1.8,18039,19357,1.5,156,1117818,93
1,0,2181,277,738,1.0,4.0,58057,102085,3.2,1694,1727438,88
2,1,310,25,17,1.4,1.4,45713,20147,1.2,8249,1873379,93
1,0,2588,150,123,0.2,0.2,259473,78565,2.8,2546,1389025,93
6,5,2350,249,160,0.8,4.99,26124,120519,1.6,449,1089070,88
22,14,6101,320,204,1.0,1.8,181939,49527,1.8,274,987613,77
22,6,6243,410,347,1.2,1.6,248374,39425,4.2,131,1393301,77
11,2,596,65,76,0.8,0.8,25733,19067,1.2,189,1746907,94
16,1,3609,417,350,5.4,2.0,221199,68804,3.2,741,1530386,78
31,27,366,80,62,0.2,0.2,412220,287099,3.4,4179,1824024,92
32,5,4074,768,402,2.2,3.8,335040,67394,4.4,2478,1546706,77
25,0,1420,165,98,6.19,18.16,300171,25054,1.0,339,1086665,81
4,2,3996,172,126,1.0,1.6,28255,62502,2.2,133,1012739,84
3,0,1266,192,169,3.6,1.0,90502,9050,1.4,403,1757090,90
1,1,161,8,9,0.2,0.2,6994,6201,1.0,7730,1882360,98
5,0,2900,393,270,4.2,3.0,452681,38764,3.5,568,1122034,81
20,2,1337,73,110,0.6,0.6,14311,82232,1.0,404,1072330,94
13,5,1096,98,67,2.0,2.99,16596,26431,1.8,1345,1016145,90
